snapshot_date,ticker,Company Name,Industry,sector,is_fo_stock,fo_category,stage,stage_raw,stage_variant,stage_classification,stage_display,stage_confidence,stage_reason,stage_state_reason,stage_failed_since,last_stage2_date,stage_pending_raw,combined_bucket,final_combined_score,volume_dryup_ratio,breakout_volume_ratio,weekly_volume_ratio,volume_is_drying_up,weekly_volume_is_drying_up,public_action,super_action
2026-06-29,360ONE.NS,360 ONE WAM LIMITED,Financial Services,Unknown,True,F&O,Stage 1,Stage 1,Stage 1 - Base/Repair,Stage 1 - Base/Repair,Stage 1 • Stage 1 - Base/Repair,0.7,Price is near long-term moving averages with no strong long-term downtrend signal.,,,,,watchlist,25.57,0.87,0.21,0.47,False,True,Base Building,Watchlist / Early base
2026-06-29,3MINDIA.NS,3M India Limited,Diversified,Unknown,False,Cash,Not Sure,Stage 2,Pending Stage 2,Pending Stage 2,Not Sure • Pending Stage 2,0.55,Stage 2 pending confirmation: needs 3 raw Stage 2 runs; current count 1.,Stage 2 pending confirmation: needs 3 raw Stage 2 runs; current count 1.,,,Stage 2,watchlist,38.12,0.68,0.46,0.64,True,True,Not Sure,No Action
2026-06-29,AADHARHFC.NS,Aadhar Housing Finance Ltd.,Financial Services,Unknown,False,Cash,Not Sure,Stage 2,Pending Stage 2,Pending Stage 2,Not Sure • Pending Stage 2,0.55,Stage 2 pending confirmation: needs 3 raw Stage 2 runs; current count 1.,Stage 2 pending confirmation: needs 3 raw Stage 2 runs; current count 1.,,,Stage 2,watchlist,60.23,1.88,0.58,1.79,False,False,Not Sure,No Action
2026-06-29,AARTIDRUGS.NS,Aarti Drugs Limited,Healthcare,Unknown,False,Cash,Stage 4,Stage 4,Stage 4 - Weak/Declining,Stage 4 - Weak/Declining,Stage 4 • Stage 4 - Weak/Declining,0.72,Price is below long-term support with weak trend evidence.,,,,,watchlist,34.89,1.22,0.28,1.31,False,False,Weak Structure,Exit / Avoid
2026-06-29,AARTIIND.NS,Aarti Industries Limited,Chemicals,Unknown,False,Cash,Not Sure,Stage 2,Pending Stage 2,Pending Stage 2,Not Sure • Pending Stage 2,0.55,Stage 2 pending confirmation: needs 3 raw Stage 2 runs; current count 1.,Stage 2 pending confirmation: needs 3 raw Stage 2 runs; current count 1.,,,Stage 2,watchlist,27.83,2.06,0.13,0.52,False,True,Not Sure,No Action
2026-06-29,AARTIPHARM.NS,Aarti Pharmalabs Limited,Healthcare,Unknown,False,Cash,Stage 4,Stage 4,Stage 4 - Weak/Declining,Stage 4 - Weak/Declining,Stage 4 • Stage 4 - Weak/Declining,0.72,Price is below long-term support with weak trend evidence.,,,,,watchlist,34.51,1.52,0.49,2.11,False,False,Weak Structure,Exit / Avoid
2026-06-29,AAVAS.NS,Aavas Financiers Ltd.,Financial Services,Unknown,False,Cash,Stage 1,Stage 1,Stage 1 - Early Turn,Stage 1 - Early Turn,Stage 1 • Stage 1 - Early Turn,0.66,The stock is improving from a repair/base area but has not confirmed a clean Stage 2 yet.,,,,,watchlist,40.36,1.3,0.38,1.75,False,False,Base Building,Watchlist / Early base
2026-06-29,ABB.NS,ABB India Limited,Capital Goods,Unknown,True,F&O,Not Sure,Stage 2,Pending Stage 2,Pending Stage 2,Not Sure • Pending Stage 2,0.55,Stage 2 pending confirmation: needs 3 raw Stage 2 runs; current count 1.,Stage 2 pending confirmation: needs 3 raw Stage 2 runs; current count 1.,,,Stage 2,watchlist,58.34,0.56,0.18,0.45,True,True,Not Sure,No Action
2026-06-29,ABBOTINDIA.NS,Abbott India Limited,Healthcare,Unknown,False,Cash,Stage 4,Stage 4,Stage 4 - Weak/Declining,Stage 4 - Weak/Declining,Stage 4 • Stage 4 - Weak/Declining,0.72,Price is below long-term support with weak trend evidence.,,,,,watchlist,25.29,0.82,0.42,0.96,True,False,Weak Structure,Exit / Avoid
2026-06-29,ABCAPITAL.NS,Aditya Birla Capital Limited,Financial Services,Unknown,True,F&O,Not Sure,Stage 2,Pending Stage 2,Pending Stage 2,Not Sure • Pending Stage 2,0.55,Stage 2 pending confirmation: needs 3 raw Stage 2 runs; current count 1.,Stage 2 pending confirmation: needs 3 raw Stage 2 runs; current count 1.,,,Stage 2,watchlist,67.79,1.11,0.23,1.18,False,False,Not Sure,No Action
2026-06-29,ABFRL.NS,Aditya Birla Fashion and Retail Limited,Consumer Services,Unknown,False,Cash,Stage 4,Stage 4,Stage 4 - Weak/Declining,Stage 4 - Weak/Declining,Stage 4 • Stage 4 - Weak/Declining,0.72,Price is below long-term support with weak trend evidence.,,,,,watchlist,16.11,0.89,0.14,1.02,False,False,Weak Structure,Exit / Avoid
2026-06-29,ABREL.NS,Aditya Birla Real Estate Ltd.,Forest Materials,Unknown,False,Cash,Stage 4,Stage 4,Stage 4 - Weak/Declining,Stage 4 - Weak/Declining,Stage 4 • Stage 4 - Weak/Declining,0.72,Price is below long-term support with weak trend evidence.,,,,,watchlist,24.41,1.21,0.17,0.99,False,False,Weak Structure,Exit / Avoid
2026-06-29,ABSLAMC.NS,Aditya Birla Sun Life AMC Limited,Financial Services,Unknown,False,Cash,Not Sure,Stage 2,Pending Stage 2,Pending Stage 2,Not Sure • Pending Stage 2,0.55,Stage 2 pending confirmation: needs 3 raw Stage 2 runs; current count 1.,Stage 2 pending confirmation: needs 3 raw Stage 2 runs; current count 1.,,,Stage 2,watchlist,42.43,1.02,0.23,0.89,False,True,Not Sure,No Action
2026-06-29,ACC.NS,ACC Limited,Construction Materials,Unknown,False,Cash,Stage 4,Stage 4,Stage 4 - Weak/Declining,Stage 4 - Weak/Declining,Stage 4 • Stage 4 - Weak/Declining,0.72,Price is below long-term support with weak trend evidence.,,,,,watchlist,22.08,0.7,0.22,0.75,True,True,Weak Structure,Exit / Avoid
2026-06-29,ACE.NS,Action Construction Equipment Limited,Capital Goods,Unknown,False,Cash,Stage 1,Stage 1,Stage 1 - Early Turn,Stage 1 - Early Turn,Stage 1 • Stage 1 - Early Turn,0.66,The stock is improving from a repair/base area but has not confirmed a clean Stage 2 yet.,,,,,watchlist,42.0,1.15,0.19,1.06,False,False,Base Building,Watchlist / Early base
2026-06-29,ACI.NS,Archean Chemical Industries Limited,Chemicals,Unknown,False,Cash,Stage 4,Stage 4,Stage 4 - Weak/Declining,Stage 4 - Weak/Declining,Stage 4 • Stage 4 - Weak/Declining,0.72,Price is below long-term support with weak trend evidence.,,,,,watchlist,21.11,0.77,0.13,0.72,True,True,Weak Structure,Exit / Avoid
2026-06-29,ACMESOLAR.NS,ACME Solar Holdings Ltd.,Power,Unknown,False,Cash,Not Sure,Stage 2,Pending Stage 2,Pending Stage 2,Not Sure • Pending Stage 2,0.55,Stage 2 pending confirmation: needs 3 raw Stage 2 runs; current count 1.,Stage 2 pending confirmation: needs 3 raw Stage 2 runs; current count 1.,,,Stage 2,watchlist,34.37,0.84,0.21,1.0,True,False,Not Sure,No Action
2026-06-29,ADANIENSOL.NS,Adani Energy Solutions Limited,Power,Unknown,True,F&O,Not Sure,Stage 2,Pending Stage 2,Pending Stage 2,Not Sure • Pending Stage 2,0.55,Stage 2 pending confirmation: needs 3 raw Stage 2 runs; current count 1.,Stage 2 pending confirmation: needs 3 raw Stage 2 runs; current count 1.,,,Stage 2,watchlist,40.59,0.48,0.18,0.39,True,True,Not Sure,No Action
2026-06-29,ADANIENT.NS,Adani Enterprises Limited,Metals & Mining,Unknown,True,F&O,Not Sure,Stage 2,Pending Stage 2,Pending Stage 2,Not Sure • Pending Stage 2,0.55,Stage 2 pending confirmation: needs 3 raw Stage 2 runs; current count 1.,Stage 2 pending confirmation: needs 3 raw Stage 2 runs; current count 1.,,,Stage 2,watchlist,34.91,0.71,0.23,0.65,True,True,Not Sure,No Action
2026-06-29,ADANIGREEN.NS,Adani Green Energy Limited,Power,Unknown,True,F&O,Not Sure,Stage 2,Pending Stage 2,Pending Stage 2,Not Sure • Pending Stage 2,0.55,Stage 2 pending confirmation: needs 3 raw Stage 2 runs; current count 1.,Stage 2 pending confirmation: needs 3 raw Stage 2 runs; current count 1.,,,Stage 2,watchlist,74.97,0.54,0.32,0.56,True,True,Not Sure,No Action
2026-06-29,ADANIPORTS.NS,Adani Ports and Special Economic Zone Limited,Services,Unknown,True,F&O,Not Sure,Stage 2,Pending Stage 2,Pending Stage 2,Not Sure • Pending Stage 2,0.55,Stage 2 pending confirmation: needs 3 raw Stage 2 runs; current count 1.,Stage 2 pending confirmation: needs 3 raw Stage 2 runs; current count 1.,,,Stage 2,watchlist,43.25,0.82,0.23,0.71,True,True,Not Sure,No Action
2026-06-29,ADANIPOWER.NS,Adani Power Limited,Power,Unknown,True,F&O,Not Sure,Stage 2,Pending Stage 2,Pending Stage 2,Not Sure • Pending Stage 2,0.55,Stage 2 pending confirmation: needs 3 raw Stage 2 runs; current count 1.,Stage 2 pending confirmation: needs 3 raw Stage 2 runs; current count 1.,,,Stage 2,watchlist,40.25,0.64,0.27,0.45,True,True,Not Sure,No Action
2026-06-29,ADVENZYMES.NS,Advanced Enzyme Technologies Limited,Healthcare,Unknown,False,Cash,Not Sure,Stage 2,Pending Stage 2,Pending Stage 2,Not Sure • Pending Stage 2,0.55,Stage 2 pending confirmation: needs 3 raw Stage 2 runs; current count 1.,Stage 2 pending confirmation: needs 3 raw Stage 2 runs; current count 1.,,,Stage 2,watchlist,34.82,0.37,0.31,0.49,True,True,Not Sure,No Action
2026-06-29,AEGISLOG.NS,Aegis Logistics Ltd.,"Oil, Gas & Consumable Fuels",Unknown,False,Cash,Not Sure,Stage 2,Pending Stage 2,Pending Stage 2,Not Sure • Pending Stage 2,0.55,Stage 2 pending confirmation: needs 3 raw Stage 2 runs; current count 1.,Stage 2 pending confirmation: needs 3 raw Stage 2 runs; current count 1.,,,Stage 2,watchlist,57.21,1.36,0.79,1.45,False,False,Not Sure,No Action
2026-06-29,AETHER.NS,Aether Industries Limited,Chemicals,Unknown,False,Cash,Not Sure,Stage 2,Pending Stage 2,Pending Stage 2,Not Sure • Pending Stage 2,0.55,Stage 2 pending confirmation: needs 3 raw Stage 2 runs; current count 1.,Stage 2 pending confirmation: needs 3 raw Stage 2 runs; current count 1.,,,Stage 2,watchlist,41.56,1.49,0.73,2.42,False,False,Not Sure,No Action
2026-06-29,AFCONS.NS,Afcons Infrastructure Ltd.,Construction,Unknown,False,Cash,Stage 4,Stage 4,Stage 4 - Weak/Declining,Stage 4 - Weak/Declining,Stage 4 • Stage 4 - Weak/Declining,0.72,Price is below long-term support with weak trend evidence.,,,,,watchlist,28.12,0.28,0.04,0.23,True,True,Weak Structure,Exit / Avoid
2026-06-29,AFFLE.NS,Affle (India) Limited,Information Technology,Unknown,False,Cash,Stage 4,Stage 4,Stage 4 - Weak/Declining,Stage 4 - Weak/Declining,Stage 4 • Stage 4 - Weak/Declining,0.72,Price is below long-term support with weak trend evidence.,,,,,watchlist,20.77,0.63,0.23,0.42,True,True,Weak Structure,Exit / Avoid
2026-06-29,AGARWALEYE.NS,Dr. Agarwal's Health Care Ltd.,Healthcare,Unknown,False,Cash,Not Sure,Stage 2,Pending Stage 2,Pending Stage 2,Not Sure • Pending Stage 2,0.55,Stage 2 pending confirmation: needs 3 raw Stage 2 runs; current count 1.,Stage 2 pending confirmation: needs 3 raw Stage 2 runs; current count 1.,,,Stage 2,watchlist,31.46,0.95,0.15,0.59,False,True,Not Sure,No Action
2026-06-29,AGI.NS,AGI Greenpac Limited,Capital Goods,Unknown,False,Cash,Stage 1,Stage 1,Stage 1 - Early Turn,Stage 1 - Early Turn,Stage 1 • Stage 1 - Early Turn,0.66,The stock is improving from a repair/base area but has not confirmed a clean Stage 2 yet.,,,,,watchlist,29.35,0.42,0.1,0.16,True,True,Base Building,Watchlist / Early base
2026-06-29,AHLUCONT.NS,Ahluwalia Contracts (India) Limited,Construction,Unknown,False,Cash,Stage 1,Stage 1,Stage 1 - Early Turn,Stage 1 - Early Turn,Stage 1 • Stage 1 - Early Turn,0.66,The stock is improving from a repair/base area but has not confirmed a clean Stage 2 yet.,,,,,watchlist,32.06,0.81,0.27,0.58,True,True,Base Building,Watchlist / Early base
2026-06-29,AIAENG.NS,AIA Engineering Limited,Capital Goods,Unknown,False,Cash,Not Sure,Stage 2,Pending Stage 2,Pending Stage 2,Not Sure • Pending Stage 2,0.55,Stage 2 pending confirmation: needs 3 raw Stage 2 runs; current count 1.,Stage 2 pending confirmation: needs 3 raw Stage 2 runs; current count 1.,,,Stage 2,watchlist,65.6,1.22,0.2,1.53,False,False,Not Sure,No Action
2026-06-29,AIIL.NS,Authum Investment & Infrastructure Ltd.,Financial Services,Unknown,False,Cash,Stage 1,Stage 1,Stage 1 - Early Turn,Stage 1 - Early Turn,Stage 1 • Stage 1 - Early Turn,0.66,The stock is improving from a repair/base area but has not confirmed a clean Stage 2 yet.,,,,,watchlist,27.41,1.36,0.12,0.43,False,True,Base Building,Watchlist / Early base
2026-06-29,AJANTPHARM.NS,Ajanta Pharma Limited,Healthcare,Unknown,False,Cash,Not Sure,Stage 2,Pending Stage 2,Pending Stage 2,Not Sure • Pending Stage 2,0.55,Stage 2 pending confirmation: needs 3 raw Stage 2 runs; current count 1.,Stage 2 pending confirmation: needs 3 raw Stage 2 runs; current count 1.,,,Stage 2,watchlist,46.05,0.81,0.45,0.79,True,True,Not Sure,No Action
2026-06-29,AKUMS.NS,Akums Drugs and Pharmaceuticals Ltd.,Healthcare,Unknown,False,Cash,Not Sure,Stage 2,Pending Stage 2,Pending Stage 2,Not Sure • Pending Stage 2,0.55,Stage 2 pending confirmation: needs 3 raw Stage 2 runs; current count 1.,Stage 2 pending confirmation: needs 3 raw Stage 2 runs; current count 1.,,,Stage 2,watchlist,63.83,0.78,0.21,0.67,True,True,Not Sure,No Action
2026-06-29,ALKEM.NS,Alkem Laboratories Limited,Healthcare,Unknown,True,F&O,Stage 1,Stage 1,Stage 1 - Base/Repair,Stage 1 - Base/Repair,Stage 1 • Stage 1 - Base/Repair,0.7,Price is near long-term moving averages with no strong long-term downtrend signal.,,,,,watchlist,46.21,0.76,0.37,0.96,True,False,Base Building,Watchlist / Early base
2026-06-29,ALKYLAMINE.NS,Alkyl Amines Chemicals Limited,Chemicals,Unknown,False,Cash,Stage 1,Stage 1,Stage 1 - Early Turn,Stage 1 - Early Turn,Stage 1 • Stage 1 - Early Turn,0.66,The stock is improving from a repair/base area but has not confirmed a clean Stage 2 yet.,,,,,watchlist,11.77,0.23,0.15,0.19,True,True,Base Building,Watchlist / Early base
2026-06-29,ALLCARGO.NS,Allcargo Logistics Limited,Services,Unknown,False,Cash,Stage 4,Stage 4,Stage 4 - Weak/Declining,Stage 4 - Weak/Declining,Stage 4 • Stage 4 - Weak/Declining,0.72,Price is below long-term support with weak trend evidence.,,,,,watchlist,8.35,1.64,0.32,1.06,False,False,Weak Structure,Exit / Avoid
2026-06-29,ALOKINDS.NS,Alok Industries Limited,Textiles,Unknown,False,Cash,Stage 4,Stage 4,Stage 4 - Confirmed Downtrend,Stage 4 - Confirmed Downtrend,Stage 4 • Stage 4 - Confirmed Downtrend,0.86,Price is below a bearish moving-average stack with falling trend signals.,,,,,watchlist,33.95,0.99,0.11,0.6,False,True,Weak Structure,Exit / Avoid
2026-06-29,AMBER.NS,Amber Enterprises India Limited,Consumer Durables,Unknown,True,F&O,Not Sure,Stage 2,Pending Stage 2,Pending Stage 2,Not Sure • Pending Stage 2,0.55,Stage 2 pending confirmation: needs 3 raw Stage 2 runs; current count 1.,Stage 2 pending confirmation: needs 3 raw Stage 2 runs; current count 1.,,,Stage 2,watchlist,17.03,1.16,0.15,0.75,False,True,Not Sure,No Action
2026-06-29,AMBUJACEM.NS,Ambuja Cements Limited,Construction Materials,Unknown,True,F&O,Stage 4,Stage 4,Stage 4 - Weak/Declining,Stage 4 - Weak/Declining,Stage 4 • Stage 4 - Weak/Declining,0.72,Price is below long-term support with weak trend evidence.,,,,,watchlist,16.11,0.85,0.18,0.88,False,True,Weak Structure,Exit / Avoid
2026-06-29,ANANDRATHI.NS,Anand Rathi Wealth Limited,Financial Services,Unknown,False,Cash,Not Sure,Stage 2,Pending Stage 2,Pending Stage 2,Not Sure • Pending Stage 2,0.55,Stage 2 pending confirmation: needs 3 raw Stage 2 runs; current count 1.,Stage 2 pending confirmation: needs 3 raw Stage 2 runs; current count 1.,,,Stage 2,watchlist,40.73,0.93,0.22,0.98,False,False,Not Sure,No Action
2026-06-29,ANANTRAJ.NS,Anant Raj Limited,Realty,Unknown,False,Cash,Stage 1,Stage 1,Stage 1 - Base/Repair,Stage 1 - Base/Repair,Stage 1 • Stage 1 - Base/Repair,0.7,Price is near long-term moving averages with no strong long-term downtrend signal.,,,,,watchlist,31.67,0.49,0.11,0.43,True,True,Base Building,Watchlist / Early base
2026-06-29,ANGELONE.NS,Angel One Limited,Financial Services,Unknown,True,F&O,Not Sure,Stage 2,Pending Stage 2,Pending Stage 2,Not Sure • Pending Stage 2,0.55,Stage 2 pending confirmation: needs 3 raw Stage 2 runs; current count 1.,Stage 2 pending confirmation: needs 3 raw Stage 2 runs; current count 1.,,,Stage 2,watchlist,44.29,0.88,0.15,0.55,False,True,Not Sure,No Action
2026-06-29,ANURAS.NS,Anupam Rasayan India Limited,Chemicals,Unknown,False,Cash,Stage 1,Stage 1,Stage 1 - Base/Repair,Stage 1 - Base/Repair,Stage 1 • Stage 1 - Base/Repair,0.7,Price is near long-term moving averages with no strong long-term downtrend signal.,,,,,watchlist,26.59,0.73,0.32,0.58,True,True,Base Building,Watchlist / Early base
2026-06-29,APARINDS.NS,Apar Industries Limited,Capital Goods,Unknown,False,Cash,Not Sure,Stage 2,Pending Stage 2,Pending Stage 2,Not Sure • Pending Stage 2,0.55,Stage 2 pending confirmation: needs 3 raw Stage 2 runs; current count 1.,Stage 2 pending confirmation: needs 3 raw Stage 2 runs; current count 1.,,,Stage 2,watchlist,48.63,1.18,0.39,0.96,False,False,Not Sure,No Action
2026-06-29,APLAPOLLO.NS,APL Apollo Tubes Limited,Capital Goods,Unknown,True,F&O,Stage 4,Stage 4,Stage 4 - Weak/Declining,Stage 4 - Weak/Declining,Stage 4 • Stage 4 - Weak/Declining,0.72,Price is below long-term support with weak trend evidence.,,,,,watchlist,34.09,0.82,0.1,0.57,True,True,Weak Structure,Exit / Avoid
2026-06-29,APLLTD.NS,Alembic Pharmaceuticals Limited,Healthcare,Unknown,False,Cash,Stage 1,Stage 1,Stage 1 - Early Turn,Stage 1 - Early Turn,Stage 1 • Stage 1 - Early Turn,0.66,The stock is improving from a repair/base area but has not confirmed a clean Stage 2 yet.,,,,,watchlist,50.95,0.61,0.42,0.55,True,True,Base Building,Watchlist / Early base
2026-06-29,APOLLO.NS,Apollo Micro Systems Limited,Capital Goods,Unknown,False,Cash,Not Sure,Stage 2,Pending Stage 2,Pending Stage 2,Not Sure • Pending Stage 2,0.55,Stage 2 pending confirmation: needs 3 raw Stage 2 runs; current count 1.,Stage 2 pending confirmation: needs 3 raw Stage 2 runs; current count 1.,,,Stage 2,watchlist,54.62,0.6,0.19,0.4,True,True,Not Sure,No Action
2026-06-29,APOLLOHOSP.NS,Apollo Hospitals Enterprise Limited,Healthcare,Unknown,True,F&O,Not Sure,Stage 2,Pending Stage 2,Pending Stage 2,Not Sure • Pending Stage 2,0.55,Stage 2 pending confirmation: needs 3 raw Stage 2 runs; current count 1.,Stage 2 pending confirmation: needs 3 raw Stage 2 runs; current count 1.,,,Stage 2,watchlist,65.17,0.7,0.26,0.67,True,True,Not Sure,No Action
2026-06-29,APOLLOTYRE.NS,Apollo Tyres Limited,Automobile and Auto Components,Unknown,False,Cash,Stage 4,Stage 4,Stage 4 - Weak/Declining,Stage 4 - Weak/Declining,Stage 4 • Stage 4 - Weak/Declining,0.72,Price is below long-term support with weak trend evidence.,,,,,watchlist,29.52,1.11,0.12,0.59,False,True,Weak Structure,Exit / Avoid
2026-06-29,APTUS.NS,Aptus Value Housing Finance India Limited,Financial Services,Unknown,False,Cash,Stage 1,Stage 1,Stage 1 - Early Turn,Stage 1 - Early Turn,Stage 1 • Stage 1 - Early Turn,0.66,The stock is improving from a repair/base area but has not confirmed a clean Stage 2 yet.,,,,,watchlist,42.4,0.64,0.83,0.86,True,True,Base Building,Watchlist / Early base
2026-06-29,ARE&M.NS,Amara Raja Energy & Mobility Ltd.,Automobile and Auto Components,Unknown,False,Cash,Stage 4,Stage 4,Stage 4 - Weak/Declining,Stage 4 - Weak/Declining,Stage 4 • Stage 4 - Weak/Declining,0.72,Price is below long-term support with weak trend evidence.,,,,,watchlist,29.6,0.21,0.08,0.22,True,True,Weak Structure,Exit / Avoid
2026-06-29,ARVIND.NS,Arvind Limited,Textiles,Unknown,False,Cash,Not Sure,Stage 2,Pending Stage 2,Pending Stage 2,Not Sure • Pending Stage 2,0.55,Stage 2 pending confirmation: needs 3 raw Stage 2 runs; current count 1.,Stage 2 pending confirmation: needs 3 raw Stage 2 runs; current count 1.,,,Stage 2,watchlist,73.07,1.05,0.28,1.18,False,False,Not Sure,No Action
2026-06-29,ARVINDFASN.NS,Arvind Fashions Limited,Consumer Services,Unknown,False,Cash,Stage 1,Stage 1,Stage 1 - Early Turn,Stage 1 - Early Turn,Stage 1 • Stage 1 - Early Turn,0.66,The stock is improving from a repair/base area but has not confirmed a clean Stage 2 yet.,,,,,watchlist,19.16,0.7,0.74,0.64,True,True,Base Building,Watchlist / Early base
2026-06-29,ASAHIINDIA.NS,Asahi India Glass Limited,Automobile and Auto Components,Unknown,False,Cash,Stage 1,Stage 1,Stage 1 - Unclear/Repair,Stage 1 - Unclear/Repair,Stage 1 • Stage 1 - Unclear/Repair,0.58,Not enough evidence for Stage 2 or Stage 4; classified as repair/unclear structure.,,,,,watchlist,30.92,0.93,1.13,1.35,False,False,Base Building,Watchlist / Early base
2026-06-29,ASHOKA.NS,Ashoka Buildcon Limited,Construction,Unknown,False,Cash,Stage 4,Stage 4,Stage 4 - Weak/Declining,Stage 4 - Weak/Declining,Stage 4 • Stage 4 - Weak/Declining,0.72,Price is below long-term support with weak trend evidence.,,,,,watchlist,12.0,2.85,0.56,0.63,False,True,Weak Structure,Exit / Avoid
2026-06-29,ASHOKLEY.NS,Ashok Leyland Limited,Capital Goods,Unknown,True,F&O,Stage 4,Stage 4,Stage 4,Stage 4,Stage 4,0.66,Declining structure detected.,,,,,watchlist,30.45,1.08,0.55,1.09,False,False,Weak Structure,Exit / Avoid
2026-06-29,ASIANPAINT.NS,Asian Paints Limited,Consumer Durables,Unknown,True,F&O,Not Sure,Stage 2,Pending Stage 2,Pending Stage 2,Not Sure • Pending Stage 2,0.55,Stage 2 pending confirmation: needs 3 raw Stage 2 runs; current count 1.,Stage 2 pending confirmation: needs 3 raw Stage 2 runs; current count 1.,,,Stage 2,watchlist,39.1,0.99,0.29,1.01,False,False,Not Sure,No Action
2026-06-29,ASTERDM.NS,Aster DM Healthcare Limited,Healthcare,Unknown,False,Cash,Not Sure,Stage 2,Pending Stage 2,Pending Stage 2,Not Sure • Pending Stage 2,0.55,Stage 2 pending confirmation: needs 3 raw Stage 2 runs; current count 1.,Stage 2 pending confirmation: needs 3 raw Stage 2 runs; current count 1.,,,Stage 2,watchlist,53.2,0.57,0.24,0.58,True,True,Not Sure,No Action
2026-06-29,ASTRAL.NS,Astral Limited,Capital Goods,Unknown,True,F&O,Stage 4,Stage 4,Stage 4 - Weak/Declining,Stage 4 - Weak/Declining,Stage 4 • Stage 4 - Weak/Declining,0.72,Price is below long-term support with weak trend evidence.,,,,,watchlist,21.64,0.86,1.81,0.95,False,False,Weak Structure,Exit / Avoid
2026-06-29,ASTRAMICRO.NS,Astra Microwave Products Limited,Capital Goods,Unknown,False,Cash,Not Sure,Stage 2,Pending Stage 2,Pending Stage 2,Not Sure • Pending Stage 2,0.55,Stage 2 pending confirmation: needs 3 raw Stage 2 runs; current count 1.,Stage 2 pending confirmation: needs 3 raw Stage 2 runs; current count 1.,,,Stage 2,watchlist,47.32,1.29,0.38,0.81,False,True,Not Sure,No Action
2026-06-29,ASTRAZEN.NS,AstraZeneca Pharma India Limited,Healthcare,Unknown,False,Cash,Stage 1,Stage 1,Stage 1 - Base/Repair,Stage 1 - Base/Repair,Stage 1 • Stage 1 - Base/Repair,0.7,Price is near long-term moving averages with no strong long-term downtrend signal.,,,,,watchlist,29.91,0.55,0.63,0.54,True,True,Base Building,Watchlist / Early base
2026-06-29,ATGL.NS,Adani Total Gas Limited,"Oil, Gas & Consumable Fuels",Unknown,False,Cash,Not Sure,Stage 2,Pending Stage 2,Pending Stage 2,Not Sure • Pending Stage 2,0.55,Stage 2 pending confirmation: needs 3 raw Stage 2 runs; current count 1.,Stage 2 pending confirmation: needs 3 raw Stage 2 runs; current count 1.,,,Stage 2,watchlist,46.87,0.37,0.08,0.26,True,True,Not Sure,No Action
2026-06-29,ATUL.NS,Atul Limited,Chemicals,Unknown,False,Cash,Not Sure,Stage 2,Pending Stage 2,Pending Stage 2,Not Sure • Pending Stage 2,0.55,Stage 2 pending confirmation: needs 3 raw Stage 2 runs; current count 1.,Stage 2 pending confirmation: needs 3 raw Stage 2 runs; current count 1.,,,Stage 2,watchlist,38.55,0.58,0.83,0.43,True,True,Not Sure,No Action
2026-06-29,AUBANK.NS,AU Small Finance Bank Limited,Financial Services,Unknown,True,F&O,Not Sure,Stage 2,Pending Stage 2,Pending Stage 2,Not Sure • Pending Stage 2,0.55,Stage 2 pending confirmation: needs 3 raw Stage 2 runs; current count 1.,Stage 2 pending confirmation: needs 3 raw Stage 2 runs; current count 1.,,,Stage 2,watchlist,70.65,0.86,0.37,1.11,False,False,Not Sure,No Action
2026-06-29,AUROPHARMA.NS,Aurobindo Pharma Limited,Healthcare,Unknown,True,F&O,Not Sure,Stage 2,Pending Stage 2,Pending Stage 2,Not Sure • Pending Stage 2,0.55,Stage 2 pending confirmation: needs 3 raw Stage 2 runs; current count 1.,Stage 2 pending confirmation: needs 3 raw Stage 2 runs; current count 1.,,,Stage 2,watchlist,56.25,1.28,0.69,1.23,False,False,Not Sure,No Action
2026-06-29,AWL.NS,Adani Wilmar Limited,Fast Moving Consumer Goods,Unknown,False,Cash,Stage 4,Stage 4,Stage 4 - Weak/Declining,Stage 4 - Weak/Declining,Stage 4 • Stage 4 - Weak/Declining,0.72,Price is below long-term support with weak trend evidence.,,,,,watchlist,1.8,1.53,0.09,1.23,False,False,Weak Structure,Exit / Avoid
2026-06-29,AXISBANK.NS,Axis Bank Limited,Financial Services,Unknown,True,F&O,Not Sure,Stage 2,Pending Stage 2,Pending Stage 2,Not Sure • Pending Stage 2,0.55,Stage 2 pending confirmation: needs 3 raw Stage 2 runs; current count 1.,Stage 2 pending confirmation: needs 3 raw Stage 2 runs; current count 1.,,,Stage 2,building_setup,71.56,0.85,0.3,0.81,True,True,Not Sure,No Action
2026-06-29,BAJAJ-AUTO.NS,Bajaj Auto Limited,Automobile and Auto Components,Unknown,True,F&O,Not Sure,Stage 2,Pending Stage 2,Pending Stage 2,Not Sure • Pending Stage 2,0.55,Stage 2 pending confirmation: needs 3 raw Stage 2 runs; current count 1.,Stage 2 pending confirmation: needs 3 raw Stage 2 runs; current count 1.,,,Stage 2,watchlist,35.0,1.07,0.23,1.17,False,False,Not Sure,No Action
2026-06-29,BAJAJCON.NS,Bajaj Consumer Care Limited,Fast Moving Consumer Goods,Unknown,False,Cash,Not Sure,Stage 2,Pending Stage 2,Pending Stage 2,Not Sure • Pending Stage 2,0.55,Stage 2 pending confirmation: needs 3 raw Stage 2 runs; current count 1.,Stage 2 pending confirmation: needs 3 raw Stage 2 runs; current count 1.,,,Stage 2,watchlist,39.69,0.62,0.48,0.52,True,True,Not Sure,No Action
2026-06-29,BAJAJFINSV.NS,Bajaj Finserv Limited,Financial Services,Unknown,True,F&O,Stage 4,Stage 4,Stage 4 - Weak/Declining,Stage 4 - Weak/Declining,Stage 4 • Stage 4 - Weak/Declining,0.72,Price is below long-term support with weak trend evidence.,,,,,watchlist,24.71,1.19,0.2,1.0,False,False,Weak Structure,Exit / Avoid
2026-06-29,BAJAJHFL.NS,Bajaj Housing Finance Ltd.,Financial Services,Unknown,False,Cash,Stage 4,Stage 4,Stage 4 - Weak/Declining,Stage 4 - Weak/Declining,Stage 4 • Stage 4 - Weak/Declining,0.72,Price is below long-term support with weak trend evidence.,,,,,watchlist,24.15,1.28,0.21,1.08,False,False,Weak Structure,Exit / Avoid
2026-06-29,BAJAJHIND.NS,Bajaj Hindusthan Sugar Limited,Fast Moving Consumer Goods,Unknown,False,Cash,Stage 4,Stage 4,Stage 4 - Weak/Declining,Stage 4 - Weak/Declining,Stage 4 • Stage 4 - Weak/Declining,0.72,Price is below long-term support with weak trend evidence.,,,,,watchlist,0.0,0.69,0.22,0.44,True,True,Weak Structure,Exit / Avoid
2026-06-29,BAJAJHLDNG.NS,Bajaj Holdings & Investment Limited,Financial Services,Unknown,True,F&O,Stage 1,Stage 1,Stage 1 - Early Turn,Stage 1 - Early Turn,Stage 1 • Stage 1 - Early Turn,0.66,The stock is improving from a repair/base area but has not confirmed a clean Stage 2 yet.,,,,,watchlist,38.16,1.18,0.31,1.26,False,False,Base Building,Watchlist / Early base
2026-06-29,BAJFINANCE.NS,Bajaj Finance Limited,Financial Services,Unknown,True,F&O,Not Sure,Stage 2,Pending Stage 2,Pending Stage 2,Not Sure • Pending Stage 2,0.55,Stage 2 pending confirmation: needs 3 raw Stage 2 runs; current count 1.,Stage 2 pending confirmation: needs 3 raw Stage 2 runs; current count 1.,,,Stage 2,watchlist,59.56,0.97,0.24,0.9,False,True,Not Sure,No Action
2026-06-29,BALAMINES.NS,Balaji Amines Limited,Chemicals,Unknown,False,Cash,Not Sure,Stage 2,Pending Stage 2,Pending Stage 2,Not Sure • Pending Stage 2,0.55,Stage 2 pending confirmation: needs 3 raw Stage 2 runs; current count 1.,Stage 2 pending confirmation: needs 3 raw Stage 2 runs; current count 1.,,,Stage 2,watchlist,50.24,0.38,0.14,0.28,True,True,Not Sure,No Action
2026-06-29,BALKRISIND.NS,Balkrishna Industries Limited,Automobile and Auto Components,Unknown,False,Cash,Stage 4,Stage 4,Stage 4 - Weak/Declining,Stage 4 - Weak/Declining,Stage 4 • Stage 4 - Weak/Declining,0.72,Price is below long-term support with weak trend evidence.,,,,,watchlist,9.99,1.02,0.09,0.43,False,True,Weak Structure,Exit / Avoid
2026-06-29,BALMLAWRIE.NS,Balmer Lawrie & Company Limited,Diversified,Unknown,False,Cash,Stage 1,Stage 1,Stage 1 - Early Turn,Stage 1 - Early Turn,Stage 1 • Stage 1 - Early Turn,0.66,The stock is improving from a repair/base area but has not confirmed a clean Stage 2 yet.,,,,,watchlist,2.24,0.78,1.1,0.73,True,True,Base Building,Watchlist / Early base
2026-06-29,BALRAMCHIN.NS,Balrampur Chini Mills Limited,Fast Moving Consumer Goods,Unknown,False,Cash,Not Sure,Stage 2,Pending Stage 2,Pending Stage 2,Not Sure • Pending Stage 2,0.55,Stage 2 pending confirmation: needs 3 raw Stage 2 runs; current count 1.,Stage 2 pending confirmation: needs 3 raw Stage 2 runs; current count 1.,,,Stage 2,watchlist,35.45,0.47,0.1,0.29,True,True,Not Sure,No Action
2026-06-29,BANCOINDIA.NS,Banco Products (I) Limited,Automobile and Auto Components,Unknown,False,Cash,Stage 1,Stage 1,Stage 1 - Early Turn,Stage 1 - Early Turn,Stage 1 • Stage 1 - Early Turn,0.66,The stock is improving from a repair/base area but has not confirmed a clean Stage 2 yet.,,,,,watchlist,25.06,0.75,0.12,0.58,True,True,Base Building,Watchlist / Early base
2026-06-29,BANDHANBNK.NS,Bandhan Bank Limited,Financial Services,Unknown,True,F&O,Not Sure,Stage 2,Pending Stage 2,Pending Stage 2,Not Sure • Pending Stage 2,0.55,Stage 2 pending confirmation: needs 3 raw Stage 2 runs; current count 1.,Stage 2 pending confirmation: needs 3 raw Stage 2 runs; current count 1.,,,Stage 2,watchlist,58.91,0.84,0.59,0.89,True,True,Not Sure,No Action
2026-06-29,BANKBARODA.NS,Bank of Baroda,Financial Services,Unknown,True,F&O,Not Sure,Stage 2,Pending Stage 2,Pending Stage 2,Not Sure • Pending Stage 2,0.55,Stage 2 pending confirmation: needs 3 raw Stage 2 runs; current count 1.,Stage 2 pending confirmation: needs 3 raw Stage 2 runs; current count 1.,,,Stage 2,watchlist,57.63,0.77,0.23,0.73,True,True,Not Sure,No Action
2026-06-29,BANKINDIA.NS,Bank of India,Financial Services,Unknown,True,F&O,Stage 1,Stage 1,Stage 1 - Early Turn,Stage 1 - Early Turn,Stage 1 • Stage 1 - Early Turn,0.66,The stock is improving from a repair/base area but has not confirmed a clean Stage 2 yet.,,,,,watchlist,38.68,0.72,0.18,0.67,True,True,Base Building,Watchlist / Early base
2026-06-29,BASF.NS,BASF India Limited,Chemicals,Unknown,False,Cash,Stage 4,Stage 4,Stage 4 - Weak/Declining,Stage 4 - Weak/Declining,Stage 4 • Stage 4 - Weak/Declining,0.72,Price is below long-term support with weak trend evidence.,,,,,watchlist,21.9,1.43,0.11,2.32,False,False,Weak Structure,Exit / Avoid
2026-06-29,BATAINDIA.NS,Bata India Limited,Consumer Durables,Unknown,False,Cash,Stage 4,Stage 4,Stage 4 - Weak/Declining,Stage 4 - Weak/Declining,Stage 4 • Stage 4 - Weak/Declining,0.72,Price is below long-term support with weak trend evidence.,,,,,watchlist,23.92,3.96,0.17,1.09,False,False,Weak Structure,Exit / Avoid
2026-06-29,BAYERCROP.NS,Bayer Cropscience Limited,Chemicals,Unknown,False,Cash,Stage 4,Stage 4,Stage 4 - Confirmed Downtrend,Stage 4 - Confirmed Downtrend,Stage 4 • Stage 4 - Confirmed Downtrend,0.86,Price is below a bearish moving-average stack with falling trend signals.,,,,,watchlist,5.0,1.51,0.27,1.97,False,False,Weak Structure,Exit / Avoid
2026-06-29,BBL.NS,Bharat Bijlee Limited,Capital Goods,Unknown,False,Cash,Stage 1,Stage 1,Stage 1 - Early Turn,Stage 1 - Early Turn,Stage 1 • Stage 1 - Early Turn,0.66,The stock is improving from a repair/base area but has not confirmed a clean Stage 2 yet.,,,,,watchlist,43.98,0.71,0.23,0.98,True,False,Base Building,Watchlist / Early base
2026-06-29,BBOX.NS,Black Box Limited,Information Technology,Unknown,False,Cash,Not Sure,Stage 2,Pending Stage 2,Pending Stage 2,Not Sure • Pending Stage 2,0.55,Stage 2 pending confirmation: needs 3 raw Stage 2 runs; current count 1.,Stage 2 pending confirmation: needs 3 raw Stage 2 runs; current count 1.,,,Stage 2,watchlist,36.5,0.41,0.24,0.37,True,True,Not Sure,No Action
2026-06-29,BBTC.NS,Bombay Burmah Trading Corporation Limited,Fast Moving Consumer Goods,Unknown,False,Cash,Stage 4,Stage 4,Stage 4 - Weak/Declining,Stage 4 - Weak/Declining,Stage 4 • Stage 4 - Weak/Declining,0.72,Price is below long-term support with weak trend evidence.,,,,,watchlist,27.52,1.09,0.22,1.45,False,False,Weak Structure,Exit / Avoid
2026-06-29,BDL.NS,Bharat Dynamics Limited,Capital Goods,Unknown,True,F&O,Stage 1,Stage 1,Stage 1 - Early Turn,Stage 1 - Early Turn,Stage 1 • Stage 1 - Early Turn,0.66,The stock is improving from a repair/base area but has not confirmed a clean Stage 2 yet.,,,,,watchlist,26.45,1.32,0.25,1.34,False,False,Base Building,Watchlist / Early base
2026-06-29,BECTORFOOD.NS,Mrs. Bectors Food Specialities Limited,Fast Moving Consumer Goods,Unknown,False,Cash,Stage 4,Stage 4,Stage 4 - Confirmed Downtrend,Stage 4 - Confirmed Downtrend,Stage 4 • Stage 4 - Confirmed Downtrend,0.86,Price is below a bearish moving-average stack with falling trend signals.,,,,,watchlist,25.67,0.68,0.19,0.57,True,True,Weak Structure,Exit / Avoid
2026-06-29,BEL.NS,Bharat Electronics Limited,Capital Goods,Unknown,True,F&O,Stage 1,Stage 1,Stage 1 - Base/Repair,Stage 1 - Base/Repair,Stage 1 • Stage 1 - Base/Repair,0.7,Price is near long-term moving averages with no strong long-term downtrend signal.,,,,,watchlist,14.75,1.16,0.37,1.02,False,False,Base Building,Watchlist / Early base
2026-06-29,BEML.NS,BEML Limited,Capital Goods,Unknown,False,Cash,Stage 4,Stage 4,Stage 4 - Weak/Declining,Stage 4 - Weak/Declining,Stage 4 • Stage 4 - Weak/Declining,0.72,Price is below long-term support with weak trend evidence.,,,,,watchlist,37.68,0.77,0.61,0.61,True,True,Weak Structure,Exit / Avoid
2026-06-29,BERGEPAINT.NS,Berger Paints (I) Limited,Consumer Durables,Unknown,False,Cash,Stage 1,Stage 1,Stage 1 - Early Turn,Stage 1 - Early Turn,Stage 1 • Stage 1 - Early Turn,0.66,The stock is improving from a repair/base area but has not confirmed a clean Stage 2 yet.,,,,,watchlist,24.4,1.59,0.24,0.77,False,True,Base Building,Watchlist / Early base
2026-06-29,BHARATFORG.NS,Bharat Forge Limited,Capital Goods,Unknown,True,F&O,Not Sure,Stage 2,Pending Stage 2,Pending Stage 2,Not Sure • Pending Stage 2,0.55,Stage 2 pending confirmation: needs 3 raw Stage 2 runs; current count 1.,Stage 2 pending confirmation: needs 3 raw Stage 2 runs; current count 1.,,,Stage 2,watchlist,56.14,1.02,0.3,1.1,False,False,Not Sure,No Action
2026-06-29,BHARATRAS.NS,Bharat Rasayan Limited,Chemicals,Unknown,False,Cash,Stage 4,Stage 4,Stage 4 - Weak/Declining,Stage 4 - Weak/Declining,Stage 4 • Stage 4 - Weak/Declining,0.72,Price is below long-term support with weak trend evidence.,,,,,watchlist,21.11,0.69,0.09,0.64,True,True,Weak Structure,Exit / Avoid
2026-06-29,BHARTIARTL.NS,Bharti Airtel Limited,Telecommunication,Unknown,True,F&O,Stage 4,Stage 4,Stage 4 - Weak/Declining,Stage 4 - Weak/Declining,Stage 4 • Stage 4 - Weak/Declining,0.72,Price is below long-term support with weak trend evidence.,,,,,watchlist,29.71,0.76,0.16,0.64,True,True,Weak Structure,Exit / Avoid
2026-06-29,BHARTIHEXA.NS,Bharti Hexacom Ltd.,Telecommunication,Unknown,False,Cash,Stage 4,Stage 4,Stage 4 - Confirmed Downtrend,Stage 4 - Confirmed Downtrend,Stage 4 • Stage 4 - Confirmed Downtrend,0.86,Price is below a bearish moving-average stack with falling trend signals.,,,,,watchlist,34.41,1.5,0.54,1.91,False,False,Weak Structure,Exit / Avoid
2026-06-29,BHEL.NS,Bharat Heavy Electricals Limited,Capital Goods,Unknown,True,F&O,Not Sure,Stage 2,Pending Stage 2,Pending Stage 2,Not Sure • Pending Stage 2,0.55,Stage 2 pending confirmation: needs 3 raw Stage 2 runs; current count 1.,Stage 2 pending confirmation: needs 3 raw Stage 2 runs; current count 1.,,,Stage 2,watchlist,48.97,0.61,0.29,0.51,True,True,Not Sure,No Action
2026-06-29,BIKAJI.NS,Bikaji Foods International Limited,Fast Moving Consumer Goods,Unknown,False,Cash,Stage 4,Stage 4,Stage 4 - Weak/Declining,Stage 4 - Weak/Declining,Stage 4 • Stage 4 - Weak/Declining,0.72,Price is below long-term support with weak trend evidence.,,,,,watchlist,16.11,1.02,0.41,0.4,False,True,Weak Structure,Exit / Avoid
2026-06-29,BIOCON.NS,Biocon Ltd.,Healthcare,Unknown,True,F&O,Not Sure,Stage 2,Pending Stage 2,Pending Stage 2,Not Sure • Pending Stage 2,0.55,Stage 2 pending confirmation: needs 3 raw Stage 2 runs; current count 1.,Stage 2 pending confirmation: needs 3 raw Stage 2 runs; current count 1.,,,Stage 2,watchlist,65.48,0.82,0.23,1.07,True,False,Not Sure,No Action
2026-06-29,BIRLACORPN.NS,Birla Corporation Limited,Construction Materials,Unknown,False,Cash,Stage 4,Stage 4,Stage 4 - Weak/Declining,Stage 4 - Weak/Declining,Stage 4 • Stage 4 - Weak/Declining,0.72,Price is below long-term support with weak trend evidence.,,,,,watchlist,16.46,1.03,0.17,0.95,False,False,Weak Structure,Exit / Avoid
2026-06-29,BLS.NS,BLS International Services Ltd.,Consumer Services,Unknown,False,Cash,Stage 4,Stage 4,Stage 4 - Weak/Declining,Stage 4 - Weak/Declining,Stage 4 • Stage 4 - Weak/Declining,0.72,Price is below long-term support with weak trend evidence.,,,,,watchlist,20.04,0.67,0.21,0.68,True,True,Weak Structure,Exit / Avoid
2026-06-29,BLUEDART.NS,Blue Dart Express Limited,Services,Unknown,False,Cash,Stage 4,Stage 4,Stage 4 - Confirmed Downtrend,Stage 4 - Confirmed Downtrend,Stage 4 • Stage 4 - Confirmed Downtrend,0.86,Price is below a bearish moving-average stack with falling trend signals.,,,,,watchlist,29.28,0.94,0.14,0.82,False,True,Weak Structure,Exit / Avoid
2026-06-29,BLUEJET.NS,Blue Jet Healthcare Ltd.,Healthcare,Unknown,False,Cash,Stage 1,Stage 1,Stage 1 - Early Turn,Stage 1 - Early Turn,Stage 1 • Stage 1 - Early Turn,0.66,The stock is improving from a repair/base area but has not confirmed a clean Stage 2 yet.,,,,,watchlist,24.76,0.81,0.1,0.92,True,False,Base Building,Watchlist / Early base
2026-06-29,BLUESTARCO.NS,Blue Star Limited,Consumer Durables,Unknown,True,F&O,Stage 4,Stage 4,Stage 4 - Confirmed Downtrend,Stage 4 - Confirmed Downtrend,Stage 4 • Stage 4 - Confirmed Downtrend,0.86,Price is below a bearish moving-average stack with falling trend signals.,,,,,watchlist,24.35,0.9,0.11,0.65,False,True,Weak Structure,Exit / Avoid
2026-06-29,BOMDYEING.NS,Bombay Dyeing & Mfg Company Limited,Textiles,Unknown,False,Cash,Stage 1,Stage 1,Stage 1 - Early Turn,Stage 1 - Early Turn,Stage 1 • Stage 1 - Early Turn,0.66,The stock is improving from a repair/base area but has not confirmed a clean Stage 2 yet.,,,,,watchlist,47.07,0.7,0.2,0.54,True,True,Base Building,Watchlist / Early base
2026-06-29,BOROLTD.NS,Borosil Limited,Consumer Durables,Unknown,False,Cash,Stage 4,Stage 4,Stage 4 - Weak/Declining,Stage 4 - Weak/Declining,Stage 4 • Stage 4 - Weak/Declining,0.72,Price is below long-term support with weak trend evidence.,,,,,watchlist,19.7,0.99,0.49,1.05,False,False,Weak Structure,Exit / Avoid
2026-06-29,BORORENEW.NS,BOROSIL RENEWABLES LIMITED,Capital Goods,Unknown,False,Cash,Stage 1,Stage 1,Stage 1 - Early Turn,Stage 1 - Early Turn,Stage 1 • Stage 1 - Early Turn,0.66,The stock is improving from a repair/base area but has not confirmed a clean Stage 2 yet.,,,,,watchlist,33.59,0.76,0.12,0.59,True,True,Base Building,Watchlist / Early base
2026-06-29,BOSCHLTD.NS,Bosch Limited,Automobile and Auto Components,Unknown,True,F&O,Not Sure,Stage 2,Pending Stage 2,Pending Stage 2,Not Sure • Pending Stage 2,0.55,Stage 2 pending confirmation: needs 3 raw Stage 2 runs; current count 1.,Stage 2 pending confirmation: needs 3 raw Stage 2 runs; current count 1.,,,Stage 2,watchlist,42.92,0.97,0.31,0.94,False,False,Not Sure,No Action
2026-06-29,BPCL.NS,Bharat Petroleum Corporation Limited,"Oil, Gas & Consumable Fuels",Unknown,True,F&O,Stage 1,Stage 1,Stage 1 - Unclear/Repair,Stage 1 - Unclear/Repair,Stage 1 • Stage 1 - Unclear/Repair,0.58,Not enough evidence for Stage 2 or Stage 4; classified as repair/unclear structure.,,,,,watchlist,34.91,0.9,0.3,0.64,False,True,Base Building,Watchlist / Early base
2026-06-29,BRIGADE.NS,Brigade Enterprises Limited,Realty,Unknown,False,Cash,Stage 4,Stage 4,Stage 4 - Weak/Declining,Stage 4 - Weak/Declining,Stage 4 • Stage 4 - Weak/Declining,0.72,Price is below long-term support with weak trend evidence.,,,,,watchlist,23.92,2.54,0.28,1.17,False,False,Weak Structure,Exit / Avoid
2026-06-29,BRITANNIA.NS,Britannia Industries Limited,Fast Moving Consumer Goods,Unknown,True,F&O,Stage 4,Stage 4,Stage 4 - Confirmed Downtrend,Stage 4 - Confirmed Downtrend,Stage 4 • Stage 4 - Confirmed Downtrend,0.86,Price is below a bearish moving-average stack with falling trend signals.,,,,,watchlist,4.88,0.56,0.16,0.48,True,True,Weak Structure,Exit / Avoid
2026-06-29,BSE.NS,BSE Ltd.,Financial Services,Unknown,True,F&O,Not Sure,Stage 2,Pending Stage 2,Pending Stage 2,Not Sure • Pending Stage 2,0.55,Stage 2 pending confirmation: needs 3 raw Stage 2 runs; current count 1.,Stage 2 pending confirmation: needs 3 raw Stage 2 runs; current count 1.,,,Stage 2,watchlist,27.64,0.93,0.41,0.74,False,True,Not Sure,No Action
2026-06-29,BSOFT.NS,BIRLASOFT LIMITED,Information Technology,Unknown,False,Cash,Stage 4,Stage 4,Stage 4 - Weak/Declining,Stage 4 - Weak/Declining,Stage 4 • Stage 4 - Weak/Declining,0.72,Price is below long-term support with weak trend evidence.,,,,,watchlist,16.11,0.92,0.22,1.11,False,False,Weak Structure,Exit / Avoid
2026-06-29,CAMPUS.NS,Campus Activewear Limited,Consumer Durables,Unknown,False,Cash,Stage 4,Stage 4,Stage 4 - Weak/Declining,Stage 4 - Weak/Declining,Stage 4 • Stage 4 - Weak/Declining,0.72,Price is below long-term support with weak trend evidence.,,,,,watchlist,24.41,1.59,0.11,1.09,False,False,Weak Structure,Exit / Avoid
2026-06-29,CAMS.NS,Computer Age Management Services Limited,Financial Services,Unknown,True,F&O,Not Sure,Stage 2,Pending Stage 2,Pending Stage 2,Not Sure • Pending Stage 2,0.55,Stage 2 pending confirmation: needs 3 raw Stage 2 runs; current count 1.,Stage 2 pending confirmation: needs 3 raw Stage 2 runs; current count 1.,,,Stage 2,watchlist,43.23,0.85,0.46,0.72,True,True,Not Sure,No Action
2026-06-29,CANBK.NS,Canara Bank,Financial Services,Unknown,True,F&O,Stage 1,Stage 1,Stage 1 - Base/Repair,Stage 1 - Base/Repair,Stage 1 • Stage 1 - Base/Repair,0.7,Price is near long-term moving averages with no strong long-term downtrend signal.,,,,,watchlist,33.25,0.88,0.32,0.84,False,True,Base Building,Watchlist / Early base
2026-06-29,CANFINHOME.NS,Can Fin Homes Limited,Financial Services,Unknown,False,Cash,Not Sure,Stage 2,Pending Stage 2,Pending Stage 2,Not Sure • Pending Stage 2,0.55,Stage 2 pending confirmation: needs 3 raw Stage 2 runs; current count 1.,Stage 2 pending confirmation: needs 3 raw Stage 2 runs; current count 1.,,,Stage 2,watchlist,58.95,0.74,0.5,0.84,True,True,Not Sure,No Action
2026-06-29,CAPLIPOINT.NS,Caplin Point Laboratories Limited,Healthcare,Unknown,False,Cash,Not Sure,Stage 2,Pending Stage 2,Pending Stage 2,Not Sure • Pending Stage 2,0.55,Stage 2 pending confirmation: needs 3 raw Stage 2 runs; current count 1.,Stage 2 pending confirmation: needs 3 raw Stage 2 runs; current count 1.,,,Stage 2,watchlist,37.99,0.72,0.36,0.68,True,True,Not Sure,No Action
2026-06-29,CARBORUNIV.NS,Carborundum Universal Limited,Capital Goods,Unknown,False,Cash,Not Sure,Stage 2,Pending Stage 2,Pending Stage 2,Not Sure • Pending Stage 2,0.55,Stage 2 pending confirmation: needs 3 raw Stage 2 runs; current count 1.,Stage 2 pending confirmation: needs 3 raw Stage 2 runs; current count 1.,,,Stage 2,watchlist,34.51,1.99,0.14,1.1,False,False,Not Sure,No Action
2026-06-29,CARTRADE.NS,Cartrade Tech Limited,Consumer Services,Unknown,False,Cash,Stage 1,Stage 1,Stage 1 - Early Turn,Stage 1 - Early Turn,Stage 1 • Stage 1 - Early Turn,0.66,The stock is improving from a repair/base area but has not confirmed a clean Stage 2 yet.,,,,,watchlist,2.07,1.36,0.08,0.62,False,True,Base Building,Watchlist / Early base
2026-06-29,CASTROLIND.NS,Castrol India Limited,"Oil, Gas & Consumable Fuels",Unknown,False,Cash,Stage 1,Stage 1,Stage 1 - Early Turn,Stage 1 - Early Turn,Stage 1 • Stage 1 - Early Turn,0.66,The stock is improving from a repair/base area but has not confirmed a clean Stage 2 yet.,,,,,watchlist,35.7,1.44,0.74,1.44,False,False,Base Building,Watchlist / Early base
2026-06-29,CCL.NS,CCL Products (India) Limited,Fast Moving Consumer Goods,Unknown,False,Cash,Not Sure,Stage 2,Pending Stage 2,Pending Stage 2,Not Sure • Pending Stage 2,0.55,Stage 2 pending confirmation: needs 3 raw Stage 2 runs; current count 1.,Stage 2 pending confirmation: needs 3 raw Stage 2 runs; current count 1.,,,Stage 2,watchlist,40.84,0.64,0.22,0.81,True,True,Not Sure,No Action
2026-06-29,CDSL.NS,Central Depository Services (India) Ltd.,Financial Services,Unknown,True,F&O,Stage 4,Stage 4,Stage 4 - Weak/Declining,Stage 4 - Weak/Declining,Stage 4 • Stage 4 - Weak/Declining,0.72,Price is below long-term support with weak trend evidence.,,,,,watchlist,33.2,1.34,0.23,0.72,False,True,Weak Structure,Exit / Avoid
2026-06-29,CEATLTD.NS,Ceat Ltd.,Automobile and Auto Components,Unknown,False,Cash,Stage 1,Stage 1,Stage 1 - Base/Repair,Stage 1 - Base/Repair,Stage 1 • Stage 1 - Base/Repair,0.7,Price is near long-term moving averages with no strong long-term downtrend signal.,,,,,watchlist,21.39,0.78,0.2,0.54,True,True,Base Building,Watchlist / Early base
2026-06-29,CENTRALBK.NS,Central Bank of India,Financial Services,Unknown,False,Cash,Stage 4,Stage 4,Stage 4 - Confirmed Downtrend,Stage 4 - Confirmed Downtrend,Stage 4 • Stage 4 - Confirmed Downtrend,0.86,Price is below a bearish moving-average stack with falling trend signals.,,,,,watchlist,28.85,1.44,0.25,0.58,False,True,Weak Structure,Exit / Avoid
2026-06-29,CENTURYPLY.NS,Century Plyboards (India) Limited,Consumer Durables,Unknown,False,Cash,Stage 1,Stage 1,Stage 1 - Base/Repair,Stage 1 - Base/Repair,Stage 1 • Stage 1 - Base/Repair,0.7,Price is near long-term moving averages with no strong long-term downtrend signal.,,,,,watchlist,18.88,0.52,0.06,0.42,True,True,Base Building,Watchlist / Early base
2026-06-29,CERA.NS,Cera Sanitaryware Limited,Consumer Durables,Unknown,False,Cash,Not Sure,Stage 2,Pending Stage 2,Pending Stage 2,Not Sure • Pending Stage 2,0.55,Stage 2 pending confirmation: needs 3 raw Stage 2 runs; current count 1.,Stage 2 pending confirmation: needs 3 raw Stage 2 runs; current count 1.,,,Stage 2,watchlist,25.54,0.78,0.37,0.66,True,True,Not Sure,No Action
2026-06-29,CESC.NS,CESC Limited,Power,Unknown,False,Cash,Stage 1,Stage 1,Stage 1 - Base/Repair,Stage 1 - Base/Repair,Stage 1 • Stage 1 - Base/Repair,0.7,Price is near long-term moving averages with no strong long-term downtrend signal.,,,,,watchlist,6.4,0.41,0.13,0.42,True,True,Base Building,Watchlist / Early base
2026-06-29,CGCL.NS,Capri Global Capital Limited,Financial Services,Unknown,False,Cash,Not Sure,Stage 2,Pending Stage 2,Pending Stage 2,Not Sure • Pending Stage 2,0.55,Stage 2 pending confirmation: needs 3 raw Stage 2 runs; current count 1.,Stage 2 pending confirmation: needs 3 raw Stage 2 runs; current count 1.,,,Stage 2,watchlist,30.73,1.38,0.17,1.26,False,False,Not Sure,No Action
2026-06-29,CGPOWER.NS,CG Power and Industrial Solutions Limited,Capital Goods,Unknown,True,F&O,Not Sure,Stage 2,Pending Stage 2,Pending Stage 2,Not Sure • Pending Stage 2,0.55,Stage 2 pending confirmation: needs 3 raw Stage 2 runs; current count 1.,Stage 2 pending confirmation: needs 3 raw Stage 2 runs; current count 1.,,,Stage 2,watchlist,53.89,0.79,0.36,0.72,True,True,Not Sure,No Action
2026-06-29,CHALET.NS,Chalet Hotels Limited,Consumer Services,Unknown,False,Cash,Stage 4,Stage 4,Stage 4 - Weak/Declining,Stage 4 - Weak/Declining,Stage 4 • Stage 4 - Weak/Declining,0.72,Price is below long-term support with weak trend evidence.,,,,,watchlist,18.61,1.55,0.1,0.85,False,True,Weak Structure,Exit / Avoid
2026-06-29,CHAMBLFERT.NS,Chambal Fertilizers & Chemicals Limited,Chemicals,Unknown,False,Cash,Not Sure,Stage 2,Pending Stage 2,Pending Stage 2,Not Sure • Pending Stage 2,0.55,Stage 2 pending confirmation: needs 3 raw Stage 2 runs; current count 1.,Stage 2 pending confirmation: needs 3 raw Stage 2 runs; current count 1.,,,Stage 2,watchlist,57.85,0.96,0.14,0.52,False,True,Not Sure,No Action
2026-06-29,CHEMPLASTS.NS,Chemplast Sanmar Limited,Chemicals,Unknown,False,Cash,Stage 4,Stage 4,Stage 4 - Confirmed Downtrend,Stage 4 - Confirmed Downtrend,Stage 4 • Stage 4 - Confirmed Downtrend,0.86,Price is below a bearish moving-average stack with falling trend signals.,,,,,watchlist,6.8,1.88,0.04,0.31,False,True,Weak Structure,Exit / Avoid
2026-06-29,CHENNPETRO.NS,Chennai Petroleum Corporation Limited,"Oil, Gas & Consumable Fuels",Unknown,False,Cash,Not Sure,Stage 2,Pending Stage 2,Pending Stage 2,Not Sure • Pending Stage 2,0.55,Stage 2 pending confirmation: needs 3 raw Stage 2 runs; current count 1.,Stage 2 pending confirmation: needs 3 raw Stage 2 runs; current count 1.,,,Stage 2,watchlist,61.52,0.55,1.05,0.43,True,True,Not Sure,No Action
2026-06-29,CHOICEIN.NS,Choice International Limited,Financial Services,Unknown,False,Cash,Stage 1,Stage 1,Stage 1 - Early Turn,Stage 1 - Early Turn,Stage 1 • Stage 1 - Early Turn,0.66,The stock is improving from a repair/base area but has not confirmed a clean Stage 2 yet.,,,,,watchlist,38.23,1.27,1.08,1.24,False,False,Base Building,Watchlist / Early base
2026-06-29,CHOLAFIN.NS,Cholamandalam Investment and Finance Company Limited,Financial Services,Unknown,True,F&O,Not Sure,Stage 2,Pending Stage 2,Pending Stage 2,Not Sure • Pending Stage 2,0.55,Stage 2 pending confirmation: needs 3 raw Stage 2 runs; current count 1.,Stage 2 pending confirmation: needs 3 raw Stage 2 runs; current count 1.,,,Stage 2,watchlist,45.06,1.15,0.29,1.21,False,False,Not Sure,No Action
2026-06-29,CHOLAHLDNG.NS,Cholamandalam Financial Holdings Limited,Financial Services,Unknown,False,Cash,Stage 4,Stage 4,Stage 4 - Weak/Declining,Stage 4 - Weak/Declining,Stage 4 • Stage 4 - Weak/Declining,0.72,Price is below long-term support with weak trend evidence.,,,,,watchlist,35.19,0.69,0.29,0.59,True,True,Weak Structure,Exit / Avoid
2026-06-29,CIEINDIA.NS,CIE Automotive India Limited,Automobile and Auto Components,Unknown,False,Cash,Stage 3,Stage 3,Stage 3 - Transition,Stage 3 - Transition,Stage 3 • Stage 3 - Transition,0.62,"The structure is transitioning after prior strength, but it is not yet a confirmed Stage 4 decline.",,,,,watchlist,20.43,0.55,0.97,0.48,True,True,Transition,Reduce / Avoid fresh longs
2026-06-29,CIPLA.NS,Cipla Limited,Healthcare,Unknown,True,F&O,Stage 1,Stage 1,Stage 1 - Early Turn,Stage 1 - Early Turn,Stage 1 • Stage 1 - Early Turn,0.66,The stock is improving from a repair/base area but has not confirmed a clean Stage 2 yet.,,,,,watchlist,31.04,1.03,0.71,1.38,False,False,Base Building,Watchlist / Early base
2026-06-29,CLEAN.NS,Clean Science and Technology Limited,Chemicals,Unknown,False,Cash,Stage 4,Stage 4,Stage 4 - Weak/Declining,Stage 4 - Weak/Declining,Stage 4 • Stage 4 - Weak/Declining,0.72,Price is below long-term support with weak trend evidence.,,,,,watchlist,29.73,1.3,0.13,2.28,False,False,Weak Structure,Exit / Avoid
2026-06-29,CMSINFO.NS,CMS Info Systems Limited,Services,Unknown,False,Cash,Stage 4,Stage 4,Stage 4 - Weak/Declining,Stage 4 - Weak/Declining,Stage 4 • Stage 4 - Weak/Declining,0.72,Price is below long-term support with weak trend evidence.,,,,,watchlist,30.09,0.88,0.21,1.05,False,False,Weak Structure,Exit / Avoid
2026-06-29,COALINDIA.NS,Coal India Limited,"Oil, Gas & Consumable Fuels",Unknown,True,F&O,Not Sure,Stage 2,Pending Stage 2,Pending Stage 2,Not Sure • Pending Stage 2,0.55,Stage 2 pending confirmation: needs 3 raw Stage 2 runs; current count 1.,Stage 2 pending confirmation: needs 3 raw Stage 2 runs; current count 1.,,,Stage 2,watchlist,33.21,0.4,0.05,0.27,True,True,Not Sure,No Action
2026-06-29,COCHINSHIP.NS,Cochin Shipyard Limited,Capital Goods,Unknown,True,F&O,Stage 4,Stage 4,Stage 4 - Weak/Declining,Stage 4 - Weak/Declining,Stage 4 • Stage 4 - Weak/Declining,0.72,Price is below long-term support with weak trend evidence.,,,,,watchlist,26.34,0.84,0.2,0.8,True,True,Weak Structure,Exit / Avoid
2026-06-29,COFORGE.NS,Coforge Limited,Information Technology,Unknown,True,F&O,Stage 1,Stage 1,Stage 1 - Early Turn,Stage 1 - Early Turn,Stage 1 • Stage 1 - Early Turn,0.66,The stock is improving from a repair/base area but has not confirmed a clean Stage 2 yet.,,,,,watchlist,6.02,0.99,0.42,0.71,False,True,Base Building,Watchlist / Early base
2026-06-29,COHANCE.NS,Cohance Lifesciences Ltd.,Healthcare,Unknown,False,Cash,Stage 1,Stage 1,Stage 1 - Early Turn,Stage 1 - Early Turn,Stage 1 • Stage 1 - Early Turn,0.66,The stock is improving from a repair/base area but has not confirmed a clean Stage 2 yet.,,,,,watchlist,16.39,0.97,0.19,1.76,False,False,Base Building,Watchlist / Early base
2026-06-29,COLPAL.NS,Colgate Palmolive (India) Limited,Fast Moving Consumer Goods,Unknown,True,F&O,Stage 4,Stage 4,Stage 4 - Weak/Declining,Stage 4 - Weak/Declining,Stage 4 • Stage 4 - Weak/Declining,0.72,Price is below long-term support with weak trend evidence.,,,,,watchlist,9.58,1.16,0.4,1.17,False,False,Weak Structure,Exit / Avoid
2026-06-29,CONCOR.NS,Container Corporation of India Limited,Services,Unknown,True,F&O,Stage 4,Stage 4,Stage 4 - Weak/Declining,Stage 4 - Weak/Declining,Stage 4 • Stage 4 - Weak/Declining,0.72,Price is below long-term support with weak trend evidence.,,,,,watchlist,29.83,0.9,0.46,0.93,False,False,Weak Structure,Exit / Avoid
2026-06-29,CONCORDBIO.NS,Concord Biotech Limited,Healthcare,Unknown,False,Cash,Stage 1,Stage 1,Stage 1 - Early Turn,Stage 1 - Early Turn,Stage 1 • Stage 1 - Early Turn,0.66,The stock is improving from a repair/base area but has not confirmed a clean Stage 2 yet.,,,,,watchlist,43.92,0.52,0.09,0.38,True,True,Base Building,Watchlist / Early base
2026-06-29,COROMANDEL.NS,Coromandel International Limited,Chemicals,Unknown,False,Cash,Stage 4,Stage 4,Stage 4 - Weak/Declining,Stage 4 - Weak/Declining,Stage 4 • Stage 4 - Weak/Declining,0.72,Price is below long-term support with weak trend evidence.,,,,,watchlist,29.26,0.94,0.21,0.52,False,True,Weak Structure,Exit / Avoid
2026-06-29,CRAFTSMAN.NS,Craftsman Automation Limited,Automobile and Auto Components,Unknown,False,Cash,Not Sure,Stage 2,Pending Stage 2,Pending Stage 2,Not Sure • Pending Stage 2,0.55,Stage 2 pending confirmation: needs 3 raw Stage 2 runs; current count 1.,Stage 2 pending confirmation: needs 3 raw Stage 2 runs; current count 1.,,,Stage 2,watchlist,46.08,0.77,0.54,0.72,True,True,Not Sure,No Action
2026-06-29,CREDITACC.NS,CREDITACCESS GRAMEEN LIMITED,Financial Services,Unknown,False,Cash,Not Sure,Stage 2,Pending Stage 2,Pending Stage 2,Not Sure • Pending Stage 2,0.55,Stage 2 pending confirmation: needs 3 raw Stage 2 runs; current count 1.,Stage 2 pending confirmation: needs 3 raw Stage 2 runs; current count 1.,,,Stage 2,watchlist,63.44,0.65,0.23,0.9,True,False,Not Sure,No Action
2026-06-29,CRISIL.NS,CRISIL Limited,Financial Services,Unknown,False,Cash,Stage 4,Stage 4,Stage 4 - Weak/Declining,Stage 4 - Weak/Declining,Stage 4 • Stage 4 - Weak/Declining,0.72,Price is below long-term support with weak trend evidence.,,,,,watchlist,27.27,0.77,0.37,0.63,True,True,Weak Structure,Exit / Avoid
2026-06-29,CROMPTON.NS,Crompton Greaves Consumer Electricals Limited,Consumer Durables,Unknown,True,F&O,Not Sure,Not Sure,Not Sure,Not Sure,Not Sure,0.0,Stage rules did not identify a reliable structure.,No confident stage classification.,,,,watchlist,9.19,0.62,0.22,0.62,True,True,Not Sure,No Action
2026-06-29,CSBBANK.NS,CSB Bank Limited,Financial Services,Unknown,False,Cash,Stage 4,Stage 4,Stage 4 - Weak/Declining,Stage 4 - Weak/Declining,Stage 4 • Stage 4 - Weak/Declining,0.72,Price is below long-term support with weak trend evidence.,,,,,watchlist,27.48,0.96,0.7,1.21,False,False,Weak Structure,Exit / Avoid
2026-06-29,CUB.NS,City Union Bank Limited,Financial Services,Unknown,False,Cash,Not Sure,Stage 2,Pending Stage 2,Pending Stage 2,Not Sure • Pending Stage 2,0.55,Stage 2 pending confirmation: needs 3 raw Stage 2 runs; current count 1.,Stage 2 pending confirmation: needs 3 raw Stage 2 runs; current count 1.,,,Stage 2,watchlist,54.57,0.77,0.31,0.63,True,True,Not Sure,No Action
2026-06-29,CUMMINSIND.NS,Cummins India Limited,Capital Goods,Unknown,True,F&O,Not Sure,Stage 2,Pending Stage 2,Pending Stage 2,Not Sure • Pending Stage 2,0.55,Stage 2 pending confirmation: needs 3 raw Stage 2 runs; current count 1.,Stage 2 pending confirmation: needs 3 raw Stage 2 runs; current count 1.,,,Stage 2,watchlist,65.67,0.81,0.27,0.91,True,False,Not Sure,No Action
2026-06-29,CYIENT.NS,Cyient Limited,Information Technology,Unknown,False,Cash,Stage 4,Stage 4,Stage 4 - Weak/Declining,Stage 4 - Weak/Declining,Stage 4 • Stage 4 - Weak/Declining,0.72,Price is below long-term support with weak trend evidence.,,,,,watchlist,16.11,1.22,0.14,0.51,False,True,Weak Structure,Exit / Avoid
2026-06-29,CYIENTDLM.NS,Cyient DLM Limited,Capital Goods,Unknown,False,Cash,Not Sure,Stage 2,Pending Stage 2,Pending Stage 2,Not Sure • Pending Stage 2,0.55,Stage 2 pending confirmation: needs 3 raw Stage 2 runs; current count 1.,Stage 2 pending confirmation: needs 3 raw Stage 2 runs; current count 1.,,,Stage 2,watchlist,49.13,0.69,0.32,0.6,True,True,Not Sure,No Action
2026-06-29,DABUR.NS,Dabur India Limited,Fast Moving Consumer Goods,Unknown,True,F&O,Stage 4,Stage 4,Stage 4 - Weak/Declining,Stage 4 - Weak/Declining,Stage 4 • Stage 4 - Weak/Declining,0.72,Price is below long-term support with weak trend evidence.,,,,,watchlist,25.58,0.7,0.29,0.73,True,True,Weak Structure,Exit / Avoid
2026-06-29,DALBHARAT.NS,Dalmia Bharat Limited,Construction Materials,Unknown,True,F&O,Stage 4,Stage 4,Stage 4 - Confirmed Downtrend,Stage 4 - Confirmed Downtrend,Stage 4 • Stage 4 - Confirmed Downtrend,0.86,Price is below a bearish moving-average stack with falling trend signals.,,,,,watchlist,16.08,0.85,0.31,0.92,False,False,Weak Structure,Exit / Avoid
2026-06-29,DALMIASUG.NS,Dalmia Bharat Sugar and Industries Limited,Fast Moving Consumer Goods,Unknown,False,Cash,Stage 4,Stage 4,Stage 4 - Weak/Declining,Stage 4 - Weak/Declining,Stage 4 • Stage 4 - Weak/Declining,0.72,Price is below long-term support with weak trend evidence.,,,,,watchlist,2.36,0.35,0.16,0.27,True,True,Weak Structure,Exit / Avoid
2026-06-29,DATAMATICS.NS,Datamatics Global Services Limited,Information Technology,Unknown,False,Cash,Stage 1,Stage 1,Stage 1 - Early Turn,Stage 1 - Early Turn,Stage 1 • Stage 1 - Early Turn,0.66,The stock is improving from a repair/base area but has not confirmed a clean Stage 2 yet.,,,,,watchlist,18.22,0.63,0.21,0.47,True,True,Base Building,Watchlist / Early base
2026-06-29,DATAPATTNS.NS,Data Patterns (India) Limited,Capital Goods,Unknown,False,Cash,Not Sure,Stage 2,Pending Stage 2,Pending Stage 2,Not Sure • Pending Stage 2,0.55,Stage 2 pending confirmation: needs 3 raw Stage 2 runs; current count 1.,Stage 2 pending confirmation: needs 3 raw Stage 2 runs; current count 1.,,,Stage 2,watchlist,45.13,0.83,0.22,0.53,True,True,Not Sure,No Action
2026-06-29,DBCORP.NS,D.B.Corp Limited,"Media, Entertainment & Publication",Unknown,False,Cash,Stage 4,Stage 4,Stage 4 - Weak/Declining,Stage 4 - Weak/Declining,Stage 4 • Stage 4 - Weak/Declining,0.72,Price is below long-term support with weak trend evidence.,,,,,watchlist,9.41,0.57,0.82,0.72,True,True,Weak Structure,Exit / Avoid
2026-06-29,DBL.NS,Dilip Buildcon Limited,Construction,Unknown,False,Cash,Stage 1,Stage 1,Stage 1 - Early Turn,Stage 1 - Early Turn,Stage 1 • Stage 1 - Early Turn,0.66,The stock is improving from a repair/base area but has not confirmed a clean Stage 2 yet.,,,,,watchlist,34.42,1.24,0.3,1.47,False,False,Base Building,Watchlist / Early base
2026-06-29,DBREALTY.NS,D B Realty Limited,Realty,Unknown,False,Cash,Stage 4,Stage 4,Stage 4 - Weak/Declining,Stage 4 - Weak/Declining,Stage 4 • Stage 4 - Weak/Declining,0.72,Price is below long-term support with weak trend evidence.,,,,,watchlist,16.87,0.35,0.07,0.17,True,True,Weak Structure,Exit / Avoid
2026-06-29,DCAL.NS,Dishman Carbogen Amcis Limited,Healthcare,Unknown,False,Cash,Stage 4,Stage 4,Stage 4 - Weak/Declining,Stage 4 - Weak/Declining,Stage 4 • Stage 4 - Weak/Declining,0.72,Price is below long-term support with weak trend evidence.,,,,,watchlist,19.06,0.76,0.1,0.54,True,True,Weak Structure,Exit / Avoid
2026-06-29,DCBBANK.NS,DCB Bank Limited,Financial Services,Unknown,False,Cash,Not Sure,Stage 2,Pending Stage 2,Pending Stage 2,Not Sure • Pending Stage 2,0.55,Stage 2 pending confirmation: needs 3 raw Stage 2 runs; current count 1.,Stage 2 pending confirmation: needs 3 raw Stage 2 runs; current count 1.,,,Stage 2,watchlist,68.96,0.7,0.45,0.66,True,True,Not Sure,No Action
2026-06-29,DCMSHRIRAM.NS,DCM Shriram Limited,Diversified,Unknown,False,Cash,Stage 4,Stage 4,Stage 4 - Confirmed Downtrend,Stage 4 - Confirmed Downtrend,Stage 4 • Stage 4 - Confirmed Downtrend,0.86,Price is below a bearish moving-average stack with falling trend signals.,,,,,watchlist,3.29,0.55,0.13,0.42,True,True,Weak Structure,Exit / Avoid
2026-06-29,DCXINDIA.NS,DCX Systems Limited,Capital Goods,Unknown,False,Cash,Stage 4,Stage 4,Stage 4 - Weak/Declining,Stage 4 - Weak/Declining,Stage 4 • Stage 4 - Weak/Declining,0.72,Price is below long-term support with weak trend evidence.,,,,,watchlist,28.0,1.06,1.96,0.93,False,False,Weak Structure,Exit / Avoid
2026-06-29,DEEPAKFERT.NS,Deepak Fertilizers and Petrochemicals Corporation Limited,Chemicals,Unknown,False,Cash,Not Sure,Stage 2,Pending Stage 2,Pending Stage 2,Not Sure • Pending Stage 2,0.55,Stage 2 pending confirmation: needs 3 raw Stage 2 runs; current count 1.,Stage 2 pending confirmation: needs 3 raw Stage 2 runs; current count 1.,,,Stage 2,watchlist,39.25,0.71,0.16,0.54,True,True,Not Sure,No Action
2026-06-29,DEEPAKNTR.NS,Deepak Nitrite Limited,Chemicals,Unknown,False,Cash,Stage 4,Stage 4,Stage 4 - Weak/Declining,Stage 4 - Weak/Declining,Stage 4 • Stage 4 - Weak/Declining,0.72,Price is below long-term support with weak trend evidence.,,,,,watchlist,14.81,0.76,0.34,0.79,True,True,Weak Structure,Exit / Avoid
2026-06-29,DELHIVERY.NS,Delhivery Limited,Services,Unknown,True,F&O,Stage 1,Stage 1,Stage 1 - Early Turn,Stage 1 - Early Turn,Stage 1 • Stage 1 - Early Turn,0.66,The stock is improving from a repair/base area but has not confirmed a clean Stage 2 yet.,,,,,watchlist,42.94,1.49,0.3,2.38,False,False,Base Building,Watchlist / Early base
2026-06-29,DELTACORP.NS,Delta Corp Limited,Consumer Services,Unknown,False,Cash,Stage 4,Stage 4,Stage 4 - Weak/Declining,Stage 4 - Weak/Declining,Stage 4 • Stage 4 - Weak/Declining,0.72,Price is below long-term support with weak trend evidence.,,,,,watchlist,16.35,0.17,0.05,0.13,True,True,Weak Structure,Exit / Avoid
2026-06-29,DEVYANI.NS,Devyani International Limited,Consumer Services,Unknown,False,Cash,Stage 4,Stage 4,Stage 4 - Weak/Declining,Stage 4 - Weak/Declining,Stage 4 • Stage 4 - Weak/Declining,0.72,Price is below long-term support with weak trend evidence.,,,,,watchlist,18.8,1.33,0.13,0.45,False,True,Weak Structure,Exit / Avoid
2026-06-29,DHANUKA.NS,Dhanuka Agritech Limited,Chemicals,Unknown,False,Cash,Stage 4,Stage 4,Stage 4 - Weak/Declining,Stage 4 - Weak/Declining,Stage 4 • Stage 4 - Weak/Declining,0.72,Price is below long-term support with weak trend evidence.,,,,,watchlist,10.14,0.33,0.07,0.4,True,True,Weak Structure,Exit / Avoid
2026-06-29,DISHTV.NS,Dish TV India Limited,"Media, Entertainment & Publication",Unknown,False,Cash,Stage 4,Stage 4,Stage 4 - Weak/Declining,Stage 4 - Weak/Declining,Stage 4 • Stage 4 - Weak/Declining,0.72,Price is below long-term support with weak trend evidence.,,,,,watchlist,19.6,0.87,0.17,1.11,False,False,Weak Structure,Exit / Avoid
2026-06-29,DIVISLAB.NS,Divi's Laboratories Limited,Healthcare,Unknown,True,F&O,Not Sure,Stage 2,Pending Stage 2,Pending Stage 2,Not Sure • Pending Stage 2,0.55,Stage 2 pending confirmation: needs 3 raw Stage 2 runs; current count 1.,Stage 2 pending confirmation: needs 3 raw Stage 2 runs; current count 1.,,,Stage 2,watchlist,61.41,0.84,0.56,0.75,True,True,Not Sure,No Action
2026-06-29,DIXON.NS,Dixon Technologies (India) Limited,Consumer Durables,Unknown,True,F&O,Stage 1,Stage 1,Stage 1 - Early Turn,Stage 1 - Early Turn,Stage 1 • Stage 1 - Early Turn,0.66,The stock is improving from a repair/base area but has not confirmed a clean Stage 2 yet.,,,,,watchlist,34.41,1.11,0.23,0.74,False,True,Base Building,Watchlist / Early base
2026-06-29,DLF.NS,DLF Limited,Realty,Unknown,True,F&O,Stage 1,Stage 1,Stage 1 - Early Turn,Stage 1 - Early Turn,Stage 1 • Stage 1 - Early Turn,0.66,The stock is improving from a repair/base area but has not confirmed a clean Stage 2 yet.,,,,,watchlist,16.59,1.31,0.19,0.81,False,True,Base Building,Watchlist / Early base
2026-06-29,DMART.NS,Avenue Supermarts Limited,Consumer Services,Unknown,True,F&O,Not Sure,Not Sure,Not Sure,Not Sure,Not Sure,0.0,Stage rules did not identify a reliable structure.,No confident stage classification.,,,,watchlist,17.36,1.27,0.17,0.74,False,True,Not Sure,No Action
2026-06-29,DODLA.NS,Dodla Dairy Limited,Fast Moving Consumer Goods,Unknown,False,Cash,Stage 4,Stage 4,Stage 4 - Weak/Declining,Stage 4 - Weak/Declining,Stage 4 • Stage 4 - Weak/Declining,0.72,Price is below long-term support with weak trend evidence.,,,,,watchlist,26.35,0.46,0.32,0.5,True,True,Weak Structure,Exit / Avoid
2026-06-29,DOMS.NS,DOMS Industries Ltd.,Fast Moving Consumer Goods,Unknown,False,Cash,Stage 4,Stage 4,Stage 4 - Confirmed Downtrend,Stage 4 - Confirmed Downtrend,Stage 4 • Stage 4 - Confirmed Downtrend,0.86,Price is below a bearish moving-average stack with falling trend signals.,,,,,watchlist,23.92,3.54,0.05,0.47,False,True,Weak Structure,Exit / Avoid
2026-06-29,DRREDDY.NS,Dr. Reddy's Laboratories Limited,Healthcare,Unknown,True,F&O,Not Sure,Stage 2,Pending Stage 2,Pending Stage 2,Not Sure • Pending Stage 2,0.55,Stage 2 pending confirmation: needs 3 raw Stage 2 runs; current count 1.,Stage 2 pending confirmation: needs 3 raw Stage 2 runs; current count 1.,,,Stage 2,watchlist,53.29,0.74,2.04,1.15,True,False,Not Sure,No Action
2026-06-29,DYNAMATECH.NS,Dynamatic Technologies Limited,Capital Goods,Unknown,False,Cash,Not Sure,Stage 2,Pending Stage 2,Pending Stage 2,Not Sure • Pending Stage 2,0.55,Stage 2 pending confirmation: needs 3 raw Stage 2 runs; current count 1.,Stage 2 pending confirmation: needs 3 raw Stage 2 runs; current count 1.,,,Stage 2,watchlist,38.56,0.47,0.33,0.43,True,True,Not Sure,No Action
2026-06-29,EASEMYTRIP.NS,Easy Trip Planners Limited,Consumer Services,Unknown,False,Cash,Stage 4,Stage 4,Stage 4 - Weak/Declining,Stage 4 - Weak/Declining,Stage 4 • Stage 4 - Weak/Declining,0.72,Price is below long-term support with weak trend evidence.,,,,,watchlist,16.79,0.7,0.06,0.78,True,True,Weak Structure,Exit / Avoid
2026-06-29,ECLERX.NS,eClerx Services Limited,Services,Unknown,False,Cash,Stage 4,Stage 4,Stage 4 - Confirmed Downtrend,Stage 4 - Confirmed Downtrend,Stage 4 • Stage 4 - Confirmed Downtrend,0.86,Price is below a bearish moving-average stack with falling trend signals.,,,,,watchlist,21.11,0.69,0.21,0.67,True,True,Weak Structure,Exit / Avoid
2026-06-29,EDELWEISS.NS,Edelweiss Financial Services Limited,Financial Services,Unknown,False,Cash,Not Sure,Stage 2,Pending Stage 2,Pending Stage 2,Not Sure • Pending Stage 2,0.55,Stage 2 pending confirmation: needs 3 raw Stage 2 runs; current count 1.,Stage 2 pending confirmation: needs 3 raw Stage 2 runs; current count 1.,,,Stage 2,watchlist,60.37,1.53,0.13,1.3,False,False,Not Sure,No Action
2026-06-29,EICHERMOT.NS,Eicher Motors Limited,Automobile and Auto Components,Unknown,True,F&O,Not Sure,Stage 2,Pending Stage 2,Pending Stage 2,Not Sure • Pending Stage 2,0.55,Stage 2 pending confirmation: needs 3 raw Stage 2 runs; current count 1.,Stage 2 pending confirmation: needs 3 raw Stage 2 runs; current count 1.,,,Stage 2,watchlist,39.44,1.0,0.47,0.84,False,True,Not Sure,No Action
2026-06-29,EIDPARRY.NS,EID Parry India Limited,Chemicals,Unknown,False,Cash,Stage 4,Stage 4,Stage 4 - Confirmed Downtrend,Stage 4 - Confirmed Downtrend,Stage 4 • Stage 4 - Confirmed Downtrend,0.86,Price is below a bearish moving-average stack with falling trend signals.,,,,,watchlist,28.57,1.22,0.2,0.6,False,True,Weak Structure,Exit / Avoid
2026-06-29,EIHOTEL.NS,EIH Limited,Consumer Services,Unknown,False,Cash,Stage 4,Stage 4,Stage 4 - Weak/Declining,Stage 4 - Weak/Declining,Stage 4 • Stage 4 - Weak/Declining,0.72,Price is below long-term support with weak trend evidence.,,,,,watchlist,27.94,1.17,1.3,1.17,False,False,Weak Structure,Exit / Avoid
2026-06-29,ELECON.NS,Elecon Engineering Company Limited,Capital Goods,Unknown,False,Cash,Not Sure,Stage 2,Pending Stage 2,Pending Stage 2,Not Sure • Pending Stage 2,0.55,Stage 2 pending confirmation: needs 3 raw Stage 2 runs; current count 1.,Stage 2 pending confirmation: needs 3 raw Stage 2 runs; current count 1.,,,Stage 2,watchlist,40.34,0.68,0.14,0.38,True,True,Not Sure,No Action
2026-06-29,ELECTCAST.NS,Electrosteel Castings Limited,Capital Goods,Unknown,False,Cash,Stage 4,Stage 4,Stage 4 - Weak/Declining,Stage 4 - Weak/Declining,Stage 4 • Stage 4 - Weak/Declining,0.72,Price is below long-term support with weak trend evidence.,,,,,watchlist,26.11,0.93,0.23,0.69,False,True,Weak Structure,Exit / Avoid
2026-06-29,ELGIEQUIP.NS,Elgi Equipments Limited,Capital Goods,Unknown,False,Cash,Not Sure,Stage 2,Pending Stage 2,Pending Stage 2,Not Sure • Pending Stage 2,0.55,Stage 2 pending confirmation: needs 3 raw Stage 2 runs; current count 1.,Stage 2 pending confirmation: needs 3 raw Stage 2 runs; current count 1.,,,Stage 2,watchlist,79.3,0.69,0.27,0.7,True,True,Not Sure,No Action
2026-06-29,EMAMILTD.NS,Emami Limited,Fast Moving Consumer Goods,Unknown,False,Cash,Stage 4,Stage 4,Stage 4 - Confirmed Downtrend,Stage 4 - Confirmed Downtrend,Stage 4 • Stage 4 - Confirmed Downtrend,0.86,Price is below a bearish moving-average stack with falling trend signals.,,,,,watchlist,23.92,1.51,0.36,2.28,False,False,Weak Structure,Exit / Avoid
2026-06-29,EMCURE.NS,Emcure Pharmaceuticals Ltd.,Healthcare,Unknown,False,Cash,Not Sure,Stage 2,Pending Stage 2,Pending Stage 2,Not Sure • Pending Stage 2,0.55,Stage 2 pending confirmation: needs 3 raw Stage 2 runs; current count 1.,Stage 2 pending confirmation: needs 3 raw Stage 2 runs; current count 1.,,,Stage 2,watchlist,43.54,1.2,0.59,1.54,False,False,Not Sure,No Action
2026-06-29,EMUDHRA.NS,eMudhra Limited,Information Technology,Unknown,False,Cash,Stage 4,Stage 4,Stage 4 - Weak/Declining,Stage 4 - Weak/Declining,Stage 4 • Stage 4 - Weak/Declining,0.72,Price is below long-term support with weak trend evidence.,,,,,watchlist,3.56,0.97,0.25,1.06,False,False,Weak Structure,Exit / Avoid
2026-06-29,ENDURANCE.NS,Endurance Technologies Limited,Automobile and Auto Components,Unknown,False,Cash,Stage 1,Stage 1,Stage 1 - Early Turn,Stage 1 - Early Turn,Stage 1 • Stage 1 - Early Turn,0.66,The stock is improving from a repair/base area but has not confirmed a clean Stage 2 yet.,,,,,watchlist,26.83,0.84,0.15,1.04,True,False,Base Building,Watchlist / Early base
2026-06-29,ENGINERSIN.NS,Engineers India Limited,Construction,Unknown,False,Cash,Not Sure,Stage 2,Pending Stage 2,Pending Stage 2,Not Sure • Pending Stage 2,0.55,Stage 2 pending confirmation: needs 3 raw Stage 2 runs; current count 1.,Stage 2 pending confirmation: needs 3 raw Stage 2 runs; current count 1.,,,Stage 2,watchlist,33.95,1.1,0.26,0.96,False,False,Not Sure,No Action
2026-06-29,EPIGRAL.NS,Epigral Limited,Chemicals,Unknown,False,Cash,Stage 4,Stage 4,Stage 4 - Weak/Declining,Stage 4 - Weak/Declining,Stage 4 • Stage 4 - Weak/Declining,0.72,Price is below long-term support with weak trend evidence.,,,,,watchlist,22.02,0.43,0.22,0.33,True,True,Weak Structure,Exit / Avoid
2026-06-29,EPL.NS,EPL Limited,Capital Goods,Unknown,False,Cash,Not Sure,Stage 2,Pending Stage 2,Pending Stage 2,Not Sure • Pending Stage 2,0.55,Stage 2 pending confirmation: needs 3 raw Stage 2 runs; current count 1.,Stage 2 pending confirmation: needs 3 raw Stage 2 runs; current count 1.,,,Stage 2,watchlist,66.28,0.69,0.21,0.44,True,True,Not Sure,No Action
2026-06-29,EQUITASBNK.NS,Equitas Small Finance Bank Limited,Financial Services,Unknown,False,Cash,Not Sure,Stage 2,Pending Stage 2,Pending Stage 2,Not Sure • Pending Stage 2,0.55,Stage 2 pending confirmation: needs 3 raw Stage 2 runs; current count 1.,Stage 2 pending confirmation: needs 3 raw Stage 2 runs; current count 1.,,,Stage 2,watchlist,59.11,0.75,0.1,0.55,True,True,Not Sure,No Action
2026-06-29,ERIS.NS,Eris Lifesciences Limited,Healthcare,Unknown,False,Cash,Stage 1,Stage 1,Stage 1 - Early Turn,Stage 1 - Early Turn,Stage 1 • Stage 1 - Early Turn,0.66,The stock is improving from a repair/base area but has not confirmed a clean Stage 2 yet.,,,,,watchlist,43.33,0.42,0.14,0.42,True,True,Base Building,Watchlist / Early base
2026-06-29,ESABINDIA.NS,Esab India Limited,Capital Goods,Unknown,False,Cash,Stage 1,Stage 1,Stage 1 - Base/Repair,Stage 1 - Base/Repair,Stage 1 • Stage 1 - Base/Repair,0.7,Price is near long-term moving averages with no strong long-term downtrend signal.,,,,,watchlist,11.14,0.4,0.17,0.36,True,True,Base Building,Watchlist / Early base
2026-06-29,ESCORTS.NS,Escorts Kubota Limited,Capital Goods,Unknown,False,Cash,Stage 4,Stage 4,Stage 4 - Confirmed Downtrend,Stage 4 - Confirmed Downtrend,Stage 4 • Stage 4 - Confirmed Downtrend,0.86,Price is below a bearish moving-average stack with falling trend signals.,,,,,watchlist,33.93,1.0,0.24,1.06,False,False,Weak Structure,Exit / Avoid
2026-06-29,ETERNAL.NS,Eternal Ltd.,Consumer Services,Unknown,True,F&O,Stage 4,Stage 4,Stage 4 - Weak/Declining,Stage 4 - Weak/Declining,Stage 4 • Stage 4 - Weak/Declining,0.72,Price is below long-term support with weak trend evidence.,,,,,watchlist,26.81,0.73,0.6,0.61,True,True,Weak Structure,Exit / Avoid
2026-06-29,EXIDEIND.NS,Exide Industries Limited,Automobile and Auto Components,Unknown,True,F&O,Not Sure,Stage 2,Pending Stage 2,Pending Stage 2,Not Sure • Pending Stage 2,0.55,Stage 2 pending confirmation: needs 3 raw Stage 2 runs; current count 1.,Stage 2 pending confirmation: needs 3 raw Stage 2 runs; current count 1.,,,Stage 2,watchlist,45.65,0.69,0.12,0.94,True,False,Not Sure,No Action
2026-06-29,FACT.NS,Fertilizers and Chemicals Travancore Limited,Chemicals,Unknown,False,Cash,Not Sure,Not Sure,Not Sure,Not Sure,Not Sure,0.0,Stage rules did not identify a reliable structure.,No confident stage classification.,,,,watchlist,46.19,3.11,0.06,0.75,False,True,Not Sure,No Action
2026-06-29,FCL.NS,Fineotex Chemical Limited,Chemicals,Unknown,False,Cash,Not Sure,Stage 2,Pending Stage 2,Pending Stage 2,Not Sure • Pending Stage 2,0.55,Stage 2 pending confirmation: needs 3 raw Stage 2 runs; current count 1.,Stage 2 pending confirmation: needs 3 raw Stage 2 runs; current count 1.,,,Stage 2,watchlist,51.31,0.58,0.2,0.55,True,True,Not Sure,No Action
2026-06-29,FDC.NS,FDC Limited,Healthcare,Unknown,False,Cash,Stage 1,Stage 1,Stage 1 - Early Turn,Stage 1 - Early Turn,Stage 1 • Stage 1 - Early Turn,0.66,The stock is improving from a repair/base area but has not confirmed a clean Stage 2 yet.,,,,,watchlist,28.86,0.85,0.25,1.32,False,False,Base Building,Watchlist / Early base
2026-06-29,FEDERALBNK.NS,The Federal Bank Limited,Financial Services,Unknown,True,F&O,Not Sure,Stage 2,Pending Stage 2,Pending Stage 2,Not Sure • Pending Stage 2,0.55,Stage 2 pending confirmation: needs 3 raw Stage 2 runs; current count 1.,Stage 2 pending confirmation: needs 3 raw Stage 2 runs; current count 1.,,,Stage 2,watchlist,70.13,0.53,0.12,0.45,True,True,Not Sure,No Action
2026-06-29,FINCABLES.NS,Finolex Cables Limited,Capital Goods,Unknown,False,Cash,Not Sure,Stage 2,Pending Stage 2,Pending Stage 2,Not Sure • Pending Stage 2,0.55,Stage 2 pending confirmation: needs 3 raw Stage 2 runs; current count 1.,Stage 2 pending confirmation: needs 3 raw Stage 2 runs; current count 1.,,,Stage 2,watchlist,47.72,0.9,0.35,0.66,False,True,Not Sure,No Action
2026-06-29,FINEORG.NS,Fine Organic Industries Limited,Chemicals,Unknown,False,Cash,Not Sure,Stage 2,Pending Stage 2,Pending Stage 2,Not Sure • Pending Stage 2,0.55,Stage 2 pending confirmation: needs 3 raw Stage 2 runs; current count 1.,Stage 2 pending confirmation: needs 3 raw Stage 2 runs; current count 1.,,,Stage 2,watchlist,63.59,1.82,0.25,1.55,False,False,Not Sure,No Action
2026-06-29,FINPIPE.NS,Finolex Industries Limited,Capital Goods,Unknown,False,Cash,Stage 1,Stage 1,Stage 1 - Early Turn,Stage 1 - Early Turn,Stage 1 • Stage 1 - Early Turn,0.66,The stock is improving from a repair/base area but has not confirmed a clean Stage 2 yet.,,,,,watchlist,12.77,1.49,0.13,0.91,False,False,Base Building,Watchlist / Early base
2026-06-29,FIRSTCRY.NS,Brainbees Solutions Ltd.,Consumer Services,Unknown,False,Cash,Stage 4,Stage 4,Stage 4 - Confirmed Downtrend,Stage 4 - Confirmed Downtrend,Stage 4 • Stage 4 - Confirmed Downtrend,0.86,Price is below a bearish moving-average stack with falling trend signals.,,,,,watchlist,22.77,1.11,0.13,1.98,False,False,Weak Structure,Exit / Avoid
2026-06-29,FIVESTAR.NS,Five-Star Business Finance Limited,Financial Services,Unknown,False,Cash,Stage 1,Stage 1,Stage 1 - Early Turn,Stage 1 - Early Turn,Stage 1 • Stage 1 - Early Turn,0.66,The stock is improving from a repair/base area but has not confirmed a clean Stage 2 yet.,,,,,watchlist,34.77,1.76,0.13,0.46,False,True,Base Building,Watchlist / Early base
2026-06-29,FLUOROCHEM.NS,Gujarat Fluorochemicals Limited,Chemicals,Unknown,False,Cash,Not Sure,Stage 2,Pending Stage 2,Pending Stage 2,Not Sure • Pending Stage 2,0.55,Stage 2 pending confirmation: needs 3 raw Stage 2 runs; current count 1.,Stage 2 pending confirmation: needs 3 raw Stage 2 runs; current count 1.,,,Stage 2,watchlist,61.83,1.11,0.21,0.8,False,True,Not Sure,No Action
2026-06-29,FORCEMOT.NS,FORCE MOTORS LTD,Automobile and Auto Components,Unknown,True,F&O,Stage 4,Stage 4,Stage 4 - Weak/Declining,Stage 4 - Weak/Declining,Stage 4 • Stage 4 - Weak/Declining,0.72,Price is below long-term support with weak trend evidence.,,,,,watchlist,26.76,0.85,0.24,0.78,True,True,Weak Structure,Exit / Avoid
2026-06-29,FORTIS.NS,Fortis Healthcare Limited,Healthcare,Unknown,True,F&O,Not Sure,Stage 2,Pending Stage 2,Pending Stage 2,Not Sure • Pending Stage 2,0.55,Stage 2 pending confirmation: needs 3 raw Stage 2 runs; current count 1.,Stage 2 pending confirmation: needs 3 raw Stage 2 runs; current count 1.,,,Stage 2,watchlist,46.13,0.89,0.19,0.64,False,True,Not Sure,No Action
2026-06-29,FSL.NS,Firstsource Solutions Limited,Services,Unknown,False,Cash,Stage 4,Stage 4,Stage 4 - Weak/Declining,Stage 4 - Weak/Declining,Stage 4 • Stage 4 - Weak/Declining,0.72,Price is below long-term support with weak trend evidence.,,,,,watchlist,5.9,0.22,0.15,0.15,True,True,Weak Structure,Exit / Avoid
2026-06-29,FUSION.NS,Fusion Micro Finance Limited,Financial Services,Unknown,False,Cash,Not Sure,Stage 2,Pending Stage 2,Pending Stage 2,Not Sure • Pending Stage 2,0.55,Stage 2 pending confirmation: needs 3 raw Stage 2 runs; current count 1.,Stage 2 pending confirmation: needs 3 raw Stage 2 runs; current count 1.,,,Stage 2,watchlist,44.34,1.45,0.7,1.68,False,False,Not Sure,No Action
2026-06-29,GABRIEL.NS,Gabriel India Limited,Automobile and Auto Components,Unknown,False,Cash,Not Sure,Stage 2,Pending Stage 2,Pending Stage 2,Not Sure • Pending Stage 2,0.55,Stage 2 pending confirmation: needs 3 raw Stage 2 runs; current count 1.,Stage 2 pending confirmation: needs 3 raw Stage 2 runs; current count 1.,,,Stage 2,watchlist,54.81,1.65,0.36,0.96,False,False,Not Sure,No Action
2026-06-29,GAIL.NS,GAIL (India) Limited,"Oil, Gas & Consumable Fuels",Unknown,True,F&O,Not Sure,Stage 2,Pending Stage 2,Pending Stage 2,Not Sure • Pending Stage 2,0.55,Stage 2 pending confirmation: needs 3 raw Stage 2 runs; current count 1.,Stage 2 pending confirmation: needs 3 raw Stage 2 runs; current count 1.,,,Stage 2,watchlist,39.17,0.82,0.12,0.65,True,True,Not Sure,No Action
2026-06-29,GALAXYSURF.NS,Galaxy Surfactants Limited,Chemicals,Unknown,False,Cash,Stage 1,Stage 1,Stage 1 - Early Turn,Stage 1 - Early Turn,Stage 1 • Stage 1 - Early Turn,0.66,The stock is improving from a repair/base area but has not confirmed a clean Stage 2 yet.,,,,,watchlist,32.97,1.93,0.11,1.12,False,False,Base Building,Watchlist / Early base
2026-06-29,GALLANTT.NS,Gallantt Ispat Limited,Capital Goods,Unknown,False,Cash,Stage 3,Stage 3,Stage 3 - Transition,Stage 3 - Transition,Stage 3 • Stage 3 - Transition,0.62,"The structure is transitioning after prior strength, but it is not yet a confirmed Stage 4 decline.",,,,,watchlist,15.82,0.26,0.24,0.18,True,True,Transition,Reduce / Avoid fresh longs
2026-06-29,GARFIBRES.NS,Garware Technical Fibres Limited,Textiles,Unknown,False,Cash,Not Sure,Stage 2,Pending Stage 2,Pending Stage 2,Not Sure • Pending Stage 2,0.55,Stage 2 pending confirmation: needs 3 raw Stage 2 runs; current count 1.,Stage 2 pending confirmation: needs 3 raw Stage 2 runs; current count 1.,,,Stage 2,watchlist,29.29,3.3,0.07,0.73,False,True,Not Sure,No Action
2026-06-29,GATEWAY.NS,Gateway Distriparks Limited,Services,Unknown,False,Cash,Stage 4,Stage 4,Stage 4 - Weak/Declining,Stage 4 - Weak/Declining,Stage 4 • Stage 4 - Weak/Declining,0.72,Price is below long-term support with weak trend evidence.,,,,,watchlist,29.77,1.82,0.29,1.79,False,False,Weak Structure,Exit / Avoid
2026-06-29,GENSOL.NS,Gensol Engineering Limited,Services,Unknown,False,Cash,Stage 4,Stage 4,Stage 4 - Weak/Declining,Stage 4 - Weak/Declining,Stage 4 • Stage 4 - Weak/Declining,0.72,Price is below long-term support with weak trend evidence.,,,,,watchlist,21.61,0.08,0.07,0.02,True,True,Weak Structure,Exit / Avoid
2026-06-29,GENUSPOWER.NS,Genus Power Infrastructures Limited,Capital Goods,Unknown,False,Cash,Stage 1,Stage 1,Stage 1 - Early Turn,Stage 1 - Early Turn,Stage 1 • Stage 1 - Early Turn,0.66,The stock is improving from a repair/base area but has not confirmed a clean Stage 2 yet.,,,,,watchlist,44.02,2.18,0.69,3.45,False,False,Base Building,Watchlist / Early base
2026-06-29,GESHIP.NS,The Great Eastern Shipping Company Limited,Services,Unknown,False,Cash,Not Sure,Stage 2,Pending Stage 2,Pending Stage 2,Not Sure • Pending Stage 2,0.55,Stage 2 pending confirmation: needs 3 raw Stage 2 runs; current count 1.,Stage 2 pending confirmation: needs 3 raw Stage 2 runs; current count 1.,,,Stage 2,watchlist,26.89,0.45,0.11,0.4,True,True,Not Sure,No Action
2026-06-29,GHCL.NS,GHCL Limited,Chemicals,Unknown,False,Cash,Stage 4,Stage 4,Stage 4 - Confirmed Downtrend,Stage 4 - Confirmed Downtrend,Stage 4 • Stage 4 - Confirmed Downtrend,0.86,Price is below a bearish moving-average stack with falling trend signals.,,,,,watchlist,29.41,1.36,0.14,0.52,False,True,Weak Structure,Exit / Avoid
2026-06-29,GICRE.NS,General Insurance Corporation of India,Financial Services,Unknown,False,Cash,Stage 1,Stage 1,Stage 1 - Base/Repair,Stage 1 - Base/Repair,Stage 1 • Stage 1 - Base/Repair,0.7,Price is near long-term moving averages with no strong long-term downtrend signal.,,,,,watchlist,12.96,3.76,0.09,0.88,False,True,Base Building,Watchlist / Early base
2026-06-29,GILLETTE.NS,Gillette India Limited,Fast Moving Consumer Goods,Unknown,False,Cash,Stage 4,Stage 4,Stage 4 - Weak/Declining,Stage 4 - Weak/Declining,Stage 4 • Stage 4 - Weak/Declining,0.72,Price is below long-term support with weak trend evidence.,,,,,watchlist,16.11,0.7,0.18,0.43,True,True,Weak Structure,Exit / Avoid
2026-06-29,GLAND.NS,Gland Pharma Limited,Healthcare,Unknown,False,Cash,Not Sure,Stage 2,Pending Stage 2,Pending Stage 2,Not Sure • Pending Stage 2,0.55,Stage 2 pending confirmation: needs 3 raw Stage 2 runs; current count 1.,Stage 2 pending confirmation: needs 3 raw Stage 2 runs; current count 1.,,,Stage 2,watchlist,56.54,1.21,0.18,1.39,False,False,Not Sure,No Action
2026-06-29,GLAXO.NS,GlaxoSmithKline Pharmaceuticals Limited,Healthcare,Unknown,False,Cash,Stage 4,Stage 4,Stage 4 - Weak/Declining,Stage 4 - Weak/Declining,Stage 4 • Stage 4 - Weak/Declining,0.72,Price is below long-term support with weak trend evidence.,,,,,watchlist,29.97,1.44,0.36,0.94,False,False,Weak Structure,Exit / Avoid
2026-06-29,GLENMARK.NS,Glenmark Pharmaceuticals Limited,Healthcare,Unknown,True,F&O,Stage 1,Stage 1,Stage 1 - Base/Repair,Stage 1 - Base/Repair,Stage 1 • Stage 1 - Base/Repair,0.7,Price is near long-term moving averages with no strong long-term downtrend signal.,,,,,watchlist,43.99,0.69,0.76,0.63,True,True,Base Building,Watchlist / Early base
2026-06-29,GMDCLTD.NS,Gujarat Mineral Development Corporation Limited,Metals & Mining,Unknown,False,Cash,Stage 4,Stage 4,Stage 4,Stage 4,Stage 4,0.66,Declining structure detected.,,,,,watchlist,28.1,0.38,0.23,0.27,True,True,Weak Structure,Exit / Avoid
2026-06-29,GMMPFAUDLR.NS,GMM Pfaudler Limited,Capital Goods,Unknown,False,Cash,Stage 4,Stage 4,Stage 4 - Confirmed Downtrend,Stage 4 - Confirmed Downtrend,Stage 4 • Stage 4 - Confirmed Downtrend,0.86,Price is below a bearish moving-average stack with falling trend signals.,,,,,watchlist,36.12,0.57,0.09,0.43,True,True,Weak Structure,Exit / Avoid
2026-06-29,GMRAIRPORT.NS,GMR Airports Ltd.,Services,Unknown,True,F&O,Not Sure,Stage 2,Pending Stage 2,Pending Stage 2,Not Sure • Pending Stage 2,0.55,Stage 2 pending confirmation: needs 3 raw Stage 2 runs; current count 1.,Stage 2 pending confirmation: needs 3 raw Stage 2 runs; current count 1.,,,Stage 2,watchlist,56.7,1.16,0.5,1.24,False,False,Not Sure,No Action
2026-06-29,GNFC.NS,Gujarat Narmada Valley Fertilizers and Chemicals Limited,Chemicals,Unknown,False,Cash,Not Sure,Stage 2,Pending Stage 2,Pending Stage 2,Not Sure • Pending Stage 2,0.55,Stage 2 pending confirmation: needs 3 raw Stage 2 runs; current count 1.,Stage 2 pending confirmation: needs 3 raw Stage 2 runs; current count 1.,,,Stage 2,watchlist,31.96,1.39,0.17,1.17,False,False,Not Sure,No Action
2026-06-29,GOCOLORS.NS,Go Fashion (India) Limited,Consumer Services,Unknown,False,Cash,Stage 1,Stage 1,Stage 1 - Early Turn,Stage 1 - Early Turn,Stage 1 • Stage 1 - Early Turn,0.66,The stock is improving from a repair/base area but has not confirmed a clean Stage 2 yet.,,,,,watchlist,32.92,0.81,0.29,0.98,True,False,Base Building,Watchlist / Early base
2026-06-29,GODFRYPHLP.NS,Godfrey Phillips India Limited,Fast Moving Consumer Goods,Unknown,True,F&O,Stage 4,Stage 4,Stage 4 - Weak/Declining,Stage 4 - Weak/Declining,Stage 4 • Stage 4 - Weak/Declining,0.72,Price is below long-term support with weak trend evidence.,,,,,watchlist,26.12,0.37,0.12,0.27,True,True,Weak Structure,Exit / Avoid
2026-06-29,GODIGIT.NS,Go Digit General Insurance Ltd.,Financial Services,Unknown,False,Cash,Stage 4,Stage 4,Stage 4 - Weak/Declining,Stage 4 - Weak/Declining,Stage 4 • Stage 4 - Weak/Declining,0.72,Price is below long-term support with weak trend evidence.,,,,,watchlist,31.19,0.95,3.32,1.5,False,False,Weak Structure,Exit / Avoid
2026-06-29,GODREJAGRO.NS,Godrej Agrovet Limited,Fast Moving Consumer Goods,Unknown,False,Cash,Stage 4,Stage 4,Stage 4 - Weak/Declining,Stage 4 - Weak/Declining,Stage 4 • Stage 4 - Weak/Declining,0.72,Price is below long-term support with weak trend evidence.,,,,,watchlist,22.96,0.56,0.44,0.51,True,True,Weak Structure,Exit / Avoid
2026-06-29,GODREJCP.NS,Godrej Consumer Products Ltd.,Fast Moving Consumer Goods,Unknown,True,F&O,Stage 4,Stage 4,Stage 4 - Weak/Declining,Stage 4 - Weak/Declining,Stage 4 • Stage 4 - Weak/Declining,0.72,Price is below long-term support with weak trend evidence.,,,,,watchlist,25.3,0.57,0.13,0.43,True,True,Weak Structure,Exit / Avoid
2026-06-29,GODREJIND.NS,Godrej Industries Limited,Diversified,Unknown,False,Cash,Not Sure,Stage 2,Pending Stage 2,Pending Stage 2,Not Sure • Pending Stage 2,0.55,Stage 2 pending confirmation: needs 3 raw Stage 2 runs; current count 1.,Stage 2 pending confirmation: needs 3 raw Stage 2 runs; current count 1.,,,Stage 2,watchlist,25.77,0.44,0.71,0.39,True,True,Not Sure,No Action
2026-06-29,GODREJPROP.NS,Godrej Properties Limited,Realty,Unknown,True,F&O,Stage 1,Stage 1,Stage 1 - Early Turn,Stage 1 - Early Turn,Stage 1 • Stage 1 - Early Turn,0.66,The stock is improving from a repair/base area but has not confirmed a clean Stage 2 yet.,,,,,watchlist,36.18,0.8,0.33,0.8,True,True,Base Building,Watchlist / Early base
2026-06-29,GOKEX.NS,Gokaldas Exports Limited,Textiles,Unknown,False,Cash,Not Sure,Stage 2,Pending Stage 2,Pending Stage 2,Not Sure • Pending Stage 2,0.55,Stage 2 pending confirmation: needs 3 raw Stage 2 runs; current count 1.,Stage 2 pending confirmation: needs 3 raw Stage 2 runs; current count 1.,,,Stage 2,watchlist,67.59,2.26,0.26,1.65,False,False,Not Sure,No Action
2026-06-29,GPIL.NS,Godawari Power And Ispat limited,Capital Goods,Unknown,False,Cash,Stage 1,Stage 1,Stage 1 - Base/Repair,Stage 1 - Base/Repair,Stage 1 • Stage 1 - Base/Repair,0.7,Price is near long-term moving averages with no strong long-term downtrend signal.,,,,,watchlist,29.65,0.44,0.11,0.35,True,True,Base Building,Watchlist / Early base
2026-06-29,GPPL.NS,Gujarat Pipavav Port Limited,Services,Unknown,False,Cash,Stage 4,Stage 4,Stage 4 - Weak/Declining,Stage 4 - Weak/Declining,Stage 4 • Stage 4 - Weak/Declining,0.72,Price is below long-term support with weak trend evidence.,,,,,watchlist,6.8,1.19,0.21,0.97,False,False,Weak Structure,Exit / Avoid
2026-06-29,GRANULES.NS,Granules India Limited,Healthcare,Unknown,False,Cash,Not Sure,Stage 2,Pending Stage 2,Pending Stage 2,Not Sure • Pending Stage 2,0.55,Stage 2 pending confirmation: needs 3 raw Stage 2 runs; current count 1.,Stage 2 pending confirmation: needs 3 raw Stage 2 runs; current count 1.,,,Stage 2,watchlist,57.27,0.8,0.25,0.53,True,True,Not Sure,No Action
2026-06-29,GRAPHITE.NS,Graphite India Limited,Capital Goods,Unknown,False,Cash,Stage 4,Stage 4,Stage 4,Stage 4,Stage 4,0.66,Declining structure detected.,,,,,watchlist,10.0,0.45,0.26,0.49,True,True,Weak Structure,Exit / Avoid
2026-06-29,GRASIM.NS,Grasim Industries Limited,Construction Materials,Unknown,True,F&O,Not Sure,Stage 2,Pending Stage 2,Pending Stage 2,Not Sure • Pending Stage 2,0.55,Stage 2 pending confirmation: needs 3 raw Stage 2 runs; current count 1.,Stage 2 pending confirmation: needs 3 raw Stage 2 runs; current count 1.,,,Stage 2,watchlist,39.76,0.67,0.11,0.64,True,True,Not Sure,No Action
2026-06-29,GRAVITA.NS,Gravita India Limited,Metals & Mining,Unknown,False,Cash,Stage 1,Stage 1,Stage 1 - Early Turn,Stage 1 - Early Turn,Stage 1 • Stage 1 - Early Turn,0.66,The stock is improving from a repair/base area but has not confirmed a clean Stage 2 yet.,,,,,watchlist,34.62,0.88,0.35,0.67,False,True,Base Building,Watchlist / Early base
2026-06-29,GREENLAM.NS,Greenlam Industries Limited,Consumer Durables,Unknown,False,Cash,Not Sure,Stage 2,Pending Stage 2,Pending Stage 2,Not Sure • Pending Stage 2,0.55,Stage 2 pending confirmation: needs 3 raw Stage 2 runs; current count 1.,Stage 2 pending confirmation: needs 3 raw Stage 2 runs; current count 1.,,,Stage 2,watchlist,29.21,0.39,0.03,0.28,True,True,Not Sure,No Action
2026-06-29,GREENPANEL.NS,Greenpanel Industries Limited,Consumer Durables,Unknown,False,Cash,Stage 4,Stage 4,Stage 4 - Weak/Declining,Stage 4 - Weak/Declining,Stage 4 • Stage 4 - Weak/Declining,0.72,Price is below long-term support with weak trend evidence.,,,,,watchlist,16.61,0.66,0.09,0.72,True,True,Weak Structure,Exit / Avoid
2026-06-29,GRINDWELL.NS,Grindwell Norton Limited,Capital Goods,Unknown,False,Cash,Not Sure,Stage 2,Pending Stage 2,Pending Stage 2,Not Sure • Pending Stage 2,0.55,Stage 2 pending confirmation: needs 3 raw Stage 2 runs; current count 1.,Stage 2 pending confirmation: needs 3 raw Stage 2 runs; current count 1.,,,Stage 2,watchlist,46.88,0.71,0.42,0.73,True,True,Not Sure,No Action
2026-06-29,GRINFRA.NS,G R Infraprojects Limited,Construction,Unknown,False,Cash,Stage 4,Stage 4,Stage 4 - Weak/Declining,Stage 4 - Weak/Declining,Stage 4 • Stage 4 - Weak/Declining,0.72,Price is below long-term support with weak trend evidence.,,,,,watchlist,25.29,0.59,0.1,0.55,True,True,Weak Structure,Exit / Avoid
2026-06-29,GRSE.NS,Garden Reach Shipbuilders & Engineers Limited,Capital Goods,Unknown,False,Cash,Not Sure,Stage 2,Pending Stage 2,Pending Stage 2,Not Sure • Pending Stage 2,0.55,Stage 2 pending confirmation: needs 3 raw Stage 2 runs; current count 1.,Stage 2 pending confirmation: needs 3 raw Stage 2 runs; current count 1.,,,Stage 2,watchlist,33.45,0.68,0.19,0.59,True,True,Not Sure,No Action
2026-06-29,GRWRHITECH.NS,Garware Hi-Tech Films Limited,Capital Goods,Unknown,False,Cash,Not Sure,Stage 2,Pending Stage 2,Pending Stage 2,Not Sure • Pending Stage 2,0.55,Stage 2 pending confirmation: needs 3 raw Stage 2 runs; current count 1.,Stage 2 pending confirmation: needs 3 raw Stage 2 runs; current count 1.,,,Stage 2,watchlist,49.93,0.59,0.23,0.43,True,True,Not Sure,No Action
2026-06-29,GSFC.NS,Gujarat State Fertilizers & Chemicals Limited,Chemicals,Unknown,False,Cash,Stage 4,Stage 4,Stage 4 - Weak/Declining,Stage 4 - Weak/Declining,Stage 4 • Stage 4 - Weak/Declining,0.72,Price is below long-term support with weak trend evidence.,,,,,watchlist,21.41,1.16,0.2,0.95,False,False,Weak Structure,Exit / Avoid
2026-06-29,GUJALKALI.NS,Gujarat Alkalies and Chemicals Limited,Chemicals,Unknown,False,Cash,Not Sure,Stage 2,Pending Stage 2,Pending Stage 2,Not Sure • Pending Stage 2,0.55,Stage 2 pending confirmation: needs 3 raw Stage 2 runs; current count 1.,Stage 2 pending confirmation: needs 3 raw Stage 2 runs; current count 1.,,,Stage 2,watchlist,24.05,0.18,0.08,0.12,True,True,Not Sure,No Action
2026-06-29,GUJGASLTD.NS,Gujarat Gas Limited,"Oil, Gas & Consumable Fuels",Unknown,False,Cash,Stage 4,Stage 4,Stage 4 - Weak/Declining,Stage 4 - Weak/Declining,Stage 4 • Stage 4 - Weak/Declining,0.72,Price is below long-term support with weak trend evidence.,,,,,watchlist,2.0,1.31,0.56,1.51,False,False,Weak Structure,Exit / Avoid
2026-06-29,GULFOILLUB.NS,Gulf Oil Lubricants India Limited,"Oil, Gas & Consumable Fuels",Unknown,False,Cash,Stage 1,Stage 1,Stage 1 - Early Turn,Stage 1 - Early Turn,Stage 1 • Stage 1 - Early Turn,0.66,The stock is improving from a repair/base area but has not confirmed a clean Stage 2 yet.,,,,,watchlist,31.36,1.16,0.51,1.04,False,False,Base Building,Watchlist / Early base
2026-06-29,GVT&D.NS,GE Vernova T&D India Ltd.,Capital Goods,Unknown,False,Cash,Not Sure,Stage 2,Pending Stage 2,Pending Stage 2,Not Sure • Pending Stage 2,0.55,Stage 2 pending confirmation: needs 3 raw Stage 2 runs; current count 1.,Stage 2 pending confirmation: needs 3 raw Stage 2 runs; current count 1.,,,Stage 2,watchlist,46.35,1.07,0.67,1.13,False,False,Not Sure,No Action
2026-06-29,HAL.NS,Hindustan Aeronautics Limited,Capital Goods,Unknown,True,F&O,Stage 1,Stage 1,Stage 1 - Unclear/Repair,Stage 1 - Unclear/Repair,Stage 1 • Stage 1 - Unclear/Repair,0.58,Not enough evidence for Stage 2 or Stage 4; classified as repair/unclear structure.,,,,,watchlist,30.16,0.85,0.18,0.84,True,True,Base Building,Watchlist / Early base
2026-06-29,HAPPSTMNDS.NS,Happiest Minds Technologies Limited,Information Technology,Unknown,False,Cash,Stage 4,Stage 4,Stage 4 - Confirmed Downtrend,Stage 4 - Confirmed Downtrend,Stage 4 • Stage 4 - Confirmed Downtrend,0.86,Price is below a bearish moving-average stack with falling trend signals.,,,,,watchlist,7.61,0.83,0.28,0.54,True,True,Weak Structure,Exit / Avoid
2026-06-29,HARSHA.NS,Harsha Engineers International Limited,Capital Goods,Unknown,False,Cash,Not Sure,Stage 2,Pending Stage 2,Pending Stage 2,Not Sure • Pending Stage 2,0.55,Stage 2 pending confirmation: needs 3 raw Stage 2 runs; current count 1.,Stage 2 pending confirmation: needs 3 raw Stage 2 runs; current count 1.,,,Stage 2,watchlist,45.09,0.83,0.18,0.53,True,True,Not Sure,No Action
2026-06-29,HATHWAY.NS,Hathway Cable & Datacom Limited,"Media, Entertainment & Publication",Unknown,False,Cash,Stage 1,Stage 1,Stage 1 - Early Turn,Stage 1 - Early Turn,Stage 1 • Stage 1 - Early Turn,0.66,The stock is improving from a repair/base area but has not confirmed a clean Stage 2 yet.,,,,,watchlist,35.84,2.36,0.32,1.32,False,False,Base Building,Watchlist / Early base
2026-06-29,HATSUN.NS,Hatsun Agro Product Limited,Fast Moving Consumer Goods,Unknown,False,Cash,Stage 4,Stage 4,Stage 4 - Weak/Declining,Stage 4 - Weak/Declining,Stage 4 • Stage 4 - Weak/Declining,0.72,Price is below long-term support with weak trend evidence.,,,,,watchlist,19.65,0.84,0.2,0.96,True,False,Weak Structure,Exit / Avoid
2026-06-29,HAVELLS.NS,Havells India Limited,Consumer Durables,Unknown,True,F&O,Stage 4,Stage 4,Stage 4 - Confirmed Downtrend,Stage 4 - Confirmed Downtrend,Stage 4 • Stage 4 - Confirmed Downtrend,0.86,Price is below a bearish moving-average stack with falling trend signals.,,,,,watchlist,25.62,0.61,0.19,0.49,True,True,Weak Structure,Exit / Avoid
2026-06-29,HBLENGINE.NS,HBL Engineering Ltd.,Capital Goods,Unknown,False,Cash,Stage 1,Stage 1,Stage 1 - Early Turn,Stage 1 - Early Turn,Stage 1 • Stage 1 - Early Turn,0.66,The stock is improving from a repair/base area but has not confirmed a clean Stage 2 yet.,,,,,watchlist,45.94,0.82,0.28,0.85,True,True,Base Building,Watchlist / Early base
2026-06-29,HCC.NS,Hindustan Construction Company Limited,Construction,Unknown,False,Cash,Not Sure,Stage 2,Pending Stage 2,Pending Stage 2,Not Sure • Pending Stage 2,0.55,Stage 2 pending confirmation: needs 3 raw Stage 2 runs; current count 1.,Stage 2 pending confirmation: needs 3 raw Stage 2 runs; current count 1.,,,Stage 2,watchlist,42.2,1.44,0.29,0.99,False,False,Not Sure,No Action
2026-06-29,HCG.NS,Healthcare Global Enterprises Limited,Healthcare,Unknown,False,Cash,Stage 4,Stage 4,Stage 4 - Weak/Declining,Stage 4 - Weak/Declining,Stage 4 • Stage 4 - Weak/Declining,0.72,Price is below long-term support with weak trend evidence.,,,,,watchlist,19.92,0.87,0.11,0.87,False,True,Weak Structure,Exit / Avoid
2026-06-29,HCLTECH.NS,HCL Technologies Limited,Information Technology,Unknown,True,F&O,Stage 4,Stage 4,Stage 4 - Confirmed Downtrend,Stage 4 - Confirmed Downtrend,Stage 4 • Stage 4 - Confirmed Downtrend,0.86,Price is below a bearish moving-average stack with falling trend signals.,,,,,watchlist,24.66,0.96,0.25,0.72,False,True,Weak Structure,Exit / Avoid
2026-06-29,HDFCAMC.NS,HDFC Asset Management Company Limited,Financial Services,Unknown,True,F&O,Stage 1,Stage 1,Stage 1 - Early Turn,Stage 1 - Early Turn,Stage 1 • Stage 1 - Early Turn,0.66,The stock is improving from a repair/base area but has not confirmed a clean Stage 2 yet.,,,,,watchlist,35.67,0.88,0.15,0.71,False,True,Base Building,Watchlist / Early base
2026-06-29,HDFCBANK.NS,HDFC Bank Limited,Financial Services,Unknown,True,F&O,Stage 4,Stage 4,Stage 4 - Weak/Declining,Stage 4 - Weak/Declining,Stage 4 • Stage 4 - Weak/Declining,0.72,Price is below long-term support with weak trend evidence.,,,,,watchlist,29.51,0.92,0.38,0.85,False,True,Weak Structure,Exit / Avoid
2026-06-29,HDFCLIFE.NS,HDFC Life Insurance Company Limited,Financial Services,Unknown,True,F&O,Stage 4,Stage 4,Stage 4 - Confirmed Downtrend,Stage 4 - Confirmed Downtrend,Stage 4 • Stage 4 - Confirmed Downtrend,0.86,Price is below a bearish moving-average stack with falling trend signals.,,,,,watchlist,21.11,0.5,0.19,0.5,True,True,Weak Structure,Exit / Avoid
2026-06-29,HEG.NS,HEG Limited,Capital Goods,Unknown,False,Cash,Stage 4,Stage 4,Stage 4,Stage 4,Stage 4,0.66,Declining structure detected.,,,,,watchlist,20.51,0.41,0.57,0.4,True,True,Weak Structure,Exit / Avoid
2026-06-29,HEIDELBERG.NS,HeidelbergCement India Limited,Construction Materials,Unknown,False,Cash,Stage 4,Stage 4,Stage 4 - Weak/Declining,Stage 4 - Weak/Declining,Stage 4 • Stage 4 - Weak/Declining,0.72,Price is below long-term support with weak trend evidence.,,,,,watchlist,19.71,1.12,0.15,0.67,False,True,Weak Structure,Exit / Avoid
2026-06-29,HEMIPROP.NS,Hemisphere Properties India Limited,Realty,Unknown,False,Cash,Stage 1,Stage 1,Stage 1 - Base/Repair,Stage 1 - Base/Repair,Stage 1 • Stage 1 - Base/Repair,0.7,Price is near long-term moving averages with no strong long-term downtrend signal.,,,,,watchlist,3.82,0.54,0.13,0.61,True,True,Base Building,Watchlist / Early base
2026-06-29,HEROMOTOCO.NS,Hero MotoCorp Limited,Automobile and Auto Components,Unknown,True,F&O,Stage 4,Stage 4,Stage 4 - Weak/Declining,Stage 4 - Weak/Declining,Stage 4 • Stage 4 - Weak/Declining,0.72,Price is below long-term support with weak trend evidence.,,,,,watchlist,22.12,0.9,0.53,1.05,False,False,Weak Structure,Exit / Avoid
2026-06-29,HEXT.NS,Hexaware Technologies Ltd.,Information Technology,Unknown,False,Cash,Stage 4,Stage 4,Stage 4 - Weak/Declining,Stage 4 - Weak/Declining,Stage 4 • Stage 4 - Weak/Declining,0.72,Price is below long-term support with weak trend evidence.,,,,,watchlist,15.2,1.57,6.89,1.81,False,False,Weak Structure,Exit / Avoid
2026-06-29,HFCL.NS,HFCL Limited,Telecommunication,Unknown,False,Cash,Not Sure,Stage 2,Pending Stage 2,Pending Stage 2,Not Sure • Pending Stage 2,0.55,Stage 2 pending confirmation: needs 3 raw Stage 2 runs; current count 1.,Stage 2 pending confirmation: needs 3 raw Stage 2 runs; current count 1.,,,Stage 2,watchlist,49.85,0.45,0.4,0.48,True,True,Not Sure,No Action
2026-06-29,HGINFRA.NS,H.G. Infra Engineering Limited,Construction,Unknown,False,Cash,Stage 4,Stage 4,Stage 4 - Weak/Declining,Stage 4 - Weak/Declining,Stage 4 • Stage 4 - Weak/Declining,0.72,Price is below long-term support with weak trend evidence.,,,,,watchlist,18.61,0.34,0.09,0.25,True,True,Weak Structure,Exit / Avoid
2026-06-29,HGS.NS,Hinduja Global Solutions Limited,Services,Unknown,False,Cash,Stage 1,Stage 1,Stage 1 - Early Turn,Stage 1 - Early Turn,Stage 1 • Stage 1 - Early Turn,0.66,The stock is improving from a repair/base area but has not confirmed a clean Stage 2 yet.,,,,,watchlist,31.98,0.7,0.11,0.33,True,True,Base Building,Watchlist / Early base
2026-06-29,HIKAL.NS,Hikal Limited,Healthcare,Unknown,False,Cash,Stage 1,Stage 1,Stage 1 - Early Turn,Stage 1 - Early Turn,Stage 1 • Stage 1 - Early Turn,0.66,The stock is improving from a repair/base area but has not confirmed a clean Stage 2 yet.,,,,,watchlist,38.88,1.53,0.27,1.71,False,False,Base Building,Watchlist / Early base
2026-06-29,HINDALCO.NS,Hindalco Industries Limited,Metals & Mining,Unknown,True,F&O,Not Sure,Stage 2,Pending Stage 2,Pending Stage 2,Not Sure • Pending Stage 2,0.55,Stage 2 pending confirmation: needs 3 raw Stage 2 runs; current count 1.,Stage 2 pending confirmation: needs 3 raw Stage 2 runs; current count 1.,,,Stage 2,watchlist,35.72,1.29,0.18,1.07,False,False,Not Sure,No Action
2026-06-29,HINDCOPPER.NS,Hindustan Copper Ltd.,Metals & Mining,Unknown,False,Cash,Stage 1,Stage 1,Stage 1 - Base/Repair,Stage 1 - Base/Repair,Stage 1 • Stage 1 - Base/Repair,0.7,Price is near long-term moving averages with no strong long-term downtrend signal.,,,,,watchlist,16.88,0.76,0.38,0.83,True,True,Base Building,Watchlist / Early base
2026-06-29,HINDPETRO.NS,Hindustan Petroleum Corporation Limited,"Oil, Gas & Consumable Fuels",Unknown,True,F&O,Stage 1,Stage 1,Stage 1 - Base/Repair,Stage 1 - Base/Repair,Stage 1 • Stage 1 - Base/Repair,0.7,Price is near long-term moving averages with no strong long-term downtrend signal.,,,,,watchlist,11.62,0.82,0.27,0.7,True,True,Base Building,Watchlist / Early base
2026-06-29,HINDUNILVR.NS,Hindustan Unilever Limited,Fast Moving Consumer Goods,Unknown,True,F&O,Stage 4,Stage 4,Stage 4 - Weak/Declining,Stage 4 - Weak/Declining,Stage 4 • Stage 4 - Weak/Declining,0.72,Price is below long-term support with weak trend evidence.,,,,,watchlist,26.51,0.61,0.12,0.48,True,True,Weak Structure,Exit / Avoid
2026-06-29,HINDWAREAP.NS,Hindware Home Innovation Limited,Consumer Durables,Unknown,False,Cash,Stage 1,Stage 1,Stage 1 - Early Turn,Stage 1 - Early Turn,Stage 1 • Stage 1 - Early Turn,0.66,The stock is improving from a repair/base area but has not confirmed a clean Stage 2 yet.,,,,,watchlist,36.77,1.15,1.14,0.5,False,True,Base Building,Watchlist / Early base
2026-06-29,HINDZINC.NS,Hindustan Zinc Limited,Metals & Mining,Unknown,True,F&O,Stage 1,Stage 1,Stage 1 - Base/Repair,Stage 1 - Base/Repair,Stage 1 • Stage 1 - Base/Repair,0.7,Price is near long-term moving averages with no strong long-term downtrend signal.,,,,,watchlist,4.52,0.72,0.21,0.75,True,True,Base Building,Watchlist / Early base
2026-06-29,HLEGLAS.NS,HLE Glascoat Limited,Capital Goods,Unknown,False,Cash,Stage 1,Stage 1,Stage 1 - Early Turn,Stage 1 - Early Turn,Stage 1 • Stage 1 - Early Turn,0.66,The stock is improving from a repair/base area but has not confirmed a clean Stage 2 yet.,,,,,watchlist,32.87,0.32,0.06,0.39,True,True,Base Building,Watchlist / Early base
2026-06-29,HNDFDS.NS,Hindustan Foods Limited,Fast Moving Consumer Goods,Unknown,False,Cash,Not Sure,Stage 2,Pending Stage 2,Pending Stage 2,Not Sure • Pending Stage 2,0.55,Stage 2 pending confirmation: needs 3 raw Stage 2 runs; current count 1.,Stage 2 pending confirmation: needs 3 raw Stage 2 runs; current count 1.,,,Stage 2,watchlist,46.52,1.58,0.17,1.98,False,False,Not Sure,No Action
2026-06-29,HOMEFIRST.NS,Home First Finance Company India Limited,Financial Services,Unknown,False,Cash,Stage 1,Stage 1,Stage 1 - Early Turn,Stage 1 - Early Turn,Stage 1 • Stage 1 - Early Turn,0.66,The stock is improving from a repair/base area but has not confirmed a clean Stage 2 yet.,,,,,watchlist,30.6,1.01,0.99,1.19,False,False,Base Building,Watchlist / Early base
2026-06-29,HONASA.NS,Honasa Consumer Ltd.,Fast Moving Consumer Goods,Unknown,False,Cash,Not Sure,Stage 2,Pending Stage 2,Pending Stage 2,Not Sure • Pending Stage 2,0.55,Stage 2 pending confirmation: needs 3 raw Stage 2 runs; current count 1.,Stage 2 pending confirmation: needs 3 raw Stage 2 runs; current count 1.,,,Stage 2,watchlist,40.34,0.65,0.19,0.99,True,False,Not Sure,No Action
2026-06-29,HONAUT.NS,Honeywell Automation India Limited,Capital Goods,Unknown,False,Cash,Not Sure,Stage 2,Pending Stage 2,Pending Stage 2,Not Sure • Pending Stage 2,0.55,Stage 2 pending confirmation: needs 3 raw Stage 2 runs; current count 1.,Stage 2 pending confirmation: needs 3 raw Stage 2 runs; current count 1.,,,Stage 2,watchlist,54.26,0.48,0.06,0.5,True,True,Not Sure,No Action
2026-06-29,HSCL.NS,Himadri Speciality Chemical Limited,Chemicals,Unknown,False,Cash,Not Sure,Stage 2,Pending Stage 2,Pending Stage 2,Not Sure • Pending Stage 2,0.55,Stage 2 pending confirmation: needs 3 raw Stage 2 runs; current count 1.,Stage 2 pending confirmation: needs 3 raw Stage 2 runs; current count 1.,,,Stage 2,watchlist,41.85,1.08,0.79,1.2,False,False,Not Sure,No Action
2026-06-29,HUDCO.NS,Housing & Urban Development Corporation Limited,Financial Services,Unknown,False,Cash,Stage 1,Stage 1,Stage 1 - Base/Repair,Stage 1 - Base/Repair,Stage 1 • Stage 1 - Base/Repair,0.7,Price is near long-term moving averages with no strong long-term downtrend signal.,,,,,watchlist,25.62,0.62,0.19,0.44,True,True,Base Building,Watchlist / Early base
2026-06-29,HYUNDAI.NS,Hyundai Motor India Ltd.,Automobile and Auto Components,Unknown,True,F&O,Stage 4,Stage 4,Stage 4 - Weak/Declining,Stage 4 - Weak/Declining,Stage 4 • Stage 4 - Weak/Declining,0.72,Price is below long-term support with weak trend evidence.,,,,,watchlist,14.48,0.35,0.08,0.35,True,True,Weak Structure,Exit / Avoid
2026-06-29,ICICIBANK.NS,ICICI Bank Limited,Financial Services,Unknown,True,F&O,Stage 1,Stage 1,Stage 1 - Early Turn,Stage 1 - Early Turn,Stage 1 • Stage 1 - Early Turn,0.66,The stock is improving from a repair/base area but has not confirmed a clean Stage 2 yet.,,,,,watchlist,48.95,0.7,0.26,0.67,True,True,Base Building,Watchlist / Early base
2026-06-29,ICICIGI.NS,ICICI Lombard General Insurance Company Limited,Financial Services,Unknown,True,F&O,Stage 4,Stage 4,Stage 4 - Weak/Declining,Stage 4 - Weak/Declining,Stage 4 • Stage 4 - Weak/Declining,0.72,Price is below long-term support with weak trend evidence.,,,,,watchlist,30.44,0.98,0.26,0.66,False,True,Weak Structure,Exit / Avoid
2026-06-29,ICICIPRULI.NS,ICICI Prudential Life Insurance Company Limited,Financial Services,Unknown,True,F&O,Stage 4,Stage 4,Stage 4 - Confirmed Downtrend,Stage 4 - Confirmed Downtrend,Stage 4 • Stage 4 - Confirmed Downtrend,0.86,Price is below a bearish moving-average stack with falling trend signals.,,,,,watchlist,21.11,1.21,0.18,0.89,False,True,Weak Structure,Exit / Avoid
2026-06-29,ICIL.NS,Indo Count Industries Limited,Textiles,Unknown,False,Cash,Not Sure,Stage 2,Pending Stage 2,Pending Stage 2,Not Sure • Pending Stage 2,0.55,Stage 2 pending confirmation: needs 3 raw Stage 2 runs; current count 1.,Stage 2 pending confirmation: needs 3 raw Stage 2 runs; current count 1.,,,Stage 2,watchlist,50.24,2.6,0.17,3.19,False,False,Not Sure,No Action
2026-06-29,ICRA.NS,ICRA Limited,Financial Services,Unknown,False,Cash,Stage 4,Stage 4,Stage 4 - Weak/Declining,Stage 4 - Weak/Declining,Stage 4 • Stage 4 - Weak/Declining,0.72,Price is below long-term support with weak trend evidence.,,,,,watchlist,32.52,2.42,0.18,1.85,False,False,Weak Structure,Exit / Avoid
2026-06-29,IDBI.NS,IDBI Bank Limited,Financial Services,Unknown,False,Cash,Stage 4,Stage 4,Stage 4 - Weak/Declining,Stage 4 - Weak/Declining,Stage 4 • Stage 4 - Weak/Declining,0.72,Price is below long-term support with weak trend evidence.,,,,,watchlist,30.04,2.99,0.19,1.84,False,False,Weak Structure,Exit / Avoid
2026-06-29,IDEA.NS,Vodafone Idea Limited,Telecommunication,Unknown,True,F&O,Not Sure,Stage 2,Pending Stage 2,Pending Stage 2,Not Sure • Pending Stage 2,0.55,Stage 2 pending confirmation: needs 3 raw Stage 2 runs; current count 1.,Stage 2 pending confirmation: needs 3 raw Stage 2 runs; current count 1.,,,Stage 2,watchlist,48.86,0.74,0.27,0.61,True,True,Not Sure,No Action
2026-06-29,IDFCFIRSTB.NS,IDFC First Bank Limited,Financial Services,Unknown,True,F&O,Not Sure,Stage 2,Pending Stage 2,Pending Stage 2,Not Sure • Pending Stage 2,0.55,Stage 2 pending confirmation: needs 3 raw Stage 2 runs; current count 1.,Stage 2 pending confirmation: needs 3 raw Stage 2 runs; current count 1.,,,Stage 2,watchlist,39.02,0.97,0.21,0.94,False,False,Not Sure,No Action
2026-06-29,IEX.NS,Indian Energy Exchange Limited,Financial Services,Unknown,True,F&O,Stage 4,Stage 4,Stage 4 - Weak/Declining,Stage 4 - Weak/Declining,Stage 4 • Stage 4 - Weak/Declining,0.72,Price is below long-term support with weak trend evidence.,,,,,watchlist,18.25,0.7,0.32,0.81,True,True,Weak Structure,Exit / Avoid
2026-06-29,IFBIND.NS,IFB Industries Limited,Consumer Durables,Unknown,False,Cash,Stage 4,Stage 4,Stage 4 - Weak/Declining,Stage 4 - Weak/Declining,Stage 4 • Stage 4 - Weak/Declining,0.72,Price is below long-term support with weak trend evidence.,,,,,watchlist,16.97,0.37,0.11,0.21,True,True,Weak Structure,Exit / Avoid
2026-06-29,IFCI.NS,IFCI Limited,Financial Services,Unknown,False,Cash,Not Sure,Stage 2,Pending Stage 2,Pending Stage 2,Not Sure • Pending Stage 2,0.55,Stage 2 pending confirmation: needs 3 raw Stage 2 runs; current count 1.,Stage 2 pending confirmation: needs 3 raw Stage 2 runs; current count 1.,,,Stage 2,watchlist,51.9,2.18,0.21,0.71,False,True,Not Sure,No Action
2026-06-29,IGIL.NS,International Gemmological Institute (India) Ltd.,Services,Unknown,False,Cash,Not Sure,Stage 2,Pending Stage 2,Pending Stage 2,Not Sure • Pending Stage 2,0.55,Stage 2 pending confirmation: needs 3 raw Stage 2 runs; current count 1.,Stage 2 pending confirmation: needs 3 raw Stage 2 runs; current count 1.,,,Stage 2,watchlist,39.39,1.05,0.36,0.9,False,True,Not Sure,No Action
2026-06-29,IGL.NS,Indraprastha Gas Limited,"Oil, Gas & Consumable Fuels",Unknown,False,Cash,Stage 4,Stage 4,Stage 4 - Weak/Declining,Stage 4 - Weak/Declining,Stage 4 • Stage 4 - Weak/Declining,0.72,Price is below long-term support with weak trend evidence.,,,,,watchlist,30.43,0.73,0.11,0.55,True,True,Weak Structure,Exit / Avoid
2026-06-29,IIFL.NS,IIFL Finance Limited,Financial Services,Unknown,False,Cash,Stage 1,Stage 1,Stage 1 - Base/Repair,Stage 1 - Base/Repair,Stage 1 • Stage 1 - Base/Repair,0.7,Price is near long-term moving averages with no strong long-term downtrend signal.,,,,,watchlist,35.47,0.55,0.27,0.59,True,True,Base Building,Watchlist / Early base
2026-06-29,IKS.NS,Inventurus Knowledge Solutions Ltd.,Information Technology,Unknown,False,Cash,Not Sure,Stage 2,Pending Stage 2,Pending Stage 2,Not Sure • Pending Stage 2,0.55,Stage 2 pending confirmation: needs 3 raw Stage 2 runs; current count 1.,Stage 2 pending confirmation: needs 3 raw Stage 2 runs; current count 1.,,,Stage 2,watchlist,36.52,0.47,0.17,0.45,True,True,Not Sure,No Action
2026-06-29,IMAGICAA.NS,Imagicaaworld Entertainment Limited,Consumer Services,Unknown,False,Cash,Stage 1,Stage 1,Stage 1 - Early Turn,Stage 1 - Early Turn,Stage 1 • Stage 1 - Early Turn,0.66,The stock is improving from a repair/base area but has not confirmed a clean Stage 2 yet.,,,,,watchlist,34.62,2.76,0.3,4.18,False,False,Base Building,Watchlist / Early base
2026-06-29,IMFA.NS,Indian Metals & Ferro Alloys Limited,Metals & Mining,Unknown,False,Cash,Stage 3,Stage 3,Stage 3 - Transition,Stage 3 - Transition,Stage 3 • Stage 3 - Transition,0.62,"The structure is transitioning after prior strength, but it is not yet a confirmed Stage 4 decline.",,,,,watchlist,32.72,0.47,0.18,0.4,True,True,Transition,Reduce / Avoid fresh longs
2026-06-29,INDGN.NS,Indegene Ltd.,Healthcare,Unknown,False,Cash,Not Sure,Stage 2,Pending Stage 2,Pending Stage 2,Not Sure • Pending Stage 2,0.55,Stage 2 pending confirmation: needs 3 raw Stage 2 runs; current count 1.,Stage 2 pending confirmation: needs 3 raw Stage 2 runs; current count 1.,,,Stage 2,watchlist,45.32,0.8,0.28,0.93,True,False,Not Sure,No Action
2026-06-29,INDHOTEL.NS,The Indian Hotels Company Limited,Consumer Services,Unknown,True,F&O,Stage 1,Stage 1,Stage 1 - Early Turn,Stage 1 - Early Turn,Stage 1 • Stage 1 - Early Turn,0.66,The stock is improving from a repair/base area but has not confirmed a clean Stage 2 yet.,,,,,watchlist,16.38,1.02,0.54,1.16,False,False,Base Building,Watchlist / Early base
2026-06-29,INDIACEM.NS,The India Cements Limited,Construction Materials,Unknown,False,Cash,Stage 4,Stage 4,Stage 4 - Weak/Declining,Stage 4 - Weak/Declining,Stage 4 • Stage 4 - Weak/Declining,0.72,Price is below long-term support with weak trend evidence.,,,,,watchlist,10.51,0.34,0.14,0.51,True,True,Weak Structure,Exit / Avoid
2026-06-29,INDIAMART.NS,Indiamart Intermesh Limited,Consumer Services,Unknown,False,Cash,Stage 4,Stage 4,Stage 4 - Weak/Declining,Stage 4 - Weak/Declining,Stage 4 • Stage 4 - Weak/Declining,0.72,Price is below long-term support with weak trend evidence.,,,,,watchlist,25.41,1.59,0.33,1.21,False,False,Weak Structure,Exit / Avoid
2026-06-29,INDIANB.NS,Indian Bank,Financial Services,Unknown,True,F&O,Stage 3,Stage 3,Stage 3 - Distribution/Damage,Stage 3 - Distribution/Damage,Stage 3 • Stage 3 - Distribution/Damage,0.76,"Prior strength exists, but short-term and/or weekly structure is deteriorating.",,,,,watchlist,12.73,0.46,0.22,0.49,True,True,Transition,Reduce / Avoid fresh longs
2026-06-29,INDIGO.NS,InterGlobe Aviation Limited,Services,Unknown,True,F&O,Stage 1,Stage 1,Stage 1 - Early Turn,Stage 1 - Early Turn,Stage 1 • Stage 1 - Early Turn,0.66,The stock is improving from a repair/base area but has not confirmed a clean Stage 2 yet.,,,,,watchlist,36.99,1.3,0.51,1.59,False,False,Base Building,Watchlist / Early base
2026-06-29,INDIGOPNTS.NS,Indigo Paints Limited,Consumer Durables,Unknown,False,Cash,Stage 1,Stage 1,Stage 1 - Early Turn,Stage 1 - Early Turn,Stage 1 • Stage 1 - Early Turn,0.66,The stock is improving from a repair/base area but has not confirmed a clean Stage 2 yet.,,,,,watchlist,27.98,0.46,0.12,0.47,True,True,Base Building,Watchlist / Early base
2026-06-29,INDUSINDBK.NS,IndusInd Bank Ltd.,Financial Services,Unknown,True,F&O,Not Sure,Stage 2,Pending Stage 2,Pending Stage 2,Not Sure • Pending Stage 2,0.55,Stage 2 pending confirmation: needs 3 raw Stage 2 runs; current count 1.,Stage 2 pending confirmation: needs 3 raw Stage 2 runs; current count 1.,,,Stage 2,watchlist,45.14,0.98,0.19,0.73,False,True,Not Sure,No Action
2026-06-29,INDUSTOWER.NS,Indus Towers Limited,Telecommunication,Unknown,True,F&O,Stage 1,Stage 1,Stage 1 - Base/Repair,Stage 1 - Base/Repair,Stage 1 • Stage 1 - Base/Repair,0.7,Price is near long-term moving averages with no strong long-term downtrend signal.,,,,,watchlist,24.96,0.84,0.13,0.68,True,True,Base Building,Watchlist / Early base
2026-06-29,INFY.NS,Infosys Limited,Information Technology,Unknown,True,F&O,Stage 4,Stage 4,Stage 4 - Confirmed Downtrend,Stage 4 - Confirmed Downtrend,Stage 4 • Stage 4 - Confirmed Downtrend,0.86,Price is below a bearish moving-average stack with falling trend signals.,,,,,watchlist,23.92,1.03,0.2,0.86,False,True,Weak Structure,Exit / Avoid
2026-06-29,INGERRAND.NS,Ingersoll Rand (India) Limited,Capital Goods,Unknown,False,Cash,Not Sure,Stage 2,Pending Stage 2,Pending Stage 2,Not Sure • Pending Stage 2,0.55,Stage 2 pending confirmation: needs 3 raw Stage 2 runs; current count 1.,Stage 2 pending confirmation: needs 3 raw Stage 2 runs; current count 1.,,,Stage 2,watchlist,38.91,0.81,0.08,0.57,True,True,Not Sure,No Action
2026-06-29,INOXINDIA.NS,INOX India Ltd.,Capital Goods,Unknown,False,Cash,Not Sure,Stage 2,Pending Stage 2,Pending Stage 2,Not Sure • Pending Stage 2,0.55,Stage 2 pending confirmation: needs 3 raw Stage 2 runs; current count 1.,Stage 2 pending confirmation: needs 3 raw Stage 2 runs; current count 1.,,,Stage 2,watchlist,47.94,1.09,0.14,1.11,False,False,Not Sure,No Action
2026-06-29,INOXWIND.NS,Inox Wind Limited,Capital Goods,Unknown,True,F&O,Stage 4,Stage 4,Stage 4 - Weak/Declining,Stage 4 - Weak/Declining,Stage 4 • Stage 4 - Weak/Declining,0.72,Price is below long-term support with weak trend evidence.,,,,,watchlist,30.77,0.94,0.21,0.66,False,True,Weak Structure,Exit / Avoid
2026-06-29,INTELLECT.NS,Intellect Design Arena Limited,Information Technology,Unknown,False,Cash,Stage 4,Stage 4,Stage 4 - Weak/Declining,Stage 4 - Weak/Declining,Stage 4 • Stage 4 - Weak/Declining,0.72,Price is below long-term support with weak trend evidence.,,,,,watchlist,16.11,0.49,0.38,0.33,True,True,Weak Structure,Exit / Avoid
2026-06-29,IOB.NS,Indian Overseas Bank,Financial Services,Unknown,False,Cash,Stage 4,Stage 4,Stage 4 - Weak/Declining,Stage 4 - Weak/Declining,Stage 4 • Stage 4 - Weak/Declining,0.72,Price is below long-term support with weak trend evidence.,,,,,watchlist,30.15,1.41,0.21,0.65,False,True,Weak Structure,Exit / Avoid
2026-06-29,IOC.NS,Indian Oil Corporation Ltd.,"Oil, Gas & Consumable Fuels",Unknown,True,F&O,Stage 1,Stage 1,Stage 1 - Unclear/Repair,Stage 1 - Unclear/Repair,Stage 1 • Stage 1 - Unclear/Repair,0.58,Not enough evidence for Stage 2 or Stage 4; classified as repair/unclear structure.,,,,,watchlist,30.84,0.99,0.3,0.9,False,True,Base Building,Watchlist / Early base
2026-06-29,IONEXCHANG.NS,ION Exchange (India) Limited,Construction,Unknown,False,Cash,Stage 1,Stage 1,Stage 1 - Early Turn,Stage 1 - Early Turn,Stage 1 • Stage 1 - Early Turn,0.66,The stock is improving from a repair/base area but has not confirmed a clean Stage 2 yet.,,,,,watchlist,35.34,2.71,2.19,3.56,False,False,Base Building,Watchlist / Early base
2026-06-29,IPCALAB.NS,IPCA Laboratories Limited,Healthcare,Unknown,False,Cash,Not Sure,Stage 2,Pending Stage 2,Pending Stage 2,Not Sure • Pending Stage 2,0.55,Stage 2 pending confirmation: needs 3 raw Stage 2 runs; current count 1.,Stage 2 pending confirmation: needs 3 raw Stage 2 runs; current count 1.,,,Stage 2,watchlist,62.22,0.51,0.36,0.5,True,True,Not Sure,No Action
2026-06-29,IRB.NS,IRB Infrastructure Developers Limited,Construction,Unknown,False,Cash,Stage 4,Stage 4,Stage 4 - Weak/Declining,Stage 4 - Weak/Declining,Stage 4 • Stage 4 - Weak/Declining,0.72,Price is below long-term support with weak trend evidence.,,,,,watchlist,18.34,0.47,0.1,0.42,True,True,Weak Structure,Exit / Avoid
2026-06-29,IRCON.NS,Ircon International Limited,Construction,Unknown,False,Cash,Stage 4,Stage 4,Stage 4 - Weak/Declining,Stage 4 - Weak/Declining,Stage 4 • Stage 4 - Weak/Declining,0.72,Price is below long-term support with weak trend evidence.,,,,,watchlist,27.3,0.75,0.3,0.63,True,True,Weak Structure,Exit / Avoid
2026-06-29,IRCTC.NS,Indian Railway Catering And Tourism Corporation Ltd.,Consumer Services,Unknown,False,Cash,Stage 4,Stage 4,Stage 4 - Weak/Declining,Stage 4 - Weak/Declining,Stage 4 • Stage 4 - Weak/Declining,0.72,Price is below long-term support with weak trend evidence.,,,,,watchlist,25.15,0.78,0.31,0.64,True,True,Weak Structure,Exit / Avoid
2026-06-29,IREDA.NS,Indian Renewable Energy Development Agency Ltd.,Financial Services,Unknown,True,F&O,Stage 4,Stage 4,Stage 4 - Weak/Declining,Stage 4 - Weak/Declining,Stage 4 • Stage 4 - Weak/Declining,0.72,Price is below long-term support with weak trend evidence.,,,,,watchlist,29.38,0.68,0.21,0.74,True,True,Weak Structure,Exit / Avoid
2026-06-29,IRFC.NS,Indian Railway Finance Corporation Limited,Financial Services,Unknown,True,F&O,Stage 4,Stage 4,Stage 4 - Weak/Declining,Stage 4 - Weak/Declining,Stage 4 • Stage 4 - Weak/Declining,0.72,Price is below long-term support with weak trend evidence.,,,,,watchlist,14.61,1.67,0.51,2.43,False,False,Weak Structure,Exit / Avoid
2026-06-29,ISGEC.NS,Isgec Heavy Engineering Limited,Construction,Unknown,False,Cash,Stage 3,Stage 3,Stage 3 - Transition,Stage 3 - Transition,Stage 3 • Stage 3 - Transition,0.62,"The structure is transitioning after prior strength, but it is not yet a confirmed Stage 4 decline.",,,,,watchlist,2.0,0.61,0.1,0.62,True,True,Transition,Reduce / Avoid fresh longs
2026-06-29,ITC.NS,ITC Limited,Fast Moving Consumer Goods,Unknown,True,F&O,Stage 4,Stage 4,Stage 4 - Weak/Declining,Stage 4 - Weak/Declining,Stage 4 • Stage 4 - Weak/Declining,0.72,Price is below long-term support with weak trend evidence.,,,,,watchlist,16.61,0.59,0.14,0.48,True,True,Weak Structure,Exit / Avoid
2026-06-29,ITCHOTELS.NS,ITC Hotels Ltd.,Consumer Services,Unknown,False,Cash,Stage 1,Stage 1,Stage 1 - Early Turn,Stage 1 - Early Turn,Stage 1 • Stage 1 - Early Turn,0.66,The stock is improving from a repair/base area but has not confirmed a clean Stage 2 yet.,,,,,watchlist,29.96,1.83,0.18,1.73,False,False,Base Building,Watchlist / Early base
2026-06-29,ITDC.NS,India Tourism Development Corporation Limited,Consumer Services,Unknown,False,Cash,Not Sure,Stage 2,Pending Stage 2,Pending Stage 2,Not Sure • Pending Stage 2,0.55,Stage 2 pending confirmation: needs 3 raw Stage 2 runs; current count 1.,Stage 2 pending confirmation: needs 3 raw Stage 2 runs; current count 1.,,,Stage 2,watchlist,36.47,0.4,0.02,0.22,True,True,Not Sure,No Action
2026-06-29,ITI.NS,ITI Limited,Telecommunication,Unknown,False,Cash,Stage 1,Stage 1,Stage 1 - Early Turn,Stage 1 - Early Turn,Stage 1 • Stage 1 - Early Turn,0.66,The stock is improving from a repair/base area but has not confirmed a clean Stage 2 yet.,,,,,watchlist,46.48,0.63,0.11,0.29,True,True,Base Building,Watchlist / Early base
2026-06-29,J&KBANK.NS,The Jammu & Kashmir Bank Limited,Financial Services,Unknown,False,Cash,Not Sure,Stage 2,Pending Stage 2,Pending Stage 2,Not Sure • Pending Stage 2,0.55,Stage 2 pending confirmation: needs 3 raw Stage 2 runs; current count 1.,Stage 2 pending confirmation: needs 3 raw Stage 2 runs; current count 1.,,,Stage 2,watchlist,43.33,0.71,0.26,0.54,True,True,Not Sure,No Action
2026-06-29,JAICORPLTD.NS,Jai Corp Limited,Capital Goods,Unknown,False,Cash,Stage 4,Stage 4,Stage 4 - Weak/Declining,Stage 4 - Weak/Declining,Stage 4 • Stage 4 - Weak/Declining,0.72,Price is below long-term support with weak trend evidence.,,,,,watchlist,33.44,1.57,0.15,0.67,False,True,Weak Structure,Exit / Avoid
2026-06-29,JAMNAAUTO.NS,Jamna Auto Industries Limited,Automobile and Auto Components,Unknown,False,Cash,Not Sure,Stage 2,Pending Stage 2,Pending Stage 2,Not Sure • Pending Stage 2,0.55,Stage 2 pending confirmation: needs 3 raw Stage 2 runs; current count 1.,Stage 2 pending confirmation: needs 3 raw Stage 2 runs; current count 1.,,,Stage 2,watchlist,56.51,1.06,0.35,0.71,False,True,Not Sure,No Action
2026-06-29,JAYNECOIND.NS,Jayaswal Neco Industries Limited,Capital Goods,Unknown,False,Cash,Not Sure,Stage 2,Pending Stage 2,Pending Stage 2,Not Sure • Pending Stage 2,0.55,Stage 2 pending confirmation: needs 3 raw Stage 2 runs; current count 1.,Stage 2 pending confirmation: needs 3 raw Stage 2 runs; current count 1.,,,Stage 2,watchlist,59.7,0.59,0.15,0.55,True,True,Not Sure,No Action
2026-06-29,JBCHEPHARM.NS,JB Chemicals & Pharmaceuticals Limited,Healthcare,Unknown,False,Cash,Not Sure,Stage 2,Pending Stage 2,Pending Stage 2,Not Sure • Pending Stage 2,0.55,Stage 2 pending confirmation: needs 3 raw Stage 2 runs; current count 1.,Stage 2 pending confirmation: needs 3 raw Stage 2 runs; current count 1.,,,Stage 2,watchlist,57.14,0.73,0.57,0.59,True,True,Not Sure,No Action
2026-06-29,JBMA.NS,JBM Auto Ltd.,Automobile and Auto Components,Unknown,False,Cash,Not Sure,Stage 2,Pending Stage 2,Pending Stage 2,Not Sure • Pending Stage 2,0.55,Stage 2 pending confirmation: needs 3 raw Stage 2 runs; current count 1.,Stage 2 pending confirmation: needs 3 raw Stage 2 runs; current count 1.,,,Stage 2,watchlist,44.2,0.79,0.13,0.37,True,True,Not Sure,No Action
2026-06-29,JINDALSAW.NS,Jindal Saw Limited,Capital Goods,Unknown,False,Cash,Not Sure,Stage 2,Pending Stage 2,Pending Stage 2,Not Sure • Pending Stage 2,0.55,Stage 2 pending confirmation: needs 3 raw Stage 2 runs; current count 1.,Stage 2 pending confirmation: needs 3 raw Stage 2 runs; current count 1.,,,Stage 2,watchlist,48.81,0.79,0.23,0.44,True,True,Not Sure,No Action
2026-06-29,JINDALSTEL.NS,Jindal Steel & Power Limited,Metals & Mining,Unknown,True,F&O,Stage 1,Stage 1,Stage 1 - Base/Repair,Stage 1 - Base/Repair,Stage 1 • Stage 1 - Base/Repair,0.7,Price is near long-term moving averages with no strong long-term downtrend signal.,,,,,watchlist,11.19,1.43,0.21,1.59,False,False,Base Building,Watchlist / Early base
2026-06-29,JINDWORLD.NS,Jindal Worldwide Limited,Textiles,Unknown,False,Cash,Stage 1,Stage 1,Stage 1 - Early Turn,Stage 1 - Early Turn,Stage 1 • Stage 1 - Early Turn,0.66,The stock is improving from a repair/base area but has not confirmed a clean Stage 2 yet.,,,,,watchlist,33.19,0.73,0.07,0.34,True,True,Base Building,Watchlist / Early base
2026-06-29,JIOFIN.NS,Jio Financial Services Limited,Financial Services,Unknown,True,F&O,Stage 4,Stage 4,Stage 4 - Weak/Declining,Stage 4 - Weak/Declining,Stage 4 • Stage 4 - Weak/Declining,0.72,Price is below long-term support with weak trend evidence.,,,,,watchlist,31.89,0.7,0.2,0.49,True,True,Weak Structure,Exit / Avoid
2026-06-29,JISLJALEQS.NS,Jain Irrigation Systems Limited,Capital Goods,Unknown,False,Cash,Stage 4,Stage 4,Stage 4 - Weak/Declining,Stage 4 - Weak/Declining,Stage 4 • Stage 4 - Weak/Declining,0.72,Price is below long-term support with weak trend evidence.,,,,,watchlist,37.93,1.39,0.13,1.53,False,False,Weak Structure,Exit / Avoid
2026-06-29,JKCEMENT.NS,J.K. Cement Ltd.,Construction Materials,Unknown,False,Cash,Stage 4,Stage 4,Stage 4 - Weak/Declining,Stage 4 - Weak/Declining,Stage 4 • Stage 4 - Weak/Declining,0.72,Price is below long-term support with weak trend evidence.,,,,,watchlist,10.2,1.17,0.26,0.79,False,True,Weak Structure,Exit / Avoid
2026-06-29,JKIL.NS,J.Kumar Infraprojects Limited,Construction,Unknown,False,Cash,Stage 4,Stage 4,Stage 4 - Weak/Declining,Stage 4 - Weak/Declining,Stage 4 • Stage 4 - Weak/Declining,0.72,Price is below long-term support with weak trend evidence.,,,,,watchlist,22.02,1.02,0.44,0.73,False,True,Weak Structure,Exit / Avoid
2026-06-29,JKLAKSHMI.NS,JK Lakshmi Cement Limited,Construction Materials,Unknown,False,Cash,Stage 4,Stage 4,Stage 4 - Weak/Declining,Stage 4 - Weak/Declining,Stage 4 • Stage 4 - Weak/Declining,0.72,Price is below long-term support with weak trend evidence.,,,,,watchlist,24.23,0.94,0.1,0.69,False,True,Weak Structure,Exit / Avoid
2026-06-29,JKPAPER.NS,JK Paper Limited,Forest Materials,Unknown,False,Cash,Stage 4,Stage 4,Stage 4 - Weak/Declining,Stage 4 - Weak/Declining,Stage 4 • Stage 4 - Weak/Declining,0.72,Price is below long-term support with weak trend evidence.,,,,,watchlist,26.62,0.58,0.48,0.65,True,True,Weak Structure,Exit / Avoid
2026-06-29,JKTYRE.NS,JK Tyre & Industries Limited,Automobile and Auto Components,Unknown,False,Cash,Stage 4,Stage 4,Stage 4,Stage 4,Stage 4,0.66,Declining structure detected.,,,,,watchlist,26.5,0.98,0.19,0.9,False,True,Weak Structure,Exit / Avoid
2026-06-29,JLHL.NS,Jupiter Life Line Hospitals Limited,Healthcare,Unknown,False,Cash,Stage 1,Stage 1,Stage 1 - Early Turn,Stage 1 - Early Turn,Stage 1 • Stage 1 - Early Turn,0.66,The stock is improving from a repair/base area but has not confirmed a clean Stage 2 yet.,,,,,watchlist,47.25,0.71,1.42,1.11,True,False,Base Building,Watchlist / Early base
2026-06-29,JMFINANCIL.NS,JM Financial Limited,Financial Services,Unknown,False,Cash,Stage 4,Stage 4,Stage 4 - Weak/Declining,Stage 4 - Weak/Declining,Stage 4 • Stage 4 - Weak/Declining,0.72,Price is below long-term support with weak trend evidence.,,,,,watchlist,22.1,0.93,0.15,0.66,False,True,Weak Structure,Exit / Avoid
2026-06-29,JPPOWER.NS,Jaiprakash Power Ventures Limited,Power,Unknown,False,Cash,Not Sure,Not Sure,Not Sure,Not Sure,Not Sure,0.0,Stage rules did not identify a reliable structure.,No confident stage classification.,,,,watchlist,33.56,0.46,0.1,0.4,True,True,Not Sure,No Action
2026-06-29,JSL.NS,Jindal Stainless Limited,Metals & Mining,Unknown,False,Cash,Stage 4,Stage 4,Stage 4 - Confirmed Downtrend,Stage 4 - Confirmed Downtrend,Stage 4 • Stage 4 - Confirmed Downtrend,0.86,Price is below a bearish moving-average stack with falling trend signals.,,,,,watchlist,2.05,0.97,0.27,0.69,False,True,Weak Structure,Exit / Avoid
2026-06-29,JSWENERGY.NS,JSW Energy Limited,Power,Unknown,True,F&O,Not Sure,Stage 2,Pending Stage 2,Pending Stage 2,Not Sure • Pending Stage 2,0.55,Stage 2 pending confirmation: needs 3 raw Stage 2 runs; current count 1.,Stage 2 pending confirmation: needs 3 raw Stage 2 runs; current count 1.,,,Stage 2,watchlist,41.39,0.68,0.13,0.61,True,True,Not Sure,No Action
2026-06-29,JSWHL.NS,JSW Holdings Limited,Financial Services,Unknown,False,Cash,Stage 4,Stage 4,Stage 4 - Confirmed Downtrend,Stage 4 - Confirmed Downtrend,Stage 4 • Stage 4 - Confirmed Downtrend,0.86,Price is below a bearish moving-average stack with falling trend signals.,,,,,watchlist,10.73,0.93,0.11,0.54,False,True,Weak Structure,Exit / Avoid
2026-06-29,JSWINFRA.NS,JSW Infrastructure Ltd.,Services,Unknown,False,Cash,Not Sure,Stage 2,Pending Stage 2,Pending Stage 2,Not Sure • Pending Stage 2,0.55,Stage 2 pending confirmation: needs 3 raw Stage 2 runs; current count 1.,Stage 2 pending confirmation: needs 3 raw Stage 2 runs; current count 1.,,,Stage 2,watchlist,52.22,2.64,0.46,4.03,False,False,Not Sure,No Action
2026-06-29,JSWSTEEL.NS,JSW Steel Limited,Metals & Mining,Unknown,True,F&O,Not Sure,Stage 2,Pending Stage 2,Pending Stage 2,Not Sure • Pending Stage 2,0.55,Stage 2 pending confirmation: needs 3 raw Stage 2 runs; current count 1.,Stage 2 pending confirmation: needs 3 raw Stage 2 runs; current count 1.,,,Stage 2,watchlist,27.28,0.75,0.24,0.88,True,True,Not Sure,No Action
2026-06-29,JTLIND.NS,JTL INDUSTRIES LIMITED,Capital Goods,Unknown,False,Cash,Not Sure,Stage 2,Pending Stage 2,Pending Stage 2,Not Sure • Pending Stage 2,0.55,Stage 2 pending confirmation: needs 3 raw Stage 2 runs; current count 1.,Stage 2 pending confirmation: needs 3 raw Stage 2 runs; current count 1.,,,Stage 2,watchlist,53.96,1.04,0.37,0.6,False,True,Not Sure,No Action
2026-06-29,JUBLFOOD.NS,Jubilant Foodworks Limited,Consumer Services,Unknown,True,F&O,Stage 4,Stage 4,Stage 4 - Confirmed Downtrend,Stage 4 - Confirmed Downtrend,Stage 4 • Stage 4 - Confirmed Downtrend,0.86,Price is below a bearish moving-average stack with falling trend signals.,,,,,watchlist,25.98,0.62,0.08,0.52,True,True,Weak Structure,Exit / Avoid
2026-06-29,JUBLINGREA.NS,Jubilant Ingrevia Limited,Chemicals,Unknown,False,Cash,Stage 4,Stage 4,Stage 4 - Weak/Declining,Stage 4 - Weak/Declining,Stage 4 • Stage 4 - Weak/Declining,0.72,Price is below long-term support with weak trend evidence.,,,,,watchlist,29.96,0.82,0.12,0.63,True,True,Weak Structure,Exit / Avoid
2026-06-29,JUBLPHARMA.NS,Jubilant Pharmova Limited,Healthcare,Unknown,False,Cash,Stage 1,Stage 1,Stage 1 - Early Turn,Stage 1 - Early Turn,Stage 1 • Stage 1 - Early Turn,0.66,The stock is improving from a repair/base area but has not confirmed a clean Stage 2 yet.,,,,,watchlist,43.12,0.87,0.19,1.02,False,False,Base Building,Watchlist / Early base
2026-06-29,JUSTDIAL.NS,Just Dial Limited,Consumer Services,Unknown,False,Cash,Stage 4,Stage 4,Stage 4 - Weak/Declining,Stage 4 - Weak/Declining,Stage 4 • Stage 4 - Weak/Declining,0.72,Price is below long-term support with weak trend evidence.,,,,,watchlist,24.91,1.05,0.14,0.6,False,True,Weak Structure,Exit / Avoid
2026-06-29,JWL.NS,Jupiter Wagons Limited,Capital Goods,Unknown,False,Cash,Stage 4,Stage 4,Stage 4 - Weak/Declining,Stage 4 - Weak/Declining,Stage 4 • Stage 4 - Weak/Declining,0.72,Price is below long-term support with weak trend evidence.,,,,,watchlist,34.55,0.77,0.4,0.79,True,True,Weak Structure,Exit / Avoid
2026-06-29,JYOTHYLAB.NS,Jyothy Labs Limited,Fast Moving Consumer Goods,Unknown,False,Cash,Stage 4,Stage 4,Stage 4 - Confirmed Downtrend,Stage 4 - Confirmed Downtrend,Stage 4 • Stage 4 - Confirmed Downtrend,0.86,Price is below a bearish moving-average stack with falling trend signals.,,,,,watchlist,0.0,0.95,0.36,0.74,False,True,Weak Structure,Exit / Avoid
2026-06-29,JYOTICNC.NS,Jyoti CNC Automation Ltd.,Capital Goods,Unknown,False,Cash,Stage 4,Stage 4,Stage 4 - Weak/Declining,Stage 4 - Weak/Declining,Stage 4 • Stage 4 - Weak/Declining,0.72,Price is below long-term support with weak trend evidence.,,,,,watchlist,26.11,1.13,0.21,0.99,False,False,Weak Structure,Exit / Avoid
2026-06-29,KAJARIACER.NS,Kajaria Ceramics Limited,Consumer Durables,Unknown,False,Cash,Not Sure,Stage 2,Pending Stage 2,Pending Stage 2,Not Sure • Pending Stage 2,0.55,Stage 2 pending confirmation: needs 3 raw Stage 2 runs; current count 1.,Stage 2 pending confirmation: needs 3 raw Stage 2 runs; current count 1.,,,Stage 2,watchlist,33.05,0.95,0.7,1.12,False,False,Not Sure,No Action
2026-06-29,KALYANKJIL.NS,Kalyan Jewellers India Limited,Consumer Durables,Unknown,True,F&O,Stage 4,Stage 4,Stage 4 - Confirmed Downtrend,Stage 4 - Confirmed Downtrend,Stage 4 • Stage 4 - Confirmed Downtrend,0.86,Price is below a bearish moving-average stack with falling trend signals.,,,,,watchlist,16.11,0.92,0.13,0.38,False,True,Weak Structure,Exit / Avoid
2026-06-29,KANSAINER.NS,Kansai Nerolac Paints Limited,Consumer Durables,Unknown,False,Cash,Stage 4,Stage 4,Stage 4 - Weak/Declining,Stage 4 - Weak/Declining,Stage 4 • Stage 4 - Weak/Declining,0.72,Price is below long-term support with weak trend evidence.,,,,,watchlist,27.5,0.69,0.11,0.37,True,True,Weak Structure,Exit / Avoid
2026-06-29,KARURVYSYA.NS,Karur Vysya Bank Limited,Financial Services,Unknown,False,Cash,Not Sure,Stage 2,Pending Stage 2,Pending Stage 2,Not Sure • Pending Stage 2,0.55,Stage 2 pending confirmation: needs 3 raw Stage 2 runs; current count 1.,Stage 2 pending confirmation: needs 3 raw Stage 2 runs; current count 1.,,,Stage 2,watchlist,66.56,0.61,0.26,0.44,True,True,Not Sure,No Action
2026-06-29,KAYNES.NS,Kaynes Technology India Limited,Capital Goods,Unknown,True,F&O,Stage 4,Stage 4,Stage 4 - Confirmed Downtrend,Stage 4 - Confirmed Downtrend,Stage 4 • Stage 4 - Confirmed Downtrend,0.86,Price is below a bearish moving-average stack with falling trend signals.,,,,,watchlist,10.0,0.77,0.23,0.71,True,True,Weak Structure,Exit / Avoid
2026-06-29,KDDL.NS,KDDL Limited,Consumer Durables,Unknown,False,Cash,Not Sure,Stage 2,Pending Stage 2,Pending Stage 2,Not Sure • Pending Stage 2,0.55,Stage 2 pending confirmation: needs 3 raw Stage 2 runs; current count 1.,Stage 2 pending confirmation: needs 3 raw Stage 2 runs; current count 1.,,,Stage 2,watchlist,38.74,1.04,0.07,1.78,False,False,Not Sure,No Action
2026-06-29,KEC.NS,KEC International Limited,Capital Goods,Unknown,False,Cash,Stage 4,Stage 4,Stage 4 - Confirmed Downtrend,Stage 4 - Confirmed Downtrend,Stage 4 • Stage 4 - Confirmed Downtrend,0.86,Price is below a bearish moving-average stack with falling trend signals.,,,,,watchlist,35.61,0.97,1.7,0.83,False,True,Weak Structure,Exit / Avoid
2026-06-29,KEI.NS,KEI Industries Limited,Capital Goods,Unknown,True,F&O,Not Sure,Stage 2,Pending Stage 2,Pending Stage 2,Not Sure • Pending Stage 2,0.55,Stage 2 pending confirmation: needs 3 raw Stage 2 runs; current count 1.,Stage 2 pending confirmation: needs 3 raw Stage 2 runs; current count 1.,,,Stage 2,watchlist,46.82,0.83,0.44,0.88,True,True,Not Sure,No Action
2026-06-29,KFINTECH.NS,Kfin Technologies Limited,Financial Services,Unknown,True,F&O,Stage 4,Stage 4,Stage 4 - Confirmed Downtrend,Stage 4 - Confirmed Downtrend,Stage 4 • Stage 4 - Confirmed Downtrend,0.86,Price is below a bearish moving-average stack with falling trend signals.,,,,,watchlist,12.41,0.95,0.3,0.74,False,True,Weak Structure,Exit / Avoid
2026-06-29,KIMS.NS,Krishna Institute of Medical Sciences Limited,Healthcare,Unknown,False,Cash,Not Sure,Stage 2,Pending Stage 2,Pending Stage 2,Not Sure • Pending Stage 2,0.55,Stage 2 pending confirmation: needs 3 raw Stage 2 runs; current count 1.,Stage 2 pending confirmation: needs 3 raw Stage 2 runs; current count 1.,,,Stage 2,watchlist,64.55,0.96,0.27,0.84,False,True,Not Sure,No Action
2026-06-29,KIRLOSBROS.NS,Kirloskar Brothers Limited,Capital Goods,Unknown,False,Cash,Not Sure,Stage 2,Pending Stage 2,Pending Stage 2,Not Sure • Pending Stage 2,0.55,Stage 2 pending confirmation: needs 3 raw Stage 2 runs; current count 1.,Stage 2 pending confirmation: needs 3 raw Stage 2 runs; current count 1.,,,Stage 2,watchlist,31.79,3.16,0.21,5.26,False,False,Not Sure,No Action
2026-06-29,KIRLOSENG.NS,Kirloskar Oil Engines Limited,Capital Goods,Unknown,False,Cash,Not Sure,Stage 2,Pending Stage 2,Pending Stage 2,Not Sure • Pending Stage 2,0.55,Stage 2 pending confirmation: needs 3 raw Stage 2 runs; current count 1.,Stage 2 pending confirmation: needs 3 raw Stage 2 runs; current count 1.,,,Stage 2,watchlist,43.72,2.85,0.33,5.29,False,False,Not Sure,No Action
2026-06-29,KIRLOSIND.NS,Kirloskar Industries Limited,Capital Goods,Unknown,False,Cash,Not Sure,Stage 2,Pending Stage 2,Pending Stage 2,Not Sure • Pending Stage 2,0.55,Stage 2 pending confirmation: needs 3 raw Stage 2 runs; current count 1.,Stage 2 pending confirmation: needs 3 raw Stage 2 runs; current count 1.,,,Stage 2,watchlist,58.94,3.7,0.08,4.64,False,False,Not Sure,No Action
2026-06-29,KKCL.NS,Kewal Kiran Clothing Limited,Textiles,Unknown,False,Cash,Stage 1,Stage 1,Stage 1 - Early Turn,Stage 1 - Early Turn,Stage 1 • Stage 1 - Early Turn,0.66,The stock is improving from a repair/base area but has not confirmed a clean Stage 2 yet.,,,,,watchlist,39.08,1.73,0.18,1.65,False,False,Base Building,Watchlist / Early base
2026-06-29,KNRCON.NS,KNR Constructions Limited,Construction,Unknown,False,Cash,Stage 4,Stage 4,Stage 4 - Weak/Declining,Stage 4 - Weak/Declining,Stage 4 • Stage 4 - Weak/Declining,0.72,Price is below long-term support with weak trend evidence.,,,,,watchlist,11.97,0.84,0.09,0.42,True,True,Weak Structure,Exit / Avoid
2026-06-29,KOLTEPATIL.NS,Kolte - Patil Developers Limited,Realty,Unknown,False,Cash,Stage 4,Stage 4,Stage 4 - Weak/Declining,Stage 4 - Weak/Declining,Stage 4 • Stage 4 - Weak/Declining,0.72,Price is below long-term support with weak trend evidence.,,,,,watchlist,13.13,0.13,0.05,0.14,True,True,Weak Structure,Exit / Avoid
2026-06-29,KOTAKBANK.NS,Kotak Mahindra Bank Limited,Financial Services,Unknown,True,F&O,Stage 1,Stage 1,Stage 1 - Base/Repair,Stage 1 - Base/Repair,Stage 1 • Stage 1 - Base/Repair,0.7,Price is near long-term moving averages with no strong long-term downtrend signal.,,,,,watchlist,25.11,0.74,0.97,0.74,True,True,Base Building,Watchlist / Early base
2026-06-29,KPIGREEN.NS,KPI Green Energy Limited,Power,Unknown,False,Cash,Stage 4,Stage 4,Stage 4 - Weak/Declining,Stage 4 - Weak/Declining,Stage 4 • Stage 4 - Weak/Declining,0.72,Price is below long-term support with weak trend evidence.,,,,,watchlist,29.0,0.48,0.23,0.44,True,True,Weak Structure,Exit / Avoid
2026-06-29,KPIL.NS,Kalpataru Projects International Limited,Construction,Unknown,False,Cash,Not Sure,Stage 2,Pending Stage 2,Pending Stage 2,Not Sure • Pending Stage 2,0.55,Stage 2 pending confirmation: needs 3 raw Stage 2 runs; current count 1.,Stage 2 pending confirmation: needs 3 raw Stage 2 runs; current count 1.,,,Stage 2,watchlist,27.69,2.19,0.35,1.42,False,False,Not Sure,No Action
2026-06-29,KPITTECH.NS,KPIT Technologies Limited,Information Technology,Unknown,True,F&O,Stage 4,Stage 4,Stage 4 - Weak/Declining,Stage 4 - Weak/Declining,Stage 4 • Stage 4 - Weak/Declining,0.72,Price is below long-term support with weak trend evidence.,,,,,watchlist,0.9,0.59,0.2,0.52,True,True,Weak Structure,Exit / Avoid
2026-06-29,KPRMILL.NS,K.P.R. Mill Ltd.,Textiles,Unknown,False,Cash,Not Sure,Stage 2,Pending Stage 2,Pending Stage 2,Not Sure • Pending Stage 2,0.55,Stage 2 pending confirmation: needs 3 raw Stage 2 runs; current count 1.,Stage 2 pending confirmation: needs 3 raw Stage 2 runs; current count 1.,,,Stage 2,watchlist,64.71,3.37,0.16,4.71,False,False,Not Sure,No Action
2026-06-29,KRBL.NS,KRBL Limited,Fast Moving Consumer Goods,Unknown,False,Cash,Stage 1,Stage 1,Stage 1 - Early Turn,Stage 1 - Early Turn,Stage 1 • Stage 1 - Early Turn,0.66,The stock is improving from a repair/base area but has not confirmed a clean Stage 2 yet.,,,,,watchlist,34.66,1.04,0.17,0.83,False,True,Base Building,Watchlist / Early base
2026-06-29,KSB.NS,Ksb Limited,Capital Goods,Unknown,False,Cash,Not Sure,Stage 2,Pending Stage 2,Pending Stage 2,Not Sure • Pending Stage 2,0.55,Stage 2 pending confirmation: needs 3 raw Stage 2 runs; current count 1.,Stage 2 pending confirmation: needs 3 raw Stage 2 runs; current count 1.,,,Stage 2,watchlist,50.18,0.8,0.33,0.84,True,True,Not Sure,No Action
2026-06-29,KSCL.NS,Kaveri Seed Company Limited,Fast Moving Consumer Goods,Unknown,False,Cash,Stage 4,Stage 4,Stage 4 - Weak/Declining,Stage 4 - Weak/Declining,Stage 4 • Stage 4 - Weak/Declining,0.72,Price is below long-term support with weak trend evidence.,,,,,watchlist,25.13,3.2,0.08,6.18,False,False,Weak Structure,Exit / Avoid
2026-06-29,KSL.NS,Kalyani Steels Limited,Capital Goods,Unknown,False,Cash,Not Sure,Not Sure,Not Sure,Not Sure,Not Sure,0.0,Stage rules did not identify a reliable structure.,No confident stage classification.,,,,watchlist,27.37,0.63,0.1,0.68,True,True,Not Sure,No Action
2026-06-29,KTKBANK.NS,The Karnataka Bank Limited,Financial Services,Unknown,False,Cash,Not Sure,Stage 2,Pending Stage 2,Pending Stage 2,Not Sure • Pending Stage 2,0.55,Stage 2 pending confirmation: needs 3 raw Stage 2 runs; current count 1.,Stage 2 pending confirmation: needs 3 raw Stage 2 runs; current count 1.,,,Stage 2,watchlist,56.25,0.6,0.18,0.48,True,True,Not Sure,No Action
2026-06-29,LALPATHLAB.NS,Dr. Lal Path Labs Ltd.,Healthcare,Unknown,False,Cash,Not Sure,Stage 2,Pending Stage 2,Pending Stage 2,Not Sure • Pending Stage 2,0.55,Stage 2 pending confirmation: needs 3 raw Stage 2 runs; current count 1.,Stage 2 pending confirmation: needs 3 raw Stage 2 runs; current count 1.,,,Stage 2,watchlist,31.64,1.72,0.27,0.39,False,True,Not Sure,No Action
2026-06-29,LAOPALA.NS,La Opala RG Limited,Consumer Durables,Unknown,False,Cash,Stage 4,Stage 4,Stage 4 - Weak/Declining,Stage 4 - Weak/Declining,Stage 4 • Stage 4 - Weak/Declining,0.72,Price is below long-term support with weak trend evidence.,,,,,watchlist,19.71,1.29,0.07,1.75,False,False,Weak Structure,Exit / Avoid
2026-06-29,LATENTVIEW.NS,Latent View Analytics Limited,Information Technology,Unknown,False,Cash,Stage 4,Stage 4,Stage 4 - Weak/Declining,Stage 4 - Weak/Declining,Stage 4 • Stage 4 - Weak/Declining,0.72,Price is below long-term support with weak trend evidence.,,,,,watchlist,6.55,0.58,0.39,0.48,True,True,Weak Structure,Exit / Avoid
2026-06-29,LAURUSLABS.NS,Laurus Labs Limited,Healthcare,Unknown,True,F&O,Not Sure,Stage 2,Pending Stage 2,Pending Stage 2,Not Sure • Pending Stage 2,0.55,Stage 2 pending confirmation: needs 3 raw Stage 2 runs; current count 1.,Stage 2 pending confirmation: needs 3 raw Stage 2 runs; current count 1.,,,Stage 2,watchlist,65.36,0.98,0.42,1.01,False,False,Not Sure,No Action
2026-06-29,LEMONTREE.NS,Lemon Tree Hotels Limited,Consumer Services,Unknown,False,Cash,Stage 4,Stage 4,Stage 4 - Weak/Declining,Stage 4 - Weak/Declining,Stage 4 • Stage 4 - Weak/Declining,0.72,Price is below long-term support with weak trend evidence.,,,,,watchlist,24.91,1.1,0.21,1.3,False,False,Weak Structure,Exit / Avoid
2026-06-29,LGBBROSLTD.NS,LG Balakrishnan & Bros Limited,Automobile and Auto Components,Unknown,False,Cash,Stage 1,Stage 1,Stage 1 - Unclear/Repair,Stage 1 - Unclear/Repair,Stage 1 • Stage 1 - Unclear/Repair,0.58,Not enough evidence for Stage 2 or Stage 4; classified as repair/unclear structure.,,,,,watchlist,7.49,0.76,0.12,0.8,True,True,Base Building,Watchlist / Early base
2026-06-29,LICHSGFIN.NS,LIC Housing Finance Limited,Financial Services,Unknown,True,F&O,Stage 3,Stage 3,Stage 3 - Distribution/Damage,Stage 3 - Distribution/Damage,Stage 3 • Stage 3 - Distribution/Damage,0.76,"Prior strength exists, but short-term and/or weekly structure is deteriorating.",,,,,watchlist,37.31,0.68,0.26,0.69,True,True,Transition,Reduce / Avoid fresh longs
2026-06-29,LICI.NS,Life Insurance Corporation Of India,Financial Services,Unknown,True,F&O,Stage 1,Stage 1,Stage 1 - Early Turn,Stage 1 - Early Turn,Stage 1 • Stage 1 - Early Turn,0.66,The stock is improving from a repair/base area but has not confirmed a clean Stage 2 yet.,,,,,watchlist,42.01,1.32,0.23,1.13,False,False,Base Building,Watchlist / Early base
2026-06-29,LINDEINDIA.NS,Linde India Limited,Chemicals,Unknown,False,Cash,Stage 1,Stage 1,Stage 1 - Base/Repair,Stage 1 - Base/Repair,Stage 1 • Stage 1 - Base/Repair,0.7,Price is near long-term moving averages with no strong long-term downtrend signal.,,,,,watchlist,15.58,0.59,0.51,0.43,True,True,Base Building,Watchlist / Early base
2026-06-29,LLOYDSME.NS,Lloyds Metals And Energy Limited,Metals & Mining,Unknown,False,Cash,Not Sure,Stage 2,Pending Stage 2,Pending Stage 2,Not Sure • Pending Stage 2,0.55,Stage 2 pending confirmation: needs 3 raw Stage 2 runs; current count 1.,Stage 2 pending confirmation: needs 3 raw Stage 2 runs; current count 1.,,,Stage 2,watchlist,45.96,0.75,0.21,0.89,True,True,Not Sure,No Action
2026-06-29,LODHA.NS,Macrotech Developers Limited,Realty,Unknown,True,F&O,Stage 4,Stage 4,Stage 4 - Weak/Declining,Stage 4 - Weak/Declining,Stage 4 • Stage 4 - Weak/Declining,0.72,Price is below long-term support with weak trend evidence.,,,,,watchlist,30.42,1.03,0.31,1.15,False,False,Weak Structure,Exit / Avoid
2026-06-29,LT.NS,Larsen & Toubro Limited,Construction,Unknown,True,F&O,Not Sure,Stage 2,Pending Stage 2,Pending Stage 2,Not Sure • Pending Stage 2,0.55,Stage 2 pending confirmation: needs 3 raw Stage 2 runs; current count 1.,Stage 2 pending confirmation: needs 3 raw Stage 2 runs; current count 1.,,,Stage 2,watchlist,57.82,0.89,0.53,0.81,False,True,Not Sure,No Action
2026-06-29,LTF.NS,L&T Finance Ltd.,Financial Services,Unknown,True,F&O,Not Sure,Stage 2,Pending Stage 2,Pending Stage 2,Not Sure • Pending Stage 2,0.55,Stage 2 pending confirmation: needs 3 raw Stage 2 runs; current count 1.,Stage 2 pending confirmation: needs 3 raw Stage 2 runs; current count 1.,,,Stage 2,watchlist,60.28,1.01,0.63,0.86,False,True,Not Sure,No Action
2026-06-29,LTFOODS.NS,LT Foods Ltd.,Fast Moving Consumer Goods,Unknown,False,Cash,Stage 4,Stage 4,Stage 4 - Weak/Declining,Stage 4 - Weak/Declining,Stage 4 • Stage 4 - Weak/Declining,0.72,Price is below long-term support with weak trend evidence.,,,,,watchlist,24.41,1.97,0.28,1.24,False,False,Weak Structure,Exit / Avoid
2026-06-29,LTM.NS,LTIMindtree Ltd.,Information Technology,Unknown,True,F&O,Stage 4,Stage 4,Stage 4 - Confirmed Downtrend,Stage 4 - Confirmed Downtrend,Stage 4 • Stage 4 - Confirmed Downtrend,0.86,Price is below a bearish moving-average stack with falling trend signals.,,,,,watchlist,16.11,1.11,0.21,1.02,False,False,Weak Structure,Exit / Avoid
2026-06-29,LTTS.NS,L&T Technology Services Ltd.,Information Technology,Unknown,False,Cash,Stage 4,Stage 4,Stage 4 - Weak/Declining,Stage 4 - Weak/Declining,Stage 4 • Stage 4 - Weak/Declining,0.72,Price is below long-term support with weak trend evidence.,,,,,watchlist,26.01,0.62,0.25,0.61,True,True,Weak Structure,Exit / Avoid
2026-06-29,LUPIN.NS,Lupin Limited,Healthcare,Unknown,True,F&O,Not Sure,Stage 2,Pending Stage 2,Pending Stage 2,Not Sure • Pending Stage 2,0.55,Stage 2 pending confirmation: needs 3 raw Stage 2 runs; current count 1.,Stage 2 pending confirmation: needs 3 raw Stage 2 runs; current count 1.,,,Stage 2,watchlist,47.14,0.63,0.44,0.57,True,True,Not Sure,No Action
2026-06-29,LUXIND.NS,Lux Industries Limited,Textiles,Unknown,False,Cash,Stage 1,Stage 1,Stage 1 - Unclear/Repair,Stage 1 - Unclear/Repair,Stage 1 • Stage 1 - Unclear/Repair,0.58,Not enough evidence for Stage 2 or Stage 4; classified as repair/unclear structure.,,,,,watchlist,33.55,0.46,0.16,0.28,True,True,Base Building,Watchlist / Early base
2026-06-29,LXCHEM.NS,Laxmi Organic Industries Limited,Chemicals,Unknown,False,Cash,Stage 1,Stage 1,Stage 1 - Early Turn,Stage 1 - Early Turn,Stage 1 • Stage 1 - Early Turn,0.66,The stock is improving from a repair/base area but has not confirmed a clean Stage 2 yet.,,,,,watchlist,7.14,0.74,0.05,1.25,True,False,Base Building,Watchlist / Early base
2026-06-29,M&M.NS,Mahindra & Mahindra Limited,Automobile and Auto Components,Unknown,True,F&O,Stage 4,Stage 4,Stage 4 - Weak/Declining,Stage 4 - Weak/Declining,Stage 4 • Stage 4 - Weak/Declining,0.72,Price is below long-term support with weak trend evidence.,,,,,watchlist,21.71,1.03,0.37,0.9,False,False,Weak Structure,Exit / Avoid
2026-06-29,M&MFIN.NS,Mahindra & Mahindra Financial Services Limited,Financial Services,Unknown,False,Cash,Stage 1,Stage 1,Stage 1 - Base/Repair,Stage 1 - Base/Repair,Stage 1 • Stage 1 - Base/Repair,0.7,Price is near long-term moving averages with no strong long-term downtrend signal.,,,,,watchlist,36.87,1.29,0.52,1.71,False,False,Base Building,Watchlist / Early base
2026-06-29,MAHABANK.NS,Bank of Maharashtra,Financial Services,Unknown,False,Cash,Not Sure,Stage 2,Pending Stage 2,Pending Stage 2,Not Sure • Pending Stage 2,0.55,Stage 2 pending confirmation: needs 3 raw Stage 2 runs; current count 1.,Stage 2 pending confirmation: needs 3 raw Stage 2 runs; current count 1.,,,Stage 2,watchlist,56.45,0.7,0.42,0.44,True,True,Not Sure,No Action
2026-06-29,MAHLIFE.NS,Mahindra Lifespace Developers Limited,Realty,Unknown,False,Cash,Stage 1,Stage 1,Stage 1 - Early Turn,Stage 1 - Early Turn,Stage 1 • Stage 1 - Early Turn,0.66,The stock is improving from a repair/base area but has not confirmed a clean Stage 2 yet.,,,,,watchlist,9.67,0.92,0.65,0.97,False,False,Base Building,Watchlist / Early base
2026-06-29,MAHSCOOTER.NS,Maharashtra Scooters Limited,Financial Services,Unknown,False,Cash,Stage 4,Stage 4,Stage 4 - Weak/Declining,Stage 4 - Weak/Declining,Stage 4 • Stage 4 - Weak/Declining,0.72,Price is below long-term support with weak trend evidence.,,,,,watchlist,30.82,0.58,0.07,0.51,True,True,Weak Structure,Exit / Avoid
2026-06-29,MAHSEAMLES.NS,Maharashtra Seamless Limited,Capital Goods,Unknown,False,Cash,Stage 3,Stage 3,Stage 3 - Transition,Stage 3 - Transition,Stage 3 • Stage 3 - Transition,0.62,"The structure is transitioning after prior strength, but it is not yet a confirmed Stage 4 decline.",,,,,watchlist,12.18,1.0,0.49,1.28,False,False,Transition,Reduce / Avoid fresh longs
2026-06-29,MANAPPURAM.NS,Manappuram Finance Limited,Financial Services,Unknown,True,F&O,Not Sure,Stage 2,Pending Stage 2,Pending Stage 2,Not Sure • Pending Stage 2,0.55,Stage 2 pending confirmation: needs 3 raw Stage 2 runs; current count 1.,Stage 2 pending confirmation: needs 3 raw Stage 2 runs; current count 1.,,,Stage 2,watchlist,57.65,0.75,0.41,0.91,True,False,Not Sure,No Action
2026-06-29,MANINFRA.NS,Man Infraconstruction Limited,Construction,Unknown,False,Cash,Stage 4,Stage 4,Stage 4 - Weak/Declining,Stage 4 - Weak/Declining,Stage 4 • Stage 4 - Weak/Declining,0.72,Price is below long-term support with weak trend evidence.,,,,,watchlist,2.0,1.07,0.37,0.9,False,False,Weak Structure,Exit / Avoid
2026-06-29,MANKIND.NS,Mankind Pharma Limited,Healthcare,Unknown,True,F&O,Not Sure,Stage 2,Pending Stage 2,Pending Stage 2,Not Sure • Pending Stage 2,0.55,Stage 2 pending confirmation: needs 3 raw Stage 2 runs; current count 1.,Stage 2 pending confirmation: needs 3 raw Stage 2 runs; current count 1.,,,Stage 2,watchlist,34.78,0.82,0.12,1.1,True,False,Not Sure,No Action
2026-06-29,MANYAVAR.NS,Vedant Fashions Limited,Consumer Services,Unknown,False,Cash,Stage 4,Stage 4,Stage 4 - Weak/Declining,Stage 4 - Weak/Declining,Stage 4 • Stage 4 - Weak/Declining,0.72,Price is below long-term support with weak trend evidence.,,,,,watchlist,16.11,0.64,0.15,0.51,True,True,Weak Structure,Exit / Avoid
2026-06-29,MAPMYINDIA.NS,C.E. Info Systems Limited,Information Technology,Unknown,False,Cash,Stage 4,Stage 4,Stage 4 - Confirmed Downtrend,Stage 4 - Confirmed Downtrend,Stage 4 • Stage 4 - Confirmed Downtrend,0.86,Price is below a bearish moving-average stack with falling trend signals.,,,,,watchlist,16.11,0.75,0.13,0.36,True,True,Weak Structure,Exit / Avoid
2026-06-29,MARICO.NS,Marico Limited,Fast Moving Consumer Goods,Unknown,True,F&O,Not Sure,Stage 2,Pending Stage 2,Pending Stage 2,Not Sure • Pending Stage 2,0.55,Stage 2 pending confirmation: needs 3 raw Stage 2 runs; current count 1.,Stage 2 pending confirmation: needs 3 raw Stage 2 runs; current count 1.,,,Stage 2,watchlist,62.05,1.14,1.61,1.12,False,False,Not Sure,No Action
2026-06-29,MARKSANS.NS,Marksans Pharma Limited,Healthcare,Unknown,False,Cash,Not Sure,Stage 2,Pending Stage 2,Pending Stage 2,Not Sure • Pending Stage 2,0.55,Stage 2 pending confirmation: needs 3 raw Stage 2 runs; current count 1.,Stage 2 pending confirmation: needs 3 raw Stage 2 runs; current count 1.,,,Stage 2,watchlist,49.76,0.75,0.24,0.77,True,True,Not Sure,No Action
2026-06-29,MARUTI.NS,Maruti Suzuki India Limited,Automobile and Auto Components,Unknown,True,F&O,Stage 4,Stage 4,Stage 4 - Weak/Declining,Stage 4 - Weak/Declining,Stage 4 • Stage 4 - Weak/Declining,0.72,Price is below long-term support with weak trend evidence.,,,,,watchlist,21.71,1.03,0.22,0.99,False,False,Weak Structure,Exit / Avoid
2026-06-29,MASFIN.NS,MAS Financial Services Limited,Financial Services,Unknown,False,Cash,Stage 1,Stage 1,Stage 1 - Base/Repair,Stage 1 - Base/Repair,Stage 1 • Stage 1 - Base/Repair,0.7,Price is near long-term moving averages with no strong long-term downtrend signal.,,,,,watchlist,15.76,0.85,0.32,0.85,False,True,Base Building,Watchlist / Early base
2026-06-29,MASTEK.NS,Mastek Limited,Information Technology,Unknown,False,Cash,Stage 4,Stage 4,Stage 4 - Weak/Declining,Stage 4 - Weak/Declining,Stage 4 • Stage 4 - Weak/Declining,0.72,Price is below long-term support with weak trend evidence.,,,,,watchlist,26.62,0.51,0.13,0.33,True,True,Weak Structure,Exit / Avoid
2026-06-29,MAXHEALTH.NS,Max Healthcare Institute Limited,Healthcare,Unknown,True,F&O,Stage 1,Stage 1,Stage 1 - Early Turn,Stage 1 - Early Turn,Stage 1 • Stage 1 - Early Turn,0.66,The stock is improving from a repair/base area but has not confirmed a clean Stage 2 yet.,,,,,watchlist,43.07,0.99,0.56,0.96,False,False,Base Building,Watchlist / Early base
2026-06-29,MAZDOCK.NS,Mazagon Dock Shipbuilders Limited,Capital Goods,Unknown,True,F&O,Stage 4,Stage 4,Stage 4 - Weak/Declining,Stage 4 - Weak/Declining,Stage 4 • Stage 4 - Weak/Declining,0.72,Price is below long-term support with weak trend evidence.,,,,,watchlist,35.49,0.66,0.25,0.62,True,True,Weak Structure,Exit / Avoid
2026-06-29,MCX.NS,Multi Commodity Exchange of India Limited,Financial Services,Unknown,True,F&O,Not Sure,Stage 2,Pending Stage 2,Pending Stage 2,Not Sure • Pending Stage 2,0.55,Stage 2 pending confirmation: needs 3 raw Stage 2 runs; current count 1.,Stage 2 pending confirmation: needs 3 raw Stage 2 runs; current count 1.,,,Stage 2,watchlist,25.58,0.8,0.18,0.61,True,True,Not Sure,No Action
2026-06-29,MEDANTA.NS,Global Health Limited,Healthcare,Unknown,False,Cash,Not Sure,Stage 2,Pending Stage 2,Pending Stage 2,Not Sure • Pending Stage 2,0.55,Stage 2 pending confirmation: needs 3 raw Stage 2 runs; current count 1.,Stage 2 pending confirmation: needs 3 raw Stage 2 runs; current count 1.,,,Stage 2,watchlist,57.99,1.39,0.15,1.44,False,False,Not Sure,No Action
2026-06-29,MEDPLUS.NS,Medplus Health Services Limited,Consumer Services,Unknown,False,Cash,Stage 1,Stage 1,Stage 1 - Base/Repair,Stage 1 - Base/Repair,Stage 1 • Stage 1 - Base/Repair,0.7,Price is near long-term moving averages with no strong long-term downtrend signal.,,,,,watchlist,19.36,0.76,1.17,0.99,True,False,Base Building,Watchlist / Early base
2026-06-29,METROBRAND.NS,Metro Brands Limited,Consumer Durables,Unknown,False,Cash,Stage 4,Stage 4,Stage 4 - Weak/Declining,Stage 4 - Weak/Declining,Stage 4 • Stage 4 - Weak/Declining,0.72,Price is below long-term support with weak trend evidence.,,,,,watchlist,20.58,1.15,0.4,1.29,False,False,Weak Structure,Exit / Avoid
2026-06-29,METROPOLIS.NS,Metropolis Healthcare Limited,Healthcare,Unknown,False,Cash,Not Sure,Stage 2,Pending Stage 2,Pending Stage 2,Not Sure • Pending Stage 2,0.55,Stage 2 pending confirmation: needs 3 raw Stage 2 runs; current count 1.,Stage 2 pending confirmation: needs 3 raw Stage 2 runs; current count 1.,,,Stage 2,watchlist,35.75,0.6,0.55,0.49,True,True,Not Sure,No Action
2026-06-29,MFSL.NS,Max Financial Services Limited,Financial Services,Unknown,True,F&O,Stage 1,Stage 1,Stage 1 - Base/Repair,Stage 1 - Base/Repair,Stage 1 • Stage 1 - Base/Repair,0.7,Price is near long-term moving averages with no strong long-term downtrend signal.,,,,,watchlist,33.79,0.95,0.68,0.97,False,False,Base Building,Watchlist / Early base
2026-06-29,MGL.NS,Mahanagar Gas Limited,"Oil, Gas & Consumable Fuels",Unknown,False,Cash,Stage 1,Stage 1,Stage 1 - Early Turn,Stage 1 - Early Turn,Stage 1 • Stage 1 - Early Turn,0.66,The stock is improving from a repair/base area but has not confirmed a clean Stage 2 yet.,,,,,watchlist,36.86,1.18,0.23,0.86,False,True,Base Building,Watchlist / Early base
2026-06-29,MHRIL.NS,Mahindra Holidays & Resorts India Limited,Consumer Services,Unknown,False,Cash,Stage 4,Stage 4,Stage 4 - Weak/Declining,Stage 4 - Weak/Declining,Stage 4 • Stage 4 - Weak/Declining,0.72,Price is below long-term support with weak trend evidence.,,,,,watchlist,26.12,0.53,0.06,0.46,True,True,Weak Structure,Exit / Avoid
2026-06-29,MIDHANI.NS,Mishra Dhatu Nigam Limited,Capital Goods,Unknown,False,Cash,Not Sure,Stage 2,Pending Stage 2,Pending Stage 2,Not Sure • Pending Stage 2,0.55,Stage 2 pending confirmation: needs 3 raw Stage 2 runs; current count 1.,Stage 2 pending confirmation: needs 3 raw Stage 2 runs; current count 1.,,,Stage 2,watchlist,54.45,0.68,0.15,0.52,True,True,Not Sure,No Action
2026-06-29,MINDACORP.NS,Minda Corporation Limited,Automobile and Auto Components,Unknown,False,Cash,Not Sure,Stage 2,Pending Stage 2,Pending Stage 2,Not Sure • Pending Stage 2,0.55,Stage 2 pending confirmation: needs 3 raw Stage 2 runs; current count 1.,Stage 2 pending confirmation: needs 3 raw Stage 2 runs; current count 1.,,,Stage 2,watchlist,64.8,0.9,0.09,0.71,False,True,Not Sure,No Action
2026-06-29,MMTC.NS,MMTC Limited,Services,Unknown,False,Cash,Not Sure,Stage 2,Pending Stage 2,Pending Stage 2,Not Sure • Pending Stage 2,0.55,Stage 2 pending confirmation: needs 3 raw Stage 2 runs; current count 1.,Stage 2 pending confirmation: needs 3 raw Stage 2 runs; current count 1.,,,Stage 2,watchlist,61.45,2.45,0.13,0.58,False,True,Not Sure,No Action
2026-06-29,MOTHERSON.NS,Samvardhana Motherson International Limited,Automobile and Auto Components,Unknown,True,F&O,Not Sure,Stage 2,Pending Stage 2,Pending Stage 2,Not Sure • Pending Stage 2,0.55,Stage 2 pending confirmation: needs 3 raw Stage 2 runs; current count 1.,Stage 2 pending confirmation: needs 3 raw Stage 2 runs; current count 1.,,,Stage 2,watchlist,52.02,0.98,0.74,1.21,False,False,Not Sure,No Action
2026-06-29,MOTILALOFS.NS,Motilal Oswal Financial Services Limited,Financial Services,Unknown,True,F&O,Stage 1,Stage 1,Stage 1 - Early Turn,Stage 1 - Early Turn,Stage 1 • Stage 1 - Early Turn,0.66,The stock is improving from a repair/base area but has not confirmed a clean Stage 2 yet.,,,,,watchlist,19.74,0.87,0.64,0.63,False,True,Base Building,Watchlist / Early base
2026-06-29,MPHASIS.NS,MphasiS Limited,Information Technology,Unknown,True,F&O,Stage 4,Stage 4,Stage 4 - Weak/Declining,Stage 4 - Weak/Declining,Stage 4 • Stage 4 - Weak/Declining,0.72,Price is below long-term support with weak trend evidence.,,,,,watchlist,23.92,1.12,0.27,0.95,False,False,Weak Structure,Exit / Avoid
2026-06-29,MRF.NS,MRF Limited,Automobile and Auto Components,Unknown,False,Cash,Stage 4,Stage 4,Stage 4 - Confirmed Downtrend,Stage 4 - Confirmed Downtrend,Stage 4 • Stage 4 - Confirmed Downtrend,0.86,Price is below a bearish moving-average stack with falling trend signals.,,,,,watchlist,26.41,1.13,0.24,0.96,False,False,Weak Structure,Exit / Avoid
2026-06-29,MRPL.NS,Mangalore Refinery and Petrochemicals Limited,"Oil, Gas & Consumable Fuels",Unknown,False,Cash,Stage 4,Stage 4,Stage 4 - Weak/Declining,Stage 4 - Weak/Declining,Stage 4 • Stage 4 - Weak/Declining,0.72,Price is below long-term support with weak trend evidence.,,,,,watchlist,18.11,0.66,0.25,0.4,True,True,Weak Structure,Exit / Avoid
2026-06-29,MSTCLTD.NS,Mstc Limited,Services,Unknown,False,Cash,Not Sure,Stage 2,Pending Stage 2,Pending Stage 2,Not Sure • Pending Stage 2,0.55,Stage 2 pending confirmation: needs 3 raw Stage 2 runs; current count 1.,Stage 2 pending confirmation: needs 3 raw Stage 2 runs; current count 1.,,,Stage 2,watchlist,60.5,2.25,0.12,0.4,False,True,Not Sure,No Action
2026-06-29,MSUMI.NS,Motherson Sumi Wiring India Limited,Automobile and Auto Components,Unknown,False,Cash,Stage 4,Stage 4,Stage 4 - Weak/Declining,Stage 4 - Weak/Declining,Stage 4 • Stage 4 - Weak/Declining,0.72,Price is below long-term support with weak trend evidence.,,,,,watchlist,29.52,2.29,0.49,3.68,False,False,Weak Structure,Exit / Avoid
2026-06-29,MTARTECH.NS,Mtar Technologies Limited,Capital Goods,Unknown,False,Cash,Not Sure,Stage 2,Pending Stage 2,Pending Stage 2,Not Sure • Pending Stage 2,0.55,Stage 2 pending confirmation: needs 3 raw Stage 2 runs; current count 1.,Stage 2 pending confirmation: needs 3 raw Stage 2 runs; current count 1.,,,Stage 2,watchlist,44.13,1.16,0.01,0.4,False,True,Not Sure,No Action
2026-06-29,MUTHOOTFIN.NS,Muthoot Finance Limited,Financial Services,Unknown,True,F&O,Stage 4,Stage 4,Stage 4 - Weak/Declining,Stage 4 - Weak/Declining,Stage 4 • Stage 4 - Weak/Declining,0.72,Price is below long-term support with weak trend evidence.,,,,,watchlist,28.92,1.02,0.49,1.1,False,False,Weak Structure,Exit / Avoid
2026-06-29,NAM-INDIA.NS,Nippon Life India Asset Management Limited,Financial Services,Unknown,True,F&O,Not Sure,Stage 2,Pending Stage 2,Pending Stage 2,Not Sure • Pending Stage 2,0.55,Stage 2 pending confirmation: needs 3 raw Stage 2 runs; current count 1.,Stage 2 pending confirmation: needs 3 raw Stage 2 runs; current count 1.,,,Stage 2,watchlist,47.65,0.69,0.28,0.47,True,True,Not Sure,No Action
2026-06-29,NATCOPHARM.NS,Natco Pharma Limited,Healthcare,Unknown,False,Cash,Stage 1,Stage 1,Stage 1 - Base/Repair,Stage 1 - Base/Repair,Stage 1 • Stage 1 - Base/Repair,0.7,Price is near long-term moving averages with no strong long-term downtrend signal.,,,,,watchlist,22.67,0.97,0.47,0.79,False,True,Base Building,Watchlist / Early base
2026-06-29,NATIONALUM.NS,National Aluminium Company Limited,Metals & Mining,Unknown,True,F&O,Stage 1,Stage 1,Stage 1 - Base/Repair,Stage 1 - Base/Repair,Stage 1 • Stage 1 - Base/Repair,0.7,Price is near long-term moving averages with no strong long-term downtrend signal.,,,,,watchlist,31.67,1.15,0.32,1.29,False,False,Base Building,Watchlist / Early base
2026-06-29,NAUKRI.NS,Info Edge (India) Limited,Consumer Services,Unknown,True,F&O,Stage 4,Stage 4,Stage 4 - Weak/Declining,Stage 4 - Weak/Declining,Stage 4 • Stage 4 - Weak/Declining,0.72,Price is below long-term support with weak trend evidence.,,,,,watchlist,24.78,0.93,0.13,1.16,False,False,Weak Structure,Exit / Avoid
2026-06-29,NAVA.NS,NAVA LIMITED,Power,Unknown,False,Cash,Stage 3,Stage 3,Stage 3 - Transition,Stage 3 - Transition,Stage 3 • Stage 3 - Transition,0.62,"The structure is transitioning after prior strength, but it is not yet a confirmed Stage 4 decline.",,,,,watchlist,8.53,0.69,0.13,0.32,True,True,Transition,Reduce / Avoid fresh longs
2026-06-29,NAVINFLUOR.NS,Navin Fluorine International Limited,Chemicals,Unknown,False,Cash,Not Sure,Stage 2,Pending Stage 2,Pending Stage 2,Not Sure • Pending Stage 2,0.55,Stage 2 pending confirmation: needs 3 raw Stage 2 runs; current count 1.,Stage 2 pending confirmation: needs 3 raw Stage 2 runs; current count 1.,,,Stage 2,watchlist,57.65,0.61,0.15,0.46,True,True,Not Sure,No Action
2026-06-29,NAVNETEDUL.NS,Navneet Education Limited,"Media, Entertainment & Publication",Unknown,False,Cash,Stage 4,Stage 4,Stage 4 - Weak/Declining,Stage 4 - Weak/Declining,Stage 4 • Stage 4 - Weak/Declining,0.72,Price is below long-term support with weak trend evidence.,,,,,watchlist,7.61,1.37,0.07,0.96,False,False,Weak Structure,Exit / Avoid
2026-06-29,NAZARA.NS,Nazara Technologies Limited,"Media, Entertainment & Publication",Unknown,False,Cash,Not Sure,Stage 2,Pending Stage 2,Pending Stage 2,Not Sure • Pending Stage 2,0.55,Stage 2 pending confirmation: needs 3 raw Stage 2 runs; current count 1.,Stage 2 pending confirmation: needs 3 raw Stage 2 runs; current count 1.,,,Stage 2,watchlist,46.93,0.61,0.23,0.46,True,True,Not Sure,No Action
2026-06-29,NBCC.NS,NBCC (India) Ltd.,Construction,Unknown,True,F&O,Not Sure,Stage 2,Pending Stage 2,Pending Stage 2,Not Sure • Pending Stage 2,0.55,Stage 2 pending confirmation: needs 3 raw Stage 2 runs; current count 1.,Stage 2 pending confirmation: needs 3 raw Stage 2 runs; current count 1.,,,Stage 2,watchlist,23.67,0.99,0.18,0.61,False,True,Not Sure,No Action
2026-06-29,NCC.NS,NCC Limited,Construction,Unknown,False,Cash,Stage 4,Stage 4,Stage 4 - Weak/Declining,Stage 4 - Weak/Declining,Stage 4 • Stage 4 - Weak/Declining,0.72,Price is below long-term support with weak trend evidence.,,,,,watchlist,24.35,0.94,0.15,1.0,False,False,Weak Structure,Exit / Avoid
2026-06-29,NEOGEN.NS,Neogen Chemicals Limited,Chemicals,Unknown,False,Cash,Not Sure,Stage 2,Pending Stage 2,Pending Stage 2,Not Sure • Pending Stage 2,0.55,Stage 2 pending confirmation: needs 3 raw Stage 2 runs; current count 1.,Stage 2 pending confirmation: needs 3 raw Stage 2 runs; current count 1.,,,Stage 2,watchlist,49.64,0.65,0.1,0.32,True,True,Not Sure,No Action
2026-06-29,NESCO.NS,Nesco Limited,Services,Unknown,False,Cash,Stage 4,Stage 4,Stage 4 - Weak/Declining,Stage 4 - Weak/Declining,Stage 4 • Stage 4 - Weak/Declining,0.72,Price is below long-term support with weak trend evidence.,,,,,watchlist,21.61,0.82,0.12,0.67,True,True,Weak Structure,Exit / Avoid
2026-06-29,NESTLEIND.NS,Nestle India Limited,Fast Moving Consumer Goods,Unknown,True,F&O,Not Sure,Stage 2,Pending Stage 2,Pending Stage 2,Not Sure • Pending Stage 2,0.55,Stage 2 pending confirmation: needs 3 raw Stage 2 runs; current count 1.,Stage 2 pending confirmation: needs 3 raw Stage 2 runs; current count 1.,,,Stage 2,watchlist,36.08,0.7,0.3,0.64,True,True,Not Sure,No Action
2026-06-29,NETWEB.NS,Netweb Technologies India Limited,Information Technology,Unknown,False,Cash,Not Sure,Stage 2,Pending Stage 2,Pending Stage 2,Not Sure • Pending Stage 2,0.55,Stage 2 pending confirmation: needs 3 raw Stage 2 runs; current count 1.,Stage 2 pending confirmation: needs 3 raw Stage 2 runs; current count 1.,,,Stage 2,watchlist,42.55,0.97,0.52,0.61,False,True,Not Sure,No Action
2026-06-29,NETWORK18.NS,Network18 Media & Investments Limited,"Media, Entertainment & Publication",Unknown,False,Cash,Stage 4,Stage 4,Stage 4 - Weak/Declining,Stage 4 - Weak/Declining,Stage 4 • Stage 4 - Weak/Declining,0.72,Price is below long-term support with weak trend evidence.,,,,,watchlist,20.37,0.89,0.11,0.39,False,True,Weak Structure,Exit / Avoid
2026-06-29,NEULANDLAB.NS,Neuland Laboratories Limited,Healthcare,Unknown,False,Cash,Not Sure,Stage 2,Pending Stage 2,Pending Stage 2,Not Sure • Pending Stage 2,0.55,Stage 2 pending confirmation: needs 3 raw Stage 2 runs; current count 1.,Stage 2 pending confirmation: needs 3 raw Stage 2 runs; current count 1.,,,Stage 2,watchlist,56.38,0.91,0.25,1.3,False,False,Not Sure,No Action
2026-06-29,NEWGEN.NS,Newgen Software Technologies Limited,Information Technology,Unknown,False,Cash,Stage 4,Stage 4,Stage 4 - Weak/Declining,Stage 4 - Weak/Declining,Stage 4 • Stage 4 - Weak/Declining,0.72,Price is below long-term support with weak trend evidence.,,,,,watchlist,25.61,0.68,0.09,0.19,True,True,Weak Structure,Exit / Avoid
2026-06-29,NFL.NS,National Fertilizers Limited,Chemicals,Unknown,False,Cash,Stage 4,Stage 4,Stage 4 - Weak/Declining,Stage 4 - Weak/Declining,Stage 4 • Stage 4 - Weak/Declining,0.72,Price is below long-term support with weak trend evidence.,,,,,watchlist,15.37,1.68,0.16,0.95,False,False,Weak Structure,Exit / Avoid
2026-06-29,NH.NS,Narayana Hrudayalaya Ltd.,Healthcare,Unknown,False,Cash,Not Sure,Stage 2,Pending Stage 2,Pending Stage 2,Not Sure • Pending Stage 2,0.55,Stage 2 pending confirmation: needs 3 raw Stage 2 runs; current count 1.,Stage 2 pending confirmation: needs 3 raw Stage 2 runs; current count 1.,,,Stage 2,watchlist,48.23,0.82,0.4,0.77,True,True,Not Sure,No Action
2026-06-29,NHPC.NS,NHPC Limited,Power,Unknown,True,F&O,Stage 3,Stage 3,Stage 3 - Transition,Stage 3 - Transition,Stage 3 • Stage 3 - Transition,0.62,"The structure is transitioning after prior strength, but it is not yet a confirmed Stage 4 decline.",,,,,watchlist,16.99,1.0,0.18,0.91,False,False,Transition,Reduce / Avoid fresh longs
2026-06-29,NIACL.NS,The New India Assurance Company Limited,Financial Services,Unknown,False,Cash,Stage 1,Stage 1,Stage 1 - Early Turn,Stage 1 - Early Turn,Stage 1 • Stage 1 - Early Turn,0.66,The stock is improving from a repair/base area but has not confirmed a clean Stage 2 yet.,,,,,watchlist,11.84,4.47,0.08,3.15,False,False,Base Building,Watchlist / Early base
2026-06-29,NIITMTS.NS,NIIT Learning Systems Limited,Consumer Services,Unknown,False,Cash,Stage 4,Stage 4,Stage 4 - Confirmed Downtrend,Stage 4 - Confirmed Downtrend,Stage 4 • Stage 4 - Confirmed Downtrend,0.86,Price is below a bearish moving-average stack with falling trend signals.,,,,,watchlist,16.11,0.67,0.04,0.45,True,True,Weak Structure,Exit / Avoid
2026-06-29,NIVABUPA.NS,Niva Bupa Health Insurance Company Ltd.,Financial Services,Unknown,False,Cash,Not Sure,Stage 2,Pending Stage 2,Pending Stage 2,Not Sure • Pending Stage 2,0.55,Stage 2 pending confirmation: needs 3 raw Stage 2 runs; current count 1.,Stage 2 pending confirmation: needs 3 raw Stage 2 runs; current count 1.,,,Stage 2,watchlist,40.87,1.05,0.4,0.37,False,True,Not Sure,No Action
2026-06-29,NLCINDIA.NS,NLC India Ltd.,Power,Unknown,False,Cash,Not Sure,Stage 2,Pending Stage 2,Pending Stage 2,Not Sure • Pending Stage 2,0.55,Stage 2 pending confirmation: needs 3 raw Stage 2 runs; current count 1.,Stage 2 pending confirmation: needs 3 raw Stage 2 runs; current count 1.,,,Stage 2,watchlist,29.06,0.61,0.11,0.41,True,True,Not Sure,No Action
2026-06-29,NMDC.NS,NMDC Limited,Metals & Mining,Unknown,True,F&O,Not Sure,Stage 2,Pending Stage 2,Pending Stage 2,Not Sure • Pending Stage 2,0.55,Stage 2 pending confirmation: needs 3 raw Stage 2 runs; current count 1.,Stage 2 pending confirmation: needs 3 raw Stage 2 runs; current count 1.,,,Stage 2,watchlist,38.92,0.91,0.28,1.04,False,False,Not Sure,No Action
2026-06-29,NOCIL.NS,NOCIL Limited,Chemicals,Unknown,False,Cash,Stage 1,Stage 1,Stage 1 - Early Turn,Stage 1 - Early Turn,Stage 1 • Stage 1 - Early Turn,0.66,The stock is improving from a repair/base area but has not confirmed a clean Stage 2 yet.,,,,,watchlist,15.44,3.39,0.18,6.64,False,False,Base Building,Watchlist / Early base
2026-06-29,NSLNISP.NS,NMDC Steel Limited,Metals & Mining,Unknown,False,Cash,Not Sure,Stage 2,Pending Stage 2,Pending Stage 2,Not Sure • Pending Stage 2,0.55,Stage 2 pending confirmation: needs 3 raw Stage 2 runs; current count 1.,Stage 2 pending confirmation: needs 3 raw Stage 2 runs; current count 1.,,,Stage 2,watchlist,26.89,0.38,0.08,0.34,True,True,Not Sure,No Action
2026-06-29,NTPC.NS,NTPC Limited,Power,Unknown,True,F&O,Stage 1,Stage 1,Stage 1 - Base/Repair,Stage 1 - Base/Repair,Stage 1 • Stage 1 - Base/Repair,0.7,Price is near long-term moving averages with no strong long-term downtrend signal.,,,,,watchlist,6.83,1.2,0.24,1.1,False,False,Base Building,Watchlist / Early base
2026-06-29,NTPCGREEN.NS,NTPC Green Energy Ltd.,Power,Unknown,False,Cash,Stage 4,Stage 4,Stage 4 - Weak/Declining,Stage 4 - Weak/Declining,Stage 4 • Stage 4 - Weak/Declining,0.72,Price is below long-term support with weak trend evidence.,,,,,watchlist,21.28,0.54,0.17,0.38,True,True,Weak Structure,Exit / Avoid
2026-06-29,NUCLEUS.NS,Nucleus Software Exports Limited,Information Technology,Unknown,False,Cash,Stage 4,Stage 4,Stage 4 - Confirmed Downtrend,Stage 4 - Confirmed Downtrend,Stage 4 • Stage 4 - Confirmed Downtrend,0.86,Price is below a bearish moving-average stack with falling trend signals.,,,,,watchlist,16.11,0.55,0.03,0.29,True,True,Weak Structure,Exit / Avoid
2026-06-29,NUVAMA.NS,Nuvama Wealth Management Ltd.,Financial Services,Unknown,True,F&O,Not Sure,Stage 2,Pending Stage 2,Pending Stage 2,Not Sure • Pending Stage 2,0.55,Stage 2 pending confirmation: needs 3 raw Stage 2 runs; current count 1.,Stage 2 pending confirmation: needs 3 raw Stage 2 runs; current count 1.,,,Stage 2,watchlist,44.62,0.9,0.44,0.65,False,True,Not Sure,No Action
2026-06-29,NUVOCO.NS,Nuvoco Vistas Corporation Limited,Construction Materials,Unknown,False,Cash,Stage 4,Stage 4,Stage 4 - Weak/Declining,Stage 4 - Weak/Declining,Stage 4 • Stage 4 - Weak/Declining,0.72,Price is below long-term support with weak trend evidence.,,,,,watchlist,16.61,0.48,0.15,0.4,True,True,Weak Structure,Exit / Avoid
2026-06-29,NYKAA.NS,FSN E-Commerce Ventures Limited,Consumer Services,Unknown,True,F&O,Not Sure,Stage 2,Pending Stage 2,Pending Stage 2,Not Sure • Pending Stage 2,0.55,Stage 2 pending confirmation: needs 3 raw Stage 2 runs; current count 1.,Stage 2 pending confirmation: needs 3 raw Stage 2 runs; current count 1.,,,Stage 2,watchlist,63.3,1.6,0.31,1.0,False,False,Not Sure,No Action
2026-06-29,OBEROIRLTY.NS,Oberoi Realty Limited,Realty,Unknown,True,F&O,Not Sure,Stage 2,Pending Stage 2,Pending Stage 2,Not Sure • Pending Stage 2,0.55,Stage 2 pending confirmation: needs 3 raw Stage 2 runs; current count 1.,Stage 2 pending confirmation: needs 3 raw Stage 2 runs; current count 1.,,,Stage 2,watchlist,52.81,1.36,0.33,1.39,False,False,Not Sure,No Action
2026-06-29,OFSS.NS,Oracle Financial Services Software Limited,Information Technology,Unknown,True,F&O,Not Sure,Stage 2,Pending Stage 2,Pending Stage 2,Not Sure • Pending Stage 2,0.55,Stage 2 pending confirmation: needs 3 raw Stage 2 runs; current count 1.,Stage 2 pending confirmation: needs 3 raw Stage 2 runs; current count 1.,,,Stage 2,watchlist,29.93,0.95,0.46,1.41,False,False,Not Sure,No Action
2026-06-29,OIL.NS,Oil India Limited,"Oil, Gas & Consumable Fuels",Unknown,True,F&O,Stage 1,Stage 1,Stage 1 - Unclear/Repair,Stage 1 - Unclear/Repair,Stage 1 • Stage 1 - Unclear/Repair,0.58,Not enough evidence for Stage 2 or Stage 4; classified as repair/unclear structure.,,,,,watchlist,5.06,0.63,0.22,0.66,True,True,Base Building,Watchlist / Early base
2026-06-29,OLAELEC.NS,Ola Electric Mobility Ltd.,Automobile and Auto Components,Unknown,False,Cash,Stage 1,Stage 1,Stage 1 - Early Turn,Stage 1 - Early Turn,Stage 1 • Stage 1 - Early Turn,0.66,The stock is improving from a repair/base area but has not confirmed a clean Stage 2 yet.,,,,,watchlist,38.57,0.84,0.1,0.67,True,True,Base Building,Watchlist / Early base
2026-06-29,OLECTRA.NS,Olectra Greentech Limited,Automobile and Auto Components,Unknown,False,Cash,Not Sure,Stage 2,Pending Stage 2,Pending Stage 2,Not Sure • Pending Stage 2,0.55,Stage 2 pending confirmation: needs 3 raw Stage 2 runs; current count 1.,Stage 2 pending confirmation: needs 3 raw Stage 2 runs; current count 1.,,,Stage 2,watchlist,44.92,1.52,0.26,0.87,False,True,Not Sure,No Action
2026-06-29,ONESOURCE.NS,Onesource Specialty Pharma Ltd.,Healthcare,Unknown,False,Cash,Stage 4,Stage 4,Stage 4 - Weak/Declining,Stage 4 - Weak/Declining,Stage 4 • Stage 4 - Weak/Declining,0.72,Price is below long-term support with weak trend evidence.,,,,,watchlist,19.64,0.38,0.18,0.37,True,True,Weak Structure,Exit / Avoid
2026-06-29,ONGC.NS,Oil & Natural Gas Corporation Limited,"Oil, Gas & Consumable Fuels",Unknown,True,F&O,Stage 1,Stage 1,Stage 1 - Unclear/Repair,Stage 1 - Unclear/Repair,Stage 1 • Stage 1 - Unclear/Repair,0.58,Not enough evidence for Stage 2 or Stage 4; classified as repair/unclear structure.,,,,,watchlist,4.22,0.88,0.35,0.82,False,True,Base Building,Watchlist / Early base
2026-06-29,ORIENTELEC.NS,Orient Electric Limited,Consumer Durables,Unknown,False,Cash,Stage 4,Stage 4,Stage 4 - Weak/Declining,Stage 4 - Weak/Declining,Stage 4 • Stage 4 - Weak/Declining,0.72,Price is below long-term support with weak trend evidence.,,,,,watchlist,23.52,0.65,0.08,0.42,True,True,Weak Structure,Exit / Avoid
2026-06-29,ORISSAMINE.NS,The Orissa Minerals Development Company Limited,Metals & Mining,Unknown,False,Cash,Stage 4,Stage 4,Stage 4 - Weak/Declining,Stage 4 - Weak/Declining,Stage 4 • Stage 4 - Weak/Declining,0.72,Price is below long-term support with weak trend evidence.,,,,,watchlist,21.61,1.0,0.42,0.64,False,True,Weak Structure,Exit / Avoid
2026-06-29,PAGEIND.NS,Page Industries Limited,Textiles,Unknown,True,F&O,Not Sure,Stage 2,Pending Stage 2,Pending Stage 2,Not Sure • Pending Stage 2,0.55,Stage 2 pending confirmation: needs 3 raw Stage 2 runs; current count 1.,Stage 2 pending confirmation: needs 3 raw Stage 2 runs; current count 1.,,,Stage 2,watchlist,61.1,1.19,0.25,1.34,False,False,Not Sure,No Action
2026-06-29,PAISALO.NS,Paisalo Digital Limited,Financial Services,Unknown,False,Cash,Not Sure,Stage 2,Pending Stage 2,Pending Stage 2,Not Sure • Pending Stage 2,0.55,Stage 2 pending confirmation: needs 3 raw Stage 2 runs; current count 1.,Stage 2 pending confirmation: needs 3 raw Stage 2 runs; current count 1.,,,Stage 2,watchlist,60.41,0.45,0.57,0.42,True,True,Not Sure,No Action
2026-06-29,PARADEEP.NS,Paradeep Phosphates Limited,Chemicals,Unknown,False,Cash,Stage 1,Stage 1,Stage 1 - Early Turn,Stage 1 - Early Turn,Stage 1 • Stage 1 - Early Turn,0.66,The stock is improving from a repair/base area but has not confirmed a clean Stage 2 yet.,,,,,watchlist,27.97,0.95,0.18,0.59,False,True,Base Building,Watchlist / Early base
2026-06-29,PATANJALI.NS,Patanjali Foods Ltd.,Fast Moving Consumer Goods,Unknown,True,F&O,Stage 4,Stage 4,Stage 4 - Confirmed Downtrend,Stage 4 - Confirmed Downtrend,Stage 4 • Stage 4 - Confirmed Downtrend,0.86,Price is below a bearish moving-average stack with falling trend signals.,,,,,watchlist,16.61,0.7,0.23,0.67,True,True,Weak Structure,Exit / Avoid
2026-06-29,PATELENG.NS,Patel Engineering Limited,Construction,Unknown,False,Cash,Stage 1,Stage 1,Stage 1 - Early Turn,Stage 1 - Early Turn,Stage 1 • Stage 1 - Early Turn,0.66,The stock is improving from a repair/base area but has not confirmed a clean Stage 2 yet.,,,,,watchlist,34.67,2.65,0.36,3.26,False,False,Base Building,Watchlist / Early base
2026-06-29,PAYTM.NS,One 97 Communications Limited,Financial Services,Unknown,True,F&O,Stage 4,Stage 4,Stage 4 - Weak/Declining,Stage 4 - Weak/Declining,Stage 4 • Stage 4 - Weak/Declining,0.72,Price is below long-term support with weak trend evidence.,,,,,watchlist,24.71,0.71,0.47,0.64,True,True,Weak Structure,Exit / Avoid
2026-06-29,PCBL.NS,PCBL LIMITED,Chemicals,Unknown,False,Cash,Stage 1,Stage 1,Stage 1 - Early Turn,Stage 1 - Early Turn,Stage 1 • Stage 1 - Early Turn,0.66,The stock is improving from a repair/base area but has not confirmed a clean Stage 2 yet.,,,,,watchlist,37.97,1.13,0.17,1.07,False,False,Base Building,Watchlist / Early base
2026-06-29,PDSL.NS,PDS Limited,Textiles,Unknown,False,Cash,Not Sure,Stage 2,Pending Stage 2,Pending Stage 2,Not Sure • Pending Stage 2,0.55,Stage 2 pending confirmation: needs 3 raw Stage 2 runs; current count 1.,Stage 2 pending confirmation: needs 3 raw Stage 2 runs; current count 1.,,,Stage 2,watchlist,58.63,2.09,0.07,1.51,False,False,Not Sure,No Action
2026-06-29,PERSISTENT.NS,Persistent Systems Limited,Information Technology,Unknown,True,F&O,Stage 4,Stage 4,Stage 4 - Confirmed Downtrend,Stage 4 - Confirmed Downtrend,Stage 4 • Stage 4 - Confirmed Downtrend,0.86,Price is below a bearish moving-average stack with falling trend signals.,,,,,watchlist,26.67,1.17,4.46,1.35,False,False,Weak Structure,Exit / Avoid
2026-06-29,PETRONET.NS,Petronet LNG Limited,"Oil, Gas & Consumable Fuels",Unknown,True,F&O,Not Sure,Stage 2,Pending Stage 2,Pending Stage 2,Not Sure • Pending Stage 2,0.55,Stage 2 pending confirmation: needs 3 raw Stage 2 runs; current count 1.,Stage 2 pending confirmation: needs 3 raw Stage 2 runs; current count 1.,,,Stage 2,watchlist,43.06,1.01,0.14,0.74,False,True,Not Sure,No Action
2026-06-29,PFC.NS,Power Finance Corporation Limited,Financial Services,Unknown,True,F&O,Not Sure,Stage 2,Pending Stage 2,Pending Stage 2,Not Sure • Pending Stage 2,0.55,Stage 2 pending confirmation: needs 3 raw Stage 2 runs; current count 1.,Stage 2 pending confirmation: needs 3 raw Stage 2 runs; current count 1.,,,Stage 2,watchlist,30.45,0.94,0.45,1.06,False,False,Not Sure,No Action
2026-06-29,PFIZER.NS,Pfizer Limited,Healthcare,Unknown,False,Cash,Stage 4,Stage 4,Stage 4 - Confirmed Downtrend,Stage 4 - Confirmed Downtrend,Stage 4 • Stage 4 - Confirmed Downtrend,0.86,Price is below a bearish moving-average stack with falling trend signals.,,,,,watchlist,24.46,0.85,0.29,1.02,False,False,Weak Structure,Exit / Avoid
2026-06-29,PGEL.NS,PG Electroplast Limited,Consumer Durables,Unknown,True,F&O,Stage 1,Stage 1,Stage 1 - Early Turn,Stage 1 - Early Turn,Stage 1 • Stage 1 - Early Turn,0.66,The stock is improving from a repair/base area but has not confirmed a clean Stage 2 yet.,,,,,watchlist,29.27,1.32,0.12,0.65,False,True,Base Building,Watchlist / Early base
2026-06-29,PGHH.NS,Procter & Gamble Hygiene and Health Care Limited,Fast Moving Consumer Goods,Unknown,False,Cash,Stage 4,Stage 4,Stage 4 - Confirmed Downtrend,Stage 4 - Confirmed Downtrend,Stage 4 • Stage 4 - Confirmed Downtrend,0.86,Price is below a bearish moving-average stack with falling trend signals.,,,,,watchlist,1.8,1.69,0.15,1.56,False,False,Weak Structure,Exit / Avoid
2026-06-29,PHOENIXLTD.NS,The Phoenix Mills Limited,Realty,Unknown,True,F&O,Not Sure,Stage 2,Pending Stage 2,Pending Stage 2,Not Sure • Pending Stage 2,0.55,Stage 2 pending confirmation: needs 3 raw Stage 2 runs; current count 1.,Stage 2 pending confirmation: needs 3 raw Stage 2 runs; current count 1.,,,Stage 2,watchlist,65.83,1.18,0.35,0.94,False,False,Not Sure,No Action
2026-06-29,PIDILITIND.NS,Pidilite Industries Limited,Chemicals,Unknown,True,F&O,Not Sure,Stage 2,Pending Stage 2,Pending Stage 2,Not Sure • Pending Stage 2,0.55,Stage 2 pending confirmation: needs 3 raw Stage 2 runs; current count 1.,Stage 2 pending confirmation: needs 3 raw Stage 2 runs; current count 1.,,,Stage 2,watchlist,40.95,0.91,0.35,0.87,False,True,Not Sure,No Action
2026-06-29,PIIND.NS,PI Industries Limited,Chemicals,Unknown,True,F&O,Stage 4,Stage 4,Stage 4 - Confirmed Downtrend,Stage 4 - Confirmed Downtrend,Stage 4 • Stage 4 - Confirmed Downtrend,0.86,Price is below a bearish moving-average stack with falling trend signals.,,,,,watchlist,22.74,0.66,0.17,0.62,True,True,Weak Structure,Exit / Avoid
2026-06-29,PILANIINVS.NS,Pilani Investment and Industries Corporation Limited,Financial Services,Unknown,False,Cash,Stage 4,Stage 4,Stage 4 - Confirmed Downtrend,Stage 4 - Confirmed Downtrend,Stage 4 • Stage 4 - Confirmed Downtrend,0.86,Price is below a bearish moving-average stack with falling trend signals.,,,,,watchlist,19.73,0.57,0.13,0.7,True,True,Weak Structure,Exit / Avoid
2026-06-29,PNB.NS,Punjab National Bank,Financial Services,Unknown,True,F&O,Stage 1,Stage 1,Stage 1 - Base/Repair,Stage 1 - Base/Repair,Stage 1 • Stage 1 - Base/Repair,0.7,Price is near long-term moving averages with no strong long-term downtrend signal.,,,,,watchlist,19.35,0.72,0.14,0.61,True,True,Base Building,Watchlist / Early base
2026-06-29,PNBHOUSING.NS,PNB Housing Finance Limited,Financial Services,Unknown,True,F&O,Not Sure,Stage 2,Pending Stage 2,Pending Stage 2,Not Sure • Pending Stage 2,0.55,Stage 2 pending confirmation: needs 3 raw Stage 2 runs; current count 1.,Stage 2 pending confirmation: needs 3 raw Stage 2 runs; current count 1.,,,Stage 2,watchlist,61.24,0.44,0.24,0.51,True,True,Not Sure,No Action
2026-06-29,PNC.NS,Pritish Nandy Communications Limited,"Media, Entertainment & Publication",Unknown,False,Cash,Stage 4,Stage 4,Stage 4 - Weak/Declining,Stage 4 - Weak/Declining,Stage 4 • Stage 4 - Weak/Declining,0.72,Price is below long-term support with weak trend evidence.,,,,,watchlist,15.36,1.45,0.07,0.66,False,True,Weak Structure,Exit / Avoid
2026-06-29,PNCINFRA.NS,PNC Infratech Limited,Construction,Unknown,False,Cash,Stage 1,Stage 1,Stage 1 - Early Turn,Stage 1 - Early Turn,Stage 1 • Stage 1 - Early Turn,0.66,The stock is improving from a repair/base area but has not confirmed a clean Stage 2 yet.,,,,,watchlist,25.54,1.1,0.16,0.8,False,True,Base Building,Watchlist / Early base
2026-06-29,POLICYBZR.NS,PB Fintech Limited,Financial Services,Unknown,True,F&O,Stage 4,Stage 4,Stage 4 - Weak/Declining,Stage 4 - Weak/Declining,Stage 4 • Stage 4 - Weak/Declining,0.72,Price is below long-term support with weak trend evidence.,,,,,watchlist,21.17,0.78,0.6,0.88,True,True,Weak Structure,Exit / Avoid
2026-06-29,POLYCAB.NS,Polycab India Limited,Capital Goods,Unknown,True,F&O,Not Sure,Stage 2,Pending Stage 2,Pending Stage 2,Not Sure • Pending Stage 2,0.55,Stage 2 pending confirmation: needs 3 raw Stage 2 runs; current count 1.,Stage 2 pending confirmation: needs 3 raw Stage 2 runs; current count 1.,,,Stage 2,watchlist,49.32,0.86,0.33,0.69,False,True,Not Sure,No Action
2026-06-29,POLYMED.NS,Poly Medicure Limited,Healthcare,Unknown,False,Cash,Stage 1,Stage 1,Stage 1 - Early Turn,Stage 1 - Early Turn,Stage 1 • Stage 1 - Early Turn,0.66,The stock is improving from a repair/base area but has not confirmed a clean Stage 2 yet.,,,,,watchlist,33.65,0.68,0.11,0.87,True,True,Base Building,Watchlist / Early base
2026-06-29,POONAWALLA.NS,Poonawalla Fincorp Limited,Financial Services,Unknown,False,Cash,Stage 4,Stage 4,Stage 4 - Weak/Declining,Stage 4 - Weak/Declining,Stage 4 • Stage 4 - Weak/Declining,0.72,Price is below long-term support with weak trend evidence.,,,,,watchlist,23.32,1.23,0.27,0.62,False,True,Weak Structure,Exit / Avoid
2026-06-29,POWERGRID.NS,Power Grid Corporation of India Limited,Power,Unknown,True,F&O,Stage 1,Stage 1,Stage 1 - Base/Repair,Stage 1 - Base/Repair,Stage 1 • Stage 1 - Base/Repair,0.7,Price is near long-term moving averages with no strong long-term downtrend signal.,,,,,watchlist,10.9,0.86,0.13,0.95,False,False,Base Building,Watchlist / Early base
2026-06-29,POWERINDIA.NS,Hitachi Energy India Limited,Capital Goods,Unknown,True,F&O,Not Sure,Stage 2,Pending Stage 2,Pending Stage 2,Not Sure • Pending Stage 2,0.55,Stage 2 pending confirmation: needs 3 raw Stage 2 runs; current count 1.,Stage 2 pending confirmation: needs 3 raw Stage 2 runs; current count 1.,,,Stage 2,watchlist,36.09,0.73,0.31,0.78,True,True,Not Sure,No Action
2026-06-29,POWERMECH.NS,Power Mech Projects Limited,Construction,Unknown,False,Cash,Not Sure,Stage 2,Pending Stage 2,Pending Stage 2,Not Sure • Pending Stage 2,0.55,Stage 2 pending confirmation: needs 3 raw Stage 2 runs; current count 1.,Stage 2 pending confirmation: needs 3 raw Stage 2 runs; current count 1.,,,Stage 2,watchlist,31.67,1.35,0.22,1.66,False,False,Not Sure,No Action
2026-06-29,PPLPHARMA.NS,Piramal Pharma Ltd.,Healthcare,Unknown,False,Cash,Stage 4,Stage 4,Stage 4 - Weak/Declining,Stage 4 - Weak/Declining,Stage 4 • Stage 4 - Weak/Declining,0.72,Price is below long-term support with weak trend evidence.,,,,,watchlist,20.52,1.93,0.27,3.39,False,False,Weak Structure,Exit / Avoid
2026-06-29,PRAJIND.NS,Praj Industries Limited,Capital Goods,Unknown,False,Cash,Not Sure,Not Sure,Not Sure,Not Sure,Not Sure,0.0,Stage rules did not identify a reliable structure.,No confident stage classification.,,,,watchlist,22.07,0.47,0.24,0.42,True,True,Not Sure,No Action
2026-06-29,PREMIERENE.NS,Premier Energies Ltd.,Capital Goods,Unknown,True,F&O,Not Sure,Stage 2,Pending Stage 2,Pending Stage 2,Not Sure • Pending Stage 2,0.55,Stage 2 pending confirmation: needs 3 raw Stage 2 runs; current count 1.,Stage 2 pending confirmation: needs 3 raw Stage 2 runs; current count 1.,,,Stage 2,watchlist,47.19,0.58,0.1,0.49,True,True,Not Sure,No Action
2026-06-29,PRESTIGE.NS,Prestige Estates Projects Ltd.,Realty,Unknown,True,F&O,Stage 1,Stage 1,Stage 1 - Early Turn,Stage 1 - Early Turn,Stage 1 • Stage 1 - Early Turn,0.66,The stock is improving from a repair/base area but has not confirmed a clean Stage 2 yet.,,,,,watchlist,34.35,1.41,0.13,1.27,False,False,Base Building,Watchlist / Early base
2026-06-29,PRICOLLTD.NS,Pricol Limited,Automobile and Auto Components,Unknown,False,Cash,Stage 1,Stage 1,Stage 1 - Early Turn,Stage 1 - Early Turn,Stage 1 • Stage 1 - Early Turn,0.66,The stock is improving from a repair/base area but has not confirmed a clean Stage 2 yet.,,,,,watchlist,24.29,0.84,0.59,0.96,True,False,Base Building,Watchlist / Early base
2026-06-29,PRINCEPIPE.NS,Prince Pipes And Fittings Limited,Capital Goods,Unknown,False,Cash,Stage 1,Stage 1,Stage 1 - Early Turn,Stage 1 - Early Turn,Stage 1 • Stage 1 - Early Turn,0.66,The stock is improving from a repair/base area but has not confirmed a clean Stage 2 yet.,,,,,watchlist,32.82,0.7,0.1,0.72,True,True,Base Building,Watchlist / Early base
2026-06-29,PRIVISCL.NS,Privi Speciality Chemicals Limited,Chemicals,Unknown,False,Cash,Not Sure,Stage 2,Pending Stage 2,Pending Stage 2,Not Sure • Pending Stage 2,0.55,Stage 2 pending confirmation: needs 3 raw Stage 2 runs; current count 1.,Stage 2 pending confirmation: needs 3 raw Stage 2 runs; current count 1.,,,Stage 2,watchlist,68.54,0.84,0.29,0.9,True,True,Not Sure,No Action
2026-06-29,PRSMJOHNSN.NS,Prism Johnson Limited,Construction Materials,Unknown,False,Cash,Stage 4,Stage 4,Stage 4 - Confirmed Downtrend,Stage 4 - Confirmed Downtrend,Stage 4 • Stage 4 - Confirmed Downtrend,0.86,Price is below a bearish moving-average stack with falling trend signals.,,,,,watchlist,5.61,0.19,0.09,0.18,True,True,Weak Structure,Exit / Avoid
2026-06-29,PRUDENT.NS,Prudent Corporate Advisory Services Limited,Financial Services,Unknown,False,Cash,Not Sure,Stage 2,Pending Stage 2,Pending Stage 2,Not Sure • Pending Stage 2,0.55,Stage 2 pending confirmation: needs 3 raw Stage 2 runs; current count 1.,Stage 2 pending confirmation: needs 3 raw Stage 2 runs; current count 1.,,,Stage 2,watchlist,62.43,0.92,0.16,0.88,False,True,Not Sure,No Action
2026-06-29,PSB.NS,Punjab & Sind Bank,Financial Services,Unknown,False,Cash,Stage 4,Stage 4,Stage 4 - Weak/Declining,Stage 4 - Weak/Declining,Stage 4 • Stage 4 - Weak/Declining,0.72,Price is below long-term support with weak trend evidence.,,,,,watchlist,33.62,1.58,0.2,0.79,False,True,Weak Structure,Exit / Avoid
2026-06-29,PTCIL.NS,PTC Industries Limited,Capital Goods,Unknown,False,Cash,Stage 1,Stage 1,Stage 1 - Base/Repair,Stage 1 - Base/Repair,Stage 1 • Stage 1 - Base/Repair,0.7,Price is near long-term moving averages with no strong long-term downtrend signal.,,,,,watchlist,22.79,0.95,0.24,0.65,False,True,Base Building,Watchlist / Early base
2026-06-29,PURVA.NS,Puravankara Limited,Realty,Unknown,False,Cash,Stage 4,Stage 4,Stage 4 - Weak/Declining,Stage 4 - Weak/Declining,Stage 4 • Stage 4 - Weak/Declining,0.72,Price is below long-term support with weak trend evidence.,,,,,watchlist,16.45,0.38,0.51,0.33,True,True,Weak Structure,Exit / Avoid
2026-06-29,PVRINOX.NS,PVR INOX Limited,"Media, Entertainment & Publication",Unknown,False,Cash,Stage 4,Stage 4,Stage 4 - Weak/Declining,Stage 4 - Weak/Declining,Stage 4 • Stage 4 - Weak/Declining,0.72,Price is below long-term support with weak trend evidence.,,,,,watchlist,12.01,0.68,0.23,0.64,True,True,Weak Structure,Exit / Avoid
2026-06-29,QUESS.NS,Quess Corp Limited,Services,Unknown,False,Cash,Not Sure,Stage 2,Pending Stage 2,Pending Stage 2,Not Sure • Pending Stage 2,0.55,Stage 2 pending confirmation: needs 3 raw Stage 2 runs; current count 1.,Stage 2 pending confirmation: needs 3 raw Stage 2 runs; current count 1.,,,Stage 2,watchlist,46.15,0.31,0.05,0.23,True,True,Not Sure,No Action
2026-06-29,RACE.NS,Race Eco Chain Limited,Utilities,Unknown,False,Cash,Stage 4,Stage 4,Stage 4 - Confirmed Downtrend,Stage 4 - Confirmed Downtrend,Stage 4 • Stage 4 - Confirmed Downtrend,0.86,Price is below a bearish moving-average stack with falling trend signals.,,,,,watchlist,32.21,0.21,0.02,0.24,True,True,Weak Structure,Exit / Avoid
2026-06-29,RADICO.NS,Radico Khaitan Limited,Fast Moving Consumer Goods,Unknown,False,Cash,Not Sure,Stage 2,Pending Stage 2,Pending Stage 2,Not Sure • Pending Stage 2,0.55,Stage 2 pending confirmation: needs 3 raw Stage 2 runs; current count 1.,Stage 2 pending confirmation: needs 3 raw Stage 2 runs; current count 1.,,,Stage 2,watchlist,37.65,1.0,0.38,0.62,False,True,Not Sure,No Action
2026-06-29,RAILTEL.NS,Railtel Corporation Of India Limited,Telecommunication,Unknown,False,Cash,Stage 4,Stage 4,Stage 4 - Weak/Declining,Stage 4 - Weak/Declining,Stage 4 • Stage 4 - Weak/Declining,0.72,Price is below long-term support with weak trend evidence.,,,,,watchlist,36.27,0.72,0.2,0.55,True,True,Weak Structure,Exit / Avoid
2026-06-29,RAIN.NS,Rain Industries Limited,Chemicals,Unknown,False,Cash,Not Sure,Stage 2,Pending Stage 2,Pending Stage 2,Not Sure • Pending Stage 2,0.55,Stage 2 pending confirmation: needs 3 raw Stage 2 runs; current count 1.,Stage 2 pending confirmation: needs 3 raw Stage 2 runs; current count 1.,,,Stage 2,watchlist,52.72,0.73,0.12,0.49,True,True,Not Sure,No Action
2026-06-29,RAINBOW.NS,Rainbow Childrens Medicare Limited,Healthcare,Unknown,False,Cash,Not Sure,Stage 2,Pending Stage 2,Pending Stage 2,Not Sure • Pending Stage 2,0.55,Stage 2 pending confirmation: needs 3 raw Stage 2 runs; current count 1.,Stage 2 pending confirmation: needs 3 raw Stage 2 runs; current count 1.,,,Stage 2,watchlist,60.69,0.84,0.17,0.54,True,True,Not Sure,No Action
2026-06-29,RAJESHEXPO.NS,Rajesh Exports Limited,Consumer Durables,Unknown,False,Cash,Stage 4,Stage 4,Stage 4 - Confirmed Downtrend,Stage 4 - Confirmed Downtrend,Stage 4 • Stage 4 - Confirmed Downtrend,0.86,Price is below a bearish moving-average stack with falling trend signals.,,,,,watchlist,0.0,2.38,0.1,0.71,False,True,Weak Structure,Exit / Avoid
2026-06-29,RAJRATAN.NS,Rajratan Global Wire Limited,Automobile and Auto Components,Unknown,False,Cash,Not Sure,Stage 2,Pending Stage 2,Pending Stage 2,Not Sure • Pending Stage 2,0.55,Stage 2 pending confirmation: needs 3 raw Stage 2 runs; current count 1.,Stage 2 pending confirmation: needs 3 raw Stage 2 runs; current count 1.,,,Stage 2,watchlist,46.82,0.57,0.11,0.59,True,True,Not Sure,No Action
2026-06-29,RALLIS.NS,Rallis India Limited,Chemicals,Unknown,False,Cash,Stage 4,Stage 4,Stage 4 - Confirmed Downtrend,Stage 4 - Confirmed Downtrend,Stage 4 • Stage 4 - Confirmed Downtrend,0.86,Price is below a bearish moving-average stack with falling trend signals.,,,,,watchlist,28.92,1.19,0.22,1.06,False,False,Weak Structure,Exit / Avoid
2026-06-29,RAMCOCEM.NS,The Ramco Cements Limited,Construction Materials,Unknown,False,Cash,Stage 4,Stage 4,Stage 4 - Weak/Declining,Stage 4 - Weak/Declining,Stage 4 • Stage 4 - Weak/Declining,0.72,Price is below long-term support with weak trend evidence.,,,,,watchlist,25.14,0.96,1.22,1.19,False,False,Weak Structure,Exit / Avoid
2026-06-29,RAMKY.NS,Ramky Infrastructure Limited,Construction,Unknown,False,Cash,Stage 4,Stage 4,Stage 4 - Confirmed Downtrend,Stage 4 - Confirmed Downtrend,Stage 4 • Stage 4 - Confirmed Downtrend,0.86,Price is below a bearish moving-average stack with falling trend signals.,,,,,watchlist,6.48,0.9,0.11,0.91,False,False,Weak Structure,Exit / Avoid
2026-06-29,RATEGAIN.NS,Rategain Travel Technologies Limited,Information Technology,Unknown,False,Cash,Not Sure,Stage 2,Pending Stage 2,Pending Stage 2,Not Sure • Pending Stage 2,0.55,Stage 2 pending confirmation: needs 3 raw Stage 2 runs; current count 1.,Stage 2 pending confirmation: needs 3 raw Stage 2 runs; current count 1.,,,Stage 2,watchlist,44.43,0.74,0.1,0.35,True,True,Not Sure,No Action
2026-06-29,RATNAMANI.NS,Ratnamani Metals & Tubes Limited,Capital Goods,Unknown,False,Cash,Not Sure,Stage 2,Pending Stage 2,Pending Stage 2,Not Sure • Pending Stage 2,0.55,Stage 2 pending confirmation: needs 3 raw Stage 2 runs; current count 1.,Stage 2 pending confirmation: needs 3 raw Stage 2 runs; current count 1.,,,Stage 2,watchlist,48.19,0.64,0.6,0.38,True,True,Not Sure,No Action
2026-06-29,RAYMOND.NS,Raymond Limited,Textiles,Unknown,False,Cash,Not Sure,Stage 2,Pending Stage 2,Pending Stage 2,Not Sure • Pending Stage 2,0.55,Stage 2 pending confirmation: needs 3 raw Stage 2 runs; current count 1.,Stage 2 pending confirmation: needs 3 raw Stage 2 runs; current count 1.,,,Stage 2,watchlist,39.99,0.58,0.14,0.62,True,True,Not Sure,No Action
2026-06-29,RBA.NS,Restaurant Brands Asia Limited,Consumer Services,Unknown,False,Cash,Not Sure,Stage 2,Pending Stage 2,Pending Stage 2,Not Sure • Pending Stage 2,0.55,Stage 2 pending confirmation: needs 3 raw Stage 2 runs; current count 1.,Stage 2 pending confirmation: needs 3 raw Stage 2 runs; current count 1.,,,Stage 2,watchlist,28.79,3.31,0.14,3.57,False,False,Not Sure,No Action
2026-06-29,RBLBANK.NS,RBL Bank Limited,Financial Services,Unknown,True,F&O,Not Sure,Stage 2,Pending Stage 2,Pending Stage 2,Not Sure • Pending Stage 2,0.55,Stage 2 pending confirmation: needs 3 raw Stage 2 runs; current count 1.,Stage 2 pending confirmation: needs 3 raw Stage 2 runs; current count 1.,,,Stage 2,watchlist,54.49,1.05,0.17,1.03,False,False,Not Sure,No Action
2026-06-29,RCF.NS,Rashtriya Chemicals and Fertilizers Limited,Chemicals,Unknown,False,Cash,Stage 1,Stage 1,Stage 1 - Early Turn,Stage 1 - Early Turn,Stage 1 • Stage 1 - Early Turn,0.66,The stock is improving from a repair/base area but has not confirmed a clean Stage 2 yet.,,,,,watchlist,39.09,1.54,0.19,0.78,False,True,Base Building,Watchlist / Early base
2026-06-29,RECLTD.NS,REC Limited,Financial Services,Unknown,True,F&O,Not Sure,Stage 2,Pending Stage 2,Pending Stage 2,Not Sure • Pending Stage 2,0.55,Stage 2 pending confirmation: needs 3 raw Stage 2 runs; current count 1.,Stage 2 pending confirmation: needs 3 raw Stage 2 runs; current count 1.,,,Stage 2,watchlist,60.44,0.83,0.87,1.09,True,False,Not Sure,No Action
2026-06-29,REDINGTON.NS,Redington Limited,Services,Unknown,False,Cash,Not Sure,Stage 2,Pending Stage 2,Pending Stage 2,Not Sure • Pending Stage 2,0.55,Stage 2 pending confirmation: needs 3 raw Stage 2 runs; current count 1.,Stage 2 pending confirmation: needs 3 raw Stage 2 runs; current count 1.,,,Stage 2,watchlist,55.99,1.8,0.22,0.66,False,True,Not Sure,No Action
2026-06-29,REDTAPE.NS,Redtape Limited,Consumer Durables,Unknown,False,Cash,Not Sure,Stage 2,Pending Stage 2,Pending Stage 2,Not Sure • Pending Stage 2,0.55,Stage 2 pending confirmation: needs 3 raw Stage 2 runs; current count 1.,Stage 2 pending confirmation: needs 3 raw Stage 2 runs; current count 1.,,,Stage 2,watchlist,32.43,0.38,0.06,0.39,True,True,Not Sure,No Action
2026-06-29,RELAXO.NS,Relaxo Footwears Limited,Consumer Durables,Unknown,False,Cash,Stage 1,Stage 1,Stage 1 - Early Turn,Stage 1 - Early Turn,Stage 1 • Stage 1 - Early Turn,0.66,The stock is improving from a repair/base area but has not confirmed a clean Stage 2 yet.,,,,,watchlist,31.39,2.99,0.99,5.93,False,False,Base Building,Watchlist / Early base
2026-06-29,RELIANCE.NS,Reliance Industries Limited,"Oil, Gas & Consumable Fuels",Unknown,True,F&O,Stage 4,Stage 4,Stage 4 - Confirmed Downtrend,Stage 4 - Confirmed Downtrend,Stage 4 • Stage 4 - Confirmed Downtrend,0.86,Price is below a bearish moving-average stack with falling trend signals.,,,,,watchlist,4.79,0.83,0.16,0.64,True,True,Weak Structure,Exit / Avoid
2026-06-29,RELIGARE.NS,Religare Enterprises Limited,Financial Services,Unknown,False,Cash,Not Sure,Stage 2,Pending Stage 2,Pending Stage 2,Not Sure • Pending Stage 2,0.55,Stage 2 pending confirmation: needs 3 raw Stage 2 runs; current count 1.,Stage 2 pending confirmation: needs 3 raw Stage 2 runs; current count 1.,,,Stage 2,watchlist,36.01,1.28,0.11,1.36,False,False,Not Sure,No Action
2026-06-29,RENUKA.NS,Shree Renuka Sugars Limited,Fast Moving Consumer Goods,Unknown,False,Cash,Stage 4,Stage 4,Stage 4 - Confirmed Downtrend,Stage 4 - Confirmed Downtrend,Stage 4 • Stage 4 - Confirmed Downtrend,0.86,Price is below a bearish moving-average stack with falling trend signals.,,,,,watchlist,0.0,0.96,0.13,0.32,False,True,Weak Structure,Exit / Avoid
2026-06-29,RESPONIND.NS,Responsive Industries Limited,Consumer Durables,Unknown,False,Cash,Stage 1,Stage 1,Stage 1 - Early Turn,Stage 1 - Early Turn,Stage 1 • Stage 1 - Early Turn,0.66,The stock is improving from a repair/base area but has not confirmed a clean Stage 2 yet.,,,,,watchlist,15.62,1.24,0.04,1.46,False,False,Base Building,Watchlist / Early base
2026-06-29,RHIM.NS,RHI MAGNESITA INDIA LIMITED,Capital Goods,Unknown,False,Cash,Stage 4,Stage 4,Stage 4 - Weak/Declining,Stage 4 - Weak/Declining,Stage 4 • Stage 4 - Weak/Declining,0.72,Price is below long-term support with weak trend evidence.,,,,,watchlist,26.11,0.38,0.05,0.4,True,True,Weak Structure,Exit / Avoid
2026-06-29,RITES.NS,RITES Limited,Construction,Unknown,False,Cash,Stage 4,Stage 4,Stage 4 - Weak/Declining,Stage 4 - Weak/Declining,Stage 4 • Stage 4 - Weak/Declining,0.72,Price is below long-term support with weak trend evidence.,,,,,watchlist,28.05,0.61,0.16,0.65,True,True,Weak Structure,Exit / Avoid
2026-06-29,RKFORGE.NS,Ramkrishna Forgings Limited,Capital Goods,Unknown,False,Cash,Not Sure,Stage 2,Pending Stage 2,Pending Stage 2,Not Sure • Pending Stage 2,0.55,Stage 2 pending confirmation: needs 3 raw Stage 2 runs; current count 1.,Stage 2 pending confirmation: needs 3 raw Stage 2 runs; current count 1.,,,Stage 2,watchlist,49.24,0.43,0.11,0.4,True,True,Not Sure,No Action
2026-06-29,ROLEXRINGS.NS,Rolex Rings Limited,Automobile and Auto Components,Unknown,False,Cash,Not Sure,Stage 2,Pending Stage 2,Pending Stage 2,Not Sure • Pending Stage 2,0.55,Stage 2 pending confirmation: needs 3 raw Stage 2 runs; current count 1.,Stage 2 pending confirmation: needs 3 raw Stage 2 runs; current count 1.,,,Stage 2,watchlist,53.6,0.18,0.25,0.18,True,True,Not Sure,No Action
2026-06-29,ROSSARI.NS,Rossari Biotech Limited,Chemicals,Unknown,False,Cash,Stage 1,Stage 1,Stage 1 - Early Turn,Stage 1 - Early Turn,Stage 1 • Stage 1 - Early Turn,0.66,The stock is improving from a repair/base area but has not confirmed a clean Stage 2 yet.,,,,,watchlist,40.85,0.74,0.21,0.57,True,True,Base Building,Watchlist / Early base
2026-06-29,ROUTE.NS,ROUTE MOBILE LIMITED,Telecommunication,Unknown,False,Cash,Stage 4,Stage 4,Stage 4 - Weak/Declining,Stage 4 - Weak/Declining,Stage 4 • Stage 4 - Weak/Declining,0.72,Price is below long-term support with weak trend evidence.,,,,,watchlist,26.11,0.59,0.16,0.33,True,True,Weak Structure,Exit / Avoid
2026-06-29,RPOWER.NS,Reliance Power Limited,Power,Unknown,False,Cash,Stage 4,Stage 4,Stage 4 - Weak/Declining,Stage 4 - Weak/Declining,Stage 4 • Stage 4 - Weak/Declining,0.72,Price is below long-term support with weak trend evidence.,,,,,watchlist,12.75,0.71,0.29,0.68,True,True,Weak Structure,Exit / Avoid
2026-06-29,RRKABEL.NS,R R Kabel Limited,Capital Goods,Unknown,False,Cash,Not Sure,Stage 2,Pending Stage 2,Pending Stage 2,Not Sure • Pending Stage 2,0.55,Stage 2 pending confirmation: needs 3 raw Stage 2 runs; current count 1.,Stage 2 pending confirmation: needs 3 raw Stage 2 runs; current count 1.,,,Stage 2,watchlist,65.34,0.98,0.38,0.83,False,True,Not Sure,No Action
2026-06-29,RSYSTEMS.NS,R Systems International Limited,Information Technology,Unknown,False,Cash,Stage 4,Stage 4,Stage 4 - Confirmed Downtrend,Stage 4 - Confirmed Downtrend,Stage 4 • Stage 4 - Confirmed Downtrend,0.86,Price is below a bearish moving-average stack with falling trend signals.,,,,,watchlist,23.37,0.48,0.13,0.47,True,True,Weak Structure,Exit / Avoid
2026-06-29,RTNINDIA.NS,RattanIndia Enterprises Limited,Services,Unknown,False,Cash,Stage 4,Stage 4,Stage 4 - Weak/Declining,Stage 4 - Weak/Declining,Stage 4 • Stage 4 - Weak/Declining,0.72,Price is below long-term support with weak trend evidence.,,,,,watchlist,31.93,0.66,0.17,0.51,True,True,Weak Structure,Exit / Avoid
2026-06-29,RTNPOWER.NS,RattanIndia Power Limited,Power,Unknown,False,Cash,Stage 4,Stage 4,Stage 4 - Weak/Declining,Stage 4 - Weak/Declining,Stage 4 • Stage 4 - Weak/Declining,0.72,Price is below long-term support with weak trend evidence.,,,,,watchlist,13.33,0.59,0.23,0.53,True,True,Weak Structure,Exit / Avoid
2026-06-29,RUSTOMJEE.NS,Keystone Realtors Limited,Realty,Unknown,False,Cash,Stage 4,Stage 4,Stage 4 - Weak/Declining,Stage 4 - Weak/Declining,Stage 4 • Stage 4 - Weak/Declining,0.72,Price is below long-term support with weak trend evidence.,,,,,watchlist,16.11,0.83,0.08,0.25,True,True,Weak Structure,Exit / Avoid
2026-06-29,RVNL.NS,Rail Vikas Nigam Limited,Construction,Unknown,True,F&O,Stage 4,Stage 4,Stage 4 - Confirmed Downtrend,Stage 4 - Confirmed Downtrend,Stage 4 • Stage 4 - Confirmed Downtrend,0.86,Price is below a bearish moving-average stack with falling trend signals.,,,,,watchlist,18.11,0.88,0.14,0.78,False,True,Weak Structure,Exit / Avoid
2026-06-29,SAFARI.NS,Safari Industries (India) Limited,Consumer Durables,Unknown,False,Cash,Stage 4,Stage 4,Stage 4 - Weak/Declining,Stage 4 - Weak/Declining,Stage 4 • Stage 4 - Weak/Declining,0.72,Price is below long-term support with weak trend evidence.,,,,,watchlist,28.21,0.51,0.16,0.36,True,True,Weak Structure,Exit / Avoid
2026-06-29,SAGILITY.NS,Sagility Ltd.,Information Technology,Unknown,False,Cash,Stage 4,Stage 4,Stage 4 - Confirmed Downtrend,Stage 4 - Confirmed Downtrend,Stage 4 • Stage 4 - Confirmed Downtrend,0.86,Price is below a bearish moving-average stack with falling trend signals.,,,,,watchlist,0.36,0.95,0.21,0.82,False,True,Weak Structure,Exit / Avoid
2026-06-29,SAIL.NS,Steel Authority of India Limited,Metals & Mining,Unknown,True,F&O,Not Sure,Stage 2,Pending Stage 2,Pending Stage 2,Not Sure • Pending Stage 2,0.55,Stage 2 pending confirmation: needs 3 raw Stage 2 runs; current count 1.,Stage 2 pending confirmation: needs 3 raw Stage 2 runs; current count 1.,,,Stage 2,watchlist,24.49,0.66,0.22,0.64,True,True,Not Sure,No Action
2026-06-29,SAILIFE.NS,Sai Life Sciences Ltd.,Healthcare,Unknown,False,Cash,Not Sure,Stage 2,Pending Stage 2,Pending Stage 2,Not Sure • Pending Stage 2,0.55,Stage 2 pending confirmation: needs 3 raw Stage 2 runs; current count 1.,Stage 2 pending confirmation: needs 3 raw Stage 2 runs; current count 1.,,,Stage 2,watchlist,59.48,0.63,0.22,0.75,True,True,Not Sure,No Action
2026-06-29,SAKSOFT.NS,Saksoft Limited,Information Technology,Unknown,False,Cash,Stage 1,Stage 1,Stage 1 - Early Turn,Stage 1 - Early Turn,Stage 1 • Stage 1 - Early Turn,0.66,The stock is improving from a repair/base area but has not confirmed a clean Stage 2 yet.,,,,,watchlist,18.89,3.5,6.67,8.16,False,False,Base Building,Watchlist / Early base
2026-06-29,SALASAR.NS,Salasar Techno Engineering Limited,Capital Goods,Unknown,False,Cash,Stage 4,Stage 4,Stage 4 - Weak/Declining,Stage 4 - Weak/Declining,Stage 4 • Stage 4 - Weak/Declining,0.72,Price is below long-term support with weak trend evidence.,,,,,watchlist,14.35,2.55,0.5,4.55,False,False,Weak Structure,Exit / Avoid
2026-06-29,SAMHI.NS,Samhi Hotels Limited,Consumer Services,Unknown,False,Cash,Stage 1,Stage 1,Stage 1 - Early Turn,Stage 1 - Early Turn,Stage 1 • Stage 1 - Early Turn,0.66,The stock is improving from a repair/base area but has not confirmed a clean Stage 2 yet.,,,,,watchlist,30.36,1.67,0.26,2.35,False,False,Base Building,Watchlist / Early base
2026-06-29,SAMMAANCAP.NS,Sammaan Capital Ltd.,Financial Services,Unknown,True,F&O,Not Sure,Stage 2,Pending Stage 2,Pending Stage 2,Not Sure • Pending Stage 2,0.55,Stage 2 pending confirmation: needs 3 raw Stage 2 runs; current count 1.,Stage 2 pending confirmation: needs 3 raw Stage 2 runs; current count 1.,,,Stage 2,watchlist,58.66,0.61,0.26,0.53,True,True,Not Sure,No Action
2026-06-29,SANDUMA.NS,Sandur Manganese & Iron Ores Limited,"Oil, Gas & Consumable Fuels",Unknown,False,Cash,Stage 1,Stage 1,Stage 1 - Base/Repair,Stage 1 - Base/Repair,Stage 1 • Stage 1 - Base/Repair,0.7,Price is near long-term moving averages with no strong long-term downtrend signal.,,,,,watchlist,19.11,0.36,0.11,0.27,True,True,Base Building,Watchlist / Early base
2026-06-29,SANGHVIMOV.NS,Sanghvi Movers Limited,Capital Goods,Unknown,False,Cash,Not Sure,Stage 2,Pending Stage 2,Pending Stage 2,Not Sure • Pending Stage 2,0.55,Stage 2 pending confirmation: needs 3 raw Stage 2 runs; current count 1.,Stage 2 pending confirmation: needs 3 raw Stage 2 runs; current count 1.,,,Stage 2,watchlist,48.79,1.09,0.16,0.88,False,True,Not Sure,No Action
2026-06-29,SANOFI.NS,Sanofi India Limited,Healthcare,Unknown,False,Cash,Stage 4,Stage 4,Stage 4 - Weak/Declining,Stage 4 - Weak/Declining,Stage 4 • Stage 4 - Weak/Declining,0.72,Price is below long-term support with weak trend evidence.,,,,,watchlist,37.67,0.95,0.2,0.78,False,True,Weak Structure,Exit / Avoid
2026-06-29,SANSERA.NS,Sansera Engineering Limited,Automobile and Auto Components,Unknown,False,Cash,Not Sure,Stage 2,Pending Stage 2,Pending Stage 2,Not Sure • Pending Stage 2,0.55,Stage 2 pending confirmation: needs 3 raw Stage 2 runs; current count 1.,Stage 2 pending confirmation: needs 3 raw Stage 2 runs; current count 1.,,,Stage 2,watchlist,35.59,1.2,0.27,1.77,False,False,Not Sure,No Action
2026-06-29,SAPPHIRE.NS,Sapphire Foods India Limited,Consumer Services,Unknown,False,Cash,Stage 4,Stage 4,Stage 4 - Weak/Declining,Stage 4 - Weak/Declining,Stage 4 • Stage 4 - Weak/Declining,0.72,Price is below long-term support with weak trend evidence.,,,,,watchlist,25.73,0.76,0.13,0.23,True,True,Weak Structure,Exit / Avoid
2026-06-29,SARDAEN.NS,Sarda Energy & Minerals Limited,Metals & Mining,Unknown,False,Cash,Stage 4,Stage 4,Stage 4 - Weak/Declining,Stage 4 - Weak/Declining,Stage 4 • Stage 4 - Weak/Declining,0.72,Price is below long-term support with weak trend evidence.,,,,,watchlist,9.88,0.47,0.19,0.49,True,True,Weak Structure,Exit / Avoid
2026-06-29,SAREGAMA.NS,Saregama India Limited,"Media, Entertainment & Publication",Unknown,False,Cash,Not Sure,Stage 2,Pending Stage 2,Pending Stage 2,Not Sure • Pending Stage 2,0.55,Stage 2 pending confirmation: needs 3 raw Stage 2 runs; current count 1.,Stage 2 pending confirmation: needs 3 raw Stage 2 runs; current count 1.,,,Stage 2,watchlist,61.26,0.15,0.04,0.15,True,True,Not Sure,No Action
2026-06-29,SBFC.NS,SBFC Finance Limited,Financial Services,Unknown,False,Cash,Stage 4,Stage 4,Stage 4 - Weak/Declining,Stage 4 - Weak/Declining,Stage 4 • Stage 4 - Weak/Declining,0.72,Price is below long-term support with weak trend evidence.,,,,,watchlist,15.24,1.03,0.15,1.03,False,False,Weak Structure,Exit / Avoid
2026-06-29,SBICARD.NS,SBI Cards and Payment Services Limited,Financial Services,Unknown,True,F&O,Stage 4,Stage 4,Stage 4 - Confirmed Downtrend,Stage 4 - Confirmed Downtrend,Stage 4 • Stage 4 - Confirmed Downtrend,0.86,Price is below a bearish moving-average stack with falling trend signals.,,,,,watchlist,24.17,0.92,0.23,0.98,False,False,Weak Structure,Exit / Avoid
2026-06-29,SBILIFE.NS,SBI Life Insurance Company Limited,Financial Services,Unknown,True,F&O,Stage 4,Stage 4,Stage 4 - Weak/Declining,Stage 4 - Weak/Declining,Stage 4 • Stage 4 - Weak/Declining,0.72,Price is below long-term support with weak trend evidence.,,,,,watchlist,31.16,0.68,0.31,0.64,True,True,Weak Structure,Exit / Avoid
2026-06-29,SBIN.NS,State Bank of India,Financial Services,Unknown,True,F&O,Stage 1,Stage 1,Stage 1 - Base/Repair,Stage 1 - Base/Repair,Stage 1 • Stage 1 - Base/Repair,0.7,Price is near long-term moving averages with no strong long-term downtrend signal.,,,,,watchlist,40.58,0.64,0.19,0.62,True,True,Base Building,Watchlist / Early base
2026-06-29,SCHAEFFLER.NS,Schaeffler India Limited,Automobile and Auto Components,Unknown,False,Cash,Not Sure,Stage 2,Pending Stage 2,Pending Stage 2,Not Sure • Pending Stage 2,0.55,Stage 2 pending confirmation: needs 3 raw Stage 2 runs; current count 1.,Stage 2 pending confirmation: needs 3 raw Stage 2 runs; current count 1.,,,Stage 2,watchlist,54.28,1.07,0.22,0.99,False,False,Not Sure,No Action
2026-06-29,SCHNEIDER.NS,Schneider Electric Infrastructure Limited,Capital Goods,Unknown,False,Cash,Not Sure,Stage 2,Pending Stage 2,Pending Stage 2,Not Sure • Pending Stage 2,0.55,Stage 2 pending confirmation: needs 3 raw Stage 2 runs; current count 1.,Stage 2 pending confirmation: needs 3 raw Stage 2 runs; current count 1.,,,Stage 2,watchlist,66.17,1.69,0.35,1.39,False,False,Not Sure,No Action
2026-06-29,SCI.NS,Shipping Corporation Of India Limited,Services,Unknown,False,Cash,Not Sure,Stage 2,Pending Stage 2,Pending Stage 2,Not Sure • Pending Stage 2,0.55,Stage 2 pending confirmation: needs 3 raw Stage 2 runs; current count 1.,Stage 2 pending confirmation: needs 3 raw Stage 2 runs; current count 1.,,,Stage 2,watchlist,31.62,0.74,0.16,0.76,True,True,Not Sure,No Action
2026-06-29,SENCO.NS,Senco Gold Limited,Consumer Durables,Unknown,False,Cash,Stage 4,Stage 4,Stage 4 - Weak/Declining,Stage 4 - Weak/Declining,Stage 4 • Stage 4 - Weak/Declining,0.72,Price is below long-term support with weak trend evidence.,,,,,watchlist,16.96,0.47,0.16,0.34,True,True,Weak Structure,Exit / Avoid
2026-06-29,SFL.NS,Sheela Foam Limited,Consumer Durables,Unknown,False,Cash,Not Sure,Stage 2,Pending Stage 2,Pending Stage 2,Not Sure • Pending Stage 2,0.55,Stage 2 pending confirmation: needs 3 raw Stage 2 runs; current count 1.,Stage 2 pending confirmation: needs 3 raw Stage 2 runs; current count 1.,,,Stage 2,watchlist,56.93,0.53,0.06,0.61,True,True,Not Sure,No Action
2026-06-29,SHANTIGEAR.NS,Shanthi Gears Limited,Capital Goods,Unknown,False,Cash,Stage 4,Stage 4,Stage 4 - Weak/Declining,Stage 4 - Weak/Declining,Stage 4 • Stage 4 - Weak/Declining,0.72,Price is below long-term support with weak trend evidence.,,,,,watchlist,27.73,1.37,0.1,1.48,False,False,Weak Structure,Exit / Avoid
2026-06-29,SHARDACROP.NS,Sharda Cropchem Limited,Chemicals,Unknown,False,Cash,Stage 4,Stage 4,Stage 4 - Weak/Declining,Stage 4 - Weak/Declining,Stage 4 • Stage 4 - Weak/Declining,0.72,Price is below long-term support with weak trend evidence.,,,,,watchlist,31.12,0.42,0.12,0.31,True,True,Weak Structure,Exit / Avoid
2026-06-29,SHARDAMOTR.NS,Sharda Motor Industries Limited,Automobile and Auto Components,Unknown,False,Cash,Stage 4,Stage 4,Stage 4 - Weak/Declining,Stage 4 - Weak/Declining,Stage 4 • Stage 4 - Weak/Declining,0.72,Price is below long-term support with weak trend evidence.,,,,,watchlist,24.04,0.63,0.16,0.71,True,True,Weak Structure,Exit / Avoid
2026-06-29,SHAREINDIA.NS,Share India Securities Limited,Financial Services,Unknown,False,Cash,Stage 4,Stage 4,Stage 4 - Weak/Declining,Stage 4 - Weak/Declining,Stage 4 • Stage 4 - Weak/Declining,0.72,Price is below long-term support with weak trend evidence.,,,,,watchlist,21.61,0.6,0.06,0.46,True,True,Weak Structure,Exit / Avoid
2026-06-29,SHILPAMED.NS,Shilpa Medicare Limited,Healthcare,Unknown,False,Cash,Not Sure,Stage 2,Pending Stage 2,Pending Stage 2,Not Sure • Pending Stage 2,0.55,Stage 2 pending confirmation: needs 3 raw Stage 2 runs; current count 1.,Stage 2 pending confirmation: needs 3 raw Stage 2 runs; current count 1.,,,Stage 2,watchlist,63.81,1.07,0.22,1.16,False,False,Not Sure,No Action
2026-06-29,SHOPERSTOP.NS,Shoppers Stop Limited,Consumer Services,Unknown,False,Cash,Stage 1,Stage 1,Stage 1 - Early Turn,Stage 1 - Early Turn,Stage 1 • Stage 1 - Early Turn,0.66,The stock is improving from a repair/base area but has not confirmed a clean Stage 2 yet.,,,,,watchlist,7.09,0.63,0.09,1.08,True,False,Base Building,Watchlist / Early base
2026-06-29,SHREECEM.NS,SHREE CEMENT LIMITED,Construction Materials,Unknown,True,F&O,Stage 1,Stage 1,Stage 1 - Early Turn,Stage 1 - Early Turn,Stage 1 • Stage 1 - Early Turn,0.66,The stock is improving from a repair/base area but has not confirmed a clean Stage 2 yet.,,,,,watchlist,33.16,1.15,0.43,1.24,False,False,Base Building,Watchlist / Early base
2026-06-29,SHRIRAMFIN.NS,Shriram Finance Ltd.,Financial Services,Unknown,True,F&O,Not Sure,Stage 2,Pending Stage 2,Pending Stage 2,Not Sure • Pending Stage 2,0.55,Stage 2 pending confirmation: needs 3 raw Stage 2 runs; current count 1.,Stage 2 pending confirmation: needs 3 raw Stage 2 runs; current count 1.,,,Stage 2,watchlist,66.5,0.95,0.87,1.0,False,False,Not Sure,No Action
2026-06-29,SHYAMMETL.NS,Shyam Metalics and Energy Limited,Metals & Mining,Unknown,False,Cash,Not Sure,Stage 2,Pending Stage 2,Pending Stage 2,Not Sure • Pending Stage 2,0.55,Stage 2 pending confirmation: needs 3 raw Stage 2 runs; current count 1.,Stage 2 pending confirmation: needs 3 raw Stage 2 runs; current count 1.,,,Stage 2,watchlist,48.11,0.71,0.11,0.41,True,True,Not Sure,No Action
2026-06-29,SIEMENS.NS,Siemens Ltd.,Capital Goods,Unknown,True,F&O,Not Sure,Stage 2,Pending Stage 2,Pending Stage 2,Not Sure • Pending Stage 2,0.55,Stage 2 pending confirmation: needs 3 raw Stage 2 runs; current count 1.,Stage 2 pending confirmation: needs 3 raw Stage 2 runs; current count 1.,,,Stage 2,watchlist,65.11,0.7,0.14,0.64,True,True,Not Sure,No Action
2026-06-29,SIGNATURE.NS,Signatureglobal (India) Ltd.,Realty,Unknown,False,Cash,Stage 4,Stage 4,Stage 4 - Weak/Declining,Stage 4 - Weak/Declining,Stage 4 • Stage 4 - Weak/Declining,0.72,Price is below long-term support with weak trend evidence.,,,,,watchlist,7.41,1.0,1.13,1.08,False,False,Weak Structure,Exit / Avoid
2026-06-29,SIS.NS,SIS LIMITED,Services,Unknown,False,Cash,Not Sure,Stage 2,Pending Stage 2,Pending Stage 2,Not Sure • Pending Stage 2,0.55,Stage 2 pending confirmation: needs 3 raw Stage 2 runs; current count 1.,Stage 2 pending confirmation: needs 3 raw Stage 2 runs; current count 1.,,,Stage 2,watchlist,45.32,2.77,0.22,5.27,False,False,Not Sure,No Action
2026-06-29,SJVN.NS,SJVN Limited,Power,Unknown,False,Cash,Stage 4,Stage 4,Stage 4 - Weak/Declining,Stage 4 - Weak/Declining,Stage 4 • Stage 4 - Weak/Declining,0.72,Price is below long-term support with weak trend evidence.,,,,,watchlist,30.48,0.62,0.18,0.56,True,True,Weak Structure,Exit / Avoid
2026-06-29,SKFINDIA.NS,SKF India Limited,Capital Goods,Unknown,False,Cash,Stage 4,Stage 4,Stage 4 - Weak/Declining,Stage 4 - Weak/Declining,Stage 4 • Stage 4 - Weak/Declining,0.72,Price is below long-term support with weak trend evidence.,,,,,watchlist,30.0,1.0,0.26,0.84,False,True,Weak Structure,Exit / Avoid
2026-06-29,SKIPPER.NS,Skipper Limited,Capital Goods,Unknown,False,Cash,Not Sure,Stage 2,Pending Stage 2,Pending Stage 2,Not Sure • Pending Stage 2,0.55,Stage 2 pending confirmation: needs 3 raw Stage 2 runs; current count 1.,Stage 2 pending confirmation: needs 3 raw Stage 2 runs; current count 1.,,,Stage 2,watchlist,53.61,0.51,0.12,0.44,True,True,Not Sure,No Action
2026-06-29,SOBHA.NS,Sobha Limited,Realty,Unknown,False,Cash,Stage 4,Stage 4,Stage 4 - Weak/Declining,Stage 4 - Weak/Declining,Stage 4 • Stage 4 - Weak/Declining,0.72,Price is below long-term support with weak trend evidence.,,,,,watchlist,27.63,0.45,0.18,0.42,True,True,Weak Structure,Exit / Avoid
2026-06-29,SOLARINDS.NS,Solar Industries India Limited,Chemicals,Unknown,True,F&O,Not Sure,Stage 2,Pending Stage 2,Pending Stage 2,Not Sure • Pending Stage 2,0.55,Stage 2 pending confirmation: needs 3 raw Stage 2 runs; current count 1.,Stage 2 pending confirmation: needs 3 raw Stage 2 runs; current count 1.,,,Stage 2,watchlist,63.13,0.76,0.17,0.63,True,True,Not Sure,No Action
2026-06-29,SONACOMS.NS,Sona BLW Precision Forgings Limited,Automobile and Auto Components,Unknown,True,F&O,Not Sure,Stage 2,Pending Stage 2,Pending Stage 2,Not Sure • Pending Stage 2,0.55,Stage 2 pending confirmation: needs 3 raw Stage 2 runs; current count 1.,Stage 2 pending confirmation: needs 3 raw Stage 2 runs; current count 1.,,,Stage 2,watchlist,68.46,0.8,0.25,0.88,True,True,Not Sure,No Action
2026-06-29,SONATSOFTW.NS,Sonata Software Limited,Information Technology,Unknown,False,Cash,Stage 4,Stage 4,Stage 4 - Weak/Declining,Stage 4 - Weak/Declining,Stage 4 • Stage 4 - Weak/Declining,0.72,Price is below long-term support with weak trend evidence.,,,,,watchlist,22.19,2.17,0.1,0.29,False,True,Weak Structure,Exit / Avoid
2026-06-29,SOUTHBANK.NS,The South Indian Bank Limited,Financial Services,Unknown,False,Cash,Not Sure,Stage 2,Pending Stage 2,Pending Stage 2,Not Sure • Pending Stage 2,0.55,Stage 2 pending confirmation: needs 3 raw Stage 2 runs; current count 1.,Stage 2 pending confirmation: needs 3 raw Stage 2 runs; current count 1.,,,Stage 2,watchlist,69.47,0.98,0.38,0.75,False,True,Not Sure,No Action
2026-06-29,SPANDANA.NS,Spandana Sphoorty Financial Limited,Financial Services,Unknown,False,Cash,Not Sure,Stage 2,Pending Stage 2,Pending Stage 2,Not Sure • Pending Stage 2,0.55,Stage 2 pending confirmation: needs 3 raw Stage 2 runs; current count 1.,Stage 2 pending confirmation: needs 3 raw Stage 2 runs; current count 1.,,,Stage 2,watchlist,54.16,0.81,0.22,0.5,True,True,Not Sure,No Action
2026-06-29,SPARC.NS,Sun Pharma Advanced Research Company Limited,Healthcare,Unknown,False,Cash,Not Sure,Stage 2,Pending Stage 2,Pending Stage 2,Not Sure • Pending Stage 2,0.55,Stage 2 pending confirmation: needs 3 raw Stage 2 runs; current count 1.,Stage 2 pending confirmation: needs 3 raw Stage 2 runs; current count 1.,,,Stage 2,watchlist,66.63,0.42,0.08,0.32,True,True,Not Sure,No Action
2026-06-29,SPLPETRO.NS,Supreme Petrochem Limited,Chemicals,Unknown,False,Cash,Not Sure,Stage 2,Pending Stage 2,Pending Stage 2,Not Sure • Pending Stage 2,0.55,Stage 2 pending confirmation: needs 3 raw Stage 2 runs; current count 1.,Stage 2 pending confirmation: needs 3 raw Stage 2 runs; current count 1.,,,Stage 2,watchlist,28.29,1.29,0.16,1.12,False,False,Not Sure,No Action
2026-06-29,SRF.NS,SRF Limited,Chemicals,Unknown,True,F&O,Stage 4,Stage 4,Stage 4 - Weak/Declining,Stage 4 - Weak/Declining,Stage 4 • Stage 4 - Weak/Declining,0.72,Price is below long-term support with weak trend evidence.,,,,,watchlist,18.13,0.84,0.17,0.79,True,True,Weak Structure,Exit / Avoid
2026-06-29,SSWL.NS,Steel Strips Wheels Limited,Automobile and Auto Components,Unknown,False,Cash,Not Sure,Stage 2,Pending Stage 2,Pending Stage 2,Not Sure • Pending Stage 2,0.55,Stage 2 pending confirmation: needs 3 raw Stage 2 runs; current count 1.,Stage 2 pending confirmation: needs 3 raw Stage 2 runs; current count 1.,,,Stage 2,watchlist,53.02,1.26,0.11,0.81,False,True,Not Sure,No Action
2026-06-29,STAR.NS,Strides Pharma Science Limited,Healthcare,Unknown,False,Cash,Not Sure,Stage 2,Pending Stage 2,Pending Stage 2,Not Sure • Pending Stage 2,0.55,Stage 2 pending confirmation: needs 3 raw Stage 2 runs; current count 1.,Stage 2 pending confirmation: needs 3 raw Stage 2 runs; current count 1.,,,Stage 2,watchlist,44.51,0.51,0.44,0.42,True,True,Not Sure,No Action
2026-06-29,STARCEMENT.NS,Star Cement Limited,Construction Materials,Unknown,False,Cash,Stage 4,Stage 4,Stage 4 - Weak/Declining,Stage 4 - Weak/Declining,Stage 4 • Stage 4 - Weak/Declining,0.72,Price is below long-term support with weak trend evidence.,,,,,watchlist,21.37,1.33,0.1,1.31,False,False,Weak Structure,Exit / Avoid
2026-06-29,STARHEALTH.NS,Star Health and Allied Insurance Company Limited,Financial Services,Unknown,False,Cash,Not Sure,Stage 2,Pending Stage 2,Pending Stage 2,Not Sure • Pending Stage 2,0.55,Stage 2 pending confirmation: needs 3 raw Stage 2 runs; current count 1.,Stage 2 pending confirmation: needs 3 raw Stage 2 runs; current count 1.,,,Stage 2,watchlist,38.15,1.77,0.34,0.76,False,True,Not Sure,No Action
2026-06-29,STLTECH.NS,Sterlite Technologies Limited,Telecommunication,Unknown,False,Cash,Not Sure,Stage 2,Pending Stage 2,Pending Stage 2,Not Sure • Pending Stage 2,0.55,Stage 2 pending confirmation: needs 3 raw Stage 2 runs; current count 1.,Stage 2 pending confirmation: needs 3 raw Stage 2 runs; current count 1.,,,Stage 2,watchlist,65.34,0.49,0.31,0.29,True,True,Not Sure,No Action
2026-06-29,SUBROS.NS,Subros Limited,Automobile and Auto Components,Unknown,False,Cash,Stage 1,Stage 1,Stage 1 - Early Turn,Stage 1 - Early Turn,Stage 1 • Stage 1 - Early Turn,0.66,The stock is improving from a repair/base area but has not confirmed a clean Stage 2 yet.,,,,,watchlist,35.87,4.45,0.09,8.72,False,False,Base Building,Watchlist / Early base
2026-06-29,SUDARSCHEM.NS,Sudarshan Chemical Industries Limited,Chemicals,Unknown,False,Cash,Stage 4,Stage 4,Stage 4 - Weak/Declining,Stage 4 - Weak/Declining,Stage 4 • Stage 4 - Weak/Declining,0.72,Price is below long-term support with weak trend evidence.,,,,,watchlist,5.0,0.66,0.05,0.53,True,True,Weak Structure,Exit / Avoid
2026-06-29,SULA.NS,Sula Vineyards Limited,Fast Moving Consumer Goods,Unknown,False,Cash,Stage 4,Stage 4,Stage 4 - Weak/Declining,Stage 4 - Weak/Declining,Stage 4 • Stage 4 - Weak/Declining,0.72,Price is below long-term support with weak trend evidence.,,,,,watchlist,16.11,1.04,0.16,0.61,False,True,Weak Structure,Exit / Avoid
2026-06-29,SUMICHEM.NS,Sumitomo Chemical India Limited,Chemicals,Unknown,False,Cash,Stage 4,Stage 4,Stage 4 - Weak/Declining,Stage 4 - Weak/Declining,Stage 4 • Stage 4 - Weak/Declining,0.72,Price is below long-term support with weak trend evidence.,,,,,watchlist,29.82,1.35,0.35,1.66,False,False,Weak Structure,Exit / Avoid
2026-06-29,SUNDARMFIN.NS,Sundaram Finance Limited,Financial Services,Unknown,False,Cash,Stage 4,Stage 4,Stage 4 - Weak/Declining,Stage 4 - Weak/Declining,Stage 4 • Stage 4 - Weak/Declining,0.72,Price is below long-term support with weak trend evidence.,,,,,watchlist,21.11,1.08,0.2,0.72,False,True,Weak Structure,Exit / Avoid
2026-06-29,SUNDRMFAST.NS,Sundram Fasteners Limited,Automobile and Auto Components,Unknown,False,Cash,Stage 1,Stage 1,Stage 1 - Early Turn,Stage 1 - Early Turn,Stage 1 • Stage 1 - Early Turn,0.66,The stock is improving from a repair/base area but has not confirmed a clean Stage 2 yet.,,,,,watchlist,35.9,1.79,3.79,2.02,False,False,Base Building,Watchlist / Early base
2026-06-29,SUNFLAG.NS,Sunflag Iron And Steel Company Limited,Metals & Mining,Unknown,False,Cash,Not Sure,Stage 2,Pending Stage 2,Pending Stage 2,Not Sure • Pending Stage 2,0.55,Stage 2 pending confirmation: needs 3 raw Stage 2 runs; current count 1.,Stage 2 pending confirmation: needs 3 raw Stage 2 runs; current count 1.,,,Stage 2,watchlist,26.42,0.15,0.12,0.13,True,True,Not Sure,No Action
2026-06-29,SUNPHARMA.NS,Sun Pharmaceutical Industries Limited,Healthcare,Unknown,True,F&O,Not Sure,Stage 2,Pending Stage 2,Pending Stage 2,Not Sure • Pending Stage 2,0.55,Stage 2 pending confirmation: needs 3 raw Stage 2 runs; current count 1.,Stage 2 pending confirmation: needs 3 raw Stage 2 runs; current count 1.,,,Stage 2,watchlist,64.99,0.49,0.22,0.46,True,True,Not Sure,No Action
2026-06-29,SUNTECK.NS,Sunteck Realty Limited,Realty,Unknown,False,Cash,Stage 4,Stage 4,Stage 4 - Weak/Declining,Stage 4 - Weak/Declining,Stage 4 • Stage 4 - Weak/Declining,0.72,Price is below long-term support with weak trend evidence.,,,,,watchlist,26.12,0.43,0.18,0.28,True,True,Weak Structure,Exit / Avoid
2026-06-29,SUNTV.NS,Sun TV Network Limited,"Media, Entertainment & Publication",Unknown,False,Cash,Stage 4,Stage 4,Stage 4 - Weak/Declining,Stage 4 - Weak/Declining,Stage 4 • Stage 4 - Weak/Declining,0.72,Price is below long-term support with weak trend evidence.,,,,,watchlist,3.46,0.48,0.62,0.45,True,True,Weak Structure,Exit / Avoid
2026-06-29,SUPRAJIT.NS,Suprajit Engineering Limited,Automobile and Auto Components,Unknown,False,Cash,Not Sure,Stage 2,Pending Stage 2,Pending Stage 2,Not Sure • Pending Stage 2,0.55,Stage 2 pending confirmation: needs 3 raw Stage 2 runs; current count 1.,Stage 2 pending confirmation: needs 3 raw Stage 2 runs; current count 1.,,,Stage 2,watchlist,40.98,0.81,0.11,0.99,True,False,Not Sure,No Action
2026-06-29,SUPREMEIND.NS,Supreme Industries Limited,Capital Goods,Unknown,True,F&O,Stage 4,Stage 4,Stage 4 - Confirmed Downtrend,Stage 4 - Confirmed Downtrend,Stage 4 • Stage 4 - Confirmed Downtrend,0.86,Price is below a bearish moving-average stack with falling trend signals.,,,,,watchlist,34.77,0.93,0.76,1.09,False,False,Weak Structure,Exit / Avoid
2026-06-29,SURYAROSNI.NS,Surya Roshni Limited,Capital Goods,Unknown,False,Cash,Stage 1,Stage 1,Stage 1 - Early Turn,Stage 1 - Early Turn,Stage 1 • Stage 1 - Early Turn,0.66,The stock is improving from a repair/base area but has not confirmed a clean Stage 2 yet.,,,,,watchlist,43.38,0.49,0.06,0.36,True,True,Base Building,Watchlist / Early base
2026-06-29,SUZLON.NS,Suzlon Energy Limited,Capital Goods,Unknown,True,F&O,Not Sure,Stage 2,Pending Stage 2,Pending Stage 2,Not Sure • Pending Stage 2,0.55,Stage 2 pending confirmation: needs 3 raw Stage 2 runs; current count 1.,Stage 2 pending confirmation: needs 3 raw Stage 2 runs; current count 1.,,,Stage 2,watchlist,33.42,1.06,0.27,0.63,False,True,Not Sure,No Action
2026-06-29,SWANCORP.NS,Swan Corp Ltd.,Chemicals,Unknown,False,Cash,Stage 4,Stage 4,Stage 4 - Weak/Declining,Stage 4 - Weak/Declining,Stage 4 • Stage 4 - Weak/Declining,0.72,Price is below long-term support with weak trend evidence.,,,,,watchlist,29.41,1.46,0.12,2.12,False,False,Weak Structure,Exit / Avoid
2026-06-29,SWIGGY.NS,Swiggy Ltd.,Consumer Services,Unknown,True,F&O,Stage 4,Stage 4,Stage 4 - Confirmed Downtrend,Stage 4 - Confirmed Downtrend,Stage 4 • Stage 4 - Confirmed Downtrend,0.86,Price is below a bearish moving-average stack with falling trend signals.,,,,,watchlist,24.91,1.22,0.18,1.04,False,False,Weak Structure,Exit / Avoid
2026-06-29,SYMPHONY.NS,Symphony Limited,Consumer Durables,Unknown,False,Cash,Stage 4,Stage 4,Stage 4 - Confirmed Downtrend,Stage 4 - Confirmed Downtrend,Stage 4 • Stage 4 - Confirmed Downtrend,0.86,Price is below a bearish moving-average stack with falling trend signals.,,,,,watchlist,21.59,0.62,0.53,0.53,True,True,Weak Structure,Exit / Avoid
2026-06-29,SYNGENE.NS,Syngene International Limited,Healthcare,Unknown,False,Cash,Stage 4,Stage 4,Stage 4 - Weak/Declining,Stage 4 - Weak/Declining,Stage 4 • Stage 4 - Weak/Declining,0.72,Price is below long-term support with weak trend evidence.,,,,,watchlist,26.11,0.29,0.34,0.33,True,True,Weak Structure,Exit / Avoid
2026-06-29,SYRMA.NS,Syrma SGS Technology Limited,Capital Goods,Unknown,False,Cash,Not Sure,Stage 2,Pending Stage 2,Pending Stage 2,Not Sure • Pending Stage 2,0.55,Stage 2 pending confirmation: needs 3 raw Stage 2 runs; current count 1.,Stage 2 pending confirmation: needs 3 raw Stage 2 runs; current count 1.,,,Stage 2,watchlist,62.5,1.02,0.5,1.32,False,False,Not Sure,No Action
2026-06-29,TANLA.NS,Tanla Platforms Limited,Information Technology,Unknown,False,Cash,Stage 1,Stage 1,Stage 1 - Early Turn,Stage 1 - Early Turn,Stage 1 • Stage 1 - Early Turn,0.66,The stock is improving from a repair/base area but has not confirmed a clean Stage 2 yet.,,,,,watchlist,31.05,0.28,0.26,0.22,True,True,Base Building,Watchlist / Early base
2026-06-29,TARC.NS,TARC Limited,Realty,Unknown,False,Cash,Stage 4,Stage 4,Stage 4 - Weak/Declining,Stage 4 - Weak/Declining,Stage 4 • Stage 4 - Weak/Declining,0.72,Price is below long-term support with weak trend evidence.,,,,,watchlist,17.86,0.67,0.25,0.57,True,True,Weak Structure,Exit / Avoid
2026-06-29,TARIL.NS,Transformers And Rectifiers (India) Ltd.,Capital Goods,Unknown,False,Cash,Stage 1,Stage 1,Stage 1 - Early Turn,Stage 1 - Early Turn,Stage 1 • Stage 1 - Early Turn,0.66,The stock is improving from a repair/base area but has not confirmed a clean Stage 2 yet.,,,,,watchlist,47.7,1.45,0.31,0.6,False,True,Base Building,Watchlist / Early base
2026-06-29,TASTYBITE.NS,Tasty Bite Eatables Limited,Fast Moving Consumer Goods,Unknown,False,Cash,Stage 1,Stage 1,Stage 1 - Early Turn,Stage 1 - Early Turn,Stage 1 • Stage 1 - Early Turn,0.66,The stock is improving from a repair/base area but has not confirmed a clean Stage 2 yet.,,,,,watchlist,32.88,0.51,0.11,0.49,True,True,Base Building,Watchlist / Early base
2026-06-29,TATACHEM.NS,Tata Chemicals Limited,Chemicals,Unknown,False,Cash,Stage 4,Stage 4,Stage 4 - Weak/Declining,Stage 4 - Weak/Declining,Stage 4 • Stage 4 - Weak/Declining,0.72,Price is below long-term support with weak trend evidence.,,,,,watchlist,32.72,0.71,0.28,1.08,True,False,Weak Structure,Exit / Avoid
2026-06-29,TATACOMM.NS,Tata Communications Limited,Telecommunication,Unknown,False,Cash,Not Sure,Stage 2,Pending Stage 2,Pending Stage 2,Not Sure • Pending Stage 2,0.55,Stage 2 pending confirmation: needs 3 raw Stage 2 runs; current count 1.,Stage 2 pending confirmation: needs 3 raw Stage 2 runs; current count 1.,,,Stage 2,watchlist,41.24,1.15,0.16,1.37,False,False,Not Sure,No Action
2026-06-29,TATACONSUM.NS,TATA CONSUMER PRODUCTS LIMITED,Fast Moving Consumer Goods,Unknown,True,F&O,Stage 1,Stage 1,Stage 1 - Base/Repair,Stage 1 - Base/Repair,Stage 1 • Stage 1 - Base/Repair,0.7,Price is near long-term moving averages with no strong long-term downtrend signal.,,,,,watchlist,3.61,0.66,0.2,0.67,True,True,Base Building,Watchlist / Early base
2026-06-29,TATAELXSI.NS,Tata Elxsi Limited,Information Technology,Unknown,True,F&O,Stage 4,Stage 4,Stage 4 - Confirmed Downtrend,Stage 4 - Confirmed Downtrend,Stage 4 • Stage 4 - Confirmed Downtrend,0.86,Price is below a bearish moving-average stack with falling trend signals.,,,,,watchlist,16.11,0.81,0.31,0.6,True,True,Weak Structure,Exit / Avoid
2026-06-29,TATAINVEST.NS,Tata Investment Corporation Ltd.,Financial Services,Unknown,False,Cash,Stage 1,Stage 1,Stage 1 - Unclear/Repair,Stage 1 - Unclear/Repair,Stage 1 • Stage 1 - Unclear/Repair,0.58,Not enough evidence for Stage 2 or Stage 4; classified as repair/unclear structure.,,,,,watchlist,37.62,0.68,0.2,0.53,True,True,Base Building,Watchlist / Early base
2026-06-29,TATAPOWER.NS,Tata Power Company Limited,Power,Unknown,True,F&O,Stage 1,Stage 1,Stage 1 - Base/Repair,Stage 1 - Base/Repair,Stage 1 • Stage 1 - Base/Repair,0.7,Price is near long-term moving averages with no strong long-term downtrend signal.,,,,,watchlist,32.1,0.92,0.21,0.8,False,True,Base Building,Watchlist / Early base
2026-06-29,TATASTEEL.NS,Tata Steel Limited,Metals & Mining,Unknown,True,F&O,Stage 3,Stage 3,Stage 3 - Transition,Stage 3 - Transition,Stage 3 • Stage 3 - Transition,0.62,"The structure is transitioning after prior strength, but it is not yet a confirmed Stage 4 decline.",,,,,watchlist,14.69,0.98,0.28,1.04,False,False,Transition,Reduce / Avoid fresh longs
2026-06-29,TATATECH.NS,Tata Technologies Ltd.,Information Technology,Unknown,False,Cash,Not Sure,Stage 2,Pending Stage 2,Pending Stage 2,Not Sure • Pending Stage 2,0.55,Stage 2 pending confirmation: needs 3 raw Stage 2 runs; current count 1.,Stage 2 pending confirmation: needs 3 raw Stage 2 runs; current count 1.,,,Stage 2,watchlist,45.91,0.46,0.09,0.35,True,True,Not Sure,No Action
2026-06-29,TATVA.NS,Tatva Chintan Pharma Chem Limited,Chemicals,Unknown,False,Cash,Stage 4,Stage 4,Stage 4 - Weak/Declining,Stage 4 - Weak/Declining,Stage 4 • Stage 4 - Weak/Declining,0.72,Price is below long-term support with weak trend evidence.,,,,,watchlist,11.36,0.65,0.37,0.64,True,True,Weak Structure,Exit / Avoid
2026-06-29,TBOTEK.NS,TBO Tek Ltd.,Consumer Services,Unknown,False,Cash,Stage 1,Stage 1,Stage 1 - Early Turn,Stage 1 - Early Turn,Stage 1 • Stage 1 - Early Turn,0.66,The stock is improving from a repair/base area but has not confirmed a clean Stage 2 yet.,,,,,watchlist,28.24,2.61,0.06,0.78,False,True,Base Building,Watchlist / Early base
2026-06-29,TCI.NS,Transport Corporation of India Limited,Services,Unknown,False,Cash,Stage 4,Stage 4,Stage 4 - Weak/Declining,Stage 4 - Weak/Declining,Stage 4 • Stage 4 - Weak/Declining,0.72,Price is below long-term support with weak trend evidence.,,,,,watchlist,26.79,0.68,0.16,0.42,True,True,Weak Structure,Exit / Avoid
2026-06-29,TCIEXP.NS,TCI Express Limited,Services,Unknown,False,Cash,Stage 4,Stage 4,Stage 4 - Weak/Declining,Stage 4 - Weak/Declining,Stage 4 • Stage 4 - Weak/Declining,0.72,Price is below long-term support with weak trend evidence.,,,,,watchlist,21.32,4.07,0.19,8.25,False,False,Weak Structure,Exit / Avoid
2026-06-29,TCS.NS,Tata Consultancy Services Limited,Information Technology,Unknown,True,F&O,Stage 4,Stage 4,Stage 4 - Confirmed Downtrend,Stage 4 - Confirmed Downtrend,Stage 4 • Stage 4 - Confirmed Downtrend,0.86,Price is below a bearish moving-average stack with falling trend signals.,,,,,watchlist,23.92,1.02,0.14,0.91,False,False,Weak Structure,Exit / Avoid
2026-06-29,TDPOWERSYS.NS,TD Power Systems Limited,Capital Goods,Unknown,False,Cash,Not Sure,Stage 2,Pending Stage 2,Pending Stage 2,Not Sure • Pending Stage 2,0.55,Stage 2 pending confirmation: needs 3 raw Stage 2 runs; current count 1.,Stage 2 pending confirmation: needs 3 raw Stage 2 runs; current count 1.,,,Stage 2,watchlist,45.07,0.69,0.24,0.8,True,True,Not Sure,No Action
2026-06-29,TEAMLEASE.NS,Teamlease Services Limited,Services,Unknown,False,Cash,Stage 1,Stage 1,Stage 1 - Early Turn,Stage 1 - Early Turn,Stage 1 • Stage 1 - Early Turn,0.66,The stock is improving from a repair/base area but has not confirmed a clean Stage 2 yet.,,,,,watchlist,16.74,1.26,0.73,1.21,False,False,Base Building,Watchlist / Early base
2026-06-29,TECHM.NS,Tech Mahindra Limited,Information Technology,Unknown,True,F&O,Stage 1,Stage 1,Stage 1 - Unclear/Repair,Stage 1 - Unclear/Repair,Stage 1 • Stage 1 - Unclear/Repair,0.58,Not enough evidence for Stage 2 or Stage 4; classified as repair/unclear structure.,,,,,watchlist,28.35,0.99,0.16,0.86,False,True,Base Building,Watchlist / Early base
2026-06-29,TECHNOE.NS,Techno Electric & Engineering Company Limited,Construction,Unknown,False,Cash,Stage 4,Stage 4,Stage 4 - Weak/Declining,Stage 4 - Weak/Declining,Stage 4 • Stage 4 - Weak/Declining,0.72,Price is below long-term support with weak trend evidence.,,,,,watchlist,2.0,0.63,0.13,0.47,True,True,Weak Structure,Exit / Avoid
2026-06-29,TEGA.NS,Tega Industries Limited,Capital Goods,Unknown,False,Cash,Stage 4,Stage 4,Stage 4 - Weak/Declining,Stage 4 - Weak/Declining,Stage 4 • Stage 4 - Weak/Declining,0.72,Price is below long-term support with weak trend evidence.,,,,,watchlist,36.62,0.49,0.05,0.47,True,True,Weak Structure,Exit / Avoid
2026-06-29,TEJASNET.NS,Tejas Networks Limited,Telecommunication,Unknown,False,Cash,Not Sure,Stage 2,Pending Stage 2,Pending Stage 2,Not Sure • Pending Stage 2,0.55,Stage 2 pending confirmation: needs 3 raw Stage 2 runs; current count 1.,Stage 2 pending confirmation: needs 3 raw Stage 2 runs; current count 1.,,,Stage 2,watchlist,51.54,0.72,0.09,0.39,True,True,Not Sure,No Action
2026-06-29,TEXRAIL.NS,Texmaco Rail & Engineering Limited,Capital Goods,Unknown,False,Cash,Stage 4,Stage 4,Stage 4 - Weak/Declining,Stage 4 - Weak/Declining,Stage 4 • Stage 4 - Weak/Declining,0.72,Price is below long-term support with weak trend evidence.,,,,,watchlist,37.56,0.39,0.17,0.45,True,True,Weak Structure,Exit / Avoid
2026-06-29,THANGAMAYL.NS,Thangamayil Jewellery Limited,Consumer Durables,Unknown,False,Cash,Not Sure,Stage 2,Pending Stage 2,Pending Stage 2,Not Sure • Pending Stage 2,0.55,Stage 2 pending confirmation: needs 3 raw Stage 2 runs; current count 1.,Stage 2 pending confirmation: needs 3 raw Stage 2 runs; current count 1.,,,Stage 2,watchlist,45.29,0.64,1.03,0.69,True,True,Not Sure,No Action
2026-06-29,THERMAX.NS,Thermax Limited,Capital Goods,Unknown,False,Cash,Not Sure,Stage 2,Pending Stage 2,Pending Stage 2,Not Sure • Pending Stage 2,0.55,Stage 2 pending confirmation: needs 3 raw Stage 2 runs; current count 1.,Stage 2 pending confirmation: needs 3 raw Stage 2 runs; current count 1.,,,Stage 2,watchlist,69.54,0.53,0.29,0.54,True,True,Not Sure,No Action
2026-06-29,TI.NS,Tilaknagar Industries Limited,Fast Moving Consumer Goods,Unknown,False,Cash,Stage 4,Stage 4,Stage 4 - Weak/Declining,Stage 4 - Weak/Declining,Stage 4 • Stage 4 - Weak/Declining,0.72,Price is below long-term support with weak trend evidence.,,,,,watchlist,6.55,0.87,0.31,0.49,False,True,Weak Structure,Exit / Avoid
2026-06-29,TIIL.NS,Technocraft Industries (India) Limited,Capital Goods,Unknown,False,Cash,Stage 1,Stage 1,Stage 1 - Early Turn,Stage 1 - Early Turn,Stage 1 • Stage 1 - Early Turn,0.66,The stock is improving from a repair/base area but has not confirmed a clean Stage 2 yet.,,,,,watchlist,35.88,1.06,0.18,0.92,False,False,Base Building,Watchlist / Early base
2026-06-29,TIINDIA.NS,Tube Investments of India Limited,Automobile and Auto Components,Unknown,True,F&O,Not Sure,Stage 2,Pending Stage 2,Pending Stage 2,Not Sure • Pending Stage 2,0.55,Stage 2 pending confirmation: needs 3 raw Stage 2 runs; current count 1.,Stage 2 pending confirmation: needs 3 raw Stage 2 runs; current count 1.,,,Stage 2,watchlist,38.47,0.7,0.19,0.81,True,True,Not Sure,No Action
2026-06-29,TIMETECHNO.NS,Time Technoplast Limited,Capital Goods,Unknown,False,Cash,Stage 1,Stage 1,Stage 1 - Early Turn,Stage 1 - Early Turn,Stage 1 • Stage 1 - Early Turn,0.66,The stock is improving from a repair/base area but has not confirmed a clean Stage 2 yet.,,,,,watchlist,39.78,1.29,0.51,1.52,False,False,Base Building,Watchlist / Early base
2026-06-29,TIMKEN.NS,Timken India Limited,Capital Goods,Unknown,False,Cash,Not Sure,Stage 2,Pending Stage 2,Pending Stage 2,Not Sure • Pending Stage 2,0.55,Stage 2 pending confirmation: needs 3 raw Stage 2 runs; current count 1.,Stage 2 pending confirmation: needs 3 raw Stage 2 runs; current count 1.,,,Stage 2,watchlist,48.28,1.36,0.15,1.6,False,False,Not Sure,No Action
2026-06-29,TITAGARH.NS,TITAGARH RAIL SYSTEMS LIMITED,Capital Goods,Unknown,False,Cash,Not Sure,Stage 2,Pending Stage 2,Pending Stage 2,Not Sure • Pending Stage 2,0.55,Stage 2 pending confirmation: needs 3 raw Stage 2 runs; current count 1.,Stage 2 pending confirmation: needs 3 raw Stage 2 runs; current count 1.,,,Stage 2,watchlist,68.43,0.87,0.3,0.47,False,True,Not Sure,No Action
2026-06-29,TITAN.NS,Titan Company Limited,Consumer Durables,Unknown,True,F&O,Not Sure,Stage 2,Pending Stage 2,Pending Stage 2,Not Sure • Pending Stage 2,0.55,Stage 2 pending confirmation: needs 3 raw Stage 2 runs; current count 1.,Stage 2 pending confirmation: needs 3 raw Stage 2 runs; current count 1.,,,Stage 2,watchlist,35.66,0.61,0.16,0.47,True,True,Not Sure,No Action
2026-06-29,TMB.NS,Tamilnad Mercantile Bank Limited,Financial Services,Unknown,False,Cash,Not Sure,Stage 2,Pending Stage 2,Pending Stage 2,Not Sure • Pending Stage 2,0.55,Stage 2 pending confirmation: needs 3 raw Stage 2 runs; current count 1.,Stage 2 pending confirmation: needs 3 raw Stage 2 runs; current count 1.,,,Stage 2,watchlist,56.91,0.35,0.2,0.26,True,True,Not Sure,No Action
2026-06-29,TMPV.NS,Tata Motors Passenger Vehicles Ltd.,Automobile and Auto Components,Unknown,True,F&O,Stage 4,Stage 4,Stage 4 - Weak/Declining,Stage 4 - Weak/Declining,Stage 4 • Stage 4 - Weak/Declining,0.72,Price is below long-term support with weak trend evidence.,,,,,watchlist,26.89,1.43,0.24,1.08,False,False,Weak Structure,Exit / Avoid
2026-06-29,TORNTPHARM.NS,Torrent Pharmaceuticals Limited,Healthcare,Unknown,True,F&O,Not Sure,Stage 2,Pending Stage 2,Pending Stage 2,Not Sure • Pending Stage 2,0.55,Stage 2 pending confirmation: needs 3 raw Stage 2 runs; current count 1.,Stage 2 pending confirmation: needs 3 raw Stage 2 runs; current count 1.,,,Stage 2,watchlist,61.07,1.03,0.87,1.03,False,False,Not Sure,No Action
2026-06-29,TORNTPOWER.NS,Torrent Power Limited,Power,Unknown,False,Cash,Stage 3,Stage 3,Stage 3 - Transition,Stage 3 - Transition,Stage 3 • Stage 3 - Transition,0.62,"The structure is transitioning after prior strength, but it is not yet a confirmed Stage 4 decline.",,,,,watchlist,8.44,0.59,0.19,0.43,True,True,Transition,Reduce / Avoid fresh longs
2026-06-29,TRENT.NS,Trent Limited,Consumer Services,Unknown,True,F&O,Stage 1,Stage 1,Stage 1 - Early Turn,Stage 1 - Early Turn,Stage 1 • Stage 1 - Early Turn,0.66,The stock is improving from a repair/base area but has not confirmed a clean Stage 2 yet.,,,,,watchlist,30.62,1.48,0.61,1.13,False,False,Base Building,Watchlist / Early base
2026-06-29,TRIDENT.NS,Trident Limited,Textiles,Unknown,False,Cash,Stage 1,Stage 1,Stage 1 - Early Turn,Stage 1 - Early Turn,Stage 1 • Stage 1 - Early Turn,0.66,The stock is improving from a repair/base area but has not confirmed a clean Stage 2 yet.,,,,,watchlist,43.68,1.72,0.26,2.12,False,False,Base Building,Watchlist / Early base
2026-06-29,TRITURBINE.NS,Triveni Turbine Limited,Capital Goods,Unknown,False,Cash,Not Sure,Stage 2,Pending Stage 2,Pending Stage 2,Not Sure • Pending Stage 2,0.55,Stage 2 pending confirmation: needs 3 raw Stage 2 runs; current count 1.,Stage 2 pending confirmation: needs 3 raw Stage 2 runs; current count 1.,,,Stage 2,watchlist,48.15,0.4,0.27,0.64,True,True,Not Sure,No Action
2026-06-29,TRIVENI.NS,Triveni Engineering & Industries Limited,Fast Moving Consumer Goods,Unknown,False,Cash,Not Sure,Stage 2,Pending Stage 2,Pending Stage 2,Not Sure • Pending Stage 2,0.55,Stage 2 pending confirmation: needs 3 raw Stage 2 runs; current count 1.,Stage 2 pending confirmation: needs 3 raw Stage 2 runs; current count 1.,,,Stage 2,watchlist,54.69,0.88,0.25,0.63,False,True,Not Sure,No Action
2026-06-29,TTKPRESTIG.NS,TTK Prestige Limited,Consumer Durables,Unknown,False,Cash,Stage 1,Stage 1,Stage 1 - Early Turn,Stage 1 - Early Turn,Stage 1 • Stage 1 - Early Turn,0.66,The stock is improving from a repair/base area but has not confirmed a clean Stage 2 yet.,,,,,watchlist,13.44,0.17,0.83,0.21,True,True,Base Building,Watchlist / Early base
2026-06-29,TTML.NS,Tata Teleservices (Maharashtra) Limited,Telecommunication,Unknown,False,Cash,Stage 4,Stage 4,Stage 4 - Weak/Declining,Stage 4 - Weak/Declining,Stage 4 • Stage 4 - Weak/Declining,0.72,Price is below long-term support with weak trend evidence.,,,,,watchlist,37.04,0.65,0.12,0.31,True,True,Weak Structure,Exit / Avoid
2026-06-29,TVSHLTD.NS,TVS Holdings Limited,Automobile and Auto Components,Unknown,False,Cash,Stage 1,Stage 1,Stage 1 - Base/Repair,Stage 1 - Base/Repair,Stage 1 • Stage 1 - Base/Repair,0.7,Price is near long-term moving averages with no strong long-term downtrend signal.,,,,,watchlist,30.55,1.43,0.31,1.04,False,False,Base Building,Watchlist / Early base
2026-06-29,TVSMOTOR.NS,TVS Motor Company Limited,Automobile and Auto Components,Unknown,True,F&O,Stage 1,Stage 1,Stage 1 - Base/Repair,Stage 1 - Base/Repair,Stage 1 • Stage 1 - Base/Repair,0.7,Price is near long-term moving averages with no strong long-term downtrend signal.,,,,,watchlist,20.84,0.94,0.34,1.01,False,False,Base Building,Watchlist / Early base
2026-06-29,TVSSCS.NS,TVS Supply Chain Solutions Limited,Services,Unknown,False,Cash,Not Sure,Stage 2,Pending Stage 2,Pending Stage 2,Not Sure • Pending Stage 2,0.55,Stage 2 pending confirmation: needs 3 raw Stage 2 runs; current count 1.,Stage 2 pending confirmation: needs 3 raw Stage 2 runs; current count 1.,,,Stage 2,watchlist,62.64,1.71,0.24,1.06,False,False,Not Sure,No Action
2026-06-29,TVSSRICHAK.NS,TVS Srichakra Limited,Automobile and Auto Components,Unknown,False,Cash,Not Sure,Stage 2,Pending Stage 2,Pending Stage 2,Not Sure • Pending Stage 2,0.55,Stage 2 pending confirmation: needs 3 raw Stage 2 runs; current count 1.,Stage 2 pending confirmation: needs 3 raw Stage 2 runs; current count 1.,,,Stage 2,watchlist,50.79,0.99,0.18,0.96,False,False,Not Sure,No Action
2026-06-29,UBL.NS,United Breweries Limited,Fast Moving Consumer Goods,Unknown,False,Cash,Stage 4,Stage 4,Stage 4 - Confirmed Downtrend,Stage 4 - Confirmed Downtrend,Stage 4 • Stage 4 - Confirmed Downtrend,0.86,Price is below a bearish moving-average stack with falling trend signals.,,,,,watchlist,11.4,0.56,0.46,0.34,True,True,Weak Structure,Exit / Avoid
2026-06-29,UCOBANK.NS,UCO Bank,Financial Services,Unknown,False,Cash,Stage 4,Stage 4,Stage 4 - Weak/Declining,Stage 4 - Weak/Declining,Stage 4 • Stage 4 - Weak/Declining,0.72,Price is below long-term support with weak trend evidence.,,,,,watchlist,34.36,2.65,0.13,0.7,False,True,Weak Structure,Exit / Avoid
2026-06-29,UJJIVANSFB.NS,Ujjivan Small Finance Bank Limited,Financial Services,Unknown,False,Cash,Stage 3,Stage 3,Stage 3 - Transition,Stage 3 - Transition,Stage 3 • Stage 3 - Transition,0.62,"The structure is transitioning after prior strength, but it is not yet a confirmed Stage 4 decline.",,,,,watchlist,5.87,0.63,0.19,0.51,True,True,Transition,Reduce / Avoid fresh longs
2026-06-29,ULTRACEMCO.NS,UltraTech Cement Limited,Construction Materials,Unknown,True,F&O,Stage 4,Stage 4,Stage 4 - Weak/Declining,Stage 4 - Weak/Declining,Stage 4 • Stage 4 - Weak/Declining,0.72,Price is below long-term support with weak trend evidence.,,,,,watchlist,27.24,0.8,0.09,0.71,True,True,Weak Structure,Exit / Avoid
2026-06-29,UNIONBANK.NS,Union Bank of India,Financial Services,Unknown,True,F&O,Not Sure,Stage 2,Pending Stage 2,Pending Stage 2,Not Sure • Pending Stage 2,0.55,Stage 2 pending confirmation: needs 3 raw Stage 2 runs; current count 1.,Stage 2 pending confirmation: needs 3 raw Stage 2 runs; current count 1.,,,Stage 2,watchlist,45.95,0.77,0.14,0.8,True,True,Not Sure,No Action
2026-06-29,UNITDSPR.NS,United Spirits Ltd.,Fast Moving Consumer Goods,Unknown,True,F&O,Not Sure,Stage 2,Pending Stage 2,Pending Stage 2,Not Sure • Pending Stage 2,0.55,Stage 2 pending confirmation: needs 3 raw Stage 2 runs; current count 1.,Stage 2 pending confirmation: needs 3 raw Stage 2 runs; current count 1.,,,Stage 2,watchlist,47.21,1.09,0.46,1.03,False,False,Not Sure,No Action
2026-06-29,UNOMINDA.NS,UNO Minda Limited,Automobile and Auto Components,Unknown,True,F&O,Stage 4,Stage 4,Stage 4 - Weak/Declining,Stage 4 - Weak/Declining,Stage 4 • Stage 4 - Weak/Declining,0.72,Price is below long-term support with weak trend evidence.,,,,,watchlist,19.13,0.81,0.24,0.93,True,False,Weak Structure,Exit / Avoid
2026-06-29,UPL.NS,UPL Limited,Chemicals,Unknown,True,F&O,Stage 4,Stage 4,Stage 4 - Weak/Declining,Stage 4 - Weak/Declining,Stage 4 • Stage 4 - Weak/Declining,0.72,Price is below long-term support with weak trend evidence.,,,,,watchlist,10.41,0.81,0.31,0.67,True,True,Weak Structure,Exit / Avoid
2026-06-29,USHAMART.NS,Usha Martin Limited,Capital Goods,Unknown,False,Cash,Not Sure,Stage 2,Pending Stage 2,Pending Stage 2,Not Sure • Pending Stage 2,0.55,Stage 2 pending confirmation: needs 3 raw Stage 2 runs; current count 1.,Stage 2 pending confirmation: needs 3 raw Stage 2 runs; current count 1.,,,Stage 2,watchlist,50.91,0.67,0.44,0.52,True,True,Not Sure,No Action
2026-06-29,UTIAMC.NS,UTI Asset Management Company Limited,Financial Services,Unknown,False,Cash,Stage 4,Stage 4,Stage 4 - Confirmed Downtrend,Stage 4 - Confirmed Downtrend,Stage 4 • Stage 4 - Confirmed Downtrend,0.86,Price is below a bearish moving-average stack with falling trend signals.,,,,,watchlist,26.94,0.85,1.07,0.88,True,True,Weak Structure,Exit / Avoid
2026-06-29,UTKARSHBNK.NS,Utkarsh Small Finance Bank Limited,Financial Services,Unknown,False,Cash,Stage 1,Stage 1,Stage 1 - Early Turn,Stage 1 - Early Turn,Stage 1 • Stage 1 - Early Turn,0.66,The stock is improving from a repair/base area but has not confirmed a clean Stage 2 yet.,,,,,watchlist,35.78,2.17,0.17,1.05,False,False,Base Building,Watchlist / Early base
2026-06-29,VAIBHAVGBL.NS,Vaibhav Global Limited,Consumer Durables,Unknown,False,Cash,Not Sure,Stage 2,Pending Stage 2,Pending Stage 2,Not Sure • Pending Stage 2,0.55,Stage 2 pending confirmation: needs 3 raw Stage 2 runs; current count 1.,Stage 2 pending confirmation: needs 3 raw Stage 2 runs; current count 1.,,,Stage 2,watchlist,34.95,1.18,0.18,0.79,False,True,Not Sure,No Action
2026-06-29,VARROC.NS,Varroc Engineering Limited,Automobile and Auto Components,Unknown,False,Cash,Not Sure,Stage 2,Pending Stage 2,Pending Stage 2,Not Sure • Pending Stage 2,0.55,Stage 2 pending confirmation: needs 3 raw Stage 2 runs; current count 1.,Stage 2 pending confirmation: needs 3 raw Stage 2 runs; current count 1.,,,Stage 2,watchlist,53.08,1.17,0.43,0.75,False,True,Not Sure,No Action
2026-06-29,VBL.NS,Varun Beverages Limited,Fast Moving Consumer Goods,Unknown,True,F&O,Not Sure,Stage 2,Pending Stage 2,Pending Stage 2,Not Sure • Pending Stage 2,0.55,Stage 2 pending confirmation: needs 3 raw Stage 2 runs; current count 1.,Stage 2 pending confirmation: needs 3 raw Stage 2 runs; current count 1.,,,Stage 2,watchlist,39.37,0.99,0.2,0.89,False,True,Not Sure,No Action
2026-06-29,VEDL.NS,Vedanta Limited,Metals & Mining,Unknown,True,F&O,Stage 4,Stage 4,Stage 4 - Weak/Declining,Stage 4 - Weak/Declining,Stage 4 • Stage 4 - Weak/Declining,0.72,Price is below long-term support with weak trend evidence.,,,,,watchlist,2.0,1.08,0.44,1.59,False,False,Weak Structure,Exit / Avoid
2026-06-29,VENTIVE.NS,Ventive Hospitality Ltd.,Consumer Services,Unknown,False,Cash,Stage 4,Stage 4,Stage 4 - Weak/Declining,Stage 4 - Weak/Declining,Stage 4 • Stage 4 - Weak/Declining,0.72,Price is below long-term support with weak trend evidence.,,,,,watchlist,19.52,1.09,0.15,0.3,False,True,Weak Structure,Exit / Avoid
2026-06-29,VENUSPIPES.NS,Venus Pipes & Tubes Limited,Capital Goods,Unknown,False,Cash,Not Sure,Stage 2,Pending Stage 2,Pending Stage 2,Not Sure • Pending Stage 2,0.55,Stage 2 pending confirmation: needs 3 raw Stage 2 runs; current count 1.,Stage 2 pending confirmation: needs 3 raw Stage 2 runs; current count 1.,,,Stage 2,watchlist,44.31,2.25,0.37,3.08,False,False,Not Sure,No Action
2026-06-29,VESUVIUS.NS,Vesuvius India Limited,Capital Goods,Unknown,False,Cash,Stage 4,Stage 4,Stage 4 - Weak/Declining,Stage 4 - Weak/Declining,Stage 4 • Stage 4 - Weak/Declining,0.72,Price is below long-term support with weak trend evidence.,,,,,watchlist,30.69,0.92,0.39,1.18,False,False,Weak Structure,Exit / Avoid
2026-06-29,VGUARD.NS,V-Guard Industries Limited,Consumer Durables,Unknown,False,Cash,Stage 4,Stage 4,Stage 4 - Confirmed Downtrend,Stage 4 - Confirmed Downtrend,Stage 4 • Stage 4 - Confirmed Downtrend,0.86,Price is below a bearish moving-average stack with falling trend signals.,,,,,watchlist,16.11,0.51,0.14,0.43,True,True,Weak Structure,Exit / Avoid
2026-06-29,VIJAYA.NS,Vijaya Diagnostic Centre Limited,Healthcare,Unknown,False,Cash,Not Sure,Stage 2,Pending Stage 2,Pending Stage 2,Not Sure • Pending Stage 2,0.55,Stage 2 pending confirmation: needs 3 raw Stage 2 runs; current count 1.,Stage 2 pending confirmation: needs 3 raw Stage 2 runs; current count 1.,,,Stage 2,watchlist,46.98,0.81,1.35,1.0,True,False,Not Sure,No Action
2026-06-29,VINATIORGA.NS,Vinati Organics Limited,Chemicals,Unknown,False,Cash,Stage 4,Stage 4,Stage 4 - Weak/Declining,Stage 4 - Weak/Declining,Stage 4 • Stage 4 - Weak/Declining,0.72,Price is below long-term support with weak trend evidence.,,,,,watchlist,33.02,1.14,0.19,0.84,False,True,Weak Structure,Exit / Avoid
2026-06-29,VIPIND.NS,VIP Industries Limited,Consumer Durables,Unknown,False,Cash,Stage 4,Stage 4,Stage 4 - Weak/Declining,Stage 4 - Weak/Declining,Stage 4 • Stage 4 - Weak/Declining,0.72,Price is below long-term support with weak trend evidence.,,,,,watchlist,27.11,0.16,0.02,0.13,True,True,Weak Structure,Exit / Avoid
2026-06-29,VMART.NS,V-Mart Retail Limited,Consumer Services,Unknown,False,Cash,Stage 1,Stage 1,Stage 1 - Early Turn,Stage 1 - Early Turn,Stage 1 • Stage 1 - Early Turn,0.66,The stock is improving from a repair/base area but has not confirmed a clean Stage 2 yet.,,,,,watchlist,34.11,0.68,0.17,0.39,True,True,Base Building,Watchlist / Early base
2026-06-29,VMM.NS,Vishal Mega Mart Ltd.,Consumer Services,Unknown,True,F&O,Stage 4,Stage 4,Stage 4 - Weak/Declining,Stage 4 - Weak/Declining,Stage 4 • Stage 4 - Weak/Declining,0.72,Price is below long-term support with weak trend evidence.,,,,,watchlist,23.42,1.04,0.42,0.92,False,False,Weak Structure,Exit / Avoid
2026-06-29,VOLTAMP.NS,Voltamp Transformers Limited,Capital Goods,Unknown,False,Cash,Not Sure,Stage 2,Pending Stage 2,Pending Stage 2,Not Sure • Pending Stage 2,0.55,Stage 2 pending confirmation: needs 3 raw Stage 2 runs; current count 1.,Stage 2 pending confirmation: needs 3 raw Stage 2 runs; current count 1.,,,Stage 2,watchlist,41.42,0.51,0.14,0.62,True,True,Not Sure,No Action
2026-06-29,VOLTAS.NS,Voltas Limited,Consumer Durables,Unknown,True,F&O,Stage 4,Stage 4,Stage 4 - Weak/Declining,Stage 4 - Weak/Declining,Stage 4 • Stage 4 - Weak/Declining,0.72,Price is below long-term support with weak trend evidence.,,,,,watchlist,23.02,1.15,0.18,1.1,False,False,Weak Structure,Exit / Avoid
2026-06-29,VRLLOG.NS,VRL Logistics Limited,Services,Unknown,False,Cash,Stage 4,Stage 4,Stage 4 - Confirmed Downtrend,Stage 4 - Confirmed Downtrend,Stage 4 • Stage 4 - Confirmed Downtrend,0.86,Price is below a bearish moving-average stack with falling trend signals.,,,,,watchlist,21.11,0.71,0.16,0.8,True,True,Weak Structure,Exit / Avoid
2026-06-29,VSTIND.NS,VST Industries Limited,Fast Moving Consumer Goods,Unknown,False,Cash,Not Sure,Stage 2,Pending Stage 2,Pending Stage 2,Not Sure • Pending Stage 2,0.55,Stage 2 pending confirmation: needs 3 raw Stage 2 runs; current count 1.,Stage 2 pending confirmation: needs 3 raw Stage 2 runs; current count 1.,,,Stage 2,watchlist,22.96,1.19,0.33,1.5,False,False,Not Sure,No Action
2026-06-29,VSTTILLERS.NS,V.S.T Tillers Tractors Limited,Capital Goods,Unknown,False,Cash,Stage 4,Stage 4,Stage 4 - Confirmed Downtrend,Stage 4 - Confirmed Downtrend,Stage 4 • Stage 4 - Confirmed Downtrend,0.86,Price is below a bearish moving-average stack with falling trend signals.,,,,,watchlist,31.15,0.7,0.13,0.75,True,True,Weak Structure,Exit / Avoid
2026-06-29,VTL.NS,Vardhman Textiles Limited,Textiles,Unknown,False,Cash,Not Sure,Stage 2,Pending Stage 2,Pending Stage 2,Not Sure • Pending Stage 2,0.55,Stage 2 pending confirmation: needs 3 raw Stage 2 runs; current count 1.,Stage 2 pending confirmation: needs 3 raw Stage 2 runs; current count 1.,,,Stage 2,watchlist,49.17,0.87,0.25,0.51,False,True,Not Sure,No Action
2026-06-29,WAAREEENER.NS,Waaree Energies Ltd.,Capital Goods,Unknown,True,F&O,Stage 4,Stage 4,Stage 4 - Weak/Declining,Stage 4 - Weak/Declining,Stage 4 • Stage 4 - Weak/Declining,0.72,Price is below long-term support with weak trend evidence.,,,,,watchlist,18.38,0.72,1.41,0.69,True,True,Weak Structure,Exit / Avoid
2026-06-29,WABAG.NS,VA Tech Wabag Limited,Utilities,Unknown,False,Cash,Not Sure,Stage 2,Pending Stage 2,Pending Stage 2,Not Sure • Pending Stage 2,0.55,Stage 2 pending confirmation: needs 3 raw Stage 2 runs; current count 1.,Stage 2 pending confirmation: needs 3 raw Stage 2 runs; current count 1.,,,Stage 2,watchlist,34.23,2.46,0.46,2.14,False,False,Not Sure,No Action
2026-06-29,WELCORP.NS,Welspun Corp Limited,Capital Goods,Unknown,False,Cash,Not Sure,Stage 2,Pending Stage 2,Pending Stage 2,Not Sure • Pending Stage 2,0.55,Stage 2 pending confirmation: needs 3 raw Stage 2 runs; current count 1.,Stage 2 pending confirmation: needs 3 raw Stage 2 runs; current count 1.,,,Stage 2,watchlist,68.21,0.64,0.52,0.77,True,True,Not Sure,No Action
2026-06-29,WELENT.NS,Welspun Enterprises Limited,Construction,Unknown,False,Cash,Not Sure,Stage 2,Pending Stage 2,Pending Stage 2,Not Sure • Pending Stage 2,0.55,Stage 2 pending confirmation: needs 3 raw Stage 2 runs; current count 1.,Stage 2 pending confirmation: needs 3 raw Stage 2 runs; current count 1.,,,Stage 2,watchlist,60.48,0.77,0.51,0.54,True,True,Not Sure,No Action
2026-06-29,WELSPUNLIV.NS,Welspun Living Ltd.,Textiles,Unknown,False,Cash,Not Sure,Stage 2,Pending Stage 2,Pending Stage 2,Not Sure • Pending Stage 2,0.55,Stage 2 pending confirmation: needs 3 raw Stage 2 runs; current count 1.,Stage 2 pending confirmation: needs 3 raw Stage 2 runs; current count 1.,,,Stage 2,watchlist,60.14,2.26,0.26,1.91,False,False,Not Sure,No Action
2026-06-29,WESTLIFE.NS,WESTLIFE FOODWORLD LIMITED,Consumer Services,Unknown,False,Cash,Stage 4,Stage 4,Stage 4 - Weak/Declining,Stage 4 - Weak/Declining,Stage 4 • Stage 4 - Weak/Declining,0.72,Price is below long-term support with weak trend evidence.,,,,,watchlist,23.51,0.99,0.16,0.82,False,True,Weak Structure,Exit / Avoid
2026-06-29,WHIRLPOOL.NS,Whirlpool of India Limited,Consumer Durables,Unknown,False,Cash,Stage 4,Stage 4,Stage 4 - Confirmed Downtrend,Stage 4 - Confirmed Downtrend,Stage 4 • Stage 4 - Confirmed Downtrend,0.86,Price is below a bearish moving-average stack with falling trend signals.,,,,,watchlist,0.0,0.63,0.26,0.6,True,True,Weak Structure,Exit / Avoid
2026-06-29,WIPRO.NS,Wipro Limited,Information Technology,Unknown,True,F&O,Stage 4,Stage 4,Stage 4 - Confirmed Downtrend,Stage 4 - Confirmed Downtrend,Stage 4 • Stage 4 - Confirmed Downtrend,0.86,Price is below a bearish moving-average stack with falling trend signals.,,,,,watchlist,16.11,0.82,0.23,0.91,True,False,Weak Structure,Exit / Avoid
2026-06-29,WOCKPHARMA.NS,Wockhardt Limited,Healthcare,Unknown,False,Cash,Not Sure,Stage 2,Pending Stage 2,Pending Stage 2,Not Sure • Pending Stage 2,0.55,Stage 2 pending confirmation: needs 3 raw Stage 2 runs; current count 1.,Stage 2 pending confirmation: needs 3 raw Stage 2 runs; current count 1.,,,Stage 2,watchlist,47.47,0.48,0.1,0.32,True,True,Not Sure,No Action
2026-06-29,WONDERLA.NS,Wonderla Holidays Limited,Consumer Services,Unknown,False,Cash,Stage 4,Stage 4,Stage 4 - Weak/Declining,Stage 4 - Weak/Declining,Stage 4 • Stage 4 - Weak/Declining,0.72,Price is below long-term support with weak trend evidence.,,,,,watchlist,2.55,0.63,0.42,0.65,True,True,Weak Structure,Exit / Avoid
2026-06-29,WSTCSTPAPR.NS,West Coast Paper Mills Limited,Forest Materials,Unknown,False,Cash,Not Sure,Stage 2,Pending Stage 2,Pending Stage 2,Not Sure • Pending Stage 2,0.55,Stage 2 pending confirmation: needs 3 raw Stage 2 runs; current count 1.,Stage 2 pending confirmation: needs 3 raw Stage 2 runs; current count 1.,,,Stage 2,watchlist,36.75,0.72,0.36,0.45,True,True,Not Sure,No Action
2026-06-29,YATHARTH.NS,Yatharth Hospital & Trauma Care Services Limited,Healthcare,Unknown,False,Cash,Not Sure,Stage 2,Pending Stage 2,Pending Stage 2,Not Sure • Pending Stage 2,0.55,Stage 2 pending confirmation: needs 3 raw Stage 2 runs; current count 1.,Stage 2 pending confirmation: needs 3 raw Stage 2 runs; current count 1.,,,Stage 2,watchlist,56.47,0.82,0.25,0.88,True,True,Not Sure,No Action
2026-06-29,YESBANK.NS,Yes Bank Limited,Financial Services,Unknown,True,F&O,Not Sure,Stage 2,Pending Stage 2,Pending Stage 2,Not Sure • Pending Stage 2,0.55,Stage 2 pending confirmation: needs 3 raw Stage 2 runs; current count 1.,Stage 2 pending confirmation: needs 3 raw Stage 2 runs; current count 1.,,,Stage 2,watchlist,45.09,1.24,0.47,0.76,False,True,Not Sure,No Action
2026-06-29,ZAGGLE.NS,Zaggle Prepaid Ocean Services Limited,Information Technology,Unknown,False,Cash,Stage 4,Stage 4,Stage 4 - Confirmed Downtrend,Stage 4 - Confirmed Downtrend,Stage 4 • Stage 4 - Confirmed Downtrend,0.86,Price is below a bearish moving-average stack with falling trend signals.,,,,,watchlist,26.12,0.43,0.19,0.41,True,True,Weak Structure,Exit / Avoid
2026-06-29,ZEEL.NS,Zee Entertainment Enterprises Limited,"Media, Entertainment & Publication",Unknown,False,Cash,Not Sure,Stage 2,Pending Stage 2,Pending Stage 2,Not Sure • Pending Stage 2,0.55,Stage 2 pending confirmation: needs 3 raw Stage 2 runs; current count 1.,Stage 2 pending confirmation: needs 3 raw Stage 2 runs; current count 1.,,,Stage 2,watchlist,54.48,0.95,0.14,0.65,False,True,Not Sure,No Action
2026-06-29,ZENSARTECH.NS,Zensar Technologies Limited,Information Technology,Unknown,False,Cash,Stage 4,Stage 4,Stage 4 - Confirmed Downtrend,Stage 4 - Confirmed Downtrend,Stage 4 • Stage 4 - Confirmed Downtrend,0.86,Price is below a bearish moving-average stack with falling trend signals.,,,,,watchlist,6.16,0.96,0.15,0.74,False,True,Weak Structure,Exit / Avoid
2026-06-29,ZENTEC.NS,Zen Technologies Ltd.,Capital Goods,Unknown,False,Cash,Not Sure,Stage 2,Pending Stage 2,Pending Stage 2,Not Sure • Pending Stage 2,0.55,Stage 2 pending confirmation: needs 3 raw Stage 2 runs; current count 1.,Stage 2 pending confirmation: needs 3 raw Stage 2 runs; current count 1.,,,Stage 2,watchlist,44.42,1.02,0.19,0.6,False,True,Not Sure,No Action
2026-06-29,ZFCVINDIA.NS,ZF Commercial Vehicle Control Systems India Limited,Automobile and Auto Components,Unknown,False,Cash,Not Sure,Stage 2,Pending Stage 2,Pending Stage 2,Not Sure • Pending Stage 2,0.55,Stage 2 pending confirmation: needs 3 raw Stage 2 runs; current count 1.,Stage 2 pending confirmation: needs 3 raw Stage 2 runs; current count 1.,,,Stage 2,watchlist,43.89,2.11,0.49,3.06,False,False,Not Sure,No Action
2026-06-29,ZYDUSLIFE.NS,Zydus Lifesciences Limited,Healthcare,Unknown,True,F&O,Not Sure,Stage 2,Pending Stage 2,Pending Stage 2,Not Sure • Pending Stage 2,0.55,Stage 2 pending confirmation: needs 3 raw Stage 2 runs; current count 1.,Stage 2 pending confirmation: needs 3 raw Stage 2 runs; current count 1.,,,Stage 2,watchlist,49.29,0.84,0.17,0.82,True,True,Not Sure,No Action
2026-06-29,ZYDUSWELL.NS,Zydus Wellness Limited,Fast Moving Consumer Goods,Unknown,False,Cash,Not Sure,Stage 2,Pending Stage 2,Pending Stage 2,Not Sure • Pending Stage 2,0.55,Stage 2 pending confirmation: needs 3 raw Stage 2 runs; current count 1.,Stage 2 pending confirmation: needs 3 raw Stage 2 runs; current count 1.,,,Stage 2,watchlist,39.12,1.15,5.53,2.12,False,False,Not Sure,No Action
