ticker,Company Name,Industry,sector,is_fo_stock,fo_category,stage,overall_setup_label,final_combined_score,change_1d_pct,change_1w_pct,change_1m_pct,change_ytd_pct,last_close,stage_variant,stage_classification,stage_display
KIRLOSENG.NS,Kirloskar Oil Engines Limited,Capital Goods,Unknown,False,Cash,Stage 2 Failed,watchlist,29.68,12.18,10.95,14.41,95.96,2402.0,Stage 2 Failed,Stage 2 Failed,Stage 2 Failed
TCIEXP.NS,TCI Express Limited,Services,Unknown,False,Cash,Stage 4,watchlist,10.28,9.43,9.4,-2.87,-8.27,531.85,Stage 4,Stage 4,Stage 4
DELTACORP.NS,Delta Corp Limited,Consumer Services,Unknown,False,Cash,Not Sure,watchlist,28.85,8.99,27.39,34.58,13.82,78.69,Not Sure,Not Sure,Not Sure
RSYSTEMS.NS,R Systems International Limited,Information Technology,Unknown,False,Cash,Stage 1,watchlist,32.09,8.53,24.74,21.05,-25.26,298.69,Stage 1,Stage 1,Stage 1
TDPOWERSYS.NS,TD Power Systems Limited,Capital Goods,Unknown,False,Cash,Stage 2,watchlist,43.39,7.67,2.77,0.05,130.98,777.35,Stage 2,Stage 2,Stage 2
KIRLOSBROS.NS,Kirloskar Brothers Limited,Capital Goods,Unknown,False,Cash,Stage 2 Failed,watchlist,15.26,6.7,4.11,-2.73,15.18,1848.3,Stage 2 Failed,Stage 2 Failed,Stage 2 Failed
AARTIPHARM.NS,Aarti Pharmalabs Limited,Healthcare,Unknown,False,Cash,Stage 2,watchlist,52.73,6.43,10.08,15.35,31.31,972.8,Stage 2,Stage 2,Stage 2
SUNTV.NS,Sun TV Network Limited,"Media, Entertainment & Publication",Unknown,False,Cash,Not Sure,watchlist,20.09,6.41,12.89,18.68,-4.2,553.25,Not Sure,Not Sure,Not Sure
SIS.NS,SIS LIMITED,Services,Unknown,False,Cash,Stage 3,watchlist,9.56,6.2,-1.27,-2.33,28.88,418.65,Stage 3,Stage 3,Stage 3
WABAG.NS,VA Tech Wabag Limited,Utilities,Unknown,False,Cash,Stage 2,watchlist,31.3,5.9,1.05,5.79,59.59,2093.8,Stage 2,Stage 2,Stage 2
ELECTCAST.NS,Electrosteel Castings Limited,Capital Goods,Unknown,False,Cash,Stage 2 Failed,watchlist,30.07,5.78,5.01,-8.28,0.67,76.53,Stage 2 Failed,Stage 2 Failed,Stage 2 Failed
GRWRHITECH.NS,Garware Hi-Tech Films Limited,Capital Goods,Unknown,False,Cash,Stage 2,watchlist,45.61,5.46,10.21,-1.52,126.77,7016.5,Stage 2,Stage 2,Stage 2
JAYNECOIND.NS,Jayaswal Neco Industries Limited,Capital Goods,Unknown,False,Cash,Stage 2 Failed,watchlist,39.72,5.32,2.64,-5.84,6.59,92.66,Stage 2 Failed,Stage 2 Failed,Stage 2 Failed
GALAXYSURF.NS,Galaxy Surfactants Limited,Chemicals,Unknown,False,Cash,Stage 2,watchlist,56.89,5.04,5.17,0.71,14.41,2301.2,Stage 2,Stage 2,Stage 2
ADANIENT.NS,Adani Enterprises Limited,Metals & Mining,Unknown,True,F&O,Stage 2 Failed,watchlist,16.82,5.01,-0.8,3.98,31.6,2972.9,Stage 2 Failed,Stage 2 Failed,Stage 2 Failed
STLTECH.NS,Sterlite Technologies Limited,Telecommunication,Unknown,False,Cash,Stage 2,watchlist,60.75,5.0,3.22,18.96,745.46,866.6,Stage 2,Stage 2,Stage 2
MTARTECH.NS,Mtar Technologies Limited,Capital Goods,Unknown,False,Cash,Stage 2,watchlist,43.35,5.0,3.48,5.43,210.0,7426.0,Stage 2,Stage 2,Stage 2
HFCL.NS,HFCL Limited,Telecommunication,Unknown,False,Cash,Stage 2,watchlist,41.59,5.0,-2.19,-13.12,214.0,216.21,Stage 2,Stage 2,Stage 2
GLENMARK.NS,Glenmark Pharmaceuticals Limited,Healthcare,Unknown,True,F&O,Stage 2,watchlist,69.01,4.98,-0.81,-1.55,20.62,2441.5,Stage 2,Stage 2,Stage 2
DATAMATICS.NS,Datamatics Global Services Limited,Information Technology,Unknown,False,Cash,Stage 2 Failed,watchlist,31.78,4.74,7.33,5.72,4.19,821.4,Stage 2 Failed,Stage 2 Failed,Stage 2 Failed
MANKIND.NS,Mankind Pharma Limited,Healthcare,Unknown,True,F&O,Stage 2,watchlist,39.88,4.49,2.62,5.2,17.57,2545.0,Stage 2,Stage 2,Stage 2
ADANIPORTS.NS,Adani Ports and Special Economic Zone Limited,Services,Unknown,True,F&O,Stage 2,watchlist,36.99,4.49,1.5,14.37,23.54,1822.0,Stage 2,Stage 2,Stage 2
HIKAL.NS,Hikal Limited,Healthcare,Unknown,False,Cash,Stage 2 Failed,watchlist,19.36,4.43,-3.94,8.44,-3.66,218.05,Stage 2 Failed,Stage 2 Failed,Stage 2 Failed
APOLLOTYRE.NS,Apollo Tyres Limited,Automobile and Auto Components,Unknown,False,Cash,Stage 4,watchlist,28.95,4.4,1.04,-7.34,-16.65,406.75,Stage 4,Stage 4,Stage 4
PNC.NS,Pritish Nandy Communications Limited,"Media, Entertainment & Publication",Unknown,False,Cash,Stage 4,watchlist,16.11,4.32,5.97,0.52,-36.75,17.4,Stage 4,Stage 4,Stage 4
RESPONIND.NS,Responsive Industries Limited,Consumer Durables,Unknown,False,Cash,Stage 4,watchlist,16.79,4.02,6.81,12.77,-15.69,168.09,Stage 4,Stage 4,Stage 4
ASTRAMICRO.NS,Astra Microwave Products Limited,Capital Goods,Unknown,False,Cash,Stage 2 Failed,watchlist,25.56,3.93,2.25,-0.66,68.36,1652.6,Stage 2 Failed,Stage 2 Failed,Stage 2 Failed
PTCIL.NS,PTC Industries Limited,Capital Goods,Unknown,False,Cash,Stage 2,watchlist,60.82,3.92,1.83,1.9,22.79,22535.0,Stage 2,Stage 2,Stage 2
KPIGREEN.NS,KPI Green Energy Limited,Power,Unknown,False,Cash,Stage 4,watchlist,16.11,3.89,7.16,22.03,-23.36,371.25,Stage 4,Stage 4,Stage 4
TTKPRESTIG.NS,TTK Prestige Limited,Consumer Durables,Unknown,False,Cash,Stage 4,watchlist,0.0,3.87,3.21,-8.57,-12.29,533.75,Stage 4,Stage 4,Stage 4
THANGAMAYL.NS,Thangamayil Jewellery Limited,Consumer Durables,Unknown,False,Cash,Stage 3,watchlist,11.52,3.85,1.66,-3.83,60.11,5204.5,Stage 3,Stage 3,Stage 3
VESUVIUS.NS,Vesuvius India Limited,Capital Goods,Unknown,False,Cash,Stage 4,watchlist,26.86,3.84,1.9,-1.85,-16.79,400.2,Stage 4,Stage 4,Stage 4
BBOX.NS,Black Box Limited,Information Technology,Unknown,False,Cash,Stage 3,watchlist,23.87,3.79,0.34,8.71,48.78,812.8,Stage 3,Stage 3,Stage 3
WELCORP.NS,Welspun Corp Limited,Capital Goods,Unknown,False,Cash,Stage 2,watchlist,58.08,3.73,4.05,18.86,256.72,2842.0,Stage 2,Stage 2,Stage 2
HLEGLAS.NS,HLE Glascoat Limited,Capital Goods,Unknown,False,Cash,Stage 1,watchlist,27.41,3.65,-2.25,38.5,-1.12,434.65,Stage 1,Stage 1,Stage 1
LLOYDSME.NS,Lloyds Metals And Energy Limited,Metals & Mining,Unknown,False,Cash,Stage 2 Failed,watchlist,30.66,3.59,2.41,6.0,40.74,1902.2,Stage 2 Failed,Stage 2 Failed,Stage 2 Failed
GUJALKALI.NS,Gujarat Alkalies and Chemicals Limited,Chemicals,Unknown,False,Cash,Stage 2 Failed,watchlist,20.29,3.46,0.1,-7.91,28.57,627.15,Stage 2 Failed,Stage 2 Failed,Stage 2 Failed
VMM.NS,Vishal Mega Mart Ltd.,Consumer Services,Unknown,True,F&O,Stage 4,watchlist,17.75,3.46,0.26,-5.73,-23.2,104.3,Stage 4,Stage 4,Stage 4
UJJIVANSFB.NS,Ujjivan Small Finance Bank Limited,Financial Services,Unknown,False,Cash,Stage 2,watchlist,20.16,3.44,0.8,-5.57,22.21,65.26,Stage 2,Stage 2,Stage 2
MARKSANS.NS,Marksans Pharma Limited,Healthcare,Unknown,False,Cash,Stage 2,watchlist,47.61,3.38,2.94,6.58,91.08,342.75,Stage 2,Stage 2,Stage 2
SUNFLAG.NS,Sunflag Iron And Steel Company Limited,Metals & Mining,Unknown,False,Cash,Stage 2,watchlist,49.01,3.36,30.77,36.83,71.13,464.3,Stage 2,Stage 2,Stage 2
BSE.NS,BSE Ltd.,Financial Services,Unknown,True,F&O,Stage 4,watchlist,0.0,3.31,-1.08,-2.5,22.09,3200.0,Stage 4,Stage 4,Stage 4
GLAND.NS,Gland Pharma Limited,Healthcare,Unknown,False,Cash,Stage 2,watchlist,63.34,3.24,2.51,3.6,75.63,2989.7,Stage 2,Stage 2,Stage 2
SENCO.NS,Senco Gold Limited,Consumer Durables,Unknown,False,Cash,Stage 2 Failed,watchlist,0.0,3.14,-2.68,-5.82,3.69,328.3,Stage 2 Failed,Stage 2 Failed,Stage 2 Failed
APARINDS.NS,Apar Industries Limited,Capital Goods,Unknown,False,Cash,Stage 2,watchlist,53.37,3.13,-2.36,0.92,114.53,17803.0,Stage 2,Stage 2,Stage 2
RATNAMANI.NS,Ratnamani Metals & Tubes Limited,Capital Goods,Unknown,False,Cash,Stage 2,watchlist,52.66,3.09,1.85,6.93,19.1,2833.3,Stage 2,Stage 2,Stage 2
SSWL.NS,Steel Strips Wheels Limited,Automobile and Auto Components,Unknown,False,Cash,Stage 2,watchlist,37.27,3.09,10.28,31.62,91.66,400.65,Stage 2,Stage 2,Stage 2
SHILPAMED.NS,Shilpa Medicare Limited,Healthcare,Unknown,False,Cash,Stage 2,watchlist,61.54,2.97,2.19,11.28,234.47,1055.75,Stage 2,Stage 2,Stage 2
VENUSPIPES.NS,Venus Pipes & Tubes Limited,Capital Goods,Unknown,False,Cash,Stage 2,watchlist,47.4,2.96,-1.24,33.68,89.16,2195.8,Stage 2,Stage 2,Stage 2
SPARC.NS,Sun Pharma Advanced Research Company Limited,Healthcare,Unknown,False,Cash,Stage 3,watchlist,24.81,2.96,5.5,4.78,54.67,208.85,Stage 3,Stage 3,Stage 3
KSB.NS,Ksb Limited,Capital Goods,Unknown,False,Cash,Stage 1,watchlist,33.21,2.94,0.57,2.17,11.07,824.8,Stage 1,Stage 1,Stage 1
PAYTM.NS,One 97 Communications Limited,Financial Services,Unknown,True,F&O,Stage 2,watchlist,49.2,2.89,-7.24,-1.99,30.29,1683.0,Stage 2,Stage 2,Stage 2
WESTLIFE.NS,WESTLIFE FOODWORLD LIMITED,Consumer Services,Unknown,False,Cash,Stage 2,watchlist,25.05,2.89,3.94,4.45,10.86,596.6,Stage 2,Stage 2,Stage 2
HBLENGINE.NS,HBL Engineering Ltd.,Capital Goods,Unknown,False,Cash,Not Sure,watchlist,23.06,2.88,5.36,23.13,-11.73,808.3,Not Sure,Not Sure,Not Sure
TECHNOE.NS,Techno Electric & Engineering Company Limited,Construction,Unknown,False,Cash,Stage 4,watchlist,7.73,2.88,0.45,3.6,-4.41,1010.15,Stage 4,Stage 4,Stage 4
VSTTILLERS.NS,V.S.T Tillers Tractors Limited,Capital Goods,Unknown,False,Cash,Stage 4,watchlist,24.71,2.79,2.83,2.22,-28.14,4427.4,Stage 4,Stage 4,Stage 4
SHARDAMOTR.NS,Sharda Motor Industries Limited,Automobile and Auto Components,Unknown,False,Cash,Stage 2,watchlist,57.79,2.77,-1.47,13.11,5.39,971.25,Stage 2,Stage 2,Stage 2
BAJAJCON.NS,Bajaj Consumer Care Limited,Fast Moving Consumer Goods,Unknown,False,Cash,Stage 3,watchlist,5.21,2.7,-4.04,4.0,85.55,493.0,Stage 3,Stage 3,Stage 3
TATVA.NS,Tatva Chintan Pharma Chem Limited,Chemicals,Unknown,False,Cash,Stage 2,watchlist,42.68,2.62,3.57,11.18,36.53,1806.4,Stage 2,Stage 2,Stage 2
ASAHIINDIA.NS,Asahi India Glass Limited,Automobile and Auto Components,Unknown,False,Cash,Stage 2,watchlist,48.65,2.61,-0.75,0.83,-3.78,957.95,Stage 2,Stage 2,Stage 2
RRKABEL.NS,R R Kabel Limited,Capital Goods,Unknown,False,Cash,Stage 2,watchlist,31.9,2.58,2.05,-13.84,72.16,2523.2,Stage 2,Stage 2,Stage 2
DRREDDY.NS,Dr. Reddy's Laboratories Limited,Healthcare,Unknown,True,F&O,Not Sure,watchlist,30.4,2.53,3.38,8.45,0.51,1251.9,Not Sure,Not Sure,Not Sure
AKUMS.NS,Akums Drugs and Pharmaceuticals Ltd.,Healthcare,Unknown,False,Cash,Stage 2,watchlist,63.12,2.45,1.44,5.52,84.67,819.55,Stage 2,Stage 2,Stage 2
TEGA.NS,Tega Industries Limited,Capital Goods,Unknown,False,Cash,Stage 2,watchlist,34.94,2.44,-0.41,30.05,5.81,2060.6,Stage 2,Stage 2,Stage 2
DELHIVERY.NS,Delhivery Limited,Services,Unknown,True,F&O,Stage 4,watchlist,23.66,2.43,-3.1,-8.51,4.19,417.4,Stage 4,Stage 4,Stage 4
HYUNDAI.NS,Hyundai Motor India Ltd.,Automobile and Auto Components,Unknown,True,F&O,Stage 2 Failed,watchlist,11.4,2.4,-0.05,-4.76,-8.25,2100.0,Stage 2 Failed,Stage 2 Failed,Stage 2 Failed
BANDHANBNK.NS,Bandhan Bank Limited,Financial Services,Unknown,True,F&O,Stage 1,watchlist,9.92,2.38,0.33,13.34,29.64,185.31,Stage 1,Stage 1,Stage 1
UTKARSHBNK.NS,Utkarsh Small Finance Bank Limited,Financial Services,Unknown,False,Cash,Stage 4,watchlist,24.03,2.35,0.22,-7.64,-5.63,13.91,Stage 4,Stage 4,Stage 4
NAZARA.NS,Nazara Technologies Limited,"Media, Entertainment & Publication",Unknown,False,Cash,Stage 2,watchlist,52.28,2.3,4.85,4.21,38.71,388.4,Stage 2,Stage 2,Stage 2
EIHOTEL.NS,EIH Limited,Consumer Services,Unknown,False,Cash,Stage 4,watchlist,18.11,2.29,-0.67,6.93,-17.18,301.85,Stage 4,Stage 4,Stage 4
COCHINSHIP.NS,Cochin Shipyard Limited,Capital Goods,Unknown,True,F&O,Stage 4,watchlist,21.61,2.28,-2.13,-9.88,-15.94,1359.3,Stage 4,Stage 4,Stage 4
TVSSCS.NS,TVS Supply Chain Solutions Limited,Services,Unknown,False,Cash,Stage 2 Failed,watchlist,26.63,2.18,-0.76,3.31,14.95,131.3,Stage 2 Failed,Stage 2 Failed,Stage 2 Failed
IRFC.NS,Indian Railway Finance Corporation Limited,Financial Services,Unknown,True,F&O,Stage 4,watchlist,19.74,2.18,0.33,-3.7,-35.52,80.26,Stage 4,Stage 4,Stage 4
SANGHVIMOV.NS,Sanghvi Movers Limited,Capital Goods,Unknown,False,Cash,Stage 2 Failed,watchlist,19.41,2.18,3.46,-0.71,31.14,454.0,Stage 2 Failed,Stage 2 Failed,Stage 2 Failed
KANSAINER.NS,Kansai Nerolac Paints Limited,Consumer Durables,Unknown,False,Cash,Stage 4,watchlist,16.11,2.17,0.19,-5.95,-23.46,181.33,Stage 4,Stage 4,Stage 4
GRINFRA.NS,G R Infraprojects Limited,Construction,Unknown,False,Cash,Stage 4,watchlist,17.21,2.12,1.38,-6.84,-18.14,816.25,Stage 4,Stage 4,Stage 4
INDUSTOWER.NS,Indus Towers Limited,Telecommunication,Unknown,True,F&O,Stage 4,watchlist,31.66,2.1,-3.81,-5.47,-12.49,367.55,Stage 4,Stage 4,Stage 4
KPITTECH.NS,KPIT Technologies Limited,Information Technology,Unknown,True,F&O,Stage 4,watchlist,18.11,2.1,-1.77,-11.16,-54.84,519.7,Stage 4,Stage 4,Stage 4
TEXRAIL.NS,Texmaco Rail & Engineering Limited,Capital Goods,Unknown,False,Cash,Stage 2,watchlist,58.25,2.05,5.43,16.09,-7.45,125.67,Stage 2,Stage 2,Stage 2
CHENNPETRO.NS,Chennai Petroleum Corporation Limited,"Oil, Gas & Consumable Fuels",Unknown,False,Cash,Stage 2,watchlist,38.06,2.05,3.23,5.08,78.54,1436.9,Stage 2,Stage 2,Stage 2
ADANIGREEN.NS,Adani Green Energy Limited,Power,Unknown,True,F&O,Stage 1,watchlist,3.2,2.02,-3.37,3.71,22.82,1260.0,Stage 1,Stage 1,Stage 1
ABBOTINDIA.NS,Abbott India Limited,Healthcare,Unknown,False,Cash,Not Sure,watchlist,43.25,1.98,0.17,4.18,-2.03,27270.0,Not Sure,Not Sure,Not Sure
HINDPETRO.NS,Hindustan Petroleum Corporation Limited,"Oil, Gas & Consumable Fuels",Unknown,True,F&O,Stage 4,watchlist,28.19,1.97,-3.19,-4.52,-26.36,349.2,Stage 4,Stage 4,Stage 4
FINCABLES.NS,Finolex Cables Limited,Capital Goods,Unknown,False,Cash,Stage 2,watchlist,44.32,1.95,-2.22,15.92,83.85,1435.5,Stage 2,Stage 2,Stage 2
FDC.NS,FDC Limited,Healthcare,Unknown,False,Cash,Stage 4,watchlist,11.8,1.89,-1.8,3.83,-15.35,350.1,Stage 4,Stage 4,Stage 4
STAR.NS,Strides Pharma Science Limited,Healthcare,Unknown,False,Cash,Stage 2,watchlist,61.77,1.84,-3.68,14.4,29.27,1172.6,Stage 2,Stage 2,Stage 2
TBOTEK.NS,TBO Tek Ltd.,Consumer Services,Unknown,False,Cash,Stage 2,watchlist,27.82,1.81,-1.12,0.12,3.75,1684.7,Stage 2,Stage 2,Stage 2
GRANULES.NS,Granules India Limited,Healthcare,Unknown,False,Cash,Stage 2,watchlist,43.01,1.8,0.31,4.62,40.27,866.75,Stage 2,Stage 2,Stage 2
HCG.NS,Healthcare Global Enterprises Limited,Healthcare,Unknown,False,Cash,Stage 2 Failed,watchlist,15.84,1.79,-1.33,-4.05,7.78,703.6,Stage 2 Failed,Stage 2 Failed,Stage 2 Failed
SUPRAJIT.NS,Suprajit Engineering Limited,Automobile and Auto Components,Unknown,False,Cash,Stage 2,watchlist,29.4,1.76,1.79,-2.21,5.32,492.1,Stage 2,Stage 2,Stage 2
NATCOPHARM.NS,Natco Pharma Limited,Healthcare,Unknown,False,Cash,Stage 4,watchlist,10.36,1.76,3.44,0.19,-4.76,843.1,Stage 4,Stage 4,Stage 4
EDELWEISS.NS,Edelweiss Financial Services Limited,Financial Services,Unknown,False,Cash,Stage 2,watchlist,60.59,1.71,-2.4,9.42,28.2,137.77,Stage 2,Stage 2,Stage 2
RHIM.NS,RHI MAGNESITA INDIA LIMITED,Capital Goods,Unknown,False,Cash,Stage 4,watchlist,25.39,1.71,3.69,6.52,-12.92,393.2,Stage 4,Stage 4,Stage 4
KIRLOSIND.NS,Kirloskar Industries Limited,Capital Goods,Unknown,False,Cash,Stage 2 Failed,watchlist,14.64,1.65,-2.42,-4.26,13.52,3578.6,Stage 2 Failed,Stage 2 Failed,Stage 2 Failed
KNRCON.NS,KNR Constructions Limited,Construction,Unknown,False,Cash,Stage 4,watchlist,0.0,1.65,-0.59,-1.34,-25.98,119.33,Stage 4,Stage 4,Stage 4
RKFORGE.NS,Ramkrishna Forgings Limited,Capital Goods,Unknown,False,Cash,Stage 2,watchlist,61.75,1.64,-0.22,-3.89,38.6,714.65,Stage 2,Stage 2,Stage 2
NEOGEN.NS,Neogen Chemicals Limited,Chemicals,Unknown,False,Cash,Stage 2,watchlist,39.16,1.63,2.36,10.64,107.18,2435.3,Stage 2,Stage 2,Stage 2
ACI.NS,Archean Chemical Industries Limited,Chemicals,Unknown,False,Cash,Stage 4,watchlist,6.8,1.63,5.95,1.06,-11.03,490.6,Stage 4,Stage 4,Stage 4
EMCURE.NS,Emcure Pharmaceuticals Ltd.,Healthcare,Unknown,False,Cash,Stage 2,watchlist,50.77,1.62,-0.81,5.8,40.03,1959.1,Stage 2,Stage 2,Stage 2
DBREALTY.NS,D B Realty Limited,Realty,Unknown,False,Cash,Stage 4,watchlist,18.11,1.6,1.21,-5.73,-16.89,97.82,Stage 4,Stage 4,Stage 4
EQUITASBNK.NS,Equitas Small Finance Bank Limited,Financial Services,Unknown,False,Cash,Stage 1,watchlist,19.55,1.59,-8.01,-9.33,4.76,67.07,Stage 1,Stage 1,Stage 1
VAIBHAVGBL.NS,Vaibhav Global Limited,Consumer Durables,Unknown,False,Cash,Stage 4,watchlist,2.96,1.59,-2.54,-8.42,-13.76,202.89,Stage 4,Stage 4,Stage 4
POWERINDIA.NS,Hitachi Energy India Limited,Capital Goods,Unknown,True,F&O,Stage 2 Failed,watchlist,6.64,1.57,-2.16,-8.96,66.34,30735.0,Stage 2 Failed,Stage 2 Failed,Stage 2 Failed
IIFL.NS,IIFL Finance Limited,Financial Services,Unknown,False,Cash,Stage 2,watchlist,38.67,1.56,-1.63,-6.07,-1.36,607.5,Stage 2,Stage 2,Stage 2
SUNPHARMA.NS,Sun Pharmaceutical Industries Limited,Healthcare,Unknown,True,F&O,Stage 2 Failed,watchlist,43.43,1.47,1.01,-6.04,9.35,1865.0,Stage 2 Failed,Stage 2 Failed,Stage 2 Failed
ALKEM.NS,Alkem Laboratories Limited,Healthcare,Unknown,True,F&O,Stage 4,watchlist,26.47,1.45,-1.53,-1.49,-2.96,5250.0,Stage 4,Stage 4,Stage 4
POWERMECH.NS,Power Mech Projects Limited,Construction,Unknown,False,Cash,Stage 3,watchlist,13.8,1.39,-1.88,-4.86,5.29,2397.2,Stage 3,Stage 3,Stage 3
ADANIENSOL.NS,Adani Energy Solutions Limited,Power,Unknown,True,F&O,Stage 3,watchlist,0.0,1.39,-5.49,-7.87,24.79,1305.8,Stage 3,Stage 3,Stage 3
NUVOCO.NS,Nuvoco Vistas Corporation Limited,Construction Materials,Unknown,False,Cash,Stage 3,watchlist,27.01,1.33,-2.55,3.54,-5.71,330.2,Stage 3,Stage 3,Stage 3
CONCORDBIO.NS,Concord Biotech Limited,Healthcare,Unknown,False,Cash,Stage 2,watchlist,28.34,1.29,-7.94,-2.45,6.2,1410.7,Stage 2,Stage 2,Stage 2
BIRLACORPN.NS,Birla Corporation Limited,Construction Materials,Unknown,False,Cash,Stage 4,watchlist,17.17,1.29,3.95,-2.61,-22.44,849.9,Stage 4,Stage 4,Stage 4
SUNTECK.NS,Sunteck Realty Limited,Realty,Unknown,False,Cash,Stage 4,watchlist,24.16,1.28,-2.64,-6.92,-34.45,280.3,Stage 4,Stage 4,Stage 4
HATHWAY.NS,Hathway Cable & Datacom Limited,"Media, Entertainment & Publication",Unknown,False,Cash,Stage 4,watchlist,9.95,1.28,-5.01,-10.81,-23.78,9.49,Stage 4,Stage 4,Stage 4
JYOTICNC.NS,Jyoti CNC Automation Ltd.,Capital Goods,Unknown,False,Cash,Stage 2,watchlist,60.87,1.26,-2.31,6.47,6.68,1059.3,Stage 2,Stage 2,Stage 2
KSL.NS,Kalyani Steels Limited,Capital Goods,Unknown,False,Cash,Stage 2,watchlist,58.88,1.26,0.54,6.0,29.49,964.35,Stage 2,Stage 2,Stage 2
JSWENERGY.NS,JSW Energy Limited,Power,Unknown,True,F&O,Stage 4,watchlist,20.84,1.24,-3.25,-3.7,0.17,501.15,Stage 4,Stage 4,Stage 4
ITCHOTELS.NS,ITC Hotels Ltd.,Consumer Services,Unknown,False,Cash,Stage 4,watchlist,6.83,1.24,1.22,0.27,-17.78,160.53,Stage 4,Stage 4,Stage 4
PNBHOUSING.NS,PNB Housing Finance Limited,Financial Services,Unknown,True,F&O,Stage 2,watchlist,50.46,1.22,-2.43,-4.4,12.18,1098.2,Stage 2,Stage 2,Stage 2
INFY.NS,Infosys Limited,Information Technology,Unknown,True,F&O,Stage 4,watchlist,25.38,1.22,-1.36,-10.44,-36.35,1015.4,Stage 4,Stage 4,Stage 4
RAILTEL.NS,Railtel Corporation Of India Limited,Telecommunication,Unknown,False,Cash,Stage 4,watchlist,32.4,1.21,-1.76,-6.03,-29.56,259.25,Stage 4,Stage 4,Stage 4
PPLPHARMA.NS,Piramal Pharma Ltd.,Healthcare,Unknown,False,Cash,Stage 2,watchlist,45.74,1.2,-0.5,-2.49,23.07,209.07,Stage 2,Stage 2,Stage 2
JTLIND.NS,JTL INDUSTRIES LIMITED,Capital Goods,Unknown,False,Cash,Stage 2,watchlist,58.63,1.15,-0.37,-1.03,50.75,88.88,Stage 2,Stage 2,Stage 2
RAJRATAN.NS,Rajratan Global Wire Limited,Automobile and Auto Components,Unknown,False,Cash,Stage 2,watchlist,39.2,1.13,3.54,-6.24,1.49,466.15,Stage 2,Stage 2,Stage 2
ONESOURCE.NS,Onesource Specialty Pharma Ltd.,Healthcare,Unknown,False,Cash,Stage 2 Failed,watchlist,33.94,1.12,-0.29,4.23,-11.43,1583.3,Stage 2 Failed,Stage 2 Failed,Stage 2 Failed
KOTAKBANK.NS,Kotak Mahindra Bank Limited,Financial Services,Unknown,True,F&O,Stage 2 Failed,watchlist,41.14,1.11,-1.61,-3.2,-8.31,406.0,Stage 2 Failed,Stage 2 Failed,Stage 2 Failed
SKIPPER.NS,Skipper Limited,Capital Goods,Unknown,False,Cash,Stage 2,watchlist,28.12,1.1,-3.56,0.08,25.8,541.55,Stage 2,Stage 2,Stage 2
MANAPPURAM.NS,Manappuram Finance Limited,Financial Services,Unknown,True,F&O,Stage 2 Failed,watchlist,19.05,1.1,-0.89,-6.95,1.37,316.45,Stage 2 Failed,Stage 2 Failed,Stage 2 Failed
MRPL.NS,Mangalore Refinery and Petrochemicals Limited,"Oil, Gas & Consumable Fuels",Unknown,False,Cash,Stage 2 Failed,watchlist,53.09,1.09,4.38,0.75,14.2,171.65,Stage 2 Failed,Stage 2 Failed,Stage 2 Failed
KKCL.NS,Kewal Kiran Clothing Limited,Textiles,Unknown,False,Cash,Stage 2 Failed,watchlist,33.43,1.07,-3.65,-7.28,-2.62,467.1,Stage 2 Failed,Stage 2 Failed,Stage 2 Failed
VOLTAMP.NS,Voltamp Transformers Limited,Capital Goods,Unknown,False,Cash,Stage 2,watchlist,64.3,1.06,-1.14,-2.61,37.85,10624.0,Stage 2,Stage 2,Stage 2
MAHSEAMLES.NS,Maharashtra Seamless Limited,Capital Goods,Unknown,False,Cash,Stage 2,watchlist,46.58,1.05,3.51,10.51,32.1,721.85,Stage 2,Stage 2,Stage 2
NETWEB.NS,Netweb Technologies India Limited,Information Technology,Unknown,False,Cash,Stage 2,watchlist,22.15,1.02,-4.24,-11.09,50.07,4613.0,Stage 2,Stage 2,Stage 2
COHANCE.NS,Cohance Lifesciences Ltd.,Healthcare,Unknown,False,Cash,Not Sure,watchlist,29.46,1.01,1.14,0.43,-12.53,457.9,Not Sure,Not Sure,Not Sure
GOKEX.NS,Gokaldas Exports Limited,Textiles,Unknown,False,Cash,Stage 4,watchlist,10.0,1.0,-2.37,-13.11,-7.31,678.55,Stage 4,Stage 4,Stage 4
AUBANK.NS,AU Small Finance Bank Limited,Financial Services,Unknown,True,F&O,Stage 2 Failed,watchlist,20.0,0.99,-3.01,-7.46,0.67,1005.2,Stage 2 Failed,Stage 2 Failed,Stage 2 Failed
IPCALAB.NS,IPCA Laboratories Limited,Healthcare,Unknown,False,Cash,Stage 2,watchlist,44.85,0.98,-2.73,-1.86,39.1,1938.1,Stage 2,Stage 2,Stage 2
DBL.NS,Dilip Buildcon Limited,Construction,Unknown,False,Cash,Stage 4,watchlist,17.82,0.98,-2.88,1.72,-13.08,410.9,Stage 4,Stage 4,Stage 4
SONACOMS.NS,Sona BLW Precision Forgings Limited,Automobile and Auto Components,Unknown,True,F&O,Stage 2,watchlist,66.99,0.96,0.82,0.32,73.03,815.65,Stage 2,Stage 2,Stage 2
CARTRADE.NS,Cartrade Tech Limited,Consumer Services,Unknown,False,Cash,Stage 2,watchlist,54.95,0.95,-0.01,-2.81,2.76,2907.5,Stage 2,Stage 2,Stage 2
INOXINDIA.NS,INOX India Ltd.,Capital Goods,Unknown,False,Cash,Stage 2,watchlist,47.5,0.94,-2.97,-2.99,86.26,2070.4,Stage 2,Stage 2,Stage 2
FCL.NS,Fineotex Chemical Limited,Chemicals,Unknown,False,Cash,Stage 2,watchlist,40.46,0.94,0.96,14.2,136.25,57.94,Stage 2,Stage 2,Stage 2
AJANTPHARM.NS,Ajanta Pharma Limited,Healthcare,Unknown,False,Cash,Stage 2,watchlist,47.11,0.92,1.09,-1.23,22.18,3557.5,Stage 2,Stage 2,Stage 2
TATASTEEL.NS,Tata Steel Limited,Metals & Mining,Unknown,True,F&O,Stage 1,watchlist,13.82,0.91,1.64,1.98,5.49,188.0,Stage 1,Stage 1,Stage 1
TARIL.NS,Transformers And Rectifiers (India) Ltd.,Capital Goods,Unknown,False,Cash,Stage 4,watchlist,5.36,0.89,-2.81,-12.97,-11.3,272.85,Stage 4,Stage 4,Stage 4
KALYANKJIL.NS,Kalyan Jewellers India Limited,Consumer Durables,Unknown,True,F&O,Stage 2,watchlist,24.32,0.86,-2.44,-4.96,17.96,568.85,Stage 2,Stage 2,Stage 2
KRBL.NS,KRBL Limited,Fast Moving Consumer Goods,Unknown,False,Cash,Stage 2,watchlist,37.38,0.85,-0.95,-7.48,-1.23,386.2,Stage 2,Stage 2,Stage 2
RUSTOMJEE.NS,Keystone Realtors Limited,Realty,Unknown,False,Cash,Stage 4,watchlist,5.25,0.85,-0.17,-4.22,-32.46,362.95,Stage 4,Stage 4,Stage 4
APLLTD.NS,Alembic Pharmaceuticals Limited,Healthcare,Unknown,False,Cash,Stage 2,watchlist,68.71,0.84,2.54,3.19,4.38,861.5,Stage 2,Stage 2,Stage 2
MASFIN.NS,MAS Financial Services Limited,Financial Services,Unknown,False,Cash,Stage 4,watchlist,3.56,0.82,-2.75,-7.6,-11.38,281.4,Stage 4,Stage 4,Stage 4
FUSION.NS,Fusion Micro Finance Limited,Financial Services,Unknown,False,Cash,Stage 2 Failed,watchlist,25.54,0.8,-5.61,-13.49,8.63,173.3,Stage 2 Failed,Stage 2 Failed,Stage 2 Failed
TATACONSUM.NS,TATA CONSUMER PRODUCTS LIMITED,Fast Moving Consumer Goods,Unknown,True,F&O,Stage 4,watchlist,9.01,0.8,-1.67,-6.73,-17.08,967.7,Stage 4,Stage 4,Stage 4
SAREGAMA.NS,Saregama India Limited,"Media, Entertainment & Publication",Unknown,False,Cash,Stage 2,watchlist,40.02,0.79,-1.97,2.82,40.68,493.45,Stage 2,Stage 2,Stage 2
HCC.NS,Hindustan Construction Company Limited,Construction,Unknown,False,Cash,Stage 2 Failed,watchlist,15.13,0.78,-4.43,-13.09,8.77,20.71,Stage 2 Failed,Stage 2 Failed,Stage 2 Failed
PILANIINVS.NS,Pilani Investment and Industries Corporation Limited,Financial Services,Unknown,False,Cash,Stage 4,watchlist,17.1,0.76,0.48,-8.21,-22.07,4027.7,Stage 4,Stage 4,Stage 4
KTKBANK.NS,The Karnataka Bank Limited,Financial Services,Unknown,False,Cash,Stage 2,watchlist,35.74,0.75,-2.19,-1.74,59.15,324.25,Stage 2,Stage 2,Stage 2
MIDHANI.NS,Mishra Dhatu Nigam Limited,Capital Goods,Unknown,False,Cash,Stage 2,watchlist,25.47,0.75,1.24,1.5,23.33,419.1,Stage 2,Stage 2,Stage 2
NTPC.NS,NTPC Limited,Power,Unknown,True,F&O,Stage 4,watchlist,4.63,0.75,-1.31,-0.12,-2.03,323.5,Stage 4,Stage 4,Stage 4
TEAMLEASE.NS,Teamlease Services Limited,Services,Unknown,False,Cash,Stage 4,watchlist,18.11,0.74,-4.36,-10.51,-26.62,1148.6,Stage 4,Stage 4,Stage 4
NUVAMA.NS,Nuvama Wealth Management Ltd.,Financial Services,Unknown,True,F&O,Stage 2 Failed,watchlist,1.44,0.7,-1.41,-5.79,14.36,1652.1,Stage 2 Failed,Stage 2 Failed,Stage 2 Failed
YATHARTH.NS,Yatharth Hospital & Trauma Care Services Limited,Healthcare,Unknown,False,Cash,Stage 2,watchlist,58.06,0.69,-1.87,10.59,64.2,1108.0,Stage 2,Stage 2,Stage 2
IDEA.NS,Vodafone Idea Limited,Telecommunication,Unknown,True,F&O,Stage 2,watchlist,34.61,0.67,-4.98,-5.37,16.9,13.56,Stage 2,Stage 2,Stage 2
JSWSTEEL.NS,JSW Steel Limited,Metals & Mining,Unknown,True,F&O,Stage 2,watchlist,42.96,0.66,0.43,-2.7,9.24,1272.4,Stage 2,Stage 2,Stage 2
SANDUMA.NS,Sandur Manganese & Iron Ores Limited,"Oil, Gas & Consumable Fuels",Unknown,False,Cash,Stage 4,watchlist,21.11,0.65,-0.3,-9.73,-25.08,182.69,Stage 4,Stage 4,Stage 4
TATAELXSI.NS,Tata Elxsi Limited,Information Technology,Unknown,True,F&O,Stage 4,watchlist,2.0,0.65,-0.26,-10.25,-37.27,3211.7,Stage 4,Stage 4,Stage 4
MMTC.NS,MMTC Limited,Services,Unknown,False,Cash,Stage 4,watchlist,2.0,0.64,-4.88,-8.97,-13.62,56.76,Stage 4,Stage 4,Stage 4
AETHER.NS,Aether Industries Limited,Chemicals,Unknown,False,Cash,Stage 2,watchlist,44.32,0.62,6.47,3.46,94.66,1749.9,Stage 2,Stage 2,Stage 2
IKS.NS,Inventurus Knowledge Solutions Ltd.,Information Technology,Unknown,False,Cash,Stage 2 Failed,watchlist,32.18,0.62,-4.8,2.6,5.78,1779.4,Stage 2 Failed,Stage 2 Failed,Stage 2 Failed
IFCI.NS,IFCI Limited,Financial Services,Unknown,False,Cash,Stage 2 Failed,watchlist,8.19,0.6,-6.54,-20.88,33.73,70.97,Stage 2 Failed,Stage 2 Failed,Stage 2 Failed
COALINDIA.NS,Coal India Limited,"Oil, Gas & Consumable Fuels",Unknown,True,F&O,Stage 1,watchlist,18.84,0.59,-0.7,7.13,10.35,425.0,Stage 1,Stage 1,Stage 1
BEL.NS,Bharat Electronics Limited,Capital Goods,Unknown,True,F&O,Stage 1,watchlist,28.85,0.58,-2.55,-6.44,-1.95,387.75,Stage 1,Stage 1,Stage 1
NYKAA.NS,FSN E-Commerce Ventures Limited,Consumer Services,Unknown,True,F&O,Stage 2,watchlist,24.57,0.57,-1.86,-6.35,23.18,327.35,Stage 2,Stage 2,Stage 2
JINDALSAW.NS,Jindal Saw Limited,Capital Goods,Unknown,False,Cash,Stage 2,watchlist,35.76,0.56,-3.05,-10.32,67.36,277.7,Stage 2,Stage 2,Stage 2
BIOCON.NS,Biocon Ltd.,Healthcare,Unknown,True,F&O,Stage 4,watchlist,26.65,0.56,-3.33,-8.5,-2.66,377.0,Stage 4,Stage 4,Stage 4
GILLETTE.NS,Gillette India Limited,Fast Moving Consumer Goods,Unknown,False,Cash,Stage 4,watchlist,0.0,0.55,-0.65,-4.99,-12.1,6963.5,Stage 4,Stage 4,Stage 4
BBL.NS,Bharat Bijlee Limited,Capital Goods,Unknown,False,Cash,Stage 4,watchlist,22.83,0.54,-4.36,-10.15,-19.6,2123.7,Stage 4,Stage 4,Stage 4
LAOPALA.NS,La Opala RG Limited,Consumer Durables,Unknown,False,Cash,Stage 4,watchlist,18.42,0.53,-2.43,-9.73,-20.37,156.71,Stage 4,Stage 4,Stage 4
TORNTPHARM.NS,Torrent Pharmaceuticals Limited,Healthcare,Unknown,True,F&O,Stage 2,watchlist,45.83,0.51,-0.83,-3.4,28.3,4894.0,Stage 2,Stage 2,Stage 2
CMSINFO.NS,CMS Info Systems Limited,Services,Unknown,False,Cash,Stage 4,watchlist,22.34,0.51,-2.32,-4.88,-33.64,229.17,Stage 4,Stage 4,Stage 4
HDFCBANK.NS,HDFC Bank Limited,Financial Services,Unknown,True,F&O,Stage 4,watchlist,0.36,0.51,-2.15,1.93,-25.88,722.7,Stage 4,Stage 4,Stage 4
SHYAMMETL.NS,Shyam Metalics and Energy Limited,Metals & Mining,Unknown,False,Cash,Stage 2,watchlist,48.7,0.5,-1.84,-1.78,28.14,1074.0,Stage 2,Stage 2,Stage 2
HAPPSTMNDS.NS,Happiest Minds Technologies Limited,Information Technology,Unknown,False,Cash,Stage 4,watchlist,4.76,0.5,-1.5,-24.14,-31.64,308.7,Stage 4,Stage 4,Stage 4
RAYMOND.NS,Raymond Limited,Textiles,Unknown,False,Cash,Stage 2,watchlist,50.44,0.49,6.16,87.66,178.61,1185.75,Stage 2,Stage 2,Stage 2
POLYMED.NS,Poly Medicure Limited,Healthcare,Unknown,False,Cash,Stage 2 Failed,watchlist,46.83,0.49,-3.2,-6.53,-5.42,1644.7,Stage 2 Failed,Stage 2 Failed,Stage 2 Failed
GALLANTT.NS,Gallantt Ispat Limited,Capital Goods,Unknown,False,Cash,Stage 4,watchlist,26.25,0.48,-0.85,-4.61,0.42,539.1,Stage 4,Stage 4,Stage 4
INDHOTEL.NS,The Indian Hotels Company Limited,Consumer Services,Unknown,True,F&O,Stage 2,watchlist,56.72,0.47,-2.97,-3.19,-2.85,714.35,Stage 2,Stage 2,Stage 2
KIMS.NS,Krishna Institute of Medical Sciences Limited,Healthcare,Unknown,False,Cash,Stage 2 Failed,watchlist,41.59,0.45,-2.52,1.91,24.96,769.9,Stage 2 Failed,Stage 2 Failed,Stage 2 Failed
TCI.NS,Transport Corporation of India Limited,Services,Unknown,False,Cash,Stage 4,watchlist,23.57,0.45,6.79,0.08,-19.14,868.7,Stage 4,Stage 4,Stage 4
LALPATHLAB.NS,Dr. Lal Path Labs Ltd.,Healthcare,Unknown,False,Cash,Stage 2,watchlist,50.87,0.43,2.13,0.82,30.16,1950.4,Stage 2,Stage 2,Stage 2
JMFINANCIL.NS,JM Financial Limited,Financial Services,Unknown,False,Cash,Stage 4,watchlist,20.04,0.42,-0.42,-1.73,-13.45,125.78,Stage 4,Stage 4,Stage 4
GPPL.NS,Gujarat Pipavav Port Limited,Services,Unknown,False,Cash,Stage 1,watchlist,29.02,0.41,-2.35,-1.27,-9.17,160.54,Stage 1,Stage 1,Stage 1
RBA.NS,Restaurant Brands Asia Limited,Consumer Services,Unknown,False,Cash,Stage 2,watchlist,34.01,0.4,-1.77,-6.24,44.76,91.98,Stage 2,Stage 2,Stage 2
SBILIFE.NS,SBI Life Insurance Company Limited,Financial Services,Unknown,True,F&O,Stage 4,watchlist,16.11,0.4,-1.21,-0.32,-14.85,1735.0,Stage 4,Stage 4,Stage 4
TARC.NS,TARC Limited,Realty,Unknown,False,Cash,Stage 4,watchlist,24.38,0.39,-2.79,7.74,-26.54,127.02,Stage 4,Stage 4,Stage 4
VEDL.NS,Vedanta Limited,Metals & Mining,Unknown,True,F&O,Stage 4,watchlist,2.0,0.39,-1.14,-6.54,-56.14,260.0,Stage 4,Stage 4,Stage 4
SCHNEIDER.NS,Schneider Electric Infrastructure Limited,Capital Goods,Unknown,False,Cash,Stage 2 Failed,watchlist,15.78,0.38,-1.77,-2.17,66.65,1192.7,Stage 2 Failed,Stage 2 Failed,Stage 2 Failed
MSTCLTD.NS,Mstc Limited,Services,Unknown,False,Cash,Stage 2,watchlist,35.08,0.37,-4.54,-3.96,42.55,713.05,Stage 2,Stage 2,Stage 2
MANINFRA.NS,Man Infraconstruction Limited,Construction,Unknown,False,Cash,Stage 2,watchlist,31.45,0.37,3.11,4.31,0.78,127.9,Stage 2,Stage 2,Stage 2
HONAUT.NS,Honeywell Automation India Limited,Capital Goods,Unknown,False,Cash,Stage 3,watchlist,30.89,0.37,-0.13,-7.25,3.1,33980.0,Stage 3,Stage 3,Stage 3
JSWINFRA.NS,JSW Infrastructure Ltd.,Services,Unknown,False,Cash,Stage 2,watchlist,46.22,0.36,-4.79,2.94,23.94,350.0,Stage 2,Stage 2,Stage 2
IGIL.NS,International Gemmological Institute (India) Ltd.,Services,Unknown,False,Cash,Stage 1,watchlist,21.3,0.36,-0.81,-4.88,-1.12,324.3,Stage 1,Stage 1,Stage 1
BHEL.NS,Bharat Heavy Electricals Limited,Capital Goods,Unknown,True,F&O,Stage 2,watchlist,42.95,0.35,-2.92,-6.62,42.28,413.35,Stage 2,Stage 2,Stage 2
QUESS.NS,Quess Corp Limited,Services,Unknown,False,Cash,Stage 2,watchlist,37.8,0.35,-5.09,-10.39,71.93,342.1,Stage 2,Stage 2,Stage 2
CYIENTDLM.NS,Cyient DLM Limited,Capital Goods,Unknown,False,Cash,Stage 2,watchlist,36.94,0.35,0.43,9.27,122.18,921.15,Stage 2,Stage 2,Stage 2
SFL.NS,Sheela Foam Limited,Consumer Durables,Unknown,False,Cash,Stage 3,watchlist,0.91,0.35,-2.58,-1.6,7.17,631.5,Stage 3,Stage 3,Stage 3
ARVIND.NS,Arvind Limited,Textiles,Unknown,False,Cash,Stage 2,watchlist,40.97,0.34,2.23,-1.05,72.54,545.45,Stage 2,Stage 2,Stage 2
KOLTEPATIL.NS,Kolte - Patil Developers Limited,Realty,Unknown,False,Cash,Stage 2,watchlist,34.58,0.34,-1.95,-4.42,9.18,427.05,Stage 2,Stage 2,Stage 2
LEMONTREE.NS,Lemon Tree Hotels Limited,Consumer Services,Unknown,False,Cash,Stage 4,watchlist,24.75,0.34,-3.11,-1.96,-33.6,104.17,Stage 4,Stage 4,Stage 4
TRENT.NS,Trent Limited,Consumer Services,Unknown,True,F&O,Stage 4,watchlist,2.0,0.34,-5.31,-8.5,-7.89,2635.0,Stage 4,Stage 4,Stage 4
ASTRAL.NS,Astral Limited,Capital Goods,Unknown,True,F&O,Stage 1,watchlist,23.81,0.33,-0.48,-9.67,-4.02,1375.0,Stage 1,Stage 1,Stage 1
GRAPHITE.NS,Graphite India Limited,Capital Goods,Unknown,False,Cash,Stage 2,watchlist,54.74,0.32,-3.17,14.09,25.02,801.55,Stage 2,Stage 2,Stage 2
FINEORG.NS,Fine Organic Industries Limited,Chemicals,Unknown,False,Cash,Stage 2,watchlist,46.05,0.31,-0.38,-2.7,25.45,5140.0,Stage 2,Stage 2,Stage 2
SCI.NS,Shipping Corporation Of India Limited,Services,Unknown,False,Cash,Stage 2 Failed,watchlist,19.68,0.31,-2.92,-5.45,20.91,272.9,Stage 2 Failed,Stage 2 Failed,Stage 2 Failed
ENRIN.NS,Siemens Energy India Ltd.,Capital Goods,Unknown,False,Cash,Stage 3,watchlist,18.02,0.31,-1.11,-0.95,26.2,3199.0,Stage 3,Stage 3,Stage 3
JISLJALEQS.NS,Jain Irrigation Systems Limited,Capital Goods,Unknown,False,Cash,Stage 4,watchlist,9.51,0.31,0.14,2.44,-30.88,28.97,Stage 4,Stage 4,Stage 4
WOCKPHARMA.NS,Wockhardt Limited,Healthcare,Unknown,False,Cash,Stage 2,watchlist,62.79,0.3,0.4,16.48,54.21,2194.2,Stage 2,Stage 2,Stage 2
SURYAROSNI.NS,Surya Roshni Limited,Capital Goods,Unknown,False,Cash,Stage 4,watchlist,21.11,0.3,4.1,0.47,-18.98,220.75,Stage 4,Stage 4,Stage 4
GESHIP.NS,The Great Eastern Shipping Company Limited,Services,Unknown,False,Cash,Stage 2,watchlist,36.33,0.29,5.18,18.13,41.45,1537.8,Stage 2,Stage 2,Stage 2
DOMS.NS,DOMS Industries Ltd.,Fast Moving Consumer Goods,Unknown,False,Cash,Stage 4,watchlist,24.69,0.29,-2.21,-6.66,-20.99,2052.4,Stage 4,Stage 4,Stage 4
SBIN.NS,State Bank of India,Financial Services,Unknown,True,F&O,Stage 4,watchlist,23.37,0.28,-2.26,-8.99,-0.27,964.7,Stage 4,Stage 4,Stage 4
SUBROS.NS,Subros Limited,Automobile and Auto Components,Unknown,False,Cash,Stage 4,watchlist,21.11,0.27,-2.56,-1.72,-18.18,702.2,Stage 4,Stage 4,Stage 4
RALLIS.NS,Rallis India Limited,Chemicals,Unknown,False,Cash,Stage 4,watchlist,5.0,0.27,-0.99,-3.49,-26.91,199.96,Stage 4,Stage 4,Stage 4
TIMETECHNO.NS,Time Technoplast Limited,Capital Goods,Unknown,False,Cash,Stage 3,watchlist,31.43,0.26,1.84,-0.92,-1.57,183.92,Stage 3,Stage 3,Stage 3
RELAXO.NS,Relaxo Footwears Limited,Consumer Durables,Unknown,False,Cash,Stage 4,watchlist,16.11,0.26,-0.39,-17.62,-26.79,291.5,Stage 4,Stage 4,Stage 4
BANCOINDIA.NS,Banco Products (I) Limited,Automobile and Auto Components,Unknown,False,Cash,Stage 4,watchlist,29.54,0.24,-1.65,-3.53,-10.37,595.65,Stage 4,Stage 4,Stage 4
DODLA.NS,Dodla Dairy Limited,Fast Moving Consumer Goods,Unknown,False,Cash,Stage 4,watchlist,16.93,0.24,-3.48,-7.53,-17.61,1011.1,Stage 4,Stage 4,Stage 4
TMB.NS,Tamilnad Mercantile Bank Limited,Financial Services,Unknown,False,Cash,Stage 2,watchlist,21.98,0.21,-2.29,-7.4,69.34,863.55,Stage 2,Stage 2,Stage 2
AXISBANK.NS,Axis Bank Limited,Financial Services,Unknown,True,F&O,Stage 4,watchlist,14.66,0.18,-2.46,-6.76,-4.82,1212.1,Stage 4,Stage 4,Stage 4
VENTIVE.NS,Ventive Hospitality Ltd.,Consumer Services,Unknown,False,Cash,Stage 4,watchlist,18.22,0.17,-3.41,-4.64,-24.81,559.85,Stage 4,Stage 4,Stage 4
MGL.NS,Mahanagar Gas Limited,"Oil, Gas & Consumable Fuels",Unknown,False,Cash,Stage 2 Failed,watchlist,28.23,0.16,-1.57,-1.76,-4.38,1050.5,Stage 2 Failed,Stage 2 Failed,Stage 2 Failed
ORISSAMINE.NS,The Orissa Minerals Development Company Limited,Metals & Mining,Unknown,False,Cash,Stage 4,watchlist,18.4,0.16,-5.32,-14.86,-26.32,3673.3,Stage 4,Stage 4,Stage 4
RATEGAIN.NS,Rategain Travel Technologies Limited,Information Technology,Unknown,False,Cash,Stage 2 Failed,watchlist,10.04,0.16,-0.9,-11.49,18.23,830.0,Stage 2 Failed,Stage 2 Failed,Stage 2 Failed
REDINGTON.NS,Redington Limited,Services,Unknown,False,Cash,Stage 2,watchlist,53.01,0.15,-1.19,13.33,50.7,405.45,Stage 2,Stage 2,Stage 2
SKFINDIA.NS,SKF India Limited,Capital Goods,Unknown,False,Cash,Stage 4,watchlist,22.53,0.15,0.45,-2.57,-16.44,1514.0,Stage 4,Stage 4,Stage 4
MEDPLUS.NS,Medplus Health Services Limited,Consumer Services,Unknown,False,Cash,Stage 4,watchlist,5.96,0.15,-0.24,-2.71,-19.32,654.0,Stage 4,Stage 4,Stage 4
RTNPOWER.NS,RattanIndia Power Limited,Power,Unknown,False,Cash,Stage 4,watchlist,5.29,0.15,-2.69,-8.4,-27.3,6.87,Stage 4,Stage 4,Stage 4
SOUTHBANK.NS,The South Indian Bank Limited,Financial Services,Unknown,False,Cash,Stage 2,watchlist,36.99,0.14,7.69,6.68,29.68,48.71,Stage 2,Stage 2,Stage 2
LINDEINDIA.NS,Linde India Limited,Chemicals,Unknown,False,Cash,Not Sure,watchlist,6.44,0.14,-1.91,-2.91,5.11,6199.5,Not Sure,Not Sure,Not Sure
BANKINDIA.NS,Bank of India,Financial Services,Unknown,True,F&O,Stage 4,watchlist,24.11,0.09,-5.04,-8.11,-8.59,130.11,Stage 4,Stage 4,Stage 4
TITAGARH.NS,TITAGARH RAIL SYSTEMS LIMITED,Capital Goods,Unknown,False,Cash,Stage 2 Failed,watchlist,6.27,0.09,-1.74,0.27,-6.97,819.35,Stage 2 Failed,Stage 2 Failed,Stage 2 Failed
KAJARIACER.NS,Kajaria Ceramics Limited,Consumer Durables,Unknown,False,Cash,Stage 2,watchlist,50.3,0.08,0.58,-1.57,24.26,1190.5,Stage 2,Stage 2,Stage 2
ADANIPOWER.NS,Adani Power Limited,Power,Unknown,True,F&O,Stage 3,watchlist,9.7,0.08,-5.15,-0.86,31.96,196.3,Stage 3,Stage 3,Stage 3
BANKBARODA.NS,Bank of Baroda,Financial Services,Unknown,True,F&O,Stage 4,watchlist,3.61,0.08,-2.85,-4.58,-21.85,227.68,Stage 4,Stage 4,Stage 4
BORORENEW.NS,BOROSIL RENEWABLES LIMITED,Capital Goods,Unknown,False,Cash,Stage 4,watchlist,21.11,0.06,-4.68,-9.97,-16.04,452.5,Stage 4,Stage 4,Stage 4
HOMEFIRST.NS,Home First Finance Company India Limited,Financial Services,Unknown,False,Cash,Stage 2 Failed,watchlist,19.35,0.04,-9.74,-6.04,-0.12,1094.4,Stage 2 Failed,Stage 2 Failed,Stage 2 Failed
IMAGICAA.NS,Imagicaaworld Entertainment Limited,Consumer Services,Unknown,False,Cash,Stage 2,watchlist,33.8,0.02,-2.1,-8.86,7.19,51.3,Stage 2,Stage 2,Stage 2
NSLNISP.NS,NMDC Steel Limited,Metals & Mining,Unknown,False,Cash,Stage 2 Failed,watchlist,6.69,0.02,-1.69,-9.53,-5.22,41.79,Stage 2 Failed,Stage 2 Failed,Stage 2 Failed
AUROPHARMA.NS,Aurobindo Pharma Limited,Healthcare,Unknown,True,F&O,Stage 2,watchlist,76.46,0.01,-0.14,-1.12,42.31,1697.7,Stage 2,Stage 2,Stage 2
ACMESOLAR.NS,ACME Solar Holdings Ltd.,Power,Unknown,False,Cash,Stage 2,watchlist,45.15,0.01,-4.51,8.96,84.3,437.95,Stage 2,Stage 2,Stage 2
PRIVISCL.NS,Privi Speciality Chemicals Limited,Chemicals,Unknown,False,Cash,Stage 2,watchlist,38.55,0.01,2.57,4.27,29.17,3605.5,Stage 2,Stage 2,Stage 2
ONGC.NS,Oil & Natural Gas Corporation Limited,"Oil, Gas & Consumable Fuels",Unknown,True,F&O,Stage 1,watchlist,31.65,0.0,-2.6,-0.35,-0.64,230.0,Stage 1,Stage 1,Stage 1
VBL.NS,Varun Beverages Limited,Fast Moving Consumer Goods,Unknown,True,F&O,Stage 4,watchlist,7.82,0.0,0.0,7.38,-12.27,430.0,Stage 4,Stage 4,Stage 4
BHARTIARTL.NS,Bharti Airtel Limited,Telecommunication,Unknown,True,F&O,Stage 4,watchlist,32.36,-0.01,-2.53,-2.25,-15.02,1771.2,Stage 4,Stage 4,Stage 4
RAIN.NS,Rain Industries Limited,Chemicals,Unknown,False,Cash,Stage 2,watchlist,50.95,-0.02,-1.88,10.27,47.51,215.41,Stage 2,Stage 2,Stage 2
NESTLEIND.NS,Nestle India Limited,Fast Moving Consumer Goods,Unknown,True,F&O,Stage 2 Failed,watchlist,10.1,-0.02,-1.33,-10.08,4.98,1345.7,Stage 2 Failed,Stage 2 Failed,Stage 2 Failed
LGBBROSLTD.NS,LG Balakrishnan & Bros Limited,Automobile and Auto Components,Unknown,False,Cash,Stage 1,watchlist,19.75,-0.03,-0.01,2.23,-1.95,1730.1,Stage 1,Stage 1,Stage 1
MINDACORP.NS,Minda Corporation Limited,Automobile and Auto Components,Unknown,False,Cash,Stage 2,watchlist,27.43,-0.04,-1.85,-5.59,15.27,672.75,Stage 2,Stage 2,Stage 2
ITC.NS,ITC Limited,Fast Moving Consumer Goods,Unknown,True,F&O,Stage 4,watchlist,14.46,-0.04,-0.26,3.76,-23.59,265.1,Stage 4,Stage 4,Stage 4
TATACOMM.NS,Tata Communications Limited,Telecommunication,Unknown,False,Cash,Stage 2 Failed,watchlist,12.35,-0.04,-2.23,-3.99,-7.83,1654.7,Stage 2 Failed,Stage 2 Failed,Stage 2 Failed
INDIGO.NS,InterGlobe Aviation Limited,Services,Unknown,True,F&O,Stage 3,watchlist,2.0,-0.05,-3.14,-6.92,-4.67,4872.0,Stage 3,Stage 3,Stage 3
VGUARD.NS,V-Guard Industries Limited,Consumer Durables,Unknown,False,Cash,Stage 2 Failed,watchlist,22.73,-0.07,-4.2,-11.35,-4.03,307.05,Stage 2 Failed,Stage 2 Failed,Stage 2 Failed
ELECON.NS,Elecon Engineering Company Limited,Capital Goods,Unknown,False,Cash,Stage 3,watchlist,14.32,-0.07,14.23,16.64,0.22,480.4,Stage 3,Stage 3,Stage 3
HINDALCO.NS,Hindalco Industries Limited,Metals & Mining,Unknown,True,F&O,Stage 2 Failed,watchlist,9.92,-0.07,-1.83,-5.93,7.29,955.2,Stage 2 Failed,Stage 2 Failed,Stage 2 Failed
HINDWAREAP.NS,Hindware Home Innovation Limited,Consumer Durables,Unknown,False,Cash,Stage 4,watchlist,16.61,-0.08,-2.61,-8.97,-37.41,170.2,Stage 4,Stage 4,Stage 4
GRINDWELL.NS,Grindwell Norton Limited,Capital Goods,Unknown,False,Cash,Stage 2 Failed,watchlist,8.54,-0.08,-1.3,-5.25,24.17,1916.7,Stage 2 Failed,Stage 2 Failed,Stage 2 Failed
TVSMOTOR.NS,TVS Motor Company Limited,Automobile and Auto Components,Unknown,True,F&O,Stage 2,watchlist,44.32,-0.1,-1.18,-5.76,8.2,4091.1,Stage 2,Stage 2,Stage 2
TIIL.NS,Technocraft Industries (India) Limited,Capital Goods,Unknown,False,Cash,Stage 2,watchlist,43.27,-0.1,-1.9,-10.82,30.89,2926.4,Stage 2,Stage 2,Stage 2
GREENPANEL.NS,Greenpanel Industries Limited,Consumer Durables,Unknown,False,Cash,Stage 4,watchlist,18.97,-0.1,-6.54,1.58,-30.94,159.05,Stage 4,Stage 4,Stage 4
HARSHA.NS,Harsha Engineers International Limited,Capital Goods,Unknown,False,Cash,Stage 2,watchlist,66.78,-0.11,-0.01,2.01,19.69,465.05,Stage 2,Stage 2,Stage 2
IMFA.NS,Indian Metals & Ferro Alloys Limited,Metals & Mining,Unknown,False,Cash,Stage 4,watchlist,18.61,-0.11,-3.7,-8.43,-18.65,1206.5,Stage 4,Stage 4,Stage 4
POWERGRID.NS,Power Grid Corporation of India Limited,Power,Unknown,True,F&O,Stage 1,watchlist,24.7,-0.13,-1.67,-0.78,-0.42,261.5,Stage 1,Stage 1,Stage 1
TEJASNET.NS,Tejas Networks Limited,Telecommunication,Unknown,False,Cash,Stage 2 Failed,watchlist,37.22,-0.14,-5.02,-12.39,8.47,490.4,Stage 2 Failed,Stage 2 Failed,Stage 2 Failed
ATUL.NS,Atul Limited,Chemicals,Unknown,False,Cash,Stage 1,watchlist,23.81,-0.14,-3.14,-6.41,-2.54,5982.5,Stage 1,Stage 1,Stage 1
GENUSPOWER.NS,Genus Power Infrastructures Limited,Capital Goods,Unknown,False,Cash,Stage 2 Failed,watchlist,7.95,-0.14,-5.11,-12.25,-1.41,293.65,Stage 2 Failed,Stage 2 Failed,Stage 2 Failed
AIAENG.NS,AIA Engineering Limited,Capital Goods,Unknown,False,Cash,Stage 4,watchlist,21.11,-0.15,-2.24,-9.07,-4.47,3835.7,Stage 4,Stage 4,Stage 4
ESABINDIA.NS,Esab India Limited,Capital Goods,Unknown,False,Cash,Stage 2 Failed,watchlist,13.22,-0.15,-2.56,-9.96,-9.55,5510.0,Stage 2 Failed,Stage 2 Failed,Stage 2 Failed
PDSL.NS,PDS Limited,Textiles,Unknown,False,Cash,Stage 2 Failed,watchlist,15.84,-0.16,-3.46,-5.63,-6.19,348.95,Stage 2 Failed,Stage 2 Failed,Stage 2 Failed
GOCOLORS.NS,Go Fashion (India) Limited,Consumer Services,Unknown,False,Cash,Stage 4,watchlist,3.82,-0.16,-1.17,-7.18,-33.63,304.3,Stage 4,Stage 4,Stage 4
SOBHA.NS,Sobha Limited,Realty,Unknown,False,Cash,Stage 4,watchlist,18.11,-0.18,-1.17,-3.14,-16.5,1216.5,Stage 4,Stage 4,Stage 4
SUDARSCHEM.NS,Sudarshan Chemical Industries Limited,Chemicals,Unknown,False,Cash,Stage 2,watchlist,37.74,-0.19,-2.68,-5.49,27.62,1197.3,Stage 2,Stage 2,Stage 2
NAVA.NS,NAVA LIMITED,Power,Unknown,False,Cash,Stage 4,watchlist,21.35,-0.19,-0.9,-3.9,-2.47,545.95,Stage 4,Stage 4,Stage 4
FIRSTCRY.NS,Brainbees Solutions Ltd.,Consumer Services,Unknown,False,Cash,Stage 4,watchlist,19.73,-0.19,5.31,1.07,-35.77,184.37,Stage 4,Stage 4,Stage 4
SARDAEN.NS,Sarda Energy & Minerals Limited,Metals & Mining,Unknown,False,Cash,Stage 1,watchlist,14.32,-0.19,-0.6,-1.55,-1.47,500.35,Stage 1,Stage 1,Stage 1
GMMPFAUDLR.NS,GMM Pfaudler Limited,Capital Goods,Unknown,False,Cash,Stage 2,watchlist,45.15,-0.2,1.01,41.7,36.29,1477.1,Stage 2,Stage 2,Stage 2
SHAREINDIA.NS,Share India Securities Limited,Financial Services,Unknown,False,Cash,Stage 2,watchlist,40.85,-0.2,-7.9,19.44,26.2,205.68,Stage 2,Stage 2,Stage 2
ASIANPAINT.NS,Asian Paints Limited,Consumer Durables,Unknown,True,F&O,Stage 4,watchlist,23.54,-0.21,-1.37,-8.99,-11.48,2415.0,Stage 4,Stage 4,Stage 4
NIITMTS.NS,NIIT Learning Systems Limited,Consumer Services,Unknown,False,Cash,Stage 4,watchlist,19.49,-0.21,-5.9,-9.76,-47.99,204.96,Stage 4,Stage 4,Stage 4
IRCTC.NS,Indian Railway Catering And Tourism Corporation Ltd.,Consumer Services,Unknown,False,Cash,Stage 4,watchlist,18.11,-0.21,-3.64,-5.86,-33.56,452.55,Stage 4,Stage 4,Stage 4
TASTYBITE.NS,Tasty Bite Eatables Limited,Fast Moving Consumer Goods,Unknown,False,Cash,Stage 2,watchlist,21.54,-0.23,-2.22,-5.21,22.45,9611.0,Stage 2,Stage 2,Stage 2
AARTIDRUGS.NS,Aarti Drugs Limited,Healthcare,Unknown,False,Cash,Stage 2,watchlist,73.67,-0.24,0.67,4.1,3.42,428.6,Stage 2,Stage 2,Stage 2
JSWHL.NS,JSW Holdings Limited,Financial Services,Unknown,False,Cash,Stage 4,watchlist,23.31,-0.24,-1.95,-4.99,-44.37,11000.0,Stage 4,Stage 4,Stage 4
ABLBL.NS,Aditya Birla Lifestyle Brands Ltd.,Consumer Services,Unknown,False,Cash,Stage 4,watchlist,22.82,-0.25,-4.66,-11.22,-38.79,76.98,Stage 4,Stage 4,Stage 4
PGHH.NS,Procter & Gamble Hygiene and Health Care Limited,Fast Moving Consumer Goods,Unknown,False,Cash,Stage 4,watchlist,4.73,-0.25,-5.64,-13.23,-45.8,6871.5,Stage 4,Stage 4,Stage 4
NAVNETEDUL.NS,Navneet Education Limited,"Media, Entertainment & Publication",Unknown,False,Cash,Stage 4,watchlist,0.0,-0.25,-1.38,-9.73,-13.6,121.42,Stage 4,Stage 4,Stage 4
DCXINDIA.NS,DCX Systems Limited,Capital Goods,Unknown,False,Cash,Stage 4,watchlist,28.07,-0.27,-2.87,-8.24,-16.74,158.81,Stage 4,Stage 4,Stage 4
DEVYANI.NS,Devyani International Limited,Consumer Services,Unknown,False,Cash,Stage 2,watchlist,37.79,-0.28,-9.54,-5.8,-11.33,130.72,Stage 2,Stage 2,Stage 2
CRAFTSMAN.NS,Craftsman Automation Limited,Automobile and Auto Components,Unknown,False,Cash,Stage 2,watchlist,30.28,-0.28,-0.91,-6.19,36.2,10505.0,Stage 2,Stage 2,Stage 2
MRF.NS,MRF Limited,Automobile and Auto Components,Unknown,False,Cash,Stage 4,watchlist,27.34,-0.28,-1.35,-7.97,-18.63,123080.0,Stage 4,Stage 4,Stage 4
TMPV.NS,Tata Motors Passenger Vehicles Ltd.,Automobile and Auto Components,Unknown,True,F&O,Stage 4,watchlist,11.87,-0.28,-6.37,-9.03,-22.93,280.95,Stage 4,Stage 4,Stage 4
ICRA.NS,ICRA Limited,Financial Services,Unknown,False,Cash,Stage 4,watchlist,16.11,-0.29,-6.16,-12.58,-28.68,4297.9,Stage 4,Stage 4,Stage 4
NEULANDLAB.NS,Neuland Laboratories Limited,Healthcare,Unknown,False,Cash,Stage 2,watchlist,52.84,-0.3,-5.21,-7.11,42.19,21375.0,Stage 2,Stage 2,Stage 2
NEWGEN.NS,Newgen Software Technologies Limited,Information Technology,Unknown,False,Cash,Stage 4,watchlist,26.89,-0.3,-4.58,-10.56,-42.71,473.0,Stage 4,Stage 4,Stage 4
FINPIPE.NS,Finolex Industries Limited,Capital Goods,Unknown,False,Cash,Stage 4,watchlist,25.03,-0.3,-1.17,-2.46,-12.47,151.15,Stage 4,Stage 4,Stage 4
CIPLA.NS,Cipla Limited,Healthcare,Unknown,True,F&O,Stage 3,watchlist,13.29,-0.32,-0.35,-2.12,-7.24,1379.3,Stage 3,Stage 3,Stage 3
METROBRAND.NS,Metro Brands Limited,Consumer Durables,Unknown,False,Cash,Stage 4,watchlist,16.11,-0.34,-5.23,-4.85,-27.01,872.15,Stage 4,Stage 4,Stage 4
HSCL.NS,Himadri Speciality Chemical Limited,Chemicals,Unknown,False,Cash,Stage 2 Failed,watchlist,34.19,-0.35,-0.28,1.27,37.72,667.6,Stage 2 Failed,Stage 2 Failed,Stage 2 Failed
ADVENZYMES.NS,Advanced Enzyme Technologies Limited,Healthcare,Unknown,False,Cash,Stage 4,watchlist,13.47,-0.35,-4.87,-4.06,-6.8,282.15,Stage 4,Stage 4,Stage 4
RAINBOW.NS,Rainbow Childrens Medicare Limited,Healthcare,Unknown,False,Cash,Stage 2 Failed,watchlist,10.0,-0.35,-4.41,-5.2,4.23,1367.8,Stage 2 Failed,Stage 2 Failed,Stage 2 Failed
JUSTDIAL.NS,Just Dial Limited,Consumer Services,Unknown,False,Cash,Stage 2 Failed,watchlist,15.29,-0.37,-3.82,-7.56,-9.61,656.5,Stage 2 Failed,Stage 2 Failed,Stage 2 Failed
NLCINDIA.NS,NLC India Ltd.,Power,Unknown,False,Cash,Stage 4,watchlist,9.9,-0.37,-4.21,-4.27,1.36,255.75,Stage 4,Stage 4,Stage 4
APLAPOLLO.NS,APL Apollo Tubes Limited,Capital Goods,Unknown,True,F&O,Stage 2,watchlist,51.95,-0.38,-0.29,-1.19,11.52,2188.6,Stage 2,Stage 2,Stage 2
NETWORK18.NS,Network18 Media & Investments Limited,"Media, Entertainment & Publication",Unknown,False,Cash,Stage 4,watchlist,23.06,-0.38,-3.83,-4.96,-39.97,25.88,Stage 4,Stage 4,Stage 4
SUZLON.NS,Suzlon Energy Limited,Capital Goods,Unknown,True,F&O,Stage 4,watchlist,5.0,-0.4,-8.14,-16.88,-24.72,39.5,Stage 4,Stage 4,Stage 4
ASTRAZEN.NS,AstraZeneca Pharma India Limited,Healthcare,Unknown,False,Cash,Stage 4,watchlist,27.27,-0.41,-6.81,-10.03,-28.43,6254.5,Stage 4,Stage 4,Stage 4
JAICORPLTD.NS,Jai Corp Limited,Capital Goods,Unknown,False,Cash,Stage 4,watchlist,5.59,-0.41,-2.6,-6.42,-29.89,91.8,Stage 4,Stage 4,Stage 4
CHOLAFIN.NS,Cholamandalam Investment and Finance Company Limited,Financial Services,Unknown,True,F&O,Stage 2 Failed,watchlist,27.82,-0.42,-7.49,-12.39,-5.5,1627.3,Stage 2 Failed,Stage 2 Failed,Stage 2 Failed
GULFOILLUB.NS,Gulf Oil Lubricants India Limited,"Oil, Gas & Consumable Fuels",Unknown,False,Cash,Stage 2 Failed,watchlist,16.86,-0.42,5.22,1.31,-4.8,1105.8,Stage 2 Failed,Stage 2 Failed,Stage 2 Failed
LT.NS,Larsen & Toubro Limited,Construction,Unknown,True,F&O,Not Sure,watchlist,0.0,-0.46,-3.03,-7.31,-8.57,3749.1,Not Sure,Not Sure,Not Sure
EICHERMOT.NS,Eicher Motors Limited,Automobile and Auto Components,Unknown,True,F&O,Stage 2 Failed,watchlist,24.5,-0.48,-3.34,-9.74,-1.28,7179.0,Stage 2 Failed,Stage 2 Failed,Stage 2 Failed
LUPIN.NS,Lupin Limited,Healthcare,Unknown,True,F&O,Stage 4,watchlist,16.76,-0.48,-3.88,-6.23,-1.7,2052.1,Stage 4,Stage 4,Stage 4
POONAWALLA.NS,Poonawalla Fincorp Limited,Financial Services,Unknown,False,Cash,Stage 2 Failed,watchlist,16.59,-0.48,-6.12,-4.48,-8.32,443.0,Stage 2 Failed,Stage 2 Failed,Stage 2 Failed
SHRIRAMFIN.NS,Shriram Finance Ltd.,Financial Services,Unknown,True,F&O,Stage 2 Failed,watchlist,19.44,-0.49,-3.43,-12.47,-4.19,971.5,Stage 2 Failed,Stage 2 Failed,Stage 2 Failed
CUB.NS,City Union Bank Limited,Financial Services,Unknown,False,Cash,Stage 2,watchlist,49.02,-0.5,-5.41,-6.23,0.08,214.91,Stage 2,Stage 2,Stage 2
PRICOLLTD.NS,Pricol Limited,Automobile and Auto Components,Unknown,False,Cash,Stage 2,watchlist,46.9,-0.5,-2.44,-6.71,13.45,749.35,Stage 2,Stage 2,Stage 2
VSTIND.NS,VST Industries Limited,Fast Moving Consumer Goods,Unknown,False,Cash,Stage 4,watchlist,1.8,-0.51,-1.33,-3.23,-16.79,202.96,Stage 4,Stage 4,Stage 4
RAMCOCEM.NS,The Ramco Cements Limited,Construction Materials,Unknown,False,Cash,Stage 4,watchlist,22.34,-0.52,-4.44,-5.74,-20.01,844.25,Stage 4,Stage 4,Stage 4
LXCHEM.NS,Laxmi Organic Industries Limited,Chemicals,Unknown,False,Cash,Stage 2,watchlist,38.33,-0.55,-0.85,5.96,5.3,176.49,Stage 2,Stage 2,Stage 2
BALAMINES.NS,Balaji Amines Limited,Chemicals,Unknown,False,Cash,Stage 2,watchlist,30.3,-0.55,0.15,-7.81,93.99,2142.1,Stage 2,Stage 2,Stage 2
BAJAJFINSV.NS,Bajaj Finserv Limited,Financial Services,Unknown,True,F&O,Stage 4,watchlist,20.87,-0.55,-4.44,-13.79,-14.39,1742.4,Stage 4,Stage 4,Stage 4
BALMLAWRIE.NS,Balmer Lawrie & Company Limited,Diversified,Unknown,False,Cash,Stage 4,watchlist,16.13,-0.55,-3.49,-5.22,-8.16,161.59,Stage 4,Stage 4,Stage 4
SAMHI.NS,Samhi Hotels Limited,Consumer Services,Unknown,False,Cash,Stage 4,watchlist,2.0,-0.55,-6.38,-4.49,-16.69,149.34,Stage 4,Stage 4,Stage 4
DYNAMATECH.NS,Dynamatic Technologies Limited,Capital Goods,Unknown,False,Cash,Stage 2,watchlist,38.47,-0.56,4.39,9.18,41.25,13065.0,Stage 2,Stage 2,Stage 2
NMDC.NS,NMDC Limited,Metals & Mining,Unknown,True,F&O,Stage 1,watchlist,14.28,-0.56,-3.99,-12.7,-5.16,77.0,Stage 1,Stage 1,Stage 1
MAHLIFE.NS,Mahindra Lifespace Developers Limited,Realty,Unknown,False,Cash,Stage 3,watchlist,8.75,-0.58,0.54,-1.27,-7.47,361.0,Stage 3,Stage 3,Stage 3
ACE.NS,Action Construction Equipment Limited,Capital Goods,Unknown,False,Cash,Stage 2,watchlist,68.68,-0.59,-2.91,8.78,27.97,1205.8,Stage 2,Stage 2,Stage 2
UBL.NS,United Breweries Limited,Fast Moving Consumer Goods,Unknown,False,Cash,Stage 4,watchlist,6.12,-0.59,-0.41,-7.51,-24.21,1210.2,Stage 4,Stage 4,Stage 4
CASTROLIND.NS,Castrol India Limited,"Oil, Gas & Consumable Fuels",Unknown,False,Cash,Stage 2,watchlist,49.01,-0.6,2.16,8.31,11.36,199.83,Stage 2,Stage 2,Stage 2
GATEWAY.NS,Gateway Distriparks Limited,Services,Unknown,False,Cash,Stage 4,watchlist,18.11,-0.6,-1.36,-4.13,-9.93,51.57,Stage 4,Stage 4,Stage 4
SUMICHEM.NS,Sumitomo Chemical India Limited,Chemicals,Unknown,False,Cash,Stage 2 Failed,watchlist,7.61,-0.6,-5.76,-16.68,-7.95,431.15,Stage 2 Failed,Stage 2 Failed,Stage 2 Failed
CAMPUS.NS,Campus Activewear Limited,Consumer Durables,Unknown,False,Cash,Stage 4,watchlist,5.06,-0.61,-0.75,-7.26,-19.37,209.76,Stage 4,Stage 4,Stage 4
PCBL.NS,PCBL LIMITED,Chemicals,Unknown,False,Cash,Stage 2,watchlist,47.83,-0.63,-4.97,4.23,13.1,330.45,Stage 2,Stage 2,Stage 2
DALMIASUG.NS,Dalmia Bharat Sugar and Industries Limited,Fast Moving Consumer Goods,Unknown,False,Cash,Stage 2,watchlist,34.03,-0.63,6.21,-14.86,41.9,412.2,Stage 2,Stage 2,Stage 2
AEGISLOG.NS,Aegis Logistics Ltd.,"Oil, Gas & Consumable Fuels",Unknown,False,Cash,Stage 2,watchlist,26.35,-0.63,-8.75,2.78,83.19,1299.8,Stage 2,Stage 2,Stage 2
BOMDYEING.NS,Bombay Dyeing & Mfg Company Limited,Textiles,Unknown,False,Cash,Stage 4,watchlist,14.97,-0.64,-2.63,-6.61,-19.05,106.7,Stage 4,Stage 4,Stage 4
ELGIEQUIP.NS,Elgi Equipments Limited,Capital Goods,Unknown,False,Cash,Stage 2,watchlist,26.41,-0.67,-2.32,-5.18,25.51,594.85,Stage 2,Stage 2,Stage 2
NATIONALUM.NS,National Aluminium Company Limited,Metals & Mining,Unknown,True,F&O,Stage 4,watchlist,24.89,-0.67,-1.58,-9.13,12.41,346.65,Stage 4,Stage 4,Stage 4
SHOPERSTOP.NS,Shoppers Stop Limited,Consumer Services,Unknown,False,Cash,Stage 2,watchlist,36.01,-0.68,6.74,9.14,9.7,418.95,Stage 2,Stage 2,Stage 2
JLHL.NS,Jupiter Life Line Hospitals Limited,Healthcare,Unknown,False,Cash,Stage 2 Failed,watchlist,26.37,-0.68,-4.64,-11.35,-6.19,262.05,Stage 2 Failed,Stage 2 Failed,Stage 2 Failed
WELENT.NS,Welspun Enterprises Limited,Construction,Unknown,False,Cash,Stage 2,watchlist,30.96,-0.69,-5.03,8.61,45.39,744.3,Stage 2,Stage 2,Stage 2
INOXWIND.NS,Inox Wind Limited,Capital Goods,Unknown,True,F&O,Stage 4,watchlist,17.18,-0.69,-8.22,1.61,-41.8,71.5,Stage 4,Stage 4,Stage 4
BATAINDIA.NS,Bata India Limited,Consumer Durables,Unknown,False,Cash,Stage 4,watchlist,22.69,-0.7,-1.8,-9.09,-31.34,620.35,Stage 4,Stage 4,Stage 4
NAUKRI.NS,Info Edge (India) Limited,Consumer Services,Unknown,True,F&O,Stage 2 Failed,watchlist,29.91,-0.71,-4.52,-8.05,-6.66,1245.0,Stage 2 Failed,Stage 2 Failed,Stage 2 Failed
ISGEC.NS,Isgec Heavy Engineering Limited,Construction,Unknown,False,Cash,Stage 1,watchlist,2.52,-0.72,4.68,12.17,-1.36,880.1,Stage 1,Stage 1,Stage 1
MHRIL.NS,Mahindra Holidays & Resorts India Limited,Consumer Services,Unknown,False,Cash,Stage 4,watchlist,18.61,-0.73,-2.3,-7.23,-36.94,194.49,Stage 4,Stage 4,Stage 4
PRINCEPIPE.NS,Prince Pipes And Fittings Limited,Capital Goods,Unknown,False,Cash,Stage 2 Failed,watchlist,24.43,-0.74,-3.54,-12.7,-3.91,255.85,Stage 2 Failed,Stage 2 Failed,Stage 2 Failed
SPANDANA.NS,Spandana Sphoorty Financial Limited,Financial Services,Unknown,False,Cash,Stage 4,watchlist,16.11,-0.74,-0.31,-5.93,-15.22,226.67,Stage 4,Stage 4,Stage 4
PNB.NS,Punjab National Bank,Financial Services,Unknown,True,F&O,Stage 2 Failed,watchlist,34.42,-0.75,-4.49,-2.17,-7.21,111.75,Stage 2 Failed,Stage 2 Failed,Stage 2 Failed
BLS.NS,BLS International Services Ltd.,Consumer Services,Unknown,False,Cash,Stage 4,watchlist,25.81,-0.75,-4.01,-8.53,-30.11,219.55,Stage 4,Stage 4,Stage 4
INGERRAND.NS,Ingersoll Rand (India) Limited,Capital Goods,Unknown,False,Cash,Stage 2 Failed,watchlist,24.61,-0.75,1.16,-13.48,20.9,4195.0,Stage 2 Failed,Stage 2 Failed,Stage 2 Failed
ICICIBANK.NS,ICICI Bank Limited,Financial Services,Unknown,True,F&O,Stage 2 Failed,watchlist,19.02,-0.75,-3.54,-11.13,-2.61,1292.2,Stage 2 Failed,Stage 2 Failed,Stage 2 Failed
KPIL.NS,Kalpataru Projects International Limited,Construction,Unknown,False,Cash,Stage 2,watchlist,35.9,-0.76,-2.5,-2.56,14.46,1365.1,Stage 2,Stage 2,Stage 2
IRCON.NS,Ircon International Limited,Construction,Unknown,False,Cash,Stage 4,watchlist,21.75,-0.76,-6.07,-13.6,-41.59,102.47,Stage 4,Stage 4,Stage 4
CLEAN.NS,Clean Science and Technology Limited,Chemicals,Unknown,False,Cash,Stage 4,watchlist,21.63,-0.76,-6.9,-5.28,-9.04,775.75,Stage 4,Stage 4,Stage 4
BHARATFORG.NS,Bharat Forge Limited,Capital Goods,Unknown,True,F&O,Stage 3,watchlist,5.63,-0.77,-3.33,-7.74,33.17,1942.0,Stage 3,Stage 3,Stage 3
ANURAS.NS,Anupam Rasayan India Limited,Chemicals,Unknown,False,Cash,Stage 4,watchlist,21.11,-0.78,-1.68,-6.61,-11.1,1177.8,Stage 4,Stage 4,Stage 4
CGCL.NS,Capri Global Capital Limited,Financial Services,Unknown,False,Cash,Stage 2,watchlist,24.04,-0.8,-7.55,-3.66,33.27,246.9,Stage 2,Stage 2,Stage 2
CGPOWER.NS,CG Power and Industrial Solutions Limited,Capital Goods,Unknown,True,F&O,Stage 2 Failed,watchlist,21.04,-0.8,-4.25,-6.33,34.81,858.05,Stage 2 Failed,Stage 2 Failed,Stage 2 Failed
CANFINHOME.NS,Can Fin Homes Limited,Financial Services,Unknown,False,Cash,Stage 4,watchlist,16.11,-0.8,-3.67,-8.0,-20.73,731.7,Stage 4,Stage 4,Stage 4
TATAPOWER.NS,Tata Power Company Limited,Power,Unknown,True,F&O,Stage 4,watchlist,16.11,-0.8,-2.18,3.46,-5.4,359.0,Stage 4,Stage 4,Stage 4
KARURVYSYA.NS,Karur Vysya Bank Limited,Financial Services,Unknown,False,Cash,Stage 2,watchlist,38.65,-0.81,-0.62,-8.47,19.01,318.15,Stage 2,Stage 2,Stage 2
WONDERLA.NS,Wonderla Holidays Limited,Consumer Services,Unknown,False,Cash,Stage 2 Failed,watchlist,22.64,-0.81,-1.9,-6.64,-4.48,501.45,Stage 2 Failed,Stage 2 Failed,Stage 2 Failed
BSOFT.NS,BIRLASOFT LIMITED,Information Technology,Unknown,False,Cash,Stage 4,watchlist,18.11,-0.81,-4.3,-7.62,-36.8,269.05,Stage 4,Stage 4,Stage 4
ITDC.NS,India Tourism Development Corporation Limited,Consumer Services,Unknown,False,Cash,Stage 2 Failed,watchlist,6.68,-0.81,-6.89,3.09,8.72,657.15,Stage 2 Failed,Stage 2 Failed,Stage 2 Failed
EPL.NS,EPL Limited,Capital Goods,Unknown,False,Cash,Stage 2 Failed,watchlist,24.84,-0.83,-1.52,-11.07,7.79,233.05,Stage 2 Failed,Stage 2 Failed,Stage 2 Failed
FLUOROCHEM.NS,Gujarat Fluorochemicals Limited,Chemicals,Unknown,False,Cash,Stage 2,watchlist,46.08,-0.84,-1.81,-6.06,19.98,4406.2,Stage 2,Stage 2,Stage 2
JINDALSTEL.NS,Jindal Steel & Power Limited,Metals & Mining,Unknown,True,F&O,Stage 2 Failed,watchlist,34.07,-0.84,-0.96,-5.27,5.96,1130.0,Stage 2 Failed,Stage 2 Failed,Stage 2 Failed
VMART.NS,V-Mart Retail Limited,Consumer Services,Unknown,False,Cash,Stage 2,watchlist,20.82,-0.84,-4.47,-10.31,9.06,760.05,Stage 2,Stage 2,Stage 2
MUTHOOTFIN.NS,Muthoot Finance Limited,Financial Services,Unknown,True,F&O,Stage 4,watchlist,16.11,-0.84,-3.34,-8.1,-28.11,2736.8,Stage 4,Stage 4,Stage 4
DALBHARAT.NS,Dalmia Bharat Limited,Construction Materials,Unknown,True,F&O,Stage 4,watchlist,23.31,-0.86,-5.98,-11.79,-23.13,1637.4,Stage 4,Stage 4,Stage 4
ARVINDFASN.NS,Arvind Fashions Limited,Consumer Services,Unknown,False,Cash,Stage 4,watchlist,18.11,-0.87,-2.21,-8.99,-18.97,410.15,Stage 4,Stage 4,Stage 4
HEMIPROP.NS,Hemisphere Properties India Limited,Realty,Unknown,False,Cash,Stage 4,watchlist,2.9,-0.87,-3.54,-10.71,-15.66,114.94,Stage 4,Stage 4,Stage 4
HNDFDS.NS,Hindustan Foods Limited,Fast Moving Consumer Goods,Unknown,False,Cash,Stage 2,watchlist,39.86,-0.88,-4.07,-5.93,16.38,596.85,Stage 2,Stage 2,Stage 2
HEIDELBERG.NS,HeidelbergCement India Limited,Construction Materials,Unknown,False,Cash,Stage 4,watchlist,16.61,-0.88,-7.68,-13.41,-21.94,130.29,Stage 4,Stage 4,Stage 4
JKTYRE.NS,JK Tyre & Industries Limited,Automobile and Auto Components,Unknown,False,Cash,Stage 4,watchlist,27.84,-0.89,-3.38,-11.63,-34.55,334.8,Stage 4,Stage 4,Stage 4
SCHAEFFLER.NS,Schaeffler India Limited,Automobile and Auto Components,Unknown,False,Cash,Stage 1,watchlist,36.95,-0.9,-3.31,-2.36,2.1,3920.0,Stage 1,Stage 1,Stage 1
INDIANB.NS,Indian Bank,Financial Services,Unknown,True,F&O,Stage 1,watchlist,28.53,-0.9,-5.42,-11.52,-2.45,795.25,Stage 1,Stage 1,Stage 1
SWIGGY.NS,Swiggy Ltd.,Consumer Services,Unknown,True,F&O,Stage 4,watchlist,24.1,-0.9,-10.68,-10.0,-35.07,253.7,Stage 4,Stage 4,Stage 4
ACC.NS,ACC Limited,Construction Materials,Unknown,False,Cash,Stage 4,watchlist,20.4,-0.9,-2.88,-5.79,-30.5,1202.6,Stage 4,Stage 4,Stage 4
GSFC.NS,Gujarat State Fertilizers & Chemicals Limited,Chemicals,Unknown,False,Cash,Stage 4,watchlist,21.36,-0.91,-0.35,-1.02,-13.99,151.65,Stage 4,Stage 4,Stage 4
NIACL.NS,The New India Assurance Company Limited,Financial Services,Unknown,False,Cash,Stage 2 Failed,watchlist,2.46,-0.91,-10.2,-12.0,9.1,168.29,Stage 2 Failed,Stage 2 Failed,Stage 2 Failed
ANANTRAJ.NS,Anant Raj Limited,Realty,Unknown,False,Cash,Stage 2,watchlist,32.03,-0.93,-1.28,-0.26,9.19,602.3,Stage 2,Stage 2,Stage 2
IRB.NS,IRB Infrastructure Developers Limited,Construction,Unknown,False,Cash,Stage 4,watchlist,21.11,-0.93,-5.56,-12.29,-18.93,16.98,Stage 4,Stage 4,Stage 4
ETERNAL.NS,Eternal Ltd.,Consumer Services,Unknown,True,F&O,Stage 2,watchlist,52.09,-0.94,-4.14,-0.08,15.52,327.85,Stage 2,Stage 2,Stage 2
LODHA.NS,Macrotech Developers Limited,Realty,Unknown,True,F&O,Stage 2,watchlist,41.45,-0.94,-3.27,-7.68,3.51,1106.6,Stage 2,Stage 2,Stage 2
CANBK.NS,Canara Bank,Financial Services,Unknown,True,F&O,Stage 4,watchlist,24.56,-0.94,-2.76,-5.82,-19.96,119.51,Stage 4,Stage 4,Stage 4
JKLAKSHMI.NS,JK Lakshmi Cement Limited,Construction Materials,Unknown,False,Cash,Stage 4,watchlist,16.61,-0.94,-3.48,-7.68,-37.52,490.15,Stage 4,Stage 4,Stage 4
PSB.NS,Punjab & Sind Bank,Financial Services,Unknown,False,Cash,Stage 4,watchlist,16.61,-0.94,-3.74,-7.78,-23.32,21.11,Stage 4,Stage 4,Stage 4
UNOMINDA.NS,UNO Minda Limited,Automobile and Auto Components,Unknown,True,F&O,Stage 2 Failed,watchlist,15.88,-0.94,-5.22,-8.93,-9.49,1162.0,Stage 2 Failed,Stage 2 Failed,Stage 2 Failed
SYMPHONY.NS,Symphony Limited,Consumer Durables,Unknown,False,Cash,Stage 4,watchlist,23.31,-0.95,-1.72,-1.03,-36.0,580.4,Stage 4,Stage 4,Stage 4
RPOWER.NS,Reliance Power Limited,Power,Unknown,False,Cash,Stage 4,watchlist,4.31,-0.95,-5.36,-10.5,-43.06,19.77,Stage 4,Stage 4,Stage 4
BPCL.NS,Bharat Petroleum Corporation Limited,"Oil, Gas & Consumable Fuels",Unknown,True,F&O,Stage 4,watchlist,5.0,-0.96,-4.54,-7.62,-19.32,299.35,Stage 4,Stage 4,Stage 4
MCX.NS,Multi Commodity Exchange of India Limited,Financial Services,Unknown,True,F&O,Stage 2,watchlist,51.36,-0.97,-0.94,-4.94,47.42,3232.0,Stage 2,Stage 2,Stage 2
RELIGARE.NS,Religare Enterprises Limited,Financial Services,Unknown,False,Cash,Stage 2 Failed,watchlist,18.86,-0.97,-6.87,-4.43,-6.38,232.05,Stage 2 Failed,Stage 2 Failed,Stage 2 Failed
ZAGGLE.NS,Zaggle Prepaid Ocean Services Limited,Information Technology,Unknown,False,Cash,Stage 4,watchlist,18.61,-0.97,-3.4,-5.78,-49.95,173.84,Stage 4,Stage 4,Stage 4
ITI.NS,ITI Limited,Telecommunication,Unknown,False,Cash,Stage 4,watchlist,10.0,-0.98,-3.89,-10.17,-21.7,243.4,Stage 4,Stage 4,Stage 4
JSL.NS,Jindal Stainless Limited,Metals & Mining,Unknown,False,Cash,Stage 1,watchlist,25.08,-0.99,-0.69,5.15,-13.05,738.3,Stage 1,Stage 1,Stage 1
IGL.NS,Indraprastha Gas Limited,"Oil, Gas & Consumable Fuels",Unknown,False,Cash,Stage 4,watchlist,12.64,-0.99,-3.18,-5.63,-24.59,142.02,Stage 4,Stage 4,Stage 4
SANOFI.NS,Sanofi India Limited,Healthcare,Unknown,False,Cash,Stage 4,watchlist,26.11,-1.01,0.43,-1.66,-24.01,3072.1,Stage 4,Stage 4,Stage 4
AADHARHFC.NS,Aadhar Housing Finance Ltd.,Financial Services,Unknown,False,Cash,Stage 4,watchlist,19.23,-1.02,-5.54,-7.61,-10.16,432.5,Stage 4,Stage 4,Stage 4
ATGL.NS,Adani Total Gas Limited,"Oil, Gas & Consumable Fuels",Unknown,False,Cash,Stage 4,watchlist,6.07,-1.02,-6.04,-5.28,-0.92,588.4,Stage 4,Stage 4,Stage 4
ALKYLAMINE.NS,Alkyl Amines Chemicals Limited,Chemicals,Unknown,False,Cash,Stage 2,watchlist,35.41,-1.03,-4.43,-11.1,10.69,1781.3,Stage 2,Stage 2,Stage 2
VIPIND.NS,VIP Industries Limited,Consumer Durables,Unknown,False,Cash,Stage 4,watchlist,21.61,-1.03,-1.35,-4.34,-23.49,293.2,Stage 4,Stage 4,Stage 4
BERGEPAINT.NS,Berger Paints (I) Limited,Consumer Durables,Unknown,False,Cash,Stage 4,watchlist,0.0,-1.03,-0.97,-9.95,-15.38,448.2,Stage 4,Stage 4,Stage 4
PARADEEP.NS,Paradeep Phosphates Limited,Chemicals,Unknown,False,Cash,Stage 2,watchlist,45.2,-1.04,-0.06,-2.77,-5.63,154.08,Stage 2,Stage 2,Stage 2
FORTIS.NS,Fortis Healthcare Limited,Healthcare,Unknown,True,F&O,Stage 4,watchlist,26.11,-1.05,-8.32,-9.36,-8.63,822.0,Stage 4,Stage 4,Stage 4
SHARDACROP.NS,Sharda Cropchem Limited,Chemicals,Unknown,False,Cash,Stage 4,watchlist,21.61,-1.05,-3.47,-5.93,-15.61,721.45,Stage 4,Stage 4,Stage 4
CEATLTD.NS,Ceat Ltd.,Automobile and Auto Components,Unknown,False,Cash,Stage 4,watchlist,25.88,-1.06,-4.75,-5.25,-13.29,3240.0,Stage 4,Stage 4,Stage 4
AWL.NS,Adani Wilmar Limited,Fast Moving Consumer Goods,Unknown,False,Cash,Stage 4,watchlist,22.59,-1.06,-2.38,-7.17,-24.96,178.75,Stage 4,Stage 4,Stage 4
GMRAIRPORT.NS,GMR Airports Ltd.,Services,Unknown,True,F&O,Stage 4,watchlist,18.11,-1.06,-4.68,0.13,-11.14,93.75,Stage 4,Stage 4,Stage 4
JWL.NS,Jupiter Wagons Limited,Capital Goods,Unknown,False,Cash,Stage 4,watchlist,25.76,-1.08,-3.85,-8.62,-34.79,219.82,Stage 4,Stage 4,Stage 4
POLYCAB.NS,Polycab India Limited,Capital Goods,Unknown,True,F&O,Stage 1,watchlist,6.9,-1.08,-2.96,-14.21,6.1,8102.5,Stage 1,Stage 1,Stage 1
HINDCOPPER.NS,Hindustan Copper Ltd.,Metals & Mining,Unknown,False,Cash,Stage 1,watchlist,20.81,-1.09,-6.66,-9.37,-8.75,474.35,Stage 1,Stage 1,Stage 1
MARUTI.NS,Maruti Suzuki India Limited,Automobile and Auto Components,Unknown,True,F&O,Stage 4,watchlist,10.5,-1.09,-2.57,-12.33,-28.2,11877.0,Stage 4,Stage 4,Stage 4
IFBIND.NS,IFB Industries Limited,Consumer Durables,Unknown,False,Cash,Stage 4,watchlist,2.9,-1.09,-1.0,-9.79,-23.03,1201.0,Stage 4,Stage 4,Stage 4
TVSHLTD.NS,TVS Holdings Limited,Automobile and Auto Components,Unknown,False,Cash,Stage 4,watchlist,25.7,-1.11,-1.95,-8.57,-11.12,12298.0,Stage 4,Stage 4,Stage 4
PNCINFRA.NS,PNC Infratech Limited,Construction,Unknown,False,Cash,Stage 4,watchlist,16.11,-1.11,-6.63,-30.71,-48.12,129.8,Stage 4,Stage 4,Stage 4
ARE&M.NS,Amara Raja Energy & Mobility Ltd.,Automobile and Auto Components,Unknown,False,Cash,Stage 4,watchlist,26.55,-1.12,-3.39,-14.15,-16.91,766.3,Stage 4,Stage 4,Stage 4
M&MFIN.NS,Mahindra & Mahindra Financial Services Limited,Financial Services,Unknown,False,Cash,Stage 2 Failed,watchlist,19.99,-1.12,-6.91,-12.05,-17.0,328.05,Stage 2 Failed,Stage 2 Failed,Stage 2 Failed
CUMMINSIND.NS,Cummins India Limited,Capital Goods,Unknown,True,F&O,Stage 4,watchlist,21.11,-1.13,-3.27,-5.97,8.75,4800.0,Stage 4,Stage 4,Stage 4
BAJFINANCE.NS,Bajaj Finance Limited,Financial Services,Unknown,True,F&O,Stage 2,watchlist,42.46,-1.14,-3.47,-7.87,0.69,973.8,Stage 2,Stage 2,Stage 2
FORCEMOT.NS,FORCE MOTORS LTD,Automobile and Auto Components,Unknown,True,F&O,Stage 4,watchlist,28.66,-1.14,-2.14,-3.27,-18.73,16905.0,Stage 4,Stage 4,Stage 4
BALRAMCHIN.NS,Balrampur Chini Mills Limited,Fast Moving Consumer Goods,Unknown,False,Cash,Stage 2,watchlist,49.67,-1.15,1.79,-2.97,53.52,672.9,Stage 2,Stage 2,Stage 2
ASHOKLEY.NS,Ashok Leyland Limited,Capital Goods,Unknown,True,F&O,Stage 1,watchlist,29.13,-1.15,-4.55,-12.64,-15.59,153.44,Stage 1,Stage 1,Stage 1
EXIDEIND.NS,Exide Industries Limited,Automobile and Auto Components,Unknown,True,F&O,Stage 2 Failed,watchlist,11.35,-1.15,-5.28,-7.55,12.58,407.0,Stage 2 Failed,Stage 2 Failed,Stage 2 Failed
JUBLPHARMA.NS,Jubilant Pharmova Limited,Healthcare,Unknown,False,Cash,Stage 2,watchlist,38.95,-1.16,-2.12,18.86,-0.42,1048.2,Stage 2,Stage 2,Stage 2
OLAELEC.NS,Ola Electric Mobility Ltd.,Automobile and Auto Components,Unknown,False,Cash,Stage 1,watchlist,11.47,-1.16,-0.95,-9.0,-0.27,37.42,Stage 1,Stage 1,Stage 1
CHAMBLFERT.NS,Chambal Fertilizers & Chemicals Limited,Chemicals,Unknown,False,Cash,Stage 4,watchlist,10.23,-1.17,-1.18,0.98,-12.73,413.55,Stage 4,Stage 4,Stage 4
ENGINERSIN.NS,Engineers India Limited,Construction,Unknown,False,Cash,Stage 2,watchlist,62.31,-1.18,3.37,19.43,55.44,310.2,Stage 2,Stage 2,Stage 2
AIIL.NS,Authum Investment & Infrastructure Ltd.,Financial Services,Unknown,False,Cash,Stage 2,watchlist,31.64,-1.18,-0.93,-3.41,-13.62,541.8,Stage 2,Stage 2,Stage 2
ICIL.NS,Indo Count Industries Limited,Textiles,Unknown,False,Cash,Stage 2,watchlist,56.79,-1.19,-3.11,-7.35,53.87,434.95,Stage 2,Stage 2,Stage 2
PHOENIXLTD.NS,The Phoenix Mills Limited,Realty,Unknown,True,F&O,Stage 2,watchlist,54.94,-1.19,-1.25,1.66,3.14,1929.0,Stage 2,Stage 2,Stage 2
ZYDUSLIFE.NS,Zydus Lifesciences Limited,Healthcare,Unknown,True,F&O,Stage 2,watchlist,35.32,-1.19,3.29,3.38,31.31,1200.5,Stage 2,Stage 2,Stage 2
WELSPUNLIV.NS,Welspun Living Ltd.,Textiles,Unknown,False,Cash,Stage 2,watchlist,45.48,-1.2,1.67,14.78,70.65,225.21,Stage 2,Stage 2,Stage 2
BHARTIHEXA.NS,Bharti Hexacom Ltd.,Telecommunication,Unknown,False,Cash,Stage 4,watchlist,27.1,-1.2,-8.14,-8.81,-21.29,1409.4,Stage 4,Stage 4,Stage 4
UCOBANK.NS,UCO Bank,Financial Services,Unknown,False,Cash,Stage 4,watchlist,0.0,-1.2,-2.82,-7.39,-20.64,23.05,Stage 4,Stage 4,Stage 4
SHREECEM.NS,SHREE CEMENT LIMITED,Construction Materials,Unknown,True,F&O,Stage 4,watchlist,16.11,-1.22,-1.35,-5.6,-18.18,21900.0,Stage 4,Stage 4,Stage 4
KEI.NS,KEI Industries Limited,Capital Goods,Unknown,True,F&O,Stage 1,watchlist,5.0,-1.22,-2.49,-22.29,-1.07,4461.0,Stage 1,Stage 1,Stage 1
RBLBANK.NS,RBL Bank Limited,Financial Services,Unknown,True,F&O,Stage 2,watchlist,37.53,-1.23,-5.01,5.69,27.83,402.0,Stage 2,Stage 2,Stage 2
ABCAPITAL.NS,Aditya Birla Capital Limited,Financial Services,Unknown,True,F&O,Stage 2 Failed,watchlist,21.01,-1.23,-4.79,-7.67,4.43,378.0,Stage 2 Failed,Stage 2 Failed,Stage 2 Failed
TVSSRICHAK.NS,TVS Srichakra Limited,Automobile and Auto Components,Unknown,False,Cash,Stage 2,watchlist,38.02,-1.24,-4.62,-19.06,3.02,4435.0,Stage 2,Stage 2,Stage 2
DIVISLAB.NS,Divi's Laboratories Limited,Healthcare,Unknown,True,F&O,Stage 2,watchlist,69.23,-1.25,0.84,-0.38,49.27,9431.0,Stage 2,Stage 2,Stage 2
MSUMI.NS,Motherson Sumi Wiring India Limited,Automobile and Auto Components,Unknown,False,Cash,Stage 4,watchlist,24.52,-1.26,-2.25,-6.61,-28.74,34.36,Stage 4,Stage 4,Stage 4
ESCORTS.NS,Escorts Kubota Limited,Capital Goods,Unknown,False,Cash,Stage 4,watchlist,24.33,-1.26,-3.13,-9.64,-28.01,2706.2,Stage 4,Stage 4,Stage 4
PAISALO.NS,Paisalo Digital Limited,Financial Services,Unknown,False,Cash,Stage 2,watchlist,40.07,-1.27,-15.88,16.9,115.81,78.59,Stage 2,Stage 2,Stage 2
IDBI.NS,IDBI Bank Limited,Financial Services,Unknown,False,Cash,Stage 4,watchlist,0.94,-1.27,0.53,-8.32,-19.7,83.32,Stage 4,Stage 4,Stage 4
MEDANTA.NS,Global Health Limited,Healthcare,Unknown,False,Cash,Stage 2,watchlist,44.27,-1.28,-4.89,-3.88,18.77,1415.1,Stage 2,Stage 2,Stage 2
BALKRISIND.NS,Balkrishna Industries Limited,Automobile and Auto Components,Unknown,False,Cash,Stage 4,watchlist,19.39,-1.28,-4.09,-6.71,-7.73,2126.2,Stage 4,Stage 4,Stage 4
VARROC.NS,Varroc Engineering Limited,Automobile and Auto Components,Unknown,False,Cash,Stage 2,watchlist,62.2,-1.29,-3.13,-2.85,38.16,837.4,Stage 2,Stage 2,Stage 2
SAIL.NS,Steel Authority of India Limited,Metals & Mining,Unknown,True,F&O,Stage 2,watchlist,44.89,-1.29,4.49,-6.76,22.48,181.82,Stage 2,Stage 2,Stage 2
DATAPATTNS.NS,Data Patterns (India) Limited,Capital Goods,Unknown,False,Cash,Stage 2,watchlist,26.03,-1.29,-5.87,-6.63,62.65,4221.6,Stage 2,Stage 2,Stage 2
RELIANCE.NS,Reliance Industries Limited,"Oil, Gas & Consumable Fuels",Unknown,True,F&O,Stage 4,watchlist,20.97,-1.3,-4.71,-7.44,-24.63,1182.0,Stage 4,Stage 4,Stage 4
SULA.NS,Sula Vineyards Limited,Fast Moving Consumer Goods,Unknown,False,Cash,Stage 4,watchlist,16.61,-1.3,-2.74,-10.48,-38.96,131.77,Stage 4,Stage 4,Stage 4
INDGN.NS,Indegene Ltd.,Healthcare,Unknown,False,Cash,Stage 2,watchlist,79.02,-1.33,2.2,-1.06,16.87,605.15,Stage 2,Stage 2,Stage 2
BECTORFOOD.NS,Mrs. Bectors Food Specialities Limited,Fast Moving Consumer Goods,Unknown,False,Cash,Stage 2 Failed,watchlist,24.91,-1.33,-4.18,-7.76,-15.11,208.7,Stage 2 Failed,Stage 2 Failed,Stage 2 Failed
JIOFIN.NS,Jio Financial Services Limited,Financial Services,Unknown,True,F&O,Stage 4,watchlist,23.23,-1.33,-5.7,-9.86,-26.25,217.56,Stage 4,Stage 4,Stage 4
CHOLAHLDNG.NS,Cholamandalam Financial Holdings Limited,Financial Services,Unknown,False,Cash,Stage 4,watchlist,17.7,-1.34,-6.02,-7.65,-26.92,1371.8,Stage 4,Stage 4,Stage 4
TANLA.NS,Tanla Platforms Limited,Information Technology,Unknown,False,Cash,Stage 4,watchlist,8.74,-1.34,1.09,-7.45,-4.82,490.65,Stage 4,Stage 4,Stage 4
FACT.NS,Fertilizers and Chemicals Travancore Limited,Chemicals,Unknown,False,Cash,Stage 4,watchlist,5.36,-1.34,-5.17,-7.8,-16.2,757.2,Stage 4,Stage 4,Stage 4
TRIVENI.NS,Triveni Engineering & Industries Limited,Fast Moving Consumer Goods,Unknown,False,Cash,Stage 4,watchlist,4.45,-1.34,-0.17,-15.37,-36.84,239.15,Stage 4,Stage 4,Stage 4
IDFCFIRSTB.NS,IDFC First Bank Limited,Financial Services,Unknown,True,F&O,Stage 2,watchlist,39.58,-1.35,-6.92,-7.57,-6.91,79.46,Stage 2,Stage 2,Stage 2
PRAJIND.NS,Praj Industries Limited,Capital Goods,Unknown,False,Cash,Stage 1,watchlist,30.52,-1.35,-3.09,-10.51,-2.63,307.75,Stage 1,Stage 1,Stage 1
NUCLEUS.NS,Nucleus Software Exports Limited,Information Technology,Unknown,False,Cash,Stage 4,watchlist,18.61,-1.35,-4.87,-12.43,-28.05,652.55,Stage 4,Stage 4,Stage 4
TORNTPOWER.NS,Torrent Power Limited,Power,Unknown,False,Cash,Stage 4,watchlist,1.8,-1.37,-2.09,0.42,-6.77,1220.2,Stage 4,Stage 4,Stage 4
ERIS.NS,Eris Lifesciences Limited,Healthcare,Unknown,False,Cash,Stage 4,watchlist,26.61,-1.38,-4.08,-6.01,-18.35,1219.3,Stage 4,Stage 4,Stage 4
ROUTE.NS,ROUTE MOBILE LIMITED,Telecommunication,Unknown,False,Cash,Stage 4,watchlist,26.11,-1.38,-3.61,-10.56,-34.69,447.2,Stage 4,Stage 4,Stage 4
BLUEJET.NS,Blue Jet Healthcare Ltd.,Healthcare,Unknown,False,Cash,Stage 2 Failed,watchlist,20.07,-1.38,-6.42,-4.84,4.11,549.6,Stage 2 Failed,Stage 2 Failed,Stage 2 Failed
JBMA.NS,JBM Auto Ltd.,Automobile and Auto Components,Unknown,False,Cash,Stage 4,watchlist,11.1,-1.38,-5.06,-9.64,-9.87,563.15,Stage 4,Stage 4,Stage 4
CERA.NS,Cera Sanitaryware Limited,Consumer Durables,Unknown,False,Cash,Stage 4,watchlist,0.0,-1.38,-6.84,-10.57,-1.06,5124.5,Stage 4,Stage 4,Stage 4
PFIZER.NS,Pfizer Limited,Healthcare,Unknown,False,Cash,Stage 4,watchlist,33.18,-1.39,-2.15,-16.47,-19.11,3912.9,Stage 4,Stage 4,Stage 4
DABUR.NS,Dabur India Limited,Fast Moving Consumer Goods,Unknown,True,F&O,Stage 4,watchlist,7.62,-1.39,-1.98,-0.16,-22.93,380.4,Stage 4,Stage 4,Stage 4
GAIL.NS,GAIL (India) Limited,"Oil, Gas & Consumable Fuels",Unknown,True,F&O,Stage 2,watchlist,58.22,-1.4,-1.05,-3.92,2.37,170.04,Stage 2,Stage 2,Stage 2
LTFOODS.NS,LT Foods Ltd.,Fast Moving Consumer Goods,Unknown,False,Cash,Stage 2 Failed,watchlist,30.91,-1.4,-4.4,-9.58,4.85,402.8,Stage 2 Failed,Stage 2 Failed,Stage 2 Failed
VINATIORGA.NS,Vinati Organics Limited,Chemicals,Unknown,False,Cash,Stage 4,watchlist,25.51,-1.4,-2.36,-11.1,-25.95,1174.3,Stage 4,Stage 4,Stage 4
APOLLO.NS,Apollo Micro Systems Limited,Capital Goods,Unknown,False,Cash,Stage 2 Failed,watchlist,14.72,-1.4,-0.96,4.34,45.96,402.6,Stage 2 Failed,Stage 2 Failed,Stage 2 Failed
ZENTEC.NS,Zen Technologies Ltd.,Capital Goods,Unknown,False,Cash,Stage 2 Failed,watchlist,6.66,-1.4,-3.23,-8.95,19.46,1619.8,Stage 2 Failed,Stage 2 Failed,Stage 2 Failed
DEEPAKNTR.NS,Deepak Nitrite Limited,Chemicals,Unknown,False,Cash,Stage 2 Failed,watchlist,24.56,-1.41,-5.22,-12.6,-9.72,1529.0,Stage 2 Failed,Stage 2 Failed,Stage 2 Failed
DMART.NS,Avenue Supermarts Limited,Consumer Services,Unknown,True,F&O,Stage 4,watchlist,9.5,-1.41,-0.71,-3.85,0.91,3750.0,Stage 4,Stage 4,Stage 4
AARTIIND.NS,Aarti Industries Limited,Chemicals,Unknown,False,Cash,Stage 2 Failed,watchlist,5.88,-1.41,-5.26,-10.21,25.32,469.9,Stage 2 Failed,Stage 2 Failed,Stage 2 Failed
HGINFRA.NS,H.G. Infra Engineering Limited,Construction,Unknown,False,Cash,Stage 4,watchlist,16.11,-1.42,-1.39,-10.57,-40.55,438.25,Stage 4,Stage 4,Stage 4
BEML.NS,BEML Limited,Capital Goods,Unknown,False,Cash,Stage 2,watchlist,55.97,-1.43,-6.21,2.17,7.38,1966.6,Stage 2,Stage 2,Stage 2
SAKSOFT.NS,Saksoft Limited,Information Technology,Unknown,False,Cash,Stage 4,watchlist,18.11,-1.43,-3.17,-10.02,-28.83,139.78,Stage 4,Stage 4,Stage 4
AEGISVOPAK.NS,Aegis Vopak Terminals Ltd.,"Oil, Gas & Consumable Fuels",Unknown,False,Cash,Stage 2,watchlist,41.26,-1.44,-2.37,9.49,16.75,294.25,Stage 2,Stage 2,Stage 2
CONCOR.NS,Container Corporation of India Limited,Services,Unknown,True,F&O,Stage 2 Failed,watchlist,24.36,-1.44,-5.03,-13.19,-14.4,443.5,Stage 2 Failed,Stage 2 Failed,Stage 2 Failed
EIDPARRY.NS,EID Parry India Limited,Chemicals,Unknown,False,Cash,Stage 4,watchlist,5.0,-1.44,0.1,-12.9,-31.61,696.25,Stage 4,Stage 4,Stage 4
SAILIFE.NS,Sai Life Sciences Ltd.,Healthcare,Unknown,False,Cash,Stage 2,watchlist,43.03,-1.45,-2.54,6.86,73.27,1559.9,Stage 2,Stage 2,Stage 2
HEXT.NS,Hexaware Technologies Ltd.,Information Technology,Unknown,False,Cash,Stage 4,watchlist,18.28,-1.46,-4.38,-13.1,-35.2,482.1,Stage 4,Stage 4,Stage 4
GNFC.NS,Gujarat Narmada Valley Fertilizers and Chemicals Limited,Chemicals,Unknown,False,Cash,Stage 2,watchlist,52.18,-1.47,2.14,10.33,29.28,611.5,Stage 2,Stage 2,Stage 2
GHCL.NS,GHCL Limited,Chemicals,Unknown,False,Cash,Stage 4,watchlist,24.96,-1.47,-3.75,-7.59,-26.05,404.55,Stage 4,Stage 4,Stage 4
INDIAMART.NS,Indiamart Intermesh Limited,Consumer Services,Unknown,False,Cash,Stage 4,watchlist,18.61,-1.47,-1.36,-8.12,-24.37,1612.9,Stage 4,Stage 4,Stage 4
TRITURBINE.NS,Triveni Turbine Limited,Capital Goods,Unknown,False,Cash,Stage 4,watchlist,10.95,-1.47,-1.23,-5.66,1.97,543.55,Stage 4,Stage 4,Stage 4
AGI.NS,AGI Greenpac Limited,Capital Goods,Unknown,False,Cash,Stage 2,watchlist,44.78,-1.48,-6.24,3.11,6.37,792.9,Stage 2,Stage 2,Stage 2
ROLEXRINGS.NS,Rolex Rings Limited,Automobile and Auto Components,Unknown,False,Cash,Stage 2,watchlist,43.82,-1.48,10.48,5.53,48.9,190.58,Stage 2,Stage 2,Stage 2
FEDERALBNK.NS,The Federal Bank Limited,Financial Services,Unknown,True,F&O,Stage 2,watchlist,34.52,-1.48,-2.08,-10.23,20.67,320.2,Stage 2,Stage 2,Stage 2
GREENLAM.NS,Greenlam Industries Limited,Consumer Durables,Unknown,False,Cash,Stage 4,watchlist,16.11,-1.48,-5.25,-13.55,-11.46,214.3,Stage 4,Stage 4,Stage 4
NFL.NS,National Fertilizers Limited,Chemicals,Unknown,False,Cash,Stage 4,watchlist,5.0,-1.48,-2.88,-6.53,-27.2,64.79,Stage 4,Stage 4,Stage 4
IOC.NS,Indian Oil Corporation Ltd.,"Oil, Gas & Consumable Fuels",Unknown,True,F&O,Stage 4,watchlist,27.91,-1.49,-4.7,-5.61,-19.12,131.33,Stage 4,Stage 4,Stage 4
ASHOKA.NS,Ashoka Buildcon Limited,Construction,Unknown,False,Cash,Stage 4,watchlist,13.13,-1.49,-3.06,-9.78,-35.35,108.53,Stage 4,Stage 4,Stage 4
GODREJCP.NS,Godrej Consumer Products Ltd.,Fast Moving Consumer Goods,Unknown,True,F&O,Stage 4,watchlist,16.11,-1.5,-2.13,-5.14,-30.21,855.0,Stage 4,Stage 4,Stage 4
ZFCVINDIA.NS,ZF Commercial Vehicle Control Systems India Limited,Automobile and Auto Components,Unknown,False,Cash,Stage 2 Failed,watchlist,5.46,-1.5,-2.73,-9.34,-6.23,2297.8,Stage 2 Failed,Stage 2 Failed,Stage 2 Failed
HDFCLIFE.NS,HDFC Life Insurance Company Limited,Financial Services,Unknown,True,F&O,Stage 4,watchlist,21.72,-1.51,-6.38,-3.64,-29.95,523.55,Stage 4,Stage 4,Stage 4
EASEMYTRIP.NS,Easy Trip Planners Limited,Consumer Services,Unknown,False,Cash,Stage 4,watchlist,18.11,-1.51,-1.84,-3.61,-20.11,5.88,Stage 4,Stage 4,Stage 4
360ONE.NS,360 ONE WAM LIMITED,Financial Services,Unknown,True,F&O,Stage 2 Failed,watchlist,11.14,-1.51,-4.13,-12.41,-12.25,1029.2,Stage 2 Failed,Stage 2 Failed,Stage 2 Failed
MOTILALOFS.NS,Motilal Oswal Financial Services Limited,Financial Services,Unknown,True,F&O,Stage 2,watchlist,64.33,-1.52,-1.07,-4.48,19.32,996.2,Stage 2,Stage 2,Stage 2
RACE.NS,Race Eco Chain Limited,Utilities,Unknown,False,Cash,Not Sure,watchlist,32.22,-1.52,-0.11,19.19,-15.81,119.85,Not Sure,Not Sure,Not Sure
SAFARI.NS,Safari Industries (India) Limited,Consumer Durables,Unknown,False,Cash,Stage 4,watchlist,21.16,-1.53,-4.51,-5.22,-34.28,1430.9,Stage 4,Stage 4,Stage 4
BAJAJHFL.NS,Bajaj Housing Finance Ltd.,Financial Services,Unknown,False,Cash,Stage 4,watchlist,12.85,-1.53,-2.24,-3.28,-15.45,81.26,Stage 4,Stage 4,Stage 4
SUPREMEIND.NS,Supreme Industries Limited,Capital Goods,Unknown,True,F&O,Stage 1,watchlist,13.45,-1.54,-0.42,-3.18,-0.41,3445.8,Stage 1,Stage 1,Stage 1
NCC.NS,NCC Limited,Construction,Unknown,False,Cash,Stage 4,watchlist,22.28,-1.55,-4.57,-13.55,-19.41,128.27,Stage 4,Stage 4,Stage 4
LAURUSLABS.NS,Laurus Labs Limited,Healthcare,Unknown,True,F&O,Stage 2,watchlist,59.98,-1.58,-1.37,3.34,78.4,1979.0,Stage 2,Stage 2,Stage 2
NHPC.NS,NHPC Limited,Power,Unknown,True,F&O,Stage 1,watchlist,26.63,-1.58,-3.54,-4.43,-5.92,73.32,Stage 1,Stage 1,Stage 1
M&M.NS,Mahindra & Mahindra Limited,Automobile and Auto Components,Unknown,True,F&O,Stage 4,watchlist,26.46,-1.58,-3.18,-10.18,-20.8,2947.8,Stage 4,Stage 4,Stage 4
DBCORP.NS,D.B.Corp Limited,"Media, Entertainment & Publication",Unknown,False,Cash,Stage 4,watchlist,17.13,-1.58,-3.99,-11.78,-30.52,175.73,Stage 4,Stage 4,Stage 4
GRASIM.NS,Grasim Industries Limited,Construction Materials,Unknown,True,F&O,Stage 2,watchlist,19.34,-1.59,-0.9,-8.04,9.05,3100.0,Stage 2,Stage 2,Stage 2
DLF.NS,DLF Limited,Realty,Unknown,True,F&O,Stage 2 Failed,watchlist,11.77,-1.59,-2.46,-5.51,-4.37,653.0,Stage 2 Failed,Stage 2 Failed,Stage 2 Failed
VRLLOG.NS,VRL Logistics Limited,Services,Unknown,False,Cash,Stage 2,watchlist,48.45,-1.6,-3.2,-6.84,6.85,282.4,Stage 2,Stage 2,Stage 2
RENUKA.NS,Shree Renuka Sugars Limited,Fast Moving Consumer Goods,Unknown,False,Cash,Stage 2 Failed,watchlist,22.83,-1.62,-1.23,-9.48,-13.57,22.54,Stage 2 Failed,Stage 2 Failed,Stage 2 Failed
ICICIGI.NS,ICICI Lombard General Insurance Company Limited,Financial Services,Unknown,True,F&O,Stage 4,watchlist,0.0,-1.62,2.36,-3.31,-22.29,1515.0,Stage 4,Stage 4,Stage 4
BOROLTD.NS,Borosil Limited,Consumer Durables,Unknown,False,Cash,Stage 2,watchlist,38.26,-1.63,4.8,12.34,-0.14,276.21,Stage 2,Stage 2,Stage 2
BRITANNIA.NS,Britannia Industries Limited,Fast Moving Consumer Goods,Unknown,True,F&O,Stage 4,watchlist,9.19,-1.63,-1.69,-7.9,-18.2,4835.0,Stage 4,Stage 4,Stage 4
AGARWALEYE.NS,Dr. Agarwal's Health Care Ltd.,Healthcare,Unknown,False,Cash,Stage 2,watchlist,58.01,-1.66,0.45,-2.47,-1.0,495.25,Stage 2,Stage 2,Stage 2
NH.NS,Narayana Hrudayalaya Ltd.,Healthcare,Unknown,False,Cash,Stage 2 Failed,watchlist,18.28,-1.66,-4.96,-6.15,-7.26,1789.9,Stage 2 Failed,Stage 2 Failed,Stage 2 Failed
RCF.NS,Rashtriya Chemicals and Fertilizers Limited,Chemicals,Unknown,False,Cash,Stage 4,watchlist,21.11,-1.67,0.45,-3.59,-24.5,108.11,Stage 4,Stage 4,Stage 4
PATELENG.NS,Patel Engineering Limited,Construction,Unknown,False,Cash,Stage 4,watchlist,0.0,-1.67,-1.49,-5.64,-6.93,26.45,Stage 4,Stage 4,Stage 4
GODREJAGRO.NS,Godrej Agrovet Limited,Fast Moving Consumer Goods,Unknown,False,Cash,Stage 2,watchlist,42.5,-1.68,-3.4,2.67,13.33,631.7,Stage 2,Stage 2,Stage 2
JPPOWER.NS,Jaiprakash Power Ventures Limited,Power,Unknown,False,Cash,Stage 4,watchlist,16.11,-1.68,-5.63,-7.23,-13.34,15.26,Stage 4,Stage 4,Stage 4
ENDURANCE.NS,Endurance Technologies Limited,Automobile and Auto Components,Unknown,False,Cash,Stage 2,watchlist,41.3,-1.69,-1.44,-7.54,4.82,2654.8,Stage 2,Stage 2,Stage 2
HINDZINC.NS,Hindustan Zinc Limited,Metals & Mining,Unknown,True,F&O,Stage 2 Failed,watchlist,26.92,-1.69,-4.61,-5.4,-6.27,563.3,Stage 2 Failed,Stage 2 Failed,Stage 2 Failed
SBICARD.NS,SBI Cards and Payment Services Limited,Financial Services,Unknown,True,F&O,Stage 4,watchlist,21.97,-1.69,-8.5,-9.89,-32.17,581.0,Stage 4,Stage 4,Stage 4
SAMMAANCAP.NS,Sammaan Capital Ltd.,Financial Services,Unknown,True,F&O,Stage 4,watchlist,16.61,-1.69,-4.13,-6.72,-5.36,136.48,Stage 4,Stage 4,Stage 4
HGS.NS,Hinduja Global Solutions Limited,Services,Unknown,False,Cash,Stage 4,watchlist,2.0,-1.69,-3.58,-7.41,-19.05,366.05,Stage 4,Stage 4,Stage 4
HINDUNILVR.NS,Hindustan Unilever Limited,Fast Moving Consumer Goods,Unknown,True,F&O,Stage 4,watchlist,16.11,-1.7,-3.62,-5.27,-18.95,1863.8,Stage 4,Stage 4,Stage 4
CESC.NS,CESC Limited,Power,Unknown,False,Cash,Stage 4,watchlist,4.7,-1.7,-6.07,-8.41,-16.92,133.87,Stage 4,Stage 4,Stage 4
JKPAPER.NS,JK Paper Limited,Forest Materials,Unknown,False,Cash,Stage 2,watchlist,65.58,-1.71,-6.02,-1.24,11.76,391.35,Stage 2,Stage 2,Stage 2
BASF.NS,BASF India Limited,Chemicals,Unknown,False,Cash,Stage 2 Failed,watchlist,26.97,-1.72,-3.82,-9.3,-11.67,3435.6,Stage 2 Failed,Stage 2 Failed,Stage 2 Failed
GMDCLTD.NS,Gujarat Mineral Development Corporation Limited,Metals & Mining,Unknown,False,Cash,Stage 4,watchlist,11.47,-1.73,-7.39,-7.29,-12.93,513.2,Stage 4,Stage 4,Stage 4
GVT&D.NS,GE Vernova T&D India Ltd.,Capital Goods,Unknown,False,Cash,Stage 2 Failed,watchlist,5.53,-1.73,-5.01,-7.08,30.84,4130.3,Stage 2 Failed,Stage 2 Failed,Stage 2 Failed
APTUS.NS,Aptus Value Housing Finance India Limited,Financial Services,Unknown,False,Cash,Stage 4,watchlist,24.0,-1.74,-3.61,-6.23,-16.5,233.34,Stage 4,Stage 4,Stage 4
METROPOLIS.NS,Metropolis Healthcare Limited,Healthcare,Unknown,False,Cash,Stage 2,watchlist,37.68,-1.75,-5.08,-3.44,18.81,562.3,Stage 2,Stage 2,Stage 2
DCAL.NS,Dishman Carbogen Amcis Limited,Healthcare,Unknown,False,Cash,Stage 4,watchlist,26.91,-1.75,-5.0,-9.5,-37.08,161.39,Stage 4,Stage 4,Stage 4
GRSE.NS,Garden Reach Shipbuilders & Engineers Limited,Capital Goods,Unknown,False,Cash,Stage 4,watchlist,26.85,-1.75,-8.07,-13.76,-9.15,2206.1,Stage 4,Stage 4,Stage 4
VIJAYA.NS,Vijaya Diagnostic Centre Limited,Healthcare,Unknown,False,Cash,Stage 2,watchlist,46.33,-1.76,-2.7,-2.72,41.7,1475.0,Stage 2,Stage 2,Stage 2
HATSUN.NS,Hatsun Agro Product Limited,Fast Moving Consumer Goods,Unknown,False,Cash,Stage 2,watchlist,38.47,-1.76,-5.85,-7.62,14.14,1099.7,Stage 2,Stage 2,Stage 2
ZENSARTECH.NS,Zensar Technologies Limited,Information Technology,Unknown,False,Cash,Stage 4,watchlist,2.9,-1.76,-0.83,-6.81,-37.11,429.0,Stage 4,Stage 4,Stage 4
MANYAVAR.NS,Vedant Fashions Limited,Consumer Services,Unknown,False,Cash,Stage 2,watchlist,50.23,-1.77,-0.68,-1.08,-6.31,531.7,Stage 2,Stage 2,Stage 2
ULTRACEMCO.NS,UltraTech Cement Limited,Construction Materials,Unknown,True,F&O,Stage 4,watchlist,16.18,-1.78,-1.55,-5.42,-7.15,10829.0,Stage 4,Stage 4,Stage 4
HEG.NS,HEG Limited,Capital Goods,Unknown,False,Cash,Stage 4,watchlist,5.0,-1.78,-3.42,-67.45,-61.33,240.0,Stage 4,Stage 4,Stage 4
USHAMART.NS,Usha Martin Limited,Capital Goods,Unknown,False,Cash,Stage 2,watchlist,43.58,-1.79,-6.1,-0.01,13.23,498.9,Stage 2,Stage 2,Stage 2
ASTERDM.NS,Aster DM Healthcare Limited,Healthcare,Unknown,False,Cash,Stage 2 Failed,watchlist,34.76,-1.79,-2.23,-2.92,21.5,733.95,Stage 2 Failed,Stage 2 Failed,Stage 2 Failed
KPRMILL.NS,K.P.R. Mill Ltd.,Textiles,Unknown,False,Cash,Stage 2 Failed,watchlist,23.54,-1.79,-3.51,-4.31,19.13,1081.5,Stage 2 Failed,Stage 2 Failed,Stage 2 Failed
PFC.NS,Power Finance Corporation Limited,Financial Services,Unknown,True,F&O,Stage 4,watchlist,15.21,-1.79,-6.28,-3.63,-7.32,324.1,Stage 4,Stage 4,Stage 4
MAXHEALTH.NS,Max Healthcare Institute Limited,Healthcare,Unknown,True,F&O,Stage 2 Failed,watchlist,33.31,-1.8,-7.04,-5.76,-6.25,982.1,Stage 2 Failed,Stage 2 Failed,Stage 2 Failed
CENTRALBK.NS,Central Bank of India,Financial Services,Unknown,False,Cash,Stage 4,watchlist,22.14,-1.8,-4.24,-0.6,-18.36,30.04,Stage 4,Stage 4,Stage 4
CHEMPLASTS.NS,Chemplast Sanmar Limited,Chemicals,Unknown,False,Cash,Stage 4,watchlist,9.59,-1.8,-3.18,8.97,-24.88,192.35,Stage 4,Stage 4,Stage 4
CIEINDIA.NS,CIE Automotive India Limited,Automobile and Auto Components,Unknown,False,Cash,Stage 4,watchlist,6.8,-1.8,-3.62,-3.73,-12.02,376.45,Stage 4,Stage 4,Stage 4
UTIAMC.NS,UTI Asset Management Company Limited,Financial Services,Unknown,False,Cash,Stage 4,watchlist,22.23,-1.82,-4.6,0.81,-18.13,877.6,Stage 4,Stage 4,Stage 4
GPIL.NS,Godawari Power And Ispat limited,Capital Goods,Unknown,False,Cash,Stage 4,watchlist,13.04,-1.82,-4.96,-9.16,-16.63,221.35,Stage 4,Stage 4,Stage 4
HUDCO.NS,Housing & Urban Development Corporation Limited,Financial Services,Unknown,False,Cash,Stage 4,watchlist,22.59,-1.83,-3.96,-9.05,-25.23,165.57,Stage 4,Stage 4,Stage 4
OIL.NS,Oil India Limited,"Oil, Gas & Consumable Fuels",Unknown,True,F&O,Stage 2 Failed,watchlist,17.97,-1.83,-1.62,-4.71,9.33,459.45,Stage 2 Failed,Stage 2 Failed,Stage 2 Failed
BAJAJHLDNG.NS,Bajaj Holdings & Investment Limited,Financial Services,Unknown,True,F&O,Stage 2,watchlist,47.62,-1.85,-5.23,-8.44,-4.83,10600.0,Stage 2,Stage 2,Stage 2
TCS.NS,Tata Consultancy Services Limited,Information Technology,Unknown,True,F&O,Stage 4,watchlist,7.78,-1.85,-3.45,-15.29,-34.66,2032.4,Stage 4,Stage 4,Stage 4
LUXIND.NS,Lux Industries Limited,Textiles,Unknown,False,Cash,Stage 4,watchlist,10.36,-1.87,-4.66,-8.63,-0.61,1103.6,Stage 4,Stage 4,Stage 4
TIINDIA.NS,Tube Investments of India Limited,Automobile and Auto Components,Unknown,True,F&O,Stage 4,watchlist,5.0,-1.87,-6.25,-13.2,-7.87,2413.0,Stage 4,Stage 4,Stage 4
BAYERCROP.NS,Bayer Cropscience Limited,Chemicals,Unknown,False,Cash,Stage 4,watchlist,14.2,-1.88,-4.33,-9.27,-19.59,3602.7,Stage 4,Stage 4,Stage 4
GODREJIND.NS,Godrej Industries Limited,Diversified,Unknown,False,Cash,Stage 2 Failed,watchlist,0.0,-1.9,-3.99,-6.95,2.49,1055.7,Stage 2 Failed,Stage 2 Failed,Stage 2 Failed
TI.NS,Tilaknagar Industries Limited,Fast Moving Consumer Goods,Unknown,False,Cash,Stage 2,watchlist,52.57,-1.92,-4.14,-1.63,21.35,550.85,Stage 2,Stage 2,Stage 2
TRIDENT.NS,Trident Limited,Textiles,Unknown,False,Cash,Stage 4,watchlist,26.11,-1.92,-1.92,-6.99,-14.44,22.49,Stage 4,Stage 4,Stage 4
EPIGRAL.NS,Epigral Limited,Chemicals,Unknown,False,Cash,Stage 4,watchlist,25.44,-1.92,-7.52,-17.42,-19.02,1018.1,Stage 4,Stage 4,Stage 4
BAJAJ-AUTO.NS,Bajaj Auto Limited,Automobile and Auto Components,Unknown,True,F&O,Stage 2,watchlist,27.23,-1.93,-4.86,-10.87,14.7,10811.0,Stage 2,Stage 2,Stage 2
GRAVITA.NS,Gravita India Limited,Metals & Mining,Unknown,False,Cash,Stage 2 Failed,watchlist,18.61,-1.93,-7.54,-19.63,-22.15,1446.9,Stage 2 Failed,Stage 2 Failed,Stage 2 Failed
RITES.NS,RITES Limited,Construction,Unknown,False,Cash,Stage 4,watchlist,16.11,-1.94,-5.55,-10.78,-18.72,192.31,Stage 4,Stage 4,Stage 4
SWANCORP.NS,Swan Corp Ltd.,Chemicals,Unknown,False,Cash,Stage 4,watchlist,21.61,-1.95,-6.18,-3.15,-39.01,284.05,Stage 4,Stage 4,Stage 4
EMAMILTD.NS,Emami Limited,Fast Moving Consumer Goods,Unknown,False,Cash,Stage 4,watchlist,21.7,-1.98,-2.29,4.68,-26.54,381.05,Stage 4,Stage 4,Stage 4
SIEMENS.NS,Siemens Ltd.,Capital Goods,Unknown,True,F&O,Stage 2,watchlist,25.89,-1.99,-3.84,-7.94,20.6,3710.0,Stage 2,Stage 2,Stage 2
SUNDRMFAST.NS,Sundram Fasteners Limited,Automobile and Auto Components,Unknown,False,Cash,Stage 2,watchlist,47.52,-2.01,-4.01,-5.04,21.42,1143.2,Stage 2,Stage 2,Stage 2
SJVN.NS,SJVN Limited,Power,Unknown,False,Cash,Stage 4,watchlist,23.04,-2.01,-5.2,-7.54,-18.27,59.83,Stage 4,Stage 4,Stage 4
VTL.NS,Vardhman Textiles Limited,Textiles,Unknown,False,Cash,Stage 4,watchlist,18.51,-2.03,-3.93,-7.43,22.64,529.55,Stage 4,Stage 4,Stage 4
ANGELONE.NS,Angel One Limited,Financial Services,Unknown,True,F&O,Stage 2 Failed,watchlist,1.44,-2.04,-7.32,-4.67,17.99,273.5,Stage 2 Failed,Stage 2 Failed,Stage 2 Failed
TECHM.NS,Tech Mahindra Limited,Information Technology,Unknown,True,F&O,Stage 2,watchlist,38.3,-2.06,-2.65,-7.22,-3.6,1510.5,Stage 2,Stage 2,Stage 2
KDDL.NS,KDDL Limited,Consumer Durables,Unknown,False,Cash,Stage 2,watchlist,37.57,-2.06,-1.04,0.25,59.78,3931.6,Stage 2,Stage 2,Stage 2
RTNINDIA.NS,RattanIndia Enterprises Limited,Services,Unknown,False,Cash,Stage 4,watchlist,20.51,-2.06,-5.73,-14.58,-37.14,25.66,Stage 4,Stage 4,Stage 4
CENTURYPLY.NS,Century Plyboards (India) Limited,Consumer Durables,Unknown,False,Cash,Stage 4,watchlist,16.11,-2.07,-4.4,-12.06,-19.41,665.0,Stage 4,Stage 4,Stage 4
CHOICEIN.NS,Choice International Limited,Financial Services,Unknown,False,Cash,Stage 4,watchlist,16.83,-2.08,-2.6,-5.07,-11.58,741.15,Stage 4,Stage 4,Stage 4
REDTAPE.NS,Redtape Limited,Consumer Durables,Unknown,False,Cash,Stage 4,watchlist,9.95,-2.08,-1.11,-5.37,-3.98,117.48,Stage 4,Stage 4,Stage 4
MAHABANK.NS,Bank of Maharashtra,Financial Services,Unknown,False,Cash,Stage 2,watchlist,27.52,-2.09,-3.93,-3.55,28.22,79.16,Stage 2,Stage 2,Stage 2
UPL.NS,UPL Limited,Chemicals,Unknown,True,F&O,Stage 4,watchlist,27.09,-2.09,-3.91,-4.31,-32.55,538.0,Stage 4,Stage 4,Stage 4
SAGILITY.NS,Sagility Ltd.,Information Technology,Unknown,False,Cash,Stage 4,watchlist,26.41,-2.09,-6.73,-9.59,-18.04,42.54,Stage 4,Stage 4,Stage 4
MASTEK.NS,Mastek Limited,Information Technology,Unknown,False,Cash,Stage 4,watchlist,18.8,-2.09,-2.84,-12.87,-26.92,1523.4,Stage 4,Stage 4,Stage 4
CDSL.NS,Central Depository Services (India) Ltd.,Financial Services,Unknown,True,F&O,Stage 2 Failed,watchlist,22.18,-2.1,-6.39,-10.02,-11.95,1261.9,Stage 2 Failed,Stage 2 Failed,Stage 2 Failed
ORIENTELEC.NS,Orient Electric Limited,Consumer Durables,Unknown,False,Cash,Stage 4,watchlist,20.29,-2.11,-5.96,-13.07,-9.41,156.62,Stage 4,Stage 4,Stage 4
ANANDRATHI.NS,Anand Rathi Wealth Limited,Financial Services,Unknown,False,Cash,Stage 2,watchlist,26.47,-2.12,-3.6,-4.7,36.01,2100.6,Stage 2,Stage 2,Stage 2
GODREJPROP.NS,Godrej Properties Limited,Realty,Unknown,True,F&O,Stage 4,watchlist,18.61,-2.12,-3.83,-18.88,-18.51,1634.4,Stage 4,Stage 4,Stage 4
SANSERA.NS,Sansera Engineering Limited,Automobile and Auto Components,Unknown,False,Cash,Stage 2,watchlist,37.97,-2.13,-4.89,8.68,147.33,4362.2,Stage 2,Stage 2,Stage 2
JKIL.NS,J.Kumar Infraprojects Limited,Construction,Unknown,False,Cash,Stage 4,watchlist,18.72,-2.14,-5.56,-7.13,-20.82,451.4,Stage 4,Stage 4,Stage 4
ALOKINDS.NS,Alok Industries Limited,Textiles,Unknown,False,Cash,Stage 4,watchlist,26.11,-2.22,-3.81,-16.94,-56.2,7.06,Stage 4,Stage 4,Stage 4
YESBANK.NS,Yes Bank Limited,Financial Services,Unknown,True,F&O,Stage 4,watchlist,16.36,-2.22,-10.73,-9.29,-3.63,20.71,Stage 4,Stage 4,Stage 4
APOLLOHOSP.NS,Apollo Hospitals Enterprise Limited,Healthcare,Unknown,True,F&O,Stage 2 Failed,watchlist,45.12,-2.27,-2.0,-2.69,22.06,8659.0,Stage 2 Failed,Stage 2 Failed,Stage 2 Failed
PRUDENT.NS,Prudent Corporate Advisory Services Limited,Financial Services,Unknown,False,Cash,Stage 2,watchlist,51.45,-2.29,-8.96,-15.67,21.59,3098.7,Stage 2,Stage 2,Stage 2
BAJAJHIND.NS,Bajaj Hindusthan Sugar Limited,Fast Moving Consumer Goods,Unknown,False,Cash,Stage 2,watchlist,57.29,-2.3,-1.53,-11.08,8.23,19.98,Stage 2,Stage 2,Stage 2
AMBUJACEM.NS,Ambuja Cements Limited,Construction Materials,Unknown,True,F&O,Stage 4,watchlist,21.3,-2.3,-5.47,-8.82,-34.32,365.75,Stage 4,Stage 4,Stage 4
CSBBANK.NS,CSB Bank Limited,Financial Services,Unknown,False,Cash,Stage 4,watchlist,19.46,-2.33,-5.6,-7.96,-34.66,316.2,Stage 4,Stage 4,Stage 4
SYNGENE.NS,Syngene International Limited,Healthcare,Unknown,False,Cash,Stage 4,watchlist,26.11,-2.34,-2.73,-8.37,-43.37,367.2,Stage 4,Stage 4,Stage 4
MOTHERSON.NS,Samvardhana Motherson International Limited,Automobile and Auto Components,Unknown,True,F&O,Stage 2,watchlist,29.1,-2.35,-1.98,-7.1,30.04,158.56,Stage 2,Stage 2,Stage 2
NAVINFLUOR.NS,Navin Fluorine International Limited,Chemicals,Unknown,False,Cash,Stage 2,watchlist,28.73,-2.35,-2.41,-5.08,38.97,8234.5,Stage 2,Stage 2,Stage 2
STARCEMENT.NS,Star Cement Limited,Construction Materials,Unknown,False,Cash,Stage 4,watchlist,16.11,-2.37,-6.02,-3.6,-19.47,178.1,Stage 4,Stage 4,Stage 4
NAM-INDIA.NS,Nippon Life India Asset Management Limited,Financial Services,Unknown,True,F&O,Stage 2 Failed,watchlist,0.0,-2.37,-7.85,-8.9,23.38,1068.0,Stage 2 Failed,Stage 2 Failed,Stage 2 Failed
PETRONET.NS,Petronet LNG Limited,"Oil, Gas & Consumable Fuels",Unknown,True,F&O,Stage 2 Failed,watchlist,35.89,-2.38,0.43,-5.87,-0.65,282.95,Stage 2 Failed,Stage 2 Failed,Stage 2 Failed
MAZDOCK.NS,Mazagon Dock Shipbuilders Limited,Capital Goods,Unknown,True,F&O,Stage 2 Failed,watchlist,21.61,-2.38,-5.3,-15.84,-15.32,2087.1,Stage 2 Failed,Stage 2 Failed,Stage 2 Failed
RVNL.NS,Rail Vikas Nigam Limited,Construction,Unknown,True,F&O,Stage 4,watchlist,16.11,-2.39,-6.28,-5.76,-44.91,197.9,Stage 4,Stage 4,Stage 4
JUBLINGREA.NS,Jubilant Ingrevia Limited,Chemicals,Unknown,False,Cash,Stage 2 Failed,watchlist,21.51,-2.4,3.48,-5.3,-8.96,639.1,Stage 2 Failed,Stage 2 Failed,Stage 2 Failed
MAPMYINDIA.NS,C.E. Info Systems Limited,Information Technology,Unknown,False,Cash,Stage 4,watchlist,18.11,-2.41,-8.33,-16.6,-51.02,845.2,Stage 4,Stage 4,Stage 4
NTPCGREEN.NS,NTPC Green Energy Ltd.,Power,Unknown,False,Cash,Stage 4,watchlist,14.09,-2.41,-3.56,0.54,-5.48,89.99,Stage 4,Stage 4,Stage 4
JAMNAAUTO.NS,Jamna Auto Industries Limited,Automobile and Auto Components,Unknown,False,Cash,Stage 2,watchlist,57.38,-2.44,6.47,13.57,8.97,136.27,Stage 2,Stage 2,Stage 2
HCLTECH.NS,HCL Technologies Limited,Information Technology,Unknown,True,F&O,Stage 4,watchlist,10.0,-2.44,-3.81,-6.87,-22.47,1222.0,Stage 4,Stage 4,Stage 4
DCBBANK.NS,DCB Bank Limited,Financial Services,Unknown,False,Cash,Stage 2,watchlist,41.81,-2.45,-7.42,-7.25,16.02,202.37,Stage 2,Stage 2,Stage 2
PAGEIND.NS,Page Industries Limited,Textiles,Unknown,True,F&O,Stage 3,watchlist,33.71,-2.45,-1.53,2.18,3.97,36580.0,Stage 3,Stage 3,Stage 3
PURVA.NS,Puravankara Limited,Realty,Unknown,False,Cash,Stage 4,watchlist,20.13,-2.45,-5.47,-3.8,-14.96,204.84,Stage 4,Stage 4,Stage 4
GARFIBRES.NS,Garware Technical Fibres Limited,Textiles,Unknown,False,Cash,Stage 2,watchlist,26.76,-2.46,-5.82,-7.26,8.35,753.85,Stage 2,Stage 2,Stage 2
CCL.NS,CCL Products (India) Limited,Fast Moving Consumer Goods,Unknown,False,Cash,Stage 1,watchlist,2.52,-2.46,-4.17,-6.56,11.14,1006.2,Stage 1,Stage 1,Stage 1
CYIENT.NS,Cyient Limited,Information Technology,Unknown,False,Cash,Stage 2,watchlist,41.04,-2.49,-2.2,-10.17,-4.85,1055.3,Stage 2,Stage 2,Stage 2
IOB.NS,Indian Overseas Bank,Financial Services,Unknown,False,Cash,Stage 4,watchlist,24.36,-2.49,-3.04,-4.68,-14.71,30.95,Stage 4,Stage 4,Stage 4
DHANUKA.NS,Dhanuka Agritech Limited,Chemicals,Unknown,False,Cash,Stage 4,watchlist,6.46,-2.5,-3.71,-4.67,-20.81,930.55,Stage 4,Stage 4,Stage 4
LATENTVIEW.NS,Latent View Analytics Limited,Information Technology,Unknown,False,Cash,Stage 4,watchlist,2.0,-2.52,-6.01,-12.71,-48.25,235.5,Stage 4,Stage 4,Stage 4
RADICO.NS,Radico Khaitan Limited,Fast Moving Consumer Goods,Unknown,False,Cash,Stage 2,watchlist,25.5,-2.55,-1.91,-2.7,34.41,4364.0,Stage 2,Stage 2,Stage 2
PIIND.NS,PI Industries Limited,Chemicals,Unknown,True,F&O,Stage 4,watchlist,5.0,-2.56,-5.03,-3.43,-28.53,2288.8,Stage 4,Stage 4,Stage 4
ECLERX.NS,eClerx Services Limited,Services,Unknown,False,Cash,Stage 2 Failed,watchlist,2.0,-2.56,-8.02,-10.48,-26.55,1769.7,Stage 2 Failed,Stage 2 Failed,Stage 2 Failed
ABREL.NS,Aditya Birla Real Estate Ltd.,Forest Materials,Unknown,False,Cash,Stage 4,watchlist,30.07,-2.59,-3.37,-14.38,-30.82,1160.6,Stage 4,Stage 4,Stage 4
SAPPHIRE.NS,Sapphire Foods India Limited,Consumer Services,Unknown,False,Cash,Stage 2 Failed,watchlist,32.07,-2.6,-11.04,-9.97,-19.66,211.05,Stage 2 Failed,Stage 2 Failed,Stage 2 Failed
AFCONS.NS,Afcons Infrastructure Ltd.,Construction,Unknown,False,Cash,Stage 4,watchlist,0.36,-2.6,-5.86,-14.2,-37.19,245.1,Stage 4,Stage 4,Stage 4
THELEELA.NS,Leela Palaces Hotels & Resorts Ltd.,Consumer Services,Unknown,False,Cash,Stage 2,watchlist,35.85,-2.61,-0.64,-3.9,22.77,533.6,Stage 2,Stage 2,Stage 2
SOLARINDS.NS,Solar Industries India Limited,Chemicals,Unknown,True,F&O,Stage 2,watchlist,32.93,-2.61,-6.23,-7.25,53.39,18650.0,Stage 2,Stage 2,Stage 2
STARHEALTH.NS,Star Health and Allied Insurance Company Limited,Financial Services,Unknown,False,Cash,Stage 2 Failed,watchlist,0.0,-2.61,-1.19,-5.22,15.8,538.1,Stage 2 Failed,Stage 2 Failed,Stage 2 Failed
WSTCSTPAPR.NS,West Coast Paper Mills Limited,Forest Materials,Unknown,False,Cash,Stage 2,watchlist,50.73,-2.62,-6.18,14.98,69.77,703.45,Stage 2,Stage 2,Stage 2
J&KBANK.NS,The Jammu & Kashmir Bank Limited,Financial Services,Unknown,False,Cash,Stage 3,watchlist,0.0,-2.62,-5.08,-6.2,37.09,138.52,Stage 3,Stage 3,Stage 3
AAVAS.NS,Aavas Financiers Ltd.,Financial Services,Unknown,False,Cash,Stage 4,watchlist,0.0,-2.65,-4.93,-1.01,-14.45,1248.4,Stage 4,Stage 4,Stage 4
SUNDARMFIN.NS,Sundaram Finance Limited,Financial Services,Unknown,False,Cash,Stage 1,watchlist,18.81,-2.66,-8.78,-4.52,-17.87,4334.8,Stage 1,Stage 1,Stage 1
LICI.NS,Life Insurance Corporation Of India,Financial Services,Unknown,True,F&O,Stage 4,watchlist,4.24,-2.66,-3.6,-6.7,-6.39,390.0,Stage 4,Stage 4,Stage 4
ALLCARGO.NS,Allcargo Logistics Limited,Services,Unknown,False,Cash,Not Sure,watchlist,30.44,-2.68,-3.66,-11.88,-1.03,10.53,Not Sure,Not Sure,Not Sure
BDL.NS,Bharat Dynamics Limited,Capital Goods,Unknown,True,F&O,Stage 4,watchlist,19.46,-2.68,-7.1,-14.87,-26.47,1085.1,Stage 4,Stage 4,Stage 4
SBFC.NS,SBFC Finance Limited,Financial Services,Unknown,False,Cash,Stage 2 Failed,watchlist,25.98,-2.72,-6.58,-14.53,-17.89,84.46,Stage 2 Failed,Stage 2 Failed,Stage 2 Failed
RAJESHEXPO.NS,Rajesh Exports Limited,Consumer Durables,Unknown,False,Cash,Stage 4,watchlist,16.11,-2.72,-7.8,-16.53,-64.53,63.38,Stage 4,Stage 4,Stage 4
PGEL.NS,PG Electroplast Limited,Consumer Durables,Unknown,True,F&O,Stage 4,watchlist,16.26,-2.73,-5.2,-15.08,-14.78,493.15,Stage 4,Stage 4,Stage 4
NBCC.NS,NBCC (India) Ltd.,Construction,Unknown,True,F&O,Stage 4,watchlist,8.4,-2.74,-4.75,-9.5,-35.59,78.01,Stage 4,Stage 4,Stage 4
GICRE.NS,General Insurance Corporation of India,Financial Services,Unknown,False,Cash,Stage 4,watchlist,6.48,-2.75,-6.14,-6.24,-11.97,320.25,Stage 4,Stage 4,Stage 4
LICHSGFIN.NS,LIC Housing Finance Limited,Financial Services,Unknown,True,F&O,Stage 2,watchlist,42.48,-2.77,-2.92,1.88,4.42,548.5,Stage 2,Stage 2,Stage 2
FSL.NS,Firstsource Solutions Limited,Services,Unknown,False,Cash,Stage 4,watchlist,2.0,-2.77,-7.64,-6.0,-23.85,248.9,Stage 4,Stage 4,Stage 4
INDIACEM.NS,The India Cements Limited,Construction Materials,Unknown,False,Cash,Stage 4,watchlist,6.97,-2.78,-10.85,-18.06,-30.35,303.7,Stage 4,Stage 4,Stage 4
TTML.NS,Tata Teleservices (Maharashtra) Limited,Telecommunication,Unknown,False,Cash,Stage 4,watchlist,26.11,-2.79,-1.24,-8.81,-29.02,35.18,Stage 4,Stage 4,Stage 4
PIDILITIND.NS,Pidilite Industries Limited,Chemicals,Unknown,True,F&O,Stage 2 Failed,watchlist,17.31,-2.79,-7.1,-13.43,0.15,1461.0,Stage 2 Failed,Stage 2 Failed,Stage 2 Failed
INDIGOPNTS.NS,Indigo Paints Limited,Consumer Durables,Unknown,False,Cash,Stage 2 Failed,watchlist,11.24,-2.8,-5.53,-6.02,-8.72,1078.9,Stage 2 Failed,Stage 2 Failed,Stage 2 Failed
BOSCHLTD.NS,Bosch Limited,Automobile and Auto Components,Unknown,True,F&O,Stage 2,watchlist,58.5,-2.81,-5.36,-6.04,27.28,45700.0,Stage 2,Stage 2,Stage 2
THERMAX.NS,Thermax Limited,Capital Goods,Unknown,False,Cash,Stage 4,watchlist,5.36,-2.81,-5.22,-15.65,7.87,3291.0,Stage 4,Stage 4,Stage 4
ABFRL.NS,Aditya Birla Fashion and Retail Limited,Consumer Services,Unknown,False,Cash,Stage 4,watchlist,24.88,-2.84,-6.05,-11.25,-39.24,46.24,Stage 4,Stage 4,Stage 4
PVRINOX.NS,PVR INOX Limited,"Media, Entertainment & Publication",Unknown,False,Cash,Stage 2,watchlist,31.92,-2.85,-10.84,-1.46,17.02,1190.1,Stage 2,Stage 2,Stage 2
JYOTHYLAB.NS,Jyothy Labs Limited,Fast Moving Consumer Goods,Unknown,False,Cash,Stage 4,watchlist,1.8,-2.85,-5.01,-9.44,-32.49,184.26,Stage 4,Stage 4,Stage 4
DIXON.NS,Dixon Technologies (India) Limited,Consumer Durables,Unknown,True,F&O,Stage 2 Failed,watchlist,19.95,-2.86,1.27,-10.71,9.67,13250.0,Stage 2 Failed,Stage 2 Failed,Stage 2 Failed
TATATECH.NS,Tata Technologies Ltd.,Information Technology,Unknown,False,Cash,Stage 2,watchlist,18.22,-2.87,-4.02,-17.36,8.23,686.75,Stage 2,Stage 2,Stage 2
SRF.NS,SRF Limited,Chemicals,Unknown,True,F&O,Stage 4,watchlist,11.03,-2.87,-4.66,-5.48,-20.55,2420.1,Stage 4,Stage 4,Stage 4
ROSSARI.NS,Rossari Biotech Limited,Chemicals,Unknown,False,Cash,Stage 4,watchlist,14.95,-2.88,-3.29,-11.84,-26.08,427.7,Stage 4,Stage 4,Stage 4
COFORGE.NS,Coforge Limited,Information Technology,Unknown,True,F&O,Stage 2 Failed,watchlist,12.4,-2.88,-4.49,-13.26,4.49,1722.0,Stage 2 Failed,Stage 2 Failed,Stage 2 Failed
INTELLECT.NS,Intellect Design Arena Limited,Information Technology,Unknown,False,Cash,Stage 4,watchlist,22.39,-2.9,-5.33,-9.94,-34.67,613.25,Stage 4,Stage 4,Stage 4
BLUESTARCO.NS,Blue Star Limited,Consumer Durables,Unknown,True,F&O,Stage 4,watchlist,16.69,-2.91,0.3,4.49,-13.27,1529.5,Stage 4,Stage 4,Stage 4
TATAINVEST.NS,Tata Investment Corporation Ltd.,Financial Services,Unknown,False,Cash,Stage 4,watchlist,16.89,-2.95,-8.33,-2.61,-9.76,625.45,Stage 4,Stage 4,Stage 4
WIPRO.NS,Wipro Limited,Information Technology,Unknown,True,F&O,Stage 4,watchlist,7.61,-2.95,-5.55,-15.02,-39.15,156.79,Stage 4,Stage 4,Stage 4
TIMKEN.NS,Timken India Limited,Capital Goods,Unknown,False,Cash,Stage 1,watchlist,13.89,-2.96,-2.9,-2.01,1.56,3086.2,Stage 1,Stage 1,Stage 1
TITAN.NS,Titan Company Limited,Consumer Durables,Unknown,True,F&O,Stage 2,watchlist,26.42,-3.0,-5.14,-8.38,15.83,4675.0,Stage 2,Stage 2,Stage 2
IONEXCHANG.NS,ION Exchange (India) Limited,Construction,Unknown,False,Cash,Stage 2 Failed,watchlist,3.14,-3.0,-4.56,12.74,10.18,410.2,Stage 2 Failed,Stage 2 Failed,Stage 2 Failed
WAAREEENER.NS,Waaree Energies Ltd.,Capital Goods,Unknown,True,F&O,Stage 4,watchlist,6.8,-3.05,-4.6,-8.57,-19.4,2380.0,Stage 4,Stage 4,Stage 4
AFFLE.NS,Affle (India) Limited,Information Technology,Unknown,False,Cash,Not Sure,watchlist,18.78,-3.06,-5.73,-6.06,-15.74,1501.0,Not Sure,Not Sure,Not Sure
SYRMA.NS,Syrma SGS Technology Limited,Capital Goods,Unknown,False,Cash,Stage 2,watchlist,64.35,-3.08,-2.82,17.79,135.52,1692.6,Stage 2,Stage 2,Stage 2
ICICIPRULI.NS,ICICI Prudential Life Insurance Company Limited,Financial Services,Unknown,True,F&O,Stage 4,watchlist,16.11,-3.08,-8.65,-14.02,-33.84,444.55,Stage 4,Stage 4,Stage 4
ZEEL.NS,Zee Entertainment Enterprises Limited,"Media, Entertainment & Publication",Unknown,False,Cash,Stage 4,watchlist,16.11,-3.08,-5.2,-18.88,-16.1,74.14,Stage 4,Stage 4,Stage 4
DEEPAKFERT.NS,Deepak Fertilizers and Petrochemicals Corporation Limited,Chemicals,Unknown,False,Cash,Stage 3,watchlist,5.0,-3.08,-2.35,-6.97,5.98,1308.9,Stage 3,Stage 3,Stage 3
CREDITACC.NS,CREDITACCESS GRAMEEN LIMITED,Financial Services,Unknown,False,Cash,Stage 2 Failed,watchlist,16.11,-3.1,-10.43,-10.8,-3.4,1216.3,Stage 2 Failed,Stage 2 Failed,Stage 2 Failed
KEC.NS,KEC International Limited,Capital Goods,Unknown,False,Cash,Stage 4,watchlist,21.11,-3.12,-3.37,-9.16,-48.16,378.35,Stage 4,Stage 4,Stage 4
PERSISTENT.NS,Persistent Systems Limited,Information Technology,Unknown,True,F&O,Stage 4,watchlist,2.0,-3.12,-3.8,-7.73,-17.25,5162.0,Stage 4,Stage 4,Stage 4
OLECTRA.NS,Olectra Greentech Limited,Automobile and Auto Components,Unknown,False,Cash,Stage 4,watchlist,8.82,-3.14,-6.6,-10.91,-5.26,1136.9,Stage 4,Stage 4,Stage 4
WHIRLPOOL.NS,Whirlpool of India Limited,Consumer Durables,Unknown,False,Cash,Not Sure,watchlist,30.86,-3.15,23.18,10.59,0.36,888.2,Not Sure,Not Sure,Not Sure
MARICO.NS,Marico Limited,Fast Moving Consumer Goods,Unknown,True,F&O,Not Sure,watchlist,19.08,-3.21,-5.16,-4.01,3.98,787.15,Not Sure,Not Sure,Not Sure
ABSLAMC.NS,Aditya Birla Sun Life AMC Limited,Financial Services,Unknown,False,Cash,Stage 2 Failed,watchlist,4.76,-3.22,-6.92,-9.12,16.18,955.9,Stage 2 Failed,Stage 2 Failed,Stage 2 Failed
NIVABUPA.NS,Niva Bupa Health Insurance Company Ltd.,Financial Services,Unknown,False,Cash,Not Sure,watchlist,6.39,-3.24,-9.34,-9.82,-2.4,73.28,Not Sure,Not Sure,Not Sure
CHALET.NS,Chalet Hotels Limited,Consumer Services,Unknown,False,Cash,Stage 2,watchlist,47.04,-3.25,-3.62,-6.89,-6.45,840.75,Stage 2,Stage 2,Stage 2
JUBLFOOD.NS,Jubilant Foodworks Limited,Consumer Services,Unknown,True,F&O,Not Sure,watchlist,19.29,-3.28,-5.72,-6.65,-16.06,463.0,Not Sure,Not Sure,Not Sure
ATHERENERG.NS,Ather Energy Ltd.,Automobile and Auto Components,Unknown,False,Cash,Stage 2,watchlist,42.3,-3.29,-8.86,-18.09,90.52,1407.0,Stage 2,Stage 2,Stage 2
COLPAL.NS,Colgate Palmolive (India) Limited,Fast Moving Consumer Goods,Unknown,True,F&O,Stage 4,watchlist,0.0,-3.29,-4.49,-5.93,-13.74,1785.1,Stage 4,Stage 4,Stage 4
SIGNATURE.NS,Signatureglobal (India) Ltd.,Realty,Unknown,False,Cash,Stage 4,watchlist,18.48,-3.32,-1.13,-3.18,-33.16,754.45,Stage 4,Stage 4,Stage 4
JINDWORLD.NS,Jindal Worldwide Limited,Textiles,Unknown,False,Cash,Stage 2,watchlist,30.59,-3.33,-9.86,22.87,62.31,47.07,Stage 2,Stage 2,Stage 2
IREDA.NS,Indian Renewable Energy Development Agency Ltd.,Financial Services,Unknown,True,F&O,Stage 4,watchlist,16.11,-3.33,0.68,-4.09,-19.39,111.0,Stage 4,Stage 4,Stage 4
UNIONBANK.NS,Union Bank of India,Financial Services,Unknown,True,F&O,Stage 2 Failed,watchlist,19.59,-3.35,-6.74,-12.0,11.28,166.0,Stage 2 Failed,Stage 2 Failed,Stage 2 Failed
NOCIL.NS,NOCIL Limited,Chemicals,Unknown,False,Cash,Stage 2 Failed,watchlist,16.08,-3.35,-12.68,-1.25,11.89,169.31,Stage 2 Failed,Stage 2 Failed,Stage 2 Failed
GABRIEL.NS,Gabriel India Limited,Automobile and Auto Components,Unknown,False,Cash,Stage 2,watchlist,43.59,-3.36,-11.38,-9.32,25.77,1303.9,Stage 2,Stage 2,Stage 2
HEROMOTOCO.NS,Hero MotoCorp Limited,Automobile and Auto Components,Unknown,True,F&O,Stage 2 Failed,watchlist,21.96,-3.38,-3.07,-4.44,-7.77,5208.0,Stage 2 Failed,Stage 2 Failed,Stage 2 Failed
JKCEMENT.NS,J.K. Cement Ltd.,Construction Materials,Unknown,False,Cash,Stage 4,watchlist,2.79,-3.38,-5.48,-6.01,-11.92,4824.5,Stage 4,Stage 4,Stage 4
EMUDHRA.NS,eMudhra Limited,Information Technology,Unknown,False,Cash,Stage 2,watchlist,42.69,-3.4,-3.4,14.47,12.33,627.15,Stage 2,Stage 2,Stage 2
CROMPTON.NS,Crompton Greaves Consumer Electricals Limited,Consumer Durables,Unknown,True,F&O,Stage 4,watchlist,0.9,-3.4,-4.79,-10.4,-14.18,211.37,Stage 4,Stage 4,Stage 4
HDFCAMC.NS,HDFC Asset Management Company Limited,Financial Services,Unknown,True,F&O,Stage 4,watchlist,21.08,-3.43,-8.51,-15.21,-14.21,2223.3,Stage 4,Stage 4,Stage 4
INDUSINDBK.NS,IndusInd Bank Ltd.,Financial Services,Unknown,True,F&O,Stage 2 Failed,watchlist,8.77,-3.48,-8.06,-13.63,-1.21,878.0,Stage 2 Failed,Stage 2 Failed,Stage 2 Failed
ZYDUSWELL.NS,Zydus Wellness Limited,Fast Moving Consumer Goods,Unknown,False,Cash,Stage 3,watchlist,9.41,-3.49,-2.78,-4.58,9.23,506.1,Stage 3,Stage 3,Stage 3
LTF.NS,L&T Finance Ltd.,Financial Services,Unknown,True,F&O,Stage 2 Failed,watchlist,4.85,-3.49,-11.1,-15.56,-13.68,271.05,Stage 2 Failed,Stage 2 Failed,Stage 2 Failed
RECLTD.NS,REC Limited,Financial Services,Unknown,True,F&O,Stage 4,watchlist,23.37,-3.56,-4.77,-9.54,-17.41,292.45,Stage 4,Stage 4,Stage 4
KSCL.NS,Kaveri Seed Company Limited,Fast Moving Consumer Goods,Unknown,False,Cash,Stage 4,watchlist,16.61,-3.56,6.06,-3.06,-23.86,742.1,Stage 4,Stage 4,Stage 4
BRIGADE.NS,Brigade Enterprises Limited,Realty,Unknown,False,Cash,Stage 2 Failed,watchlist,23.91,-3.57,-8.68,-14.15,-15.98,563.05,Stage 2 Failed,Stage 2 Failed,Stage 2 Failed
MFSL.NS,Max Financial Services Limited,Financial Services,Unknown,True,F&O,Stage 4,watchlist,16.11,-3.57,-10.41,-11.49,-16.82,1392.4,Stage 4,Stage 4,Stage 4
GODFRYPHLP.NS,Godfrey Phillips India Limited,Fast Moving Consumer Goods,Unknown,True,F&O,Stage 4,watchlist,16.11,-3.6,-5.48,-11.54,-17.52,1862.0,Stage 4,Stage 4,Stage 4
MAHSCOOTER.NS,Maharashtra Scooters Limited,Financial Services,Unknown,False,Cash,Stage 2 Failed,watchlist,23.59,-3.62,-7.3,-8.83,-11.67,12341.0,Stage 2 Failed,Stage 2 Failed,Stage 2 Failed
PRESTIGE.NS,Prestige Estates Projects Ltd.,Realty,Unknown,True,F&O,Stage 4,watchlist,18.63,-3.62,-4.2,-13.2,-11.52,1417.5,Stage 4,Stage 4,Stage 4
AHLUCONT.NS,Ahluwalia Contracts (India) Limited,Construction,Unknown,False,Cash,Stage 4,watchlist,19.28,-3.64,-5.3,-10.82,-42.43,551.55,Stage 4,Stage 4,Stage 4
OFSS.NS,Oracle Financial Services Software Limited,Information Technology,Unknown,True,F&O,Stage 2,watchlist,22.29,-3.65,-5.31,-17.02,39.24,10406.0,Stage 2,Stage 2,Stage 2
BLUEDART.NS,Blue Dart Express Limited,Services,Unknown,False,Cash,Stage 4,watchlist,24.6,-3.66,-4.4,-8.29,-19.38,4576.0,Stage 4,Stage 4,Stage 4
OBEROIRLTY.NS,Oberoi Realty Limited,Realty,Unknown,True,F&O,Stage 2 Failed,watchlist,3.57,-3.67,-4.48,-5.63,4.33,1762.9,Stage 2 Failed,Stage 2 Failed,Stage 2 Failed
CAMS.NS,Computer Age Management Services Limited,Financial Services,Unknown,True,F&O,Stage 4,watchlist,15.21,-3.69,-5.4,-14.83,-8.19,666.0,Stage 4,Stage 4,Stage 4
UNITDSPR.NS,United Spirits Ltd.,Fast Moving Consumer Goods,Unknown,True,F&O,Stage 2 Failed,watchlist,13.37,-3.7,-2.5,-8.52,-1.74,1363.0,Stage 2 Failed,Stage 2 Failed,Stage 2 Failed
MPHASIS.NS,MphasiS Limited,Information Technology,Unknown,True,F&O,Stage 4,watchlist,24.83,-3.71,-4.88,-11.25,-21.79,2154.4,Stage 4,Stage 4,Stage 4
CARBORUNIV.NS,Carborundum Universal Limited,Capital Goods,Unknown,False,Cash,Stage 2,watchlist,41.81,-3.79,-0.89,8.49,40.23,1200.5,Stage 2,Stage 2,Stage 2
LTM.NS,LTIMindtree Ltd.,Information Technology,Unknown,True,F&O,Stage 4,watchlist,26.74,-3.8,-5.35,-13.3,-34.74,3936.0,Stage 4,Stage 4,Stage 4
SPLPETRO.NS,Supreme Petrochem Limited,Chemicals,Unknown,False,Cash,Stage 2,watchlist,68.21,-3.82,-3.8,14.1,30.79,831.85,Stage 2,Stage 2,Stage 2
GODIGIT.NS,Go Digit General Insurance Ltd.,Financial Services,Unknown,False,Cash,Stage 4,watchlist,5.4,-3.82,4.69,-1.63,-26.99,253.2,Stage 4,Stage 4,Stage 4
HAVELLS.NS,Havells India Limited,Consumer Durables,Unknown,True,F&O,Stage 4,watchlist,16.11,-3.84,-4.19,-16.14,-25.81,1043.3,Stage 4,Stage 4,Stage 4
CAPLIPOINT.NS,Caplin Point Laboratories Limited,Healthcare,Unknown,False,Cash,Stage 2,watchlist,56.02,-3.85,-1.2,9.17,53.08,2744.0,Stage 2,Stage 2,Stage 2
BHARATRAS.NS,Bharat Rasayan Limited,Chemicals,Unknown,False,Cash,Stage 4,watchlist,16.72,-3.87,-10.95,-19.38,-54.59,1005.7,Stage 4,Stage 4,Stage 4
GLAXO.NS,GlaxoSmithKline Pharmaceuticals Limited,Healthcare,Unknown,False,Cash,Stage 2,watchlist,48.14,-3.89,-3.13,-8.73,16.24,2783.8,Stage 2,Stage 2,Stage 2
DCMSHRIRAM.NS,DCM Shriram Limited,Diversified,Unknown,False,Cash,Stage 4,watchlist,6.42,-3.9,-7.3,-10.71,-27.97,907.8,Stage 4,Stage 4,Stage 4
PREMIERENE.NS,Premier Energies Ltd.,Capital Goods,Unknown,True,F&O,Not Sure,watchlist,5.0,-3.97,-4.1,-16.05,2.77,870.0,Not Sure,Not Sure,Not Sure
HAL.NS,Hindustan Aeronautics Limited,Capital Goods,Unknown,True,F&O,Stage 2,watchlist,52.1,-3.98,-5.22,-5.25,4.51,4549.3,Stage 2,Stage 2,Stage 2
RAMKY.NS,Ramky Infrastructure Limited,Construction,Unknown,False,Cash,Stage 4,watchlist,5.16,-3.98,-7.11,-16.06,-46.49,294.05,Stage 4,Stage 4,Stage 4
KAYNES.NS,Kaynes Technology India Limited,Capital Goods,Unknown,True,F&O,Not Sure,watchlist,5.0,-4.0,1.64,-4.71,-10.95,3511.5,Not Sure,Not Sure,Not Sure
CRISIL.NS,CRISIL Limited,Financial Services,Unknown,False,Cash,Stage 2,watchlist,47.74,-4.01,-2.1,-5.68,4.35,4464.1,Stage 2,Stage 2,Stage 2
VOLTAS.NS,Voltas Limited,Consumer Durables,Unknown,True,F&O,Stage 4,watchlist,23.48,-4.01,-0.98,-8.74,-21.01,1090.0,Stage 4,Stage 4,Stage 4
LTTS.NS,L&T Technology Services Ltd.,Information Technology,Unknown,False,Cash,Stage 4,watchlist,26.42,-4.05,-6.44,-14.6,-28.85,3081.6,Stage 4,Stage 4,Stage 4
FIVESTAR.NS,Five-Star Business Finance Limited,Financial Services,Unknown,False,Cash,Stage 2 Failed,watchlist,21.34,-4.07,-5.26,-7.06,-6.61,497.25,Stage 2 Failed,Stage 2 Failed,Stage 2 Failed
NESCO.NS,Nesco Limited,Services,Unknown,False,Cash,Stage 4,watchlist,24.08,-4.22,-2.67,-0.04,-14.51,1040.5,Stage 4,Stage 4,Stage 4
BBTC.NS,Bombay Burmah Trading Corporation Limited,Fast Moving Consumer Goods,Unknown,False,Cash,Stage 4,watchlist,0.0,-4.29,-7.22,-13.32,-26.75,1355.0,Stage 4,Stage 4,Stage 4
TATACHEM.NS,Tata Chemicals Limited,Chemicals,Unknown,False,Cash,Stage 4,watchlist,26.77,-4.3,-8.92,-4.53,-17.02,613.85,Stage 4,Stage 4,Stage 4
IEX.NS,Indian Energy Exchange Limited,Financial Services,Unknown,True,F&O,Stage 4,watchlist,2.79,-4.45,-5.77,-11.71,-18.01,106.39,Stage 4,Stage 4,Stage 4
ABB.NS,ABB India Limited,Capital Goods,Unknown,True,F&O,Stage 2 Failed,watchlist,8.74,-4.47,-6.46,-12.8,30.72,6660.5,Stage 2 Failed,Stage 2 Failed,Stage 2 Failed
3MINDIA.NS,3M India Limited,Diversified,Unknown,False,Cash,Stage 4,watchlist,0.0,-4.56,-6.81,-7.34,-10.13,31890.0,Stage 4,Stage 4,Stage 4
BIKAJI.NS,Bikaji Foods International Limited,Fast Moving Consumer Goods,Unknown,False,Cash,Stage 4,watchlist,16.11,-4.79,-4.06,-15.11,-27.93,531.15,Stage 4,Stage 4,Stage 4
SONATSOFTW.NS,Sonata Software Limited,Information Technology,Unknown,False,Cash,Stage 4,watchlist,19.33,-4.82,-8.3,-10.68,-26.54,260.85,Stage 4,Stage 4,Stage 4
DISHTV.NS,Dish TV India Limited,"Media, Entertainment & Publication",Unknown,False,Cash,Stage 4,watchlist,16.11,-4.87,-14.0,-21.53,-46.25,2.15,Stage 4,Stage 4,Stage 4
PATANJALI.NS,Patanjali Foods Ltd.,Fast Moving Consumer Goods,Unknown,True,F&O,Stage 4,watchlist,7.93,-4.96,-8.07,7.65,-32.09,371.4,Stage 4,Stage 4,Stage 4
GENSOL.NS,Gensol Engineering Limited,Services,Unknown,False,Cash,Stage 4,watchlist,2.9,-4.96,-10.57,-13.14,-43.55,15.14,Stage 4,Stage 4,Stage 4
SHANTIGEAR.NS,Shanthi Gears Limited,Capital Goods,Unknown,False,Cash,Stage 2,watchlist,43.95,-5.0,-10.69,14.49,30.77,601.65,Stage 2,Stage 2,Stage 2
PRSMJOHNSN.NS,Prism Johnson Limited,Construction Materials,Unknown,False,Cash,Stage 4,watchlist,0.0,-5.11,-5.87,-1.75,-21.13,109.27,Stage 4,Stage 4,Stage 4
KFINTECH.NS,Kfin Technologies Limited,Financial Services,Unknown,True,F&O,Stage 4,watchlist,0.0,-5.19,-6.66,-13.59,-21.1,838.2,Stage 4,Stage 4,Stage 4
HONASA.NS,Honasa Consumer Ltd.,Fast Moving Consumer Goods,Unknown,False,Cash,Stage 2,watchlist,31.67,-5.24,-6.76,-6.16,56.7,441.65,Stage 2,Stage 2,Stage 2
AMBER.NS,Amber Enterprises India Limited,Consumer Durables,Unknown,True,F&O,Not Sure,watchlist,24.78,-5.49,-5.62,-13.3,2.47,6606.5,Not Sure,Not Sure,Not Sure
COROMANDEL.NS,Coromandel International Limited,Chemicals,Unknown,False,Cash,Stage 4,watchlist,29.36,-5.59,-7.82,-5.93,-20.38,1792.9,Stage 4,Stage 4,Stage 4
POLICYBZR.NS,PB Fintech Limited,Financial Services,Unknown,True,F&O,Stage 2 Failed,watchlist,23.19,-6.11,-40.11,-42.35,-40.14,1081.0,Stage 2 Failed,Stage 2 Failed,Stage 2 Failed
SALASAR.NS,Salasar Techno Engineering Limited,Capital Goods,Unknown,False,Cash,Stage 4,watchlist,21.11,-7.76,-16.13,-29.61,-53.05,4.16,Stage 4,Stage 4,Stage 4
