ticker,Company Name,Industry,sector,is_fo_stock,fo_category,Include,stage,stage_raw,stage_variant,stage_classification,stage_display,stage_confidence,stage_reason,stage_state_reason,stage_failed_since,last_stage2_date,stage_pending_raw,daily_setup_bucket,weekly_setup_bucket,combined_bucket,daily_score,weekly_score,combined_score,industry_boost,final_daily_score,final_weekly_score,final_combined_score,rs_3m_pct,rs_6m_pct,avg_turnover_inr,notes,current_rank,prev_rank,prev_stage,prev_daily_setup_bucket,prev_weekly_setup_bucket,prev_score,rank_change,combined_score_change,new_daily_breakout,new_weekly_breakout,entered_stage_2,new_top_10,new_top_20
INDGN.NS,Indegene Ltd.,Healthcare,Unknown,False,Cash,1,Stage 2,Stage 2,Clean Stage 2,Clean Stage 2,Stage 2 • Clean Stage 2,0.9,"Price is above rising key averages, weekly structure is supportive, and the stock is near its 52-week high.",,,2026-09-25,,near_pivot,weekly_breakout,watchlist,71.58,63.54,67.96,10.0,71.58,63.54,77.96,24.84,32.6,284430046.29,"Stage 2, Clean Stage 2, trend_template_ok, daily_vcp_ok, weekly_vcp_ok, volume_dryup, weekly_strong",1,13,Stage 2,watchlist,weekly_breakout,68.7,12,9.259999999999991,False,False,False,True,False
JKPAPER.NS,JK Paper Limited,Forest Materials,Unknown,False,Cash,1,Stage 2,Stage 2,Messy Stage 2,Messy Stage 2,Stage 2 • Messy Stage 2,0.64,"Long-term structure is still constructive, but the short-term/weekly structure is not clean.",,,2026-09-25,,watchlist,weekly_near_pivot,watchlist,61.47,71.29,65.89,10.0,61.47,71.29,75.89,20.72,23.19,260635187.31,"Stage 2, Messy Stage 2, trend_template_ok, weekly_vcp_ok, volume_dryup, weekly_volume_dryup, weekly_strong",2,2,Stage 2,watchlist,weekly_near_pivot,77.33,0,-1.4399999999999977,False,False,False,False,False
AARTIDRUGS.NS,Aarti Drugs Limited,Healthcare,Unknown,False,Cash,1,Stage 2,Stage 2,Stage 2,Stage 2,Stage 2,0.76,Advancing structure detected.,,,2026-09-25,,watchlist,weekly_near_pivot,watchlist,58.19,70.99,63.95,10.0,58.19,70.99,73.95,16.86,24.08,79794426.68,"Stage 2, Stage 2, trend_template_ok, weekly_vcp_ok, weekly_strong",3,25,Stage 2,watchlist,weekly_near_pivot,62.94,22,11.010000000000005,False,False,False,True,True
BOSCHLTD.NS,Bosch Limited,Automobile and Auto Components,Unknown,True,F&O,1,Stage 2,Stage 2,Clean Stage 2,Clean Stage 2,Stage 2 • Clean Stage 2,0.9,"Price is above rising key averages, weekly structure is supportive, and the stock is near its 52-week high.",,,2026-09-25,,forming_vcp,weekly_near_pivot,building_setup,62.45,73.8,67.56,5.0,62.45,73.8,72.56,21.15,66.91,1379238565.25,"Stage 2, Clean Stage 2, trend_template_ok, daily_vcp_ok, weekly_vcp_ok, volume_dryup, weekly_volume_dryup, weekly_strong",4,5,Stage 2,forming_vcp,weekly_near_pivot,72.56,1,0.0,False,False,False,False,False
AUROPHARMA.NS,Aurobindo Pharma Limited,Healthcare,Unknown,True,F&O,1,Stage 2,Stage 2,Clean Stage 2,Clean Stage 2,Stage 2 • Clean Stage 2,0.9,"Price is above rising key averages, weekly structure is supportive, and the stock is near its 52-week high.",,,2026-09-25,,forming_vcp,weekly_near_pivot,building_setup,55.69,66.94,60.75,10.0,55.69,66.94,70.75,13.85,29.54,1195378549.32,"Stage 2, Clean Stage 2, trend_template_ok, daily_vcp_ok, weekly_vcp_ok, weekly_volume_dryup, weekly_strong",5,7,Stage 2,forming_vcp,weekly_near_pivot,70.88,2,-0.12999999999999545,False,False,False,False,False
ACE.NS,Action Construction Equipment Limited,Capital Goods,Unknown,False,Cash,1,Stage 2,Stage 2,Clean Stage 2,Clean Stage 2,Stage 2 • Clean Stage 2,0.9,"Price is above rising key averages, weekly structure is supportive, and the stock is near its 52-week high.",,,2026-09-25,,forming_vcp,weekly_breakout,watchlist,62.43,67.55,64.73,5.0,62.43,67.55,69.73,24.62,50.88,396110621.95,"Stage 2, Clean Stage 2, trend_template_ok, daily_vcp_ok, weekly_vcp_ok, volume_dryup, weekly_volume_dryup, weekly_strong",6,8,Stage 2,forming_vcp,weekly_breakout,70.01,2,-0.28000000000000114,False,False,False,False,False
APOLLOHOSP.NS,Apollo Hospitals Enterprise Limited,Healthcare,Unknown,True,F&O,1,Stage 2,Stage 2,Stage 2,Stage 2,Stage 2,0.76,Advancing structure detected.,,,2026-09-25,,watchlist,weekly_near_pivot,watchlist,49.45,68.06,57.82,10.0,49.45,68.06,67.82,7.11,23.48,2494369523.35,"Stage 2, Stage 2, weekly_vcp_ok, weekly_strong",7,12,Stage 2,watchlist,weekly_near_pivot,68.73,5,-0.9100000000000108,False,False,False,True,False
HARSHA.NS,Harsha Engineers International Limited,Capital Goods,Unknown,False,Cash,1,Stage 2,Stage 2,Clean Stage 2,Clean Stage 2,Stage 2 • Clean Stage 2,0.9,"Price is above rising key averages, weekly structure is supportive, and the stock is near its 52-week high.",,,2026-09-25,,watchlist,weekly_near_pivot,watchlist,54.73,70.98,62.04,5.0,54.73,70.98,67.04,17.51,42.33,83980147.69,"Stage 2, Clean Stage 2, trend_template_ok, weekly_vcp_ok, weekly_strong",8,19,Stage 2,watchlist,weekly_near_pivot,66.17,11,0.8700000000000045,False,False,False,True,False
SPLPETRO.NS,Supreme Petrochem Limited,Chemicals,Unknown,False,Cash,1,Stage 2,Stage 2,Clean Stage 2,Clean Stage 2,Stage 2 • Clean Stage 2,0.9,"Price is above rising key averages, weekly structure is supportive, and the stock is near its 52-week high.",,,2026-09-25,,watchlist,weekly_breakout,watchlist,59.97,63.87,61.72,5.0,59.97,63.87,66.72,28.07,21.67,303801603.61,"Stage 2, Clean Stage 2, trend_template_ok, weekly_vcp_ok, weekly_volume_dryup, weekly_strong",9,18,Stage 2,watchlist,weekly_breakout,66.68,9,0.03999999999999204,False,False,False,True,False
APLLTD.NS,Alembic Pharmaceuticals Limited,Healthcare,Unknown,False,Cash,1,Stage 2,Stage 2,Early Stage 2,Early Stage 2,Stage 2 • Early Stage 2,0.72,"Price has moved above long-term structure, but the full moving-average stack is not clean yet.",,,2026-09-25,,watchlist,weekly_breakout,watchlist,51.07,63.45,56.64,10.0,51.07,63.45,66.64,11.06,34.39,167564148.62,"Stage 2, Early Stage 2, weekly_vcp_ok, weekly_strong",10,16,Stage 2,watchlist,weekly_breakout,67.38,6,-0.7399999999999949,False,False,False,True,False
GLAXO.NS,GlaxoSmithKline Pharmaceuticals Limited,Healthcare,Unknown,False,Cash,1,Stage 2,Stage 2,Clean Stage 2,Clean Stage 2,Stage 2 • Clean Stage 2,0.9,"Price is above rising key averages, weekly structure is supportive, and the stock is near its 52-week high.",,,2026-09-25,,watchlist,weekly_near_pivot,watchlist,43.03,71.38,55.79,10.0,43.03,71.38,65.79,25.0,30.75,226510017.69,"Stage 2, Clean Stage 2, trend_template_ok, weekly_vcp_ok, volume_dryup, weekly_strong",11,34,Stage 2,watchlist,weekly_forming,59.69,23,6.1000000000000085,False,False,False,False,True
SONACOMS.NS,Sona BLW Precision Forgings Limited,Automobile and Auto Components,Unknown,True,F&O,1,Stage 2,Stage 2,Clean Stage 2,Clean Stage 2,Stage 2 • Clean Stage 2,0.9,"Price is above rising key averages, weekly structure is supportive, and the stock is near its 52-week high.",,,2026-09-25,,watchlist,weekly_near_pivot,watchlist,49.72,73.8,60.56,5.0,49.72,73.8,65.56,27.09,65.43,1596175391.62,"Stage 2, Clean Stage 2, trend_template_ok, weekly_vcp_ok, weekly_strong",12,20,Stage 2,watchlist,weekly_near_pivot,65.1,8,0.46000000000000796,False,False,False,False,False
MOTILALOFS.NS,Motilal Oswal Financial Services Limited,Financial Services,Unknown,True,F&O,1,Stage 2,Stage 2,Clean Stage 2,Clean Stage 2,Stage 2 • Clean Stage 2,0.9,"Price is above rising key averages, weekly structure is supportive, and the stock is near its 52-week high.",,,2026-09-25,,watchlist,weekly_breakout,watchlist,60.06,71.88,65.38,0.0,60.06,71.88,65.38,10.82,49.95,782410477.95,"Stage 2, Clean Stage 2, trend_template_ok, weekly_vcp_ok, volume_dryup, weekly_volume_dryup, weekly_strong",13,82,Stage 2,watchlist,weekly_breakout,50.85,69,14.529999999999994,False,False,False,False,True
SYRMA.NS,Syrma SGS Technology Limited,Capital Goods,Unknown,False,Cash,1,Stage 2,Stage 2,Extended Stage 2,Extended Stage 2,Stage 2 • Extended Stage 2,0.78,"Advancing structure remains intact, but price is stretched versus key moving averages or far above the 52-week low.",,,2026-09-25,,watchlist,weekly_breakout,watchlist,55.7,63.8,59.35,5.0,55.7,63.8,64.35,30.13,121.8,4495556992.13,"Stage 2, Extended Stage 2, trend_template_ok, weekly_vcp_ok, weekly_strong",14,21,Stage 2,watchlist,weekly_breakout,64.35,7,0.0,False,False,False,False,True
AGARWALEYE.NS,Dr. Agarwal's Health Care Ltd.,Healthcare,Unknown,False,Cash,1,Stage 2,Stage 2,Early Stage 2,Early Stage 2,Stage 2 • Early Stage 2,0.72,"Price has moved above long-term structure, but the full moving-average stack is not clean yet.",,,2026-09-25,,watchlist,weekly_forming,watchlist,48.0,61.66,54.15,10.0,48.0,61.66,64.15,12.47,26.13,190126423.63,"Stage 2, Early Stage 2, weekly_vcp_ok, volume_dryup, weekly_volume_dryup, weekly_strong",15,104,Stage 2,watchlist,weekly_forming,47.55,89,16.60000000000001,False,False,False,False,True
EDELWEISS.NS,Edelweiss Financial Services Limited,Financial Services,Unknown,False,Cash,1,Stage 2,Stage 2,Clean Stage 2,Clean Stage 2,Stage 2 • Clean Stage 2,0.9,"Price is above rising key averages, weekly structure is supportive, and the stock is near its 52-week high.",,,2026-09-25,,watchlist,weekly_breakout,watchlist,57.92,71.62,64.09,0.0,57.92,71.62,64.09,15.66,31.51,1404770304.95,"Stage 2, Clean Stage 2, trend_template_ok, weekly_vcp_ok, weekly_strong",16,32,Stage 2,watchlist,weekly_breakout,60.03,16,4.060000000000002,False,False,False,False,True
ENGINERSIN.NS,Engineers India Limited,Construction,Unknown,False,Cash,1,Stage 2,Stage 2,Extended Stage 2,Extended Stage 2,Stage 2 • Extended Stage 2,0.78,"Advancing structure remains intact, but price is stretched versus key moving averages or far above the 52-week low.",,,2026-09-25,,watchlist,weekly_breakout,watchlist,62.15,65.0,63.43,0.0,62.15,65.0,63.43,40.23,60.07,2513715422.36,"Stage 2, Extended Stage 2, trend_template_ok, weekly_vcp_ok, weekly_strong",17,22,Stage 2,watchlist,weekly_breakout,64.01,5,-0.5800000000000054,False,False,False,False,True
VOLTAMP.NS,Voltamp Transformers Limited,Capital Goods,Unknown,False,Cash,1,Stage 2,Stage 2,Messy Stage 2,Messy Stage 2,Stage 2 • Messy Stage 2,0.64,"Long-term structure is still constructive, but the short-term/weekly structure is not clean.",,,2026-09-25,,watchlist,weekly_forming,watchlist,56.21,60.91,58.33,5.0,56.21,60.91,63.33,12.92,18.14,231602212.65,"Stage 2, Messy Stage 2, trend_template_ok, weekly_vcp_ok, volume_dryup, weekly_volume_dryup, weekly_strong",18,23,Stage 2,watchlist,weekly_forming,63.31,5,0.01999999999999602,False,False,False,False,True
AKUMS.NS,Akums Drugs and Pharmaceuticals Ltd.,Healthcare,Unknown,False,Cash,1,Stage 2,Stage 2,Clean Stage 2,Clean Stage 2,Stage 2 • Clean Stage 2,0.9,"Price is above rising key averages, weekly structure is supportive, and the stock is near its 52-week high.",,,2026-09-25,,watchlist,weekly_breakout,watchlist,36.52,73.0,52.94,10.0,36.52,73.0,62.94,31.19,64.15,254633375.89,"Stage 2, Clean Stage 2, trend_template_ok, weekly_vcp_ok, weekly_volume_dryup, weekly_strong",19,24,Stage 2,watchlist,weekly_breakout,63.19,5,-0.25,False,False,False,False,True
SHARDAMOTR.NS,Sharda Motor Industries Limited,Automobile and Auto Components,Unknown,False,Cash,1,Stage 2,Stage 2,Early Stage 2,Early Stage 2,Stage 2 • Early Stage 2,0.72,"Price has moved above long-term structure, but the full moving-average stack is not clean yet.",,,2026-09-25,,watchlist,weekly_near_pivot,watchlist,45.76,72.66,57.87,5.0,45.76,72.66,62.87,14.19,32.36,71974801.29,"Stage 2, Early Stage 2, weekly_vcp_ok, weekly_strong",20,45,Stage 2,watchlist,weekly_breakout,57.95,25,4.919999999999995,False,False,False,False,True
DIVISLAB.NS,Divi's Laboratories Limited,Healthcare,Unknown,True,F&O,1,Stage 2,Stage 2,Clean Stage 2,Clean Stage 2,Stage 2 • Clean Stage 2,0.9,"Price is above rising key averages, weekly structure is supportive, and the stock is near its 52-week high.",,,2026-09-25,,watchlist,weekly_near_pivot,watchlist,35.62,73.8,52.8,10.0,35.62,73.8,62.8,48.61,64.61,4343445930.18,"Stage 2, Clean Stage 2, trend_template_ok, weekly_vcp_ok, weekly_strong",21,1,Stage 2,watchlist,weekly_near_pivot,79.43,-20,-16.63000000000001,False,False,False,False,False
WOCKPHARMA.NS,Wockhardt Limited,Healthcare,Unknown,False,Cash,1,Stage 2,Stage 2,Clean Stage 2,Clean Stage 2,Stage 2 • Clean Stage 2,0.9,"Price is above rising key averages, weekly structure is supportive, and the stock is near its 52-week high.",,,2026-09-25,,watchlist,weekly_near_pivot,watchlist,35.62,73.0,52.44,10.0,35.62,73.0,62.44,17.29,74.31,2897989210.23,"Stage 2, Clean Stage 2, trend_template_ok, weekly_vcp_ok, weekly_strong",22,3,Stage 2,watchlist,weekly_near_pivot,75.42,-19,-12.980000000000004,False,False,False,False,False
VARROC.NS,Varroc Engineering Limited,Automobile and Auto Components,Unknown,False,Cash,1,Stage 2,Stage 2,Clean Stage 2,Clean Stage 2,Stage 2 • Clean Stage 2,0.9,"Price is above rising key averages, weekly structure is supportive, and the stock is near its 52-week high.",,,2026-09-25,,watchlist,weekly_near_pivot,watchlist,43.55,73.8,57.16,5.0,43.55,73.8,62.16,34.63,79.97,318384142.82,"Stage 2, Clean Stage 2, trend_template_ok, weekly_vcp_ok, volume_dryup, weekly_volume_dryup, weekly_strong",23,31,Stage 2,watchlist,weekly_near_pivot,60.14,8,2.019999999999996,False,False,False,False,False
PETRONET.NS,Petronet LNG Limited,"Oil, Gas & Consumable Fuels",Unknown,True,F&O,1,Stage 2,Stage 2,Early Stage 2,Early Stage 2,Stage 2 • Early Stage 2,0.72,"Price has moved above long-term structure, but the full moving-average stack is not clean yet.",,,2026-09-25,,watchlist,weekly_near_pivot,watchlist,45.94,69.68,56.62,5.0,45.94,69.68,61.62,10.43,17.38,415677018.49,"Stage 2, Early Stage 2, weekly_vcp_ok, weekly_strong",24,123,Stage 2,watchlist,weekly_near_pivot,45.22,99,16.4,False,False,False,False,False
SHILPAMED.NS,Shilpa Medicare Limited,Healthcare,Unknown,False,Cash,1,Stage 2,Stage 2,Extended Stage 2,Extended Stage 2,Stage 2 • Extended Stage 2,0.78,"Advancing structure remains intact, but price is stretched versus key moving averages or far above the 52-week low.",,,2026-09-25,,watchlist,weekly_breakout,watchlist,39.88,65.8,51.54,10.0,39.88,65.8,61.54,75.85,166.05,971156411.75,"Stage 2, Extended Stage 2, trend_template_ok, weekly_vcp_ok, volume_dryup, weekly_volume_dryup, weekly_strong",25,26,Stage 2,watchlist,weekly_breakout,61.61,1,-0.07000000000000028,False,False,False,False,False
STAR.NS,Strides Pharma Science Limited,Healthcare,Unknown,False,Cash,1,Stage 2,Stage 2,Clean Stage 2,Clean Stage 2,Stage 2 • Clean Stage 2,0.9,"Price is above rising key averages, weekly structure is supportive, and the stock is near its 52-week high.",,,2026-09-25,,watchlist,weekly_breakout,watchlist,37.23,68.72,51.4,10.0,37.23,68.72,61.4,7.8,21.37,437024185.88,"Stage 2, Clean Stage 2, trend_template_ok, weekly_vcp_ok, volume_dryup, weekly_volume_dryup, weekly_strong",26,42,Stage 2,watchlist,weekly_breakout,58.48,16,2.9200000000000017,False,False,False,False,False
JYOTICNC.NS,Jyoti CNC Automation Ltd.,Capital Goods,Unknown,False,Cash,1,Stage 2,Stage 2,Early Stage 2,Early Stage 2,Stage 2 • Early Stage 2,0.72,"Price has moved above long-term structure, but the full moving-average stack is not clean yet.",,,2026-09-25,,watchlist,weekly_near_pivot,watchlist,41.2,73.47,55.72,5.0,41.2,73.47,60.72,39.26,37.48,1380377236.1,"Stage 2, Early Stage 2, weekly_vcp_ok, weekly_volume_dryup, weekly_strong",27,28,Stage 2,watchlist,weekly_breakout,60.77,1,-0.05000000000000426,False,False,False,False,False
CRISIL.NS,CRISIL Limited,Financial Services,Unknown,False,Cash,1,Stage 2,Stage 2,Early Stage 2,Early Stage 2,Stage 2 • Early Stage 2,0.72,"Price has moved above long-term structure, but the full moving-average stack is not clean yet.",,,2026-09-25,,watchlist,weekly_near_pivot,watchlist,52.29,70.29,60.39,0.0,52.29,70.29,60.39,19.31,25.6,269645426.27,"Stage 2, Early Stage 2, weekly_vcp_ok, weekly_strong",28,73,Stage 2,watchlist,weekly_near_pivot,51.98,45,8.410000000000004,False,False,False,False,False
ICIL.NS,Indo Count Industries Limited,Textiles,Unknown,False,Cash,1,Stage 2,Stage 2,Clean Stage 2,Clean Stage 2,Stage 2 • Clean Stage 2,0.9,"Price is above rising key averages, weekly structure is supportive, and the stock is near its 52-week high.",,,2026-09-25,,watchlist,weekly_watchlist,watchlist,61.83,36.4,50.39,10.0,61.83,36.4,60.39,5.31,80.84,259281048.25,"Stage 2, Clean Stage 2, trend_template_ok, volume_dryup, weekly_volume_dryup",29,89,Stage 2,watchlist,weekly_watchlist,49.96,60,10.43,False,False,False,False,False
LAURUSLABS.NS,Laurus Labs Limited,Healthcare,Unknown,True,F&O,1,Stage 2,Stage 2,Extended Stage 2,Extended Stage 2,Stage 2 • Extended Stage 2,0.78,"Advancing structure remains intact, but price is stretched versus key moving averages or far above the 52-week low.",,,2026-09-25,,watchlist,weekly_breakout,watchlist,38.97,63.8,50.14,10.0,38.97,63.8,60.14,36.7,95.25,3326934564.68,"Stage 2, Extended Stage 2, trend_template_ok, weekly_vcp_ok, volume_dryup, weekly_volume_dryup, weekly_strong",30,29,Stage 2,watchlist,weekly_breakout,60.35,-1,-0.21000000000000085,False,False,False,False,False
JTLIND.NS,JTL INDUSTRIES LIMITED,Capital Goods,Unknown,False,Cash,1,Stage 2,Stage 2,Clean Stage 2,Clean Stage 2,Stage 2 • Clean Stage 2,0.9,"Price is above rising key averages, weekly structure is supportive, and the stock is near its 52-week high.",,,2026-09-25,,watchlist,weekly_near_pivot,watchlist,39.21,73.8,54.78,5.0,39.21,73.8,59.78,14.92,78.67,298289607.22,"Stage 2, Clean Stage 2, trend_template_ok, weekly_vcp_ok, weekly_strong",31,11,Stage 2,watchlist,weekly_breakout,68.82,-20,-9.039999999999992,False,False,False,False,False
JAMNAAUTO.NS,Jamna Auto Industries Limited,Automobile and Auto Components,Unknown,False,Cash,1,Stage 2,Stage 2,Stage 2,Stage 2,Stage 2,0.76,Advancing structure detected.,,,2026-09-25,,watchlist,weekly_near_pivot,watchlist,41.84,69.95,54.49,5.0,41.84,69.95,59.49,6.44,24.04,384101912.53,"Stage 2, Stage 2, weekly_vcp_ok, weekly_strong",32,40,Stage 2,watchlist,weekly_near_pivot,58.61,8,0.8800000000000026,False,False,False,False,False
KSL.NS,Kalyani Steels Limited,Capital Goods,Unknown,False,Cash,1,Stage 2,Stage 2,Clean Stage 2,Clean Stage 2,Stage 2 • Clean Stage 2,0.9,"Price is above rising key averages, weekly structure is supportive, and the stock is near its 52-week high.",,,2026-09-25,,watchlist,weekly_near_pivot,watchlist,38.38,72.85,53.89,5.0,38.38,72.85,58.89,14.32,56.17,159715005.69,"Stage 2, Clean Stage 2, trend_template_ok, weekly_vcp_ok, weekly_strong",33,37,Stage 2,watchlist,weekly_near_pivot,59.06,4,-0.1700000000000017,False,False,False,False,False
GAIL.NS,GAIL (India) Limited,"Oil, Gas & Consumable Fuels",Unknown,True,F&O,1,Stage 2,Stage 2,Early Stage 2,Early Stage 2,Stage 2 • Early Stage 2,0.72,"Price has moved above long-term structure, but the full moving-average stack is not clean yet.",,,2026-09-25,,watchlist,weekly_near_pivot,watchlist,41.76,68.66,53.86,5.0,41.76,68.66,58.86,4.34,24.29,981137864.71,"Stage 2, Early Stage 2, daily_vcp_ok, weekly_vcp_ok, volume_dryup, weekly_volume_dryup, weekly_strong",34,71,Stage 2,watchlist,weekly_near_pivot,52.15,37,6.710000000000001,False,False,False,False,False
YATHARTH.NS,Yatharth Hospital & Trauma Care Services Limited,Healthcare,Unknown,False,Cash,1,Stage 2,Stage 2,Clean Stage 2,Clean Stage 2,Stage 2 • Clean Stage 2,0.9,"Price is above rising key averages, weekly structure is supportive, and the stock is near its 52-week high.",,,2026-09-25,,watchlist,weekly_watchlist,watchlist,58.58,35.2,48.06,10.0,58.58,35.2,58.06,32.75,66.21,885650980.07,"Stage 2, Clean Stage 2, trend_template_ok, weekly_volume_dryup",35,63,Stage 2,watchlist,weekly_watchlist,54.46,28,3.6000000000000014,False,False,False,False,False
NAZARA.NS,Nazara Technologies Limited,"Media, Entertainment & Publication",Unknown,False,Cash,1,Stage 2,Stage 2,Clean Stage 2,Clean Stage 2,Stage 2 • Clean Stage 2,0.9,"Price is above rising key averages, weekly structure is supportive, and the stock is near its 52-week high.",,,2026-09-25,,watchlist,weekly_breakout,watchlist,51.59,65.8,57.98,0.0,51.59,65.8,57.98,29.48,63.87,492564701.18,"Stage 2, Clean Stage 2, trend_template_ok, weekly_vcp_ok, volume_dryup, weekly_volume_dryup, weekly_strong",36,10,Stage 2,near_pivot,weekly_breakout,69.17,-26,-11.190000000000005,False,False,False,False,False
BAJAJHIND.NS,Bajaj Hindusthan Sugar Limited,Fast Moving Consumer Goods,Unknown,False,Cash,1,Stage 2,Stage 2,Stage 2,Stage 2,Stage 2,0.76,Advancing structure detected.,,,2026-09-25,,watchlist,weekly_forming,watchlist,55.47,61.02,57.97,0.0,55.47,61.02,57.97,18.21,21.99,452225905.72,"Stage 2, Stage 2, trend_template_ok, weekly_vcp_ok, volume_dryup, weekly_volume_dryup, weekly_strong",37,41,Stage 2,watchlist,weekly_forming,58.55,4,-0.5799999999999983,False,False,False,False,False
WELCORP.NS,Welspun Corp Limited,Capital Goods,Unknown,False,Cash,1,Stage 2,Stage 2,Extended Stage 2,Extended Stage 2,Stage 2 • Extended Stage 2,0.78,"Advancing structure remains intact, but price is stretched versus key moving averages or far above the 52-week low.",,,2026-09-25,,watchlist,weekly_near_pivot,watchlist,35.88,73.8,52.94,5.0,35.88,73.8,57.94,87.9,226.85,5732771356.29,"Stage 2, Extended Stage 2, trend_template_ok, weekly_vcp_ok, weekly_volume_dryup, weekly_strong",38,46,Stage 2,watchlist,weekly_breakout,57.94,8,0.0,False,False,False,False,False
RKFORGE.NS,Ramkrishna Forgings Limited,Capital Goods,Unknown,False,Cash,1,Stage 2,Stage 2,Messy Stage 2,Messy Stage 2,Stage 2 • Messy Stage 2,0.64,"Long-term structure is still constructive, but the short-term/weekly structure is not clean.",,,2026-09-25,,watchlist,weekly_forming,watchlist,42.13,65.87,52.81,5.0,42.13,65.87,57.81,27.39,42.26,414195704.87,"Stage 2, Messy Stage 2, trend_template_ok, weekly_vcp_ok, volume_dryup, weekly_volume_dryup, weekly_strong",39,14,Stage 2,watchlist,weekly_forming,68.35,-25,-10.539999999999992,False,False,False,False,False
BEML.NS,BEML Limited,Capital Goods,Unknown,False,Cash,1,Stage 2,Stage 2,Clean Stage 2,Clean Stage 2,Stage 2 • Clean Stage 2,0.9,"Price is above rising key averages, weekly structure is supportive, and the stock is near its 52-week high.",,,2026-09-25,,watchlist,weekly_near_pivot,watchlist,36.25,71.94,52.31,5.0,36.25,71.94,57.31,12.6,37.81,967021571.54,"Stage 2, Clean Stage 2, trend_template_ok, weekly_vcp_ok, weekly_volume_dryup, weekly_strong",40,36,Stage 2,watchlist,weekly_breakout,59.09,-4,-1.7800000000000011,False,False,False,False,False
PTCIL.NS,PTC Industries Limited,Capital Goods,Unknown,False,Cash,1,Stage 2,Stage 2,Clean Stage 2,Clean Stage 2,Stage 2 • Clean Stage 2,0.9,"Price is above rising key averages, weekly structure is supportive, and the stock is near its 52-week high.",,,2026-09-25,,watchlist,weekly_forming,watchlist,41.25,65.66,52.23,5.0,41.25,65.66,57.23,29.11,49.51,664680800.75,"Stage 2, Clean Stage 2, trend_template_ok, weekly_vcp_ok, volume_dryup, weekly_volume_dryup, weekly_strong",41,49,Stage 2,watchlist,weekly_breakout,56.96,8,0.269999999999996,False,False,False,False,False
PRICOLLTD.NS,Pricol Limited,Automobile and Auto Components,Unknown,False,Cash,1,Stage 2,Stage 2,Messy Stage 2,Messy Stage 2,Stage 2 • Messy Stage 2,0.64,"Long-term structure is still constructive, but the short-term/weekly structure is not clean.",,,2026-09-25,,watchlist,weekly_forming,watchlist,41.38,64.89,51.96,5.0,41.38,64.89,56.96,26.5,44.39,210986515.51,"Stage 2, Messy Stage 2, trend_template_ok, weekly_vcp_ok, volume_dryup, weekly_volume_dryup, weekly_strong",42,6,Stage 2,forming_vcp,weekly_near_pivot,71.33,-36,-14.369999999999997,False,False,False,False,False
TEXRAIL.NS,Texmaco Rail & Engineering Limited,Capital Goods,Unknown,False,Cash,1,Stage 2,Stage 2,Early Stage 2,Early Stage 2,Stage 2 • Early Stage 2,0.72,"Price has moved above long-term structure, but the full moving-average stack is not clean yet.",,,2026-09-25,,watchlist,weekly_near_pivot,watchlist,34.85,72.48,51.78,5.0,34.85,72.48,56.78,15.35,40.48,402664763.28,"Stage 2, Early Stage 2, weekly_vcp_ok, weekly_strong",43,27,Stage 2,watchlist,weekly_near_pivot,60.84,-16,-4.060000000000002,False,False,False,False,False
HAL.NS,Hindustan Aeronautics Limited,Capital Goods,Unknown,True,F&O,1,Stage 2,Stage 2,Early Stage 2,Early Stage 2,Stage 2 • Early Stage 2,0.72,"Price has moved above long-term structure, but the full moving-average stack is not clean yet.",,,2026-09-25,,watchlist,weekly_near_pivot,watchlist,36.38,70.12,51.56,5.0,36.38,70.12,56.56,12.18,31.02,3747766702.17,"Stage 2, Early Stage 2, weekly_vcp_ok, volume_dryup, weekly_volume_dryup, weekly_strong",44,30,Stage 2,watchlist,weekly_near_pivot,60.18,-14,-3.6199999999999974,False,False,False,False,False
GLAND.NS,Gland Pharma Limited,Healthcare,Unknown,False,Cash,1,Stage 2,Stage 2,Clean Stage 2,Clean Stage 2,Stage 2 • Clean Stage 2,0.9,"Price is above rising key averages, weekly structure is supportive, and the stock is near its 52-week high.",,,2026-09-25,,watchlist,weekly_watchlist,watchlist,58.08,31.6,46.16,10.0,58.08,31.6,56.16,24.39,75.06,1716606044.58,"Stage 2, Clean Stage 2, trend_template_ok, volume_dryup, weekly_volume_dryup",45,113,Stage 2,watchlist,weekly_watchlist,46.15,68,10.009999999999998,False,False,False,False,False
INDHOTEL.NS,The Indian Hotels Company Limited,Consumer Services,Unknown,True,F&O,1,Stage 2,Stage 2,Messy Stage 2,Messy Stage 2,Stage 2 • Messy Stage 2,0.64,"Long-term structure is still constructive, but the short-term/weekly structure is not clean.",,,2026-09-25,,watchlist,weekly_near_pivot,watchlist,42.07,68.66,54.04,2.0,42.07,68.66,56.04,3.76,24.81,1153401607.81,"Stage 2, Messy Stage 2, weekly_vcp_ok, weekly_strong",46,33,Stage 2,watchlist,weekly_near_pivot,59.88,-13,-3.8400000000000034,False,False,False,False,False
CAPLIPOINT.NS,Caplin Point Laboratories Limited,Healthcare,Unknown,False,Cash,1,Stage 2,Stage 2,Clean Stage 2,Clean Stage 2,Stage 2 • Clean Stage 2,0.9,"Price is above rising key averages, weekly structure is supportive, and the stock is near its 52-week high.",,,2026-09-25,,watchlist,weekly_watchlist,watchlist,56.83,32.8,46.02,10.0,56.83,32.8,56.02,17.72,84.67,932355567.08,"Stage 2, Clean Stage 2, trend_template_ok",47,130,Stage 2,watchlist,weekly_watchlist,44.42,83,11.600000000000001,False,False,False,False,False
AARTIPHARM.NS,Aarti Pharmalabs Limited,Healthcare,Unknown,False,Cash,1,Stage 2,Stage 2,Early Stage 2,Early Stage 2,Stage 2 • Early Stage 2,0.72,"Price has moved above long-term structure, but the full moving-average stack is not clean yet.",,,2026-09-25,,watchlist,weekly_near_pivot,watchlist,22.05,74.9,45.83,10.0,22.05,74.9,55.83,36.52,44.16,685637903.89,"Stage 2, Early Stage 2, weekly_vcp_ok, weekly_strong",48,66,Stage 2,watchlist,weekly_breakout,53.68,18,2.1499999999999986,False,False,False,False,False
SUNDRMFAST.NS,Sundram Fasteners Limited,Automobile and Auto Components,Unknown,False,Cash,1,Stage 2,Stage 2,Messy Stage 2,Messy Stage 2,Stage 2 • Messy Stage 2,0.64,"Long-term structure is still constructive, but the short-term/weekly structure is not clean.",,,2026-09-25,,watchlist,weekly_breakout,watchlist,38.41,65.8,50.74,5.0,38.41,65.8,55.74,28.35,58.59,298691207.39,"Stage 2, Messy Stage 2, trend_template_ok, weekly_vcp_ok, volume_dryup, weekly_volume_dryup, weekly_strong",49,53,Stage 2,watchlist,weekly_breakout,55.9,4,-0.1599999999999966,False,False,False,False,False
GALAXYSURF.NS,Galaxy Surfactants Limited,Chemicals,Unknown,False,Cash,1,Stage 2,Stage 2,Messy Stage 2,Messy Stage 2,Stage 2 • Messy Stage 2,0.64,"Long-term structure is still constructive, but the short-term/weekly structure is not clean.",,,2026-09-25,,watchlist,weekly_forming,watchlist,38.96,64.43,50.42,5.0,38.96,64.43,55.42,17.77,48.55,82706666.48,"Stage 2, Messy Stage 2, trend_template_ok, weekly_vcp_ok, volume_dryup, weekly_volume_dryup, weekly_strong",50,15,Stage 2,watchlist,weekly_forming,67.94,-35,-12.519999999999996,False,False,False,False,False
GRAPHITE.NS,Graphite India Limited,Capital Goods,Unknown,False,Cash,1,Stage 2,Stage 2,Clean Stage 2,Clean Stage 2,Stage 2 • Clean Stage 2,0.9,"Price is above rising key averages, weekly structure is supportive, and the stock is near its 52-week high.",,,2026-09-25,,watchlist,weekly_watchlist,watchlist,61.84,34.47,49.52,5.0,61.84,34.47,54.52,33.74,28.92,3314744114.62,"Stage 2, Clean Stage 2, trend_template_ok, volume_dryup, weekly_volume_dryup",51,56,Stage 2,watchlist,weekly_watchlist,54.91,5,-0.38999999999999346,False,False,False,False,False
CARTRADE.NS,Cartrade Tech Limited,Consumer Services,Unknown,False,Cash,1,Stage 2,Stage 2,Early Stage 2,Early Stage 2,Stage 2 • Early Stage 2,0.72,"Price has moved above long-term structure, but the full moving-average stack is not clean yet.",,,2026-09-25,,watchlist,weekly_forming,watchlist,41.43,65.8,52.4,2.0,41.43,65.8,54.4,10.14,72.12,965129113.44,"Stage 2, Early Stage 2, weekly_vcp_ok, volume_dryup, weekly_volume_dryup, weekly_strong",52,39,Stage 2,watchlist,weekly_near_pivot,58.69,-13,-4.289999999999999,False,False,False,False,False
STLTECH.NS,Sterlite Technologies Limited,Telecommunication,Unknown,False,Cash,1,Stage 2,Stage 2,Extended Stage 2,Extended Stage 2,Stage 2 • Extended Stage 2,0.78,"Advancing structure remains intact, but price is stretched versus key moving averages or far above the 52-week low.",,,2026-09-25,,watchlist,weekly_watchlist,watchlist,58.28,27.2,44.29,10.0,58.28,27.2,54.29,51.81,366.38,1333914663.33,"Stage 2, Extended Stage 2, trend_template_ok, weekly_volume_dryup",53,59,Stage 2,watchlist,weekly_watchlist,54.61,6,-0.3200000000000003,False,False,False,False,False
DCBBANK.NS,DCB Bank Limited,Financial Services,Unknown,False,Cash,1,Stage 2,Stage 2,Clean Stage 2,Clean Stage 2,Stage 2 • Clean Stage 2,0.9,"Price is above rising key averages, weekly structure is supportive, and the stock is near its 52-week high.",,,2026-09-25,,watchlist,weekly_breakout,watchlist,39.23,71.0,53.53,0.0,39.23,71.0,53.53,12.33,28.68,363062404.66,"Stage 2, Clean Stage 2, trend_template_ok, weekly_vcp_ok, volume_dryup, weekly_volume_dryup, weekly_strong",54,86,Stage 2,watchlist,weekly_breakout,50.53,32,3.0,False,False,False,False,False
REDINGTON.NS,Redington Limited,Services,Unknown,False,Cash,1,Stage 2,Stage 2,Extended Stage 2,Extended Stage 2,Stage 2 • Extended Stage 2,0.78,"Advancing structure remains intact, but price is stretched versus key moving averages or far above the 52-week low.",,,2026-09-25,,watchlist,weekly_breakout,watchlist,39.37,65.0,50.9,2.0,39.37,65.0,52.9,53.29,107.99,2361844840.63,"Stage 2, Extended Stage 2, trend_template_ok, weekly_vcp_ok, volume_dryup, weekly_volume_dryup, weekly_strong",55,52,Stage 2,watchlist,weekly_breakout,56.11,-3,-3.210000000000001,False,False,False,False,False
FINEORG.NS,Fine Organic Industries Limited,Chemicals,Unknown,False,Cash,1,Stage 2,Stage 2,Messy Stage 2,Messy Stage 2,Stage 2 • Messy Stage 2,0.64,"Long-term structure is still constructive, but the short-term/weekly structure is not clean.",,,2026-09-25,,watchlist,weekly_near_pivot,watchlist,29.9,69.83,47.87,5.0,29.9,69.83,52.87,3.7,25.58,109236948.02,"Stage 2, Messy Stage 2, weekly_vcp_ok, volume_dryup, weekly_volume_dryup, weekly_strong",56,111,Stage 2,watchlist,weekly_near_pivot,46.52,55,6.349999999999994,False,False,False,False,False
TI.NS,Tilaknagar Industries Limited,Fast Moving Consumer Goods,Unknown,False,Cash,1,Stage 2,Stage 2,Clean Stage 2,Clean Stage 2,Stage 2 • Clean Stage 2,0.9,"Price is above rising key averages, weekly structure is supportive, and the stock is near its 52-week high.",,,2026-09-25,,watchlist,weekly_near_pivot,watchlist,37.0,72.16,52.82,0.0,37.0,72.16,52.82,28.95,34.66,423499807.83,"Stage 2, Clean Stage 2, trend_template_ok, weekly_vcp_ok, weekly_strong",57,17,Stage 2,watchlist,weekly_near_pivot,66.96,-40,-14.139999999999993,False,False,False,False,False
APARINDS.NS,Apar Industries Limited,Capital Goods,Unknown,False,Cash,1,Stage 2,Stage 2,Clean Stage 2,Clean Stage 2,Stage 2 • Clean Stage 2,0.9,"Price is above rising key averages, weekly structure is supportive, and the stock is near its 52-week high.",,,2026-09-25,,watchlist,weekly_watchlist,watchlist,59.49,32.8,47.48,5.0,59.49,32.8,52.48,19.82,78.45,2208179830.59,"Stage 2, Clean Stage 2, trend_template_ok, weekly_volume_dryup",58,70,Stage 2,watchlist,weekly_watchlist,52.22,12,0.259999999999998,False,False,False,False,False
RATNAMANI.NS,Ratnamani Metals & Tubes Limited,Capital Goods,Unknown,False,Cash,1,Stage 2,Stage 2,Clean Stage 2,Clean Stage 2,Stage 2 • Clean Stage 2,0.9,"Price is above rising key averages, weekly structure is supportive, and the stock is near its 52-week high.",,,2026-09-25,,watchlist,weekly_watchlist,watchlist,59.16,32.48,47.15,5.0,59.16,32.48,52.15,16.21,24.61,145269716.74,"Stage 2, Clean Stage 2, trend_template_ok, volume_dryup, weekly_volume_dryup",59,151,Stage 2,watchlist,weekly_watchlist,41.37,92,10.780000000000001,False,False,False,False,False
CUB.NS,City Union Bank Limited,Financial Services,Unknown,False,Cash,1,Stage 2,Stage 2,Early Stage 2,Early Stage 2,Stage 2 • Early Stage 2,0.72,"Price has moved above long-term structure, but the full moving-average stack is not clean yet.",,,2026-09-25,,watchlist,weekly_forming,watchlist,45.09,60.63,52.08,0.0,45.09,60.63,52.08,5.2,23.13,509561346.51,"Stage 2, Early Stage 2, weekly_vcp_ok, volume_dryup, weekly_volume_dryup, weekly_strong",60,61,Stage 2,watchlist,weekly_near_pivot,54.58,1,-2.5,False,False,False,False,False
MCX.NS,Multi Commodity Exchange of India Limited,Financial Services,Unknown,True,F&O,1,Stage 2,Stage 2,Clean Stage 2,Clean Stage 2,Stage 2 • Clean Stage 2,0.9,"Price is above rising key averages, weekly structure is supportive, and the stock is near its 52-week high.",,,2026-09-25,,watchlist,weekly_near_pivot,watchlist,36.77,70.32,51.87,0.0,36.77,70.32,51.87,17.02,36.17,6093439129.06,"Stage 2, Clean Stage 2, trend_template_ok, weekly_vcp_ok, weekly_strong",61,9,Stage 2,watchlist,weekly_near_pivot,69.36,-52,-17.490000000000002,False,False,False,False,False
VRLLOG.NS,VRL Logistics Limited,Services,Unknown,False,Cash,1,Stage 2,Stage 2,Early Stage 2,Early Stage 2,Stage 2 • Early Stage 2,0.72,"Price has moved above long-term structure, but the full moving-average stack is not clean yet.",,,2026-09-25,,watchlist,weekly_near_pivot,watchlist,31.25,71.82,49.51,2.0,31.25,71.82,51.51,25.36,23.87,34523527.87,"Stage 2, Early Stage 2, weekly_vcp_ok, volume_dryup, weekly_volume_dryup, weekly_strong",62,132,Stage 2,watchlist,weekly_near_pivot,44.38,70,7.1299999999999955,False,False,False,False,False
PNBHOUSING.NS,PNB Housing Finance Limited,Financial Services,Unknown,True,F&O,1,Stage 2,Stage 2,Early Stage 2,Early Stage 2,Stage 2 • Early Stage 2,0.72,"Price has moved above long-term structure, but the full moving-average stack is not clean yet.",,,2026-09-25,,watchlist,weekly_forming,watchlist,41.63,62.84,51.17,0.0,41.63,62.84,51.17,8.69,41.66,1061079813.43,"Stage 2, Early Stage 2, weekly_vcp_ok, weekly_volume_dryup, weekly_strong",63,83,Stage 2,watchlist,weekly_forming,50.7,20,0.46999999999999886,False,False,False,False,False
CHALET.NS,Chalet Hotels Limited,Consumer Services,Unknown,False,Cash,1,Stage 2,Stage 2,Early Stage 2,Early Stage 2,Stage 2 • Early Stage 2,0.72,"Price has moved above long-term structure, but the full moving-average stack is not clean yet.",,,2026-09-25,,watchlist,weekly_near_pivot,watchlist,35.95,65.2,49.11,2.0,35.95,65.2,51.11,9.03,21.67,142365207.99,"Stage 2, Early Stage 2, daily_vcp_ok, weekly_vcp_ok, weekly_volume_dryup, weekly_strong",64,92,Stage 2,watchlist,weekly_breakout,49.47,28,1.6400000000000006,False,False,False,False,False
BAJAJHLDNG.NS,Bajaj Holdings & Investment Limited,Financial Services,Unknown,True,F&O,1,Stage 2,Stage 2,Early Stage 2,Early Stage 2,Stage 2 • Early Stage 2,0.72,"Price has moved above long-term structure, but the full moving-average stack is not clean yet.",,,2026-09-25,,watchlist,weekly_near_pivot,watchlist,34.65,70.97,50.99,0.0,34.65,70.97,50.99,5.15,24.55,453159062.4,"Stage 2, Early Stage 2, weekly_vcp_ok, weekly_strong",65,75,Stage 2,watchlist,weekly_near_pivot,51.45,10,-0.46000000000000085,False,False,False,False,False
NEULANDLAB.NS,Neuland Laboratories Limited,Healthcare,Unknown,False,Cash,1,Stage 2,Stage 2,Early Stage 2,Early Stage 2,Stage 2 • Early Stage 2,0.72,"Price has moved above long-term structure, but the full moving-average stack is not clean yet.",,,2026-09-25,,watchlist,weekly_forming,watchlist,20.49,65.8,40.88,10.0,20.49,65.8,50.88,18.23,75.02,954916685.25,"Stage 2, Early Stage 2, weekly_vcp_ok, volume_dryup, weekly_volume_dryup, weekly_strong",66,77,Stage 2,watchlist,weekly_forming,51.4,11,-0.519999999999996,False,False,False,False,False
RAIN.NS,Rain Industries Limited,Chemicals,Unknown,False,Cash,1,Stage 2,Stage 2,Stage 2,Stage 2,Stage 2,0.76,Advancing structure detected.,,,2026-09-25,,watchlist,weekly_watchlist,watchlist,60.97,27.2,45.77,5.0,60.97,27.2,50.77,19.73,93.68,902462167.05,"Stage 2, Stage 2, trend_template_ok, volume_dryup, weekly_volume_dryup",67,181,Stage 2,watchlist,weekly_watchlist,39.22,114,11.550000000000004,False,False,False,False,False
RAYMOND.NS,Raymond Limited,Textiles,Unknown,False,Cash,1,Stage 2,Stage 2,Extended Stage 2,Extended Stage 2,Stage 2 • Extended Stage 2,0.78,"Advancing structure remains intact, but price is stretched versus key moving averages or far above the 52-week low.",,,2026-09-25,,watchlist,weekly_watchlist,watchlist,55.49,22.4,40.6,10.0,55.49,22.4,50.6,104.98,238.43,6509352881.07,"Stage 2, Extended Stage 2, trend_template_ok",68,87,Stage 2,watchlist,weekly_watchlist,50.44,19,0.1600000000000037,False,False,False,False,False
PRUDENT.NS,Prudent Corporate Advisory Services Limited,Financial Services,Unknown,False,Cash,1,Stage 2,Stage 2,Early Stage 2,Early Stage 2,Stage 2 • Early Stage 2,0.72,"Price has moved above long-term structure, but the full moving-average stack is not clean yet.",,,2026-09-25,,watchlist,weekly_forming,watchlist,39.22,64.24,50.48,0.0,39.22,64.24,50.48,10.82,42.58,104317442.46,"Stage 2, Early Stage 2, weekly_vcp_ok, volume_dryup, weekly_volume_dryup, weekly_strong",69,54,Stage 2,watchlist,weekly_near_pivot,55.4,-15,-4.920000000000002,False,False,False,False,False
WSTCSTPAPR.NS,West Coast Paper Mills Limited,Forest Materials,Unknown,False,Cash,1,Stage 2,Stage 2,Clean Stage 2,Clean Stage 2,Stage 2 • Clean Stage 2,0.9,"Price is above rising key averages, weekly structure is supportive, and the stock is near its 52-week high.",,,2026-09-25,,watchlist,weekly_watchlist,watchlist,55.02,22.4,40.34,10.0,55.02,22.4,50.34,41.57,70.33,209000413.64,"Stage 2, Clean Stage 2, trend_template_ok, volume_dryup, weekly_volume_dryup",70,85,Stage 2,watchlist,weekly_watchlist,50.54,15,-0.19999999999999574,False,False,False,False,False
BALRAMCHIN.NS,Balrampur Chini Mills Limited,Fast Moving Consumer Goods,Unknown,False,Cash,1,Stage 2,Stage 2,Stage 2,Stage 2,Stage 2,0.76,Advancing structure detected.,,,2026-09-25,,watchlist,weekly_forming,watchlist,38.74,64.45,50.31,0.0,38.74,64.45,50.31,25.12,41.36,1620430430.72,"Stage 2, Stage 2, trend_template_ok, weekly_vcp_ok, volume_dryup, weekly_volume_dryup, weekly_strong",71,84,Stage 2,watchlist,weekly_forming,50.66,13,-0.3499999999999943,False,False,False,False,False
MANYAVAR.NS,Vedant Fashions Limited,Consumer Services,Unknown,False,Cash,1,Stage 2,Stage 2,Early Stage 2,Early Stage 2,Stage 2 • Early Stage 2,0.72,"Price has moved above long-term structure, but the full moving-average stack is not clean yet.",Stage 2 reclaimed after 3 confirmation runs.,,2026-09-25,,watchlist,weekly_forming,watchlist,37.45,61.4,48.23,2.0,37.45,61.4,50.23,39.81,48.94,205566104.76,"Stage 2, Early Stage 2, weekly_vcp_ok, volume_dryup, weekly_volume_dryup, weekly_strong",72,88,Stage 2 Failed,watchlist,weekly_forming,50.23,16,0.0,False,False,True,False,False
PHOENIXLTD.NS,The Phoenix Mills Limited,Realty,Unknown,True,F&O,1,Stage 2,Stage 2,Stage 2,Stage 2,Stage 2,0.76,Advancing structure detected.,,,2026-09-25,,watchlist,weekly_forming,watchlist,37.66,61.13,48.22,2.0,37.66,61.13,50.22,2.24,31.07,740218142.6,"Stage 2, Stage 2, daily_vcp_ok, weekly_vcp_ok, weekly_strong",73,174,Stage 2,watchlist,weekly_forming,40.1,101,10.119999999999997,False,False,False,False,False
LTFOODS.NS,LT Foods Ltd.,Fast Moving Consumer Goods,Unknown,False,Cash,1,Stage 2,Stage 2,Early Stage 2,Early Stage 2,Stage 2 • Early Stage 2,0.72,"Price has moved above long-term structure, but the full moving-average stack is not clean yet.",,,2026-09-25,,watchlist,weekly_forming,watchlist,41.06,59.93,49.55,0.0,41.06,59.93,49.55,12.96,8.32,194319466.77,"Stage 2, Early Stage 2, daily_vcp_ok, weekly_vcp_ok, volume_dryup, weekly_volume_dryup, weekly_strong",74,80,Stage 2,watchlist,weekly_forming,50.87,6,-1.3200000000000003,False,False,False,False,False
KAJARIACER.NS,Kajaria Ceramics Limited,Consumer Durables,Unknown,False,Cash,1,Stage 2,Stage 2,Messy Stage 2,Messy Stage 2,Stage 2 • Messy Stage 2,0.64,"Long-term structure is still constructive, but the short-term/weekly structure is not clean.",,,2026-09-25,,watchlist,weekly_near_pivot,watchlist,33.41,68.52,49.21,0.0,33.41,68.52,49.21,4.43,22.79,251346085.28,"Stage 2, Messy Stage 2, weekly_vcp_ok, volume_dryup, weekly_volume_dryup, weekly_strong",75,38,Stage 2,watchlist,weekly_near_pivot,59.05,-37,-9.839999999999996,False,False,False,False,False
MEDANTA.NS,Global Health Limited,Healthcare,Unknown,False,Cash,1,Stage 2,Stage 2,Early Stage 2,Early Stage 2,Stage 2 • Early Stage 2,0.72,"Price has moved above long-term structure, but the full moving-average stack is not clean yet.",,,2026-09-25,,watchlist,weekly_near_pivot,watchlist,22.67,58.55,38.82,10.0,22.67,58.55,48.82,13.08,51.45,367814592.25,"Stage 2, Early Stage 2, weekly_vcp_ok, volume_dryup, weekly_volume_dryup",76,44,Stage 2,watchlist,weekly_near_pivot,57.96,-32,-9.14,False,False,False,False,False
CASTROLIND.NS,Castrol India Limited,"Oil, Gas & Consumable Fuels",Unknown,False,Cash,1,Stage 2,Stage 2,Clean Stage 2,Clean Stage 2,Stage 2 • Clean Stage 2,0.9,"Price is above rising key averages, weekly structure is supportive, and the stock is near its 52-week high.",,,2026-09-25,,watchlist,weekly_breakout,watchlist,29.22,61.48,43.74,5.0,29.22,61.48,48.74,17.74,19.03,650052979.29,"Stage 2, Clean Stage 2, weekly_vcp_ok, weekly_strong",77,167,Stage 2,watchlist,weekly_breakout,40.83,90,7.910000000000004,False,False,False,False,False
GLENMARK.NS,Glenmark Pharmaceuticals Limited,Healthcare,Unknown,True,F&O,1,Stage 2,Stage 2,Early Stage 2,Early Stage 2,Stage 2 • Early Stage 2,0.72,"Price has moved above long-term structure, but the full moving-average stack is not clean yet.",,,2026-09-25,,watchlist,weekly_forming,watchlist,19.24,62.47,38.69,10.0,19.24,62.47,48.69,11.12,13.55,1115219531.36,"Stage 2, Early Stage 2, weekly_vcp_ok, weekly_strong",78,4,Stage 2,forming_vcp,weekly_near_pivot,73.83,-74,-25.14,False,False,False,False,False
SHYAMMETL.NS,Shyam Metalics and Energy Limited,Metals & Mining,Unknown,False,Cash,1,Stage 2,Stage 2,Clean Stage 2,Clean Stage 2,Stage 2 • Clean Stage 2,0.9,"Price is above rising key averages, weekly structure is supportive, and the stock is near its 52-week high.",,,2026-09-25,,watchlist,weekly_watchlist,watchlist,52.33,39.63,46.62,2.0,52.33,39.63,48.62,16.65,37.68,565417930.05,"Stage 2, Clean Stage 2, trend_template_ok",79,98,Stage 2,watchlist,weekly_watchlist,48.68,19,-0.060000000000002274,False,False,False,False,False
GNFC.NS,Gujarat Narmada Valley Fertilizers and Chemicals Limited,Chemicals,Unknown,False,Cash,1,Stage 2,Stage 2,Clean Stage 2,Clean Stage 2,Stage 2 • Clean Stage 2,0.9,"Price is above rising key averages, weekly structure is supportive, and the stock is near its 52-week high.",,,2026-09-25,,watchlist,weekly_watchlist,watchlist,58.95,24.8,43.58,5.0,58.95,24.8,48.58,25.59,63.68,740232134.67,"Stage 2, Clean Stage 2, trend_template_ok",80,93,Stage 2,watchlist,weekly_watchlist,49.21,13,-0.6300000000000026,False,False,False,False,False
PCBL.NS,PCBL LIMITED,Chemicals,Unknown,False,Cash,1,Stage 2,Stage 2,Stage 2,Stage 2,Stage 2,0.76,Advancing structure detected.,,,2026-09-25,,forming_vcp,weekly_watchlist,watchlist,56.24,27.95,43.51,5.0,56.24,27.95,48.51,11.01,32.48,574893758.67,"Stage 2, Stage 2, trend_template_ok, daily_vcp_ok, volume_dryup, weekly_volume_dryup",81,125,Stage 2,watchlist,weekly_watchlist,45.16,44,3.3500000000000014,False,False,False,False,False
LXCHEM.NS,Laxmi Organic Industries Limited,Chemicals,Unknown,False,Cash,1,Stage 2,Stage 2,Stage 2,Stage 2,Stage 2,0.76,Advancing structure detected.,,,2026-09-25,,watchlist,weekly_watchlist,watchlist,52.28,32.74,43.49,5.0,52.28,32.74,48.49,14.5,52.91,221391001.51,"Stage 2, Stage 2, trend_template_ok, volume_dryup, weekly_volume_dryup",82,201,Stage 2,watchlist,weekly_watchlist,36.08,119,12.410000000000004,False,False,False,False,False
PAYTM.NS,One 97 Communications Limited,Financial Services,Unknown,True,F&O,1,Stage 2,Stage 2,Stage 2,Stage 2,Stage 2,0.76,Advancing structure detected.,,,2026-09-25,,watchlist,weekly_breakout,watchlist,34.05,65.8,48.34,0.0,34.05,65.8,48.34,39.92,64.86,7376798717.32,"Stage 2, Stage 2, trend_template_ok, weekly_vcp_ok, weekly_volume_dryup, weekly_strong",83,91,Stage 2,watchlist,weekly_breakout,49.77,8,-1.4299999999999997,False,False,False,False,False
POLYMED.NS,Poly Medicure Limited,Healthcare,Unknown,False,Cash,1,Stage 2 Failed,Not Sure,Failed Stage 2,Failed Stage 2,Stage 2 Failed • Failed Stage 2,0.72,"This stock was recently Stage 2, but the latest structure no longer satisfies Stage 2 rules. It is kept as Stage 2 Failed until a fresh base/repair structure forms.",Recent Stage 2 break; public stage held as Stage 2 Failed.,2026-09-28,2026-09-25,,watchlist,weekly_watchlist,watchlist,29.56,48.3,37.99,10.0,29.56,48.3,47.99,-0.22,25.18,242220267.87,"Not Sure, Not Sure, weekly_vcp_ok, volume_dryup, weekly_volume_dryup, weekly_strong | Stage 2 failed state applied from stage memory.",84,35,Stage 2 Failed,watchlist,weekly_forming,59.36,-49,-11.369999999999997,False,False,False,False,False
HATSUN.NS,Hatsun Agro Product Limited,Fast Moving Consumer Goods,Unknown,False,Cash,1,Stage 2,Stage 2,Stage 2,Stage 2,Stage 2,0.76,Advancing structure detected.,,,2026-09-25,,watchlist,weekly_breakout,watchlist,33.63,64.49,47.52,0.0,33.63,64.49,47.52,27.43,28.42,139318409.65,"Stage 2, Stage 2, trend_template_ok, weekly_vcp_ok, weekly_volume_dryup, weekly_strong",85,97,Stage 2,watchlist,weekly_breakout,48.76,12,-1.2399999999999949,False,False,False,False,False
VENUSPIPES.NS,Venus Pipes & Tubes Limited,Capital Goods,Unknown,False,Cash,1,Stage 2,Stage 2,Extended Stage 2,Extended Stage 2,Stage 2 • Extended Stage 2,0.78,"Advancing structure remains intact, but price is stretched versus key moving averages or far above the 52-week low.",,,2026-09-25,,watchlist,weekly_watchlist,watchlist,54.83,27.2,42.4,5.0,54.83,27.2,47.4,24.76,118.08,731399320.62,"Stage 2, Extended Stage 2, trend_template_ok, weekly_volume_dryup",86,105,Stage 2,watchlist,weekly_watchlist,47.4,19,0.0,False,False,False,False,False
KTKBANK.NS,The Karnataka Bank Limited,Financial Services,Unknown,False,Cash,1,Stage 2,Stage 2,Clean Stage 2,Clean Stage 2,Stage 2 • Clean Stage 2,0.9,"Price is above rising key averages, weekly structure is supportive, and the stock is near its 52-week high.",,,2026-09-25,,forming_vcp,weekly_watchlist,watchlist,60.67,30.92,47.28,0.0,60.67,30.92,47.28,27.28,45.96,624395712.72,"Stage 2, Clean Stage 2, trend_template_ok, daily_vcp_ok, volume_dryup, weekly_volume_dryup",87,103,Stage 2,forming_vcp,weekly_watchlist,47.55,16,-0.269999999999996,False,False,False,False,False
AJANTPHARM.NS,Ajanta Pharma Limited,Healthcare,Unknown,False,Cash,1,Stage 2,Stage 2,Messy Stage 2,Messy Stage 2,Stage 2 • Messy Stage 2,0.64,"Long-term structure is still constructive, but the short-term/weekly structure is not clean.",,,2026-09-25,,watchlist,weekly_watchlist,watchlist,45.64,26.52,37.04,10.0,45.64,26.52,47.04,11.45,29.71,270606547.47,"Stage 2, Messy Stage 2, trend_template_ok, weekly_volume_dryup",88,169,Stage 2,watchlist,weekly_watchlist,40.69,81,6.350000000000001,False,False,False,False,False
ETERNAL.NS,Eternal Ltd.,Consumer Services,Unknown,True,F&O,1,Stage 2,Stage 2,Early Stage 2,Early Stage 2,Stage 2 • Early Stage 2,0.72,"Price has moved above long-term structure, but the full moving-average stack is not clean yet.",,,2026-09-25,,watchlist,weekly_near_pivot,watchlist,22.4,72.65,45.01,2.0,22.4,72.65,47.01,23.43,45.08,5711948722.86,"Stage 2, Early Stage 2, weekly_vcp_ok, volume_dryup, weekly_volume_dryup, weekly_strong",89,110,Stage 2,watchlist,weekly_breakout,46.63,21,0.37999999999999545,False,False,False,False,False
INOXINDIA.NS,INOX India Ltd.,Capital Goods,Unknown,False,Cash,1,Stage 2,Stage 2,Messy Stage 2,Messy Stage 2,Stage 2 • Messy Stage 2,0.64,"Long-term structure is still constructive, but the short-term/weekly structure is not clean.",,,2026-09-25,,watchlist,weekly_watchlist,watchlist,56.91,23.6,41.92,5.0,56.91,23.6,46.92,12.66,67.56,716280031.77,"Stage 2, Messy Stage 2, trend_template_ok, weekly_volume_dryup",90,78,Stage 2,forming_vcp,weekly_watchlist,51.28,-12,-4.359999999999999,False,False,False,False,False
APLAPOLLO.NS,APL Apollo Tubes Limited,Capital Goods,Unknown,True,F&O,1,Stage 2,Stage 2,Early Stage 2,Early Stage 2,Stage 2 • Early Stage 2,0.72,"Price has moved above long-term structure, but the full moving-average stack is not clean yet.",,,2026-09-25,,watchlist,weekly_near_pivot,watchlist,18.14,70.48,41.69,5.0,18.14,70.48,46.69,28.43,18.38,1318820905.06,"Stage 2, Early Stage 2, weekly_vcp_ok, weekly_volume_dryup, weekly_strong",91,43,Stage 2,watchlist,weekly_near_pivot,58.31,-48,-11.620000000000005,False,False,False,False,False
SAIL.NS,Steel Authority of India Limited,Metals & Mining,Unknown,True,F&O,1,Stage 2,Stage 2,Stage 2,Stage 2,Stage 2,0.76,Advancing structure detected.,,,2026-09-25,,forming_vcp,weekly_watchlist,watchlist,58.65,27.56,44.66,2.0,58.65,27.56,46.66,14.67,20.97,2937961860.51,"Stage 2, Stage 2, trend_template_ok, daily_vcp_ok, volume_dryup",92,199,Stage 2,watchlist,weekly_watchlist,36.34,107,10.319999999999993,False,False,False,False,False
SAILIFE.NS,Sai Life Sciences Ltd.,Healthcare,Unknown,False,Cash,1,Stage 2,Stage 2,Clean Stage 2,Clean Stage 2,Stage 2 • Clean Stage 2,0.9,"Price is above rising key averages, weekly structure is supportive, and the stock is near its 52-week high.",,,2026-09-25,,watchlist,weekly_watchlist,watchlist,38.66,34.0,36.56,10.0,38.66,34.0,46.56,32.96,67.14,1398130415.03,"Stage 2, Clean Stage 2, trend_template_ok, volume_dryup, weekly_volume_dryup",93,108,Stage 2,watchlist,weekly_watchlist,46.87,15,-0.30999999999999517,False,False,False,False,False
FLUOROCHEM.NS,Gujarat Fluorochemicals Limited,Chemicals,Unknown,False,Cash,1,Stage 2,Stage 2,Early Stage 2,Early Stage 2,Stage 2 • Early Stage 2,0.72,"Price has moved above long-term structure, but the full moving-average stack is not clean yet.",,,2026-09-25,,watchlist,weekly_forming,watchlist,22.19,64.71,41.32,5.0,22.19,64.71,46.32,17.04,41.06,563782172.47,"Stage 2, Early Stage 2, weekly_vcp_ok, volume_dryup, weekly_volume_dryup, weekly_strong",94,116,Stage 2,watchlist,weekly_forming,45.76,22,0.5600000000000023,False,False,False,False,False
VIJAYA.NS,Vijaya Diagnostic Centre Limited,Healthcare,Unknown,False,Cash,1,Stage 2,Stage 2,Clean Stage 2,Clean Stage 2,Stage 2 • Clean Stage 2,0.9,"Price is above rising key averages, weekly structure is supportive, and the stock is near its 52-week high.",,,2026-09-25,,watchlist,weekly_watchlist,watchlist,37.14,35.2,36.27,10.0,37.14,35.2,46.27,12.67,69.86,211024527.94,"Stage 2, Clean Stage 2, trend_template_ok, volume_dryup, weekly_volume_dryup",95,107,Stage 2,watchlist,weekly_watchlist,47.04,12,-0.769999999999996,False,False,False,False,False
PARADEEP.NS,Paradeep Phosphates Limited,Chemicals,Unknown,False,Cash,1,Stage 2,Stage 2,Early Stage 2,Early Stage 2,Stage 2 • Early Stage 2,0.72,"Price has moved above long-term structure, but the full moving-average stack is not clean yet.",,,2026-09-25,,watchlist,weekly_near_pivot,watchlist,16.32,71.37,41.09,5.0,16.32,71.37,46.09,17.15,38.55,386067671.89,"Stage 2, Early Stage 2, weekly_vcp_ok, volume_dryup, weekly_volume_dryup, weekly_strong",96,51,Stage 2,watchlist,weekly_near_pivot,56.32,-45,-10.229999999999997,False,False,False,False,False
JSWINFRA.NS,JSW Infrastructure Ltd.,Services,Unknown,False,Cash,1,Stage 2,Stage 2,Clean Stage 2,Clean Stage 2,Stage 2 • Clean Stage 2,0.9,"Price is above rising key averages, weekly structure is supportive, and the stock is near its 52-week high.",,,2026-09-25,,watchlist,weekly_watchlist,watchlist,56.96,28.28,44.05,2.0,56.96,28.28,46.05,11.59,47.25,1633051058.31,"Stage 2, Clean Stage 2, trend_template_ok",97,190,Stage 2,watchlist,weekly_watchlist,37.91,93,8.14,False,False,False,False,False
KPIL.NS,Kalpataru Projects International Limited,Construction,Unknown,False,Cash,1,Stage 2,Stage 2,Messy Stage 2,Messy Stage 2,Stage 2 • Messy Stage 2,0.64,"Long-term structure is still constructive, but the short-term/weekly structure is not clean.",,,2026-09-25,,forming_vcp,weekly_watchlist,watchlist,59.58,29.31,45.96,0.0,59.58,29.31,45.96,5.5,27.62,210510939.77,"Stage 2, Messy Stage 2, trend_template_ok, daily_vcp_ok, volume_dryup, weekly_volume_dryup",98,215,Stage 2,watchlist,weekly_watchlist,34.53,117,11.43,False,False,False,False,False
TATVA.NS,Tatva Chintan Pharma Chem Limited,Chemicals,Unknown,False,Cash,1,Stage 2,Stage 2,Clean Stage 2,Clean Stage 2,Stage 2 • Clean Stage 2,0.9,"Price is above rising key averages, weekly structure is supportive, and the stock is near its 52-week high.",,,2026-09-25,,watchlist,weekly_watchlist,watchlist,46.51,34.0,40.88,5.0,46.51,34.0,45.88,44.13,61.17,115608480.78,"Stage 2, Clean Stage 2, trend_template_ok, volume_dryup, weekly_volume_dryup",99,138,Stage 2,watchlist,weekly_watchlist,43.66,39,2.220000000000006,False,False,False,False,False
MARKSANS.NS,Marksans Pharma Limited,Healthcare,Unknown,False,Cash,1,Stage 2,Stage 2,Extended Stage 2,Extended Stage 2,Stage 2 • Extended Stage 2,0.78,"Advancing structure remains intact, but price is stretched versus key moving averages or far above the 52-week low.",,,2026-09-25,,watchlist,weekly_watchlist,watchlist,39.62,30.4,35.47,10.0,39.62,30.4,45.47,29.53,99.98,760789621.28,"Stage 2, Extended Stage 2, trend_template_ok, volume_dryup, weekly_volume_dryup",100,120,Stage 2,watchlist,weekly_watchlist,45.47,20,0.0,False,False,False,False,False
GRWRHITECH.NS,Garware Hi-Tech Films Limited,Capital Goods,Unknown,False,Cash,1,Stage 2,Stage 2,Messy Stage 2,Messy Stage 2,Stage 2 • Messy Stage 2,0.64,"Long-term structure is still constructive, but the short-term/weekly structure is not clean.",,,2026-09-25,,watchlist,weekly_forming,watchlist,19.57,65.8,40.37,5.0,19.57,65.8,45.37,1.23,82.24,371524980.54,"Stage 2, Messy Stage 2, weekly_vcp_ok, volume_dryup, weekly_strong",101,109,Stage 2,watchlist,weekly_forming,46.82,8,-1.4500000000000028,False,False,False,False,False
SHANTIGEAR.NS,Shanthi Gears Limited,Capital Goods,Unknown,False,Cash,1,Stage 2,Stage 2,Extended Stage 2,Extended Stage 2,Stage 2 • Extended Stage 2,0.78,"Advancing structure remains intact, but price is stretched versus key moving averages or far above the 52-week low.",,,2026-09-25,,watchlist,weekly_watchlist,watchlist,43.67,36.2,40.31,5.0,43.67,36.2,45.31,47.22,46.87,182718628.64,"Stage 2, Extended Stage 2, trend_template_ok, volume_dryup, weekly_volume_dryup",102,65,Stage 2,watchlist,weekly_forming,53.95,-37,-8.64,False,False,False,False,False
ACMESOLAR.NS,ACME Solar Holdings Ltd.,Power,Unknown,False,Cash,1,Stage 2,Stage 2,Clean Stage 2,Clean Stage 2,Stage 2 • Clean Stage 2,0.9,"Price is above rising key averages, weekly structure is supportive, and the stock is near its 52-week high.",,,2026-09-25,,watchlist,weekly_watchlist,watchlist,57.47,30.22,45.21,0.0,57.47,30.22,45.21,16.46,61.7,1209995840.81,"Stage 2, Clean Stage 2, trend_template_ok",103,118,Stage 2,watchlist,weekly_watchlist,45.62,15,-0.4099999999999966,False,False,False,False,False
WELSPUNLIV.NS,Welspun Living Ltd.,Textiles,Unknown,False,Cash,1,Stage 2,Stage 2,Extended Stage 2,Extended Stage 2,Stage 2 • Extended Stage 2,0.78,"Advancing structure remains intact, but price is stretched versus key moving averages or far above the 52-week low.",,,2026-09-25,,watchlist,weekly_watchlist,watchlist,38.11,31.6,35.18,10.0,38.11,31.6,45.18,41.82,98.94,950049565.48,"Stage 2, Extended Stage 2, trend_template_ok, volume_dryup",104,145,Stage 2,watchlist,weekly_watchlist,42.46,41,2.719999999999999,False,False,False,False,False
ROLEXRINGS.NS,Rolex Rings Limited,Automobile and Auto Components,Unknown,False,Cash,1,Stage 2,Stage 2,Clean Stage 2,Clean Stage 2,Stage 2 • Clean Stage 2,0.9,"Price is above rising key averages, weekly structure is supportive, and the stock is near its 52-week high.",,,2026-09-25,,watchlist,weekly_watchlist,watchlist,44.22,35.2,40.16,5.0,44.22,35.2,45.16,34.27,65.92,319417928.34,"Stage 2, Clean Stage 2, trend_template_ok, volume_dryup",105,119,Stage 2,watchlist,weekly_watchlist,45.52,14,-0.36000000000000654,False,False,False,False,False
TVSMOTOR.NS,TVS Motor Company Limited,Automobile and Auto Components,Unknown,True,F&O,1,Stage 2,Stage 2,Early Stage 2,Early Stage 2,Stage 2 • Early Stage 2,0.72,"Price has moved above long-term structure, but the full moving-average stack is not clean yet.",,,2026-09-25,,watchlist,weekly_forming,watchlist,22.1,61.9,40.01,5.0,22.1,61.9,45.01,18.01,23.0,2995547197.52,"Stage 2, Early Stage 2, weekly_vcp_ok, volume_dryup, weekly_volume_dryup, weekly_strong",106,50,Stage 2,watchlist,weekly_near_pivot,56.95,-56,-11.940000000000005,False,False,False,False,False
GMMPFAUDLR.NS,GMM Pfaudler Limited,Capital Goods,Unknown,False,Cash,1,Stage 2,Stage 2,Extended Stage 2,Extended Stage 2,Stage 2 • Extended Stage 2,0.78,"Advancing structure remains intact, but price is stretched versus key moving averages or far above the 52-week low.",,,2026-09-25,,watchlist,weekly_breakout,watchlist,17.75,66.9,39.87,5.0,17.75,66.9,44.87,97.2,76.4,762274362.56,"Stage 2, Extended Stage 2, weekly_vcp_ok, weekly_volume_dryup, weekly_strong",107,127,Stage 2,watchlist,weekly_breakout,44.87,20,0.0,False,False,False,False,False
IPCALAB.NS,IPCA Laboratories Limited,Healthcare,Unknown,False,Cash,1,Stage 2,Stage 2,Clean Stage 2,Clean Stage 2,Stage 2 • Clean Stage 2,0.9,"Price is above rising key averages, weekly structure is supportive, and the stock is near its 52-week high.",,,2026-09-25,,watchlist,weekly_watchlist,watchlist,38.97,29.68,34.79,10.0,38.97,29.68,44.79,17.12,31.66,431691142.14,"Stage 2, Clean Stage 2, trend_template_ok, volume_dryup, weekly_volume_dryup",108,126,Stage 2,watchlist,weekly_watchlist,45.13,18,-0.3400000000000034,False,False,False,False,False
AGI.NS,AGI Greenpac Limited,Capital Goods,Unknown,False,Cash,1,Stage 2,Stage 2,Early Stage 2,Early Stage 2,Stage 2 • Early Stage 2,0.72,"Price has moved above long-term structure, but the full moving-average stack is not clean yet.",,,2026-09-25,,watchlist,weekly_breakout,watchlist,18.5,65.8,39.78,5.0,18.5,65.8,44.78,20.7,63.76,165955719.49,"Stage 2, Early Stage 2, weekly_vcp_ok, weekly_strong",109,47,Stage 2,watchlist,weekly_breakout,57.82,-62,-13.04,False,False,False,False,False
EMCURE.NS,Emcure Pharmaceuticals Ltd.,Healthcare,Unknown,False,Cash,1,Stage 2,Stage 2,Messy Stage 2,Messy Stage 2,Stage 2 • Messy Stage 2,0.64,"Long-term structure is still constructive, but the short-term/weekly structure is not clean.",,,2026-09-25,,watchlist,weekly_watchlist,watchlist,39.8,28.62,34.77,10.0,39.8,28.62,44.77,9.15,27.07,390620120.99,"Stage 2, Messy Stage 2, trend_template_ok, weekly_volume_dryup",110,102,Stage 2,watchlist,weekly_watchlist,47.91,-8,-3.1399999999999935,False,False,False,False,False
USHAMART.NS,Usha Martin Limited,Capital Goods,Unknown,False,Cash,1,Stage 2,Stage 2,Clean Stage 2,Clean Stage 2,Stage 2 • Clean Stage 2,0.9,"Price is above rising key averages, weekly structure is supportive, and the stock is near its 52-week high.",,,2026-09-25,,watchlist,weekly_near_pivot,watchlist,15.54,68.54,39.39,5.0,15.54,68.54,44.39,6.98,28.46,654301101.2,"Stage 2, Clean Stage 2, weekly_vcp_ok, weekly_strong",111,124,Stage 2,watchlist,weekly_near_pivot,45.2,13,-0.8100000000000023,False,False,False,False,False
LALPATHLAB.NS,Dr. Lal Path Labs Ltd.,Healthcare,Unknown,False,Cash,1,Stage 2,Stage 2,Clean Stage 2,Clean Stage 2,Stage 2 • Clean Stage 2,0.9,"Price is above rising key averages, weekly structure is supportive, and the stock is near its 52-week high.",,,2026-09-25,,watchlist,weekly_watchlist,watchlist,37.12,30.83,34.29,10.0,37.12,30.83,44.29,23.1,49.17,599940715.03,"Stage 2, Clean Stage 2, trend_template_ok, weekly_volume_dryup",112,76,Stage 2,watchlist,weekly_watchlist,51.44,-36,-7.149999999999999,False,False,False,False,False
GABRIEL.NS,Gabriel India Limited,Automobile and Auto Components,Unknown,False,Cash,1,Stage 2,Stage 2,Early Stage 2,Early Stage 2,Stage 2 • Early Stage 2,0.72,"Price has moved above long-term structure, but the full moving-average stack is not clean yet.",,,2026-09-25,,watchlist,weekly_forming,watchlist,17.28,65.94,39.18,5.0,17.28,65.94,44.18,13.95,56.47,952573419.48,"Stage 2, Early Stage 2, weekly_vcp_ok, weekly_strong",113,122,Stage 2,watchlist,weekly_forming,45.23,9,-1.0499999999999972,False,False,False,False,False
FINCABLES.NS,Finolex Cables Limited,Capital Goods,Unknown,False,Cash,1,Stage 2,Stage 2,Clean Stage 2,Clean Stage 2,Stage 2 • Clean Stage 2,0.9,"Price is above rising key averages, weekly structure is supportive, and the stock is near its 52-week high.",,,2026-09-25,,watchlist,weekly_watchlist,watchlist,40.32,37.6,39.1,5.0,40.32,37.6,44.1,30.63,80.05,1690000771.36,"Stage 2, Clean Stage 2, trend_template_ok, volume_dryup, weekly_volume_dryup",114,133,Stage 2,watchlist,weekly_watchlist,44.25,19,-0.14999999999999858,False,False,False,False,False
TORNTPHARM.NS,Torrent Pharmaceuticals Limited,Healthcare,Unknown,True,F&O,1,Stage 2,Stage 2,Early Stage 2,Early Stage 2,Stage 2 • Early Stage 2,0.72,"Price has moved above long-term structure, but the full moving-average stack is not clean yet.",,,2026-09-25,,watchlist,weekly_watchlist,watchlist,40.8,25.82,34.06,10.0,40.8,25.82,44.06,9.56,24.62,1512225496.08,"Stage 2, Early Stage 2, weekly_volume_dryup",115,64,Stage 2,forming_vcp,weekly_watchlist,54.3,-51,-10.239999999999995,False,False,False,False,False
PVRINOX.NS,PVR INOX Limited,"Media, Entertainment & Publication",Unknown,False,Cash,1,Stage 2,Stage 2,Clean Stage 2,Clean Stage 2,Stage 2 • Clean Stage 2,0.9,"Price is above rising key averages, weekly structure is supportive, and the stock is near its 52-week high.",,,2026-09-25,,watchlist,weekly_forming,watchlist,38.0,50.27,43.52,0.0,38.0,50.27,43.52,29.42,32.25,873038652.45,"Stage 2, Clean Stage 2, trend_template_ok, weekly_vcp_ok, volume_dryup, weekly_volume_dryup",116,135,Stage 2,watchlist,weekly_forming,43.93,19,-0.4099999999999966,False,False,False,False,False
NOCIL.NS,NOCIL Limited,Chemicals,Unknown,False,Cash,1,Stage 2,Stage 2,Stage 2,Stage 2,Stage 2,0.76,Advancing structure detected.,,,2026-09-25,,watchlist,weekly_watchlist,watchlist,46.26,28.71,38.36,5.0,46.26,28.71,43.36,3.79,9.33,419312153.42,"Stage 2, Stage 2, trend_template_ok",117,81,Stage 2,watchlist,weekly_watchlist,50.86,-36,-7.5,False,False,False,False,False
TIIL.NS,Technocraft Industries (India) Limited,Capital Goods,Unknown,False,Cash,1,Stage 2,Stage 2,Early Stage 2,Early Stage 2,Stage 2 • Early Stage 2,0.72,"Price has moved above long-term structure, but the full moving-average stack is not clean yet.",,,2026-09-25,,watchlist,weekly_forming,watchlist,17.0,64.37,38.32,5.0,17.0,64.37,43.32,21.48,33.27,103102465.62,"Stage 2, Early Stage 2, weekly_vcp_ok, volume_dryup, weekly_volume_dryup, weekly_strong",118,58,Stage 2,watchlist,weekly_breakout,54.78,-60,-11.46,False,False,False,False,False
BAJFINANCE.NS,Bajaj Finance Limited,Financial Services,Unknown,True,F&O,1,Stage 2,Stage 2,Messy Stage 2,Messy Stage 2,Stage 2 • Messy Stage 2,0.64,"Long-term structure is still constructive, but the short-term/weekly structure is not clean.",,,2026-09-25,,watchlist,weekly_forming,watchlist,29.27,60.19,43.18,0.0,29.27,60.19,43.18,1.83,22.12,5967285203.37,"Stage 2, Messy Stage 2, weekly_vcp_ok, weekly_strong",119,140,Stage 2,watchlist,weekly_forming,43.34,21,-0.1600000000000037,False,False,False,False,False
GRANULES.NS,Granules India Limited,Healthcare,Unknown,False,Cash,1,Stage 2,Stage 2,Early Stage 2,Early Stage 2,Stage 2 • Early Stage 2,0.72,"Price has moved above long-term structure, but the full moving-average stack is not clean yet.",,,2026-09-25,,watchlist,weekly_watchlist,watchlist,36.8,28.57,33.1,10.0,36.8,28.57,43.1,8.43,41.3,1273405479.86,"Stage 2, Early Stage 2, weekly_volume_dryup",120,69,Stage 2,watchlist,weekly_watchlist,53.07,-51,-9.969999999999999,False,False,False,False,False
LICHSGFIN.NS,LIC Housing Finance Limited,Financial Services,Unknown,True,F&O,1,Stage 2,Stage 2,Clean Stage 2,Clean Stage 2,Stage 2 • Clean Stage 2,0.9,"Price is above rising key averages, weekly structure is supportive, and the stock is near its 52-week high.",,,2026-09-25,,watchlist,weekly_near_pivot,watchlist,33.84,54.37,43.08,0.0,33.84,54.37,43.08,9.19,13.48,1891315788.58,"Stage 2, Clean Stage 2, weekly_vcp_ok, weekly_volume_dryup",121,229,Stage 2,watchlist,weekly_near_pivot,32.76,108,10.32,False,False,False,False,False
BHEL.NS,Bharat Heavy Electricals Limited,Capital Goods,Unknown,True,F&O,1,Stage 2,Stage 2,Early Stage 2,Early Stage 2,Stage 2 • Early Stage 2,0.72,"Price has moved above long-term structure, but the full moving-average stack is not clean yet.",,,2026-09-25,,watchlist,weekly_watchlist,watchlist,44.61,30.07,38.07,5.0,44.61,30.07,43.07,7.91,68.81,2507422427.91,"Stage 2, Early Stage 2, weekly_volume_dryup",122,154,Stage 2,watchlist,weekly_watchlist,41.14,32,1.9299999999999997,False,False,False,False,False
CYIENT.NS,Cyient Limited,Information Technology,Unknown,False,Cash,1,Stage 2,Stage 2,Early Stage 2,Early Stage 2,Stage 2 • Early Stage 2,0.72,"Price has moved above long-term structure, but the full moving-average stack is not clean yet.",,,2026-09-25,,watchlist,weekly_breakout,watchlist,21.96,64.29,41.01,2.0,21.96,64.29,43.01,28.17,36.73,488021527.86,"Stage 2, Early Stage 2, weekly_vcp_ok, volume_dryup, weekly_volume_dryup, weekly_strong",123,62,Stage 2,watchlist,weekly_breakout,54.56,-61,-11.550000000000004,False,False,False,False,False
PAISALO.NS,Paisalo Digital Limited,Financial Services,Unknown,False,Cash,1,Stage 2,Stage 2,Extended Stage 2,Extended Stage 2,Stage 2 • Extended Stage 2,0.78,"Advancing structure remains intact, but price is stretched versus key moving averages or far above the 52-week low.",,,2026-09-25,,watchlist,weekly_watchlist,watchlist,56.77,26.0,42.92,0.0,56.77,26.0,42.92,15.92,125.12,1637681944.28,"Stage 2, Extended Stage 2, trend_template_ok",124,144,Stage 2,watchlist,weekly_watchlist,42.82,20,0.10000000000000142,False,False,False,False,False
EMUDHRA.NS,eMudhra Limited,Information Technology,Unknown,False,Cash,1,Stage 2,Stage 2,Extended Stage 2,Extended Stage 2,Stage 2 • Extended Stage 2,0.78,"Advancing structure remains intact, but price is stretched versus key moving averages or far above the 52-week low.",,,2026-09-25,,watchlist,weekly_breakout,watchlist,19.25,66.9,40.69,2.0,19.25,66.9,42.69,53.69,67.81,1430243420.42,"Stage 2, Extended Stage 2, weekly_vcp_ok, weekly_volume_dryup, weekly_strong",125,149,Stage 2,watchlist,weekly_breakout,42.2,24,0.4899999999999949,False,False,False,False,False
AETHER.NS,Aether Industries Limited,Chemicals,Unknown,False,Cash,1,Stage 2,Stage 2,Extended Stage 2,Extended Stage 2,Stage 2 • Extended Stage 2,0.78,"Advancing structure remains intact, but price is stretched versus key moving averages or far above the 52-week low.",,,2026-09-25,,watchlist,weekly_watchlist,watchlist,37.72,37.6,37.67,5.0,37.72,37.6,42.67,31.83,59.88,433741883.08,"Stage 2, Extended Stage 2, trend_template_ok",126,129,Stage 2,watchlist,weekly_watchlist,44.71,3,-2.039999999999999,False,False,False,False,False
TVSSRICHAK.NS,TVS Srichakra Limited,Automobile and Auto Components,Unknown,False,Cash,1,Stage 2,Stage 2,Early Stage 2,Early Stage 2,Stage 2 • Early Stage 2,0.72,"Price has moved above long-term structure, but the full moving-average stack is not clean yet.",,,2026-09-25,,watchlist,weekly_forming,watchlist,16.71,63.11,37.59,5.0,16.71,63.11,42.59,9.64,32.44,63359178.34,"Stage 2, Early Stage 2, weekly_vcp_ok, volume_dryup, weekly_volume_dryup, weekly_strong",127,139,Stage 2,watchlist,weekly_breakout,43.35,12,-0.759999999999998,False,False,False,False,False
ENDURANCE.NS,Endurance Technologies Limited,Automobile and Auto Components,Unknown,False,Cash,1,Stage 2,Stage 2,Early Stage 2,Early Stage 2,Stage 2 • Early Stage 2,0.72,"Price has moved above long-term structure, but the full moving-average stack is not clean yet.",,,2026-09-25,,watchlist,weekly_forming,watchlist,18.16,60.76,37.33,5.0,18.16,60.76,42.33,6.93,22.67,222900558.63,"Stage 2, Early Stage 2, weekly_vcp_ok, volume_dryup, weekly_volume_dryup, weekly_strong",128,96,Stage 2,watchlist,weekly_forming,48.92,-32,-6.590000000000003,False,False,False,False,False
MOTHERSON.NS,Samvardhana Motherson International Limited,Automobile and Auto Components,Unknown,True,F&O,1,Stage 2,Stage 2,Messy Stage 2,Messy Stage 2,Stage 2 • Messy Stage 2,0.64,"Long-term structure is still constructive, but the short-term/weekly structure is not clean.",,,2026-09-25,,watchlist,weekly_watchlist,watchlist,39.88,34.19,37.32,5.0,39.88,34.19,42.32,15.31,54.54,1766042118.28,"Stage 2, Messy Stage 2, trend_template_ok, volume_dryup, weekly_volume_dryup",129,99,Stage 2,watchlist,weekly_watchlist,48.14,-30,-5.82,False,False,False,False,False
NAVINFLUOR.NS,Navin Fluorine International Limited,Chemicals,Unknown,False,Cash,1,Stage 2,Stage 2,Clean Stage 2,Clean Stage 2,Stage 2 • Clean Stage 2,0.9,"Price is above rising key averages, weekly structure is supportive, and the stock is near its 52-week high.",,,2026-09-25,,watchlist,weekly_watchlist,watchlist,39.62,34.5,37.32,5.0,39.62,34.5,42.32,15.38,45.57,1016388811.73,"Stage 2, Clean Stage 2, trend_template_ok, volume_dryup, weekly_volume_dryup",130,101,Stage 2,watchlist,weekly_watchlist,48.09,-29,-5.770000000000003,False,False,False,False,False
AEGISVOPAK.NS,Aegis Vopak Terminals Ltd.,"Oil, Gas & Consumable Fuels",Unknown,False,Cash,1,Stage 2,Stage 2,Clean Stage 2,Clean Stage 2,Stage 2 • Clean Stage 2,0.9,"Price is above rising key averages, weekly structure is supportive, and the stock is near its 52-week high.",,,2026-09-25,,watchlist,weekly_watchlist,watchlist,38.91,35.2,37.24,5.0,38.91,35.2,42.24,32.39,78.38,590931017.27,"Stage 2, Clean Stage 2, trend_template_ok",131,187,Stage 2,watchlist,weekly_watchlist,38.26,56,3.980000000000004,False,False,False,False,False
ATHERENERG.NS,Ather Energy Ltd.,Automobile and Auto Components,Unknown,False,Cash,1,Stage 2,Stage 2,Extended Stage 2,Extended Stage 2,Stage 2 • Extended Stage 2,0.78,"Advancing structure remains intact, but price is stretched versus key moving averages or far above the 52-week low.",,,2026-09-25,,watchlist,weekly_forming,watchlist,14.93,63.8,36.92,5.0,14.93,63.8,41.92,32.39,93.15,6571230485.89,"Stage 2, Extended Stage 2, weekly_vcp_ok, volume_dryup, weekly_volume_dryup, weekly_strong",132,60,Stage 2,watchlist,weekly_forming,54.59,-72,-12.670000000000002,False,False,False,False,False
JSWSTEEL.NS,JSW Steel Limited,Metals & Mining,Unknown,True,F&O,1,Stage 2,Stage 2,Early Stage 2,Early Stage 2,Stage 2 • Early Stage 2,0.72,"Price has moved above long-term structure, but the full moving-average stack is not clean yet.",,,2026-09-25,,watchlist,weekly_near_pivot,watchlist,16.81,68.06,39.87,2.0,16.81,68.06,41.87,8.99,13.65,1584496352.38,"Stage 2, Early Stage 2, weekly_vcp_ok, volume_dryup, weekly_volume_dryup, weekly_strong",133,68,Stage 2,watchlist,weekly_near_pivot,53.18,-65,-11.310000000000002,False,False,False,False,False
KIMS.NS,Krishna Institute of Medical Sciences Limited,Healthcare,Unknown,False,Cash,1,Stage 2 Failed,Stage 3,Failed Stage 2,Failed Stage 2,Stage 2 Failed • Failed Stage 2,0.72,"This stock was recently Stage 2, but the latest structure no longer satisfies Stage 2 rules. It is kept as Stage 2 Failed until a fresh base/repair structure forms.",Recent Stage 2 break; public stage held as Stage 2 Failed.,2026-09-28,2026-09-24,,watchlist,weekly_watchlist,watchlist,20.33,45.52,31.67,10.0,20.33,45.52,41.67,-3.42,24.64,335952983.93,"Stage 3, Stage 3 - Distribution/Damage, weekly_vcp_ok, weekly_volume_dryup, weekly_strong, distribution_risk | Stage 2 failed state applied from stage memory.",134,186,Stage 2 Failed,watchlist,weekly_watchlist,38.36,52,3.3100000000000023,False,False,False,False,False
SUNPHARMA.NS,Sun Pharmaceutical Industries Limited,Healthcare,Unknown,True,F&O,1,Stage 2 Failed,Stage 3,Failed Stage 2,Failed Stage 2,Stage 2 Failed • Failed Stage 2,0.72,"This stock was recently Stage 2, but the latest structure no longer satisfies Stage 2 rules. It is kept as Stage 2 Failed until a fresh base/repair structure forms.",Recent Stage 2 break; public stage held as Stage 2 Failed.,2026-09-28,2026-09-10,,watchlist,weekly_watchlist,watchlist,22.27,42.37,31.31,10.0,22.27,42.37,41.31,3.6,11.07,2695698622.77,"Stage 3, Stage 3 - Distribution/Damage, weekly_vcp_ok, volume_dryup, weekly_volume_dryup, weekly_strong, distribution_risk | Stage 2 failed state applied from stage memory.",135,157,Stage 2 Failed,watchlist,weekly_watchlist,41.07,22,0.240000000000002,False,False,False,False,False
EPL.NS,EPL Limited,Capital Goods,Unknown,False,Cash,1,Stage 2,Stage 2,Early Stage 2,Early Stage 2,Stage 2 • Early Stage 2,0.72,"Price has moved above long-term structure, but the full moving-average stack is not clean yet.",,,2026-09-25,,watchlist,weekly_forming,watchlist,16.17,60.81,36.26,5.0,16.17,60.81,41.26,6.89,12.21,2336263644.52,"Stage 2, Early Stage 2, weekly_vcp_ok, volume_dryup, weekly_volume_dryup, weekly_strong",136,159,Stage 2,watchlist,weekly_forming,41.03,23,0.22999999999999687,False,False,False,False,False
RAJRATAN.NS,Rajratan Global Wire Limited,Automobile and Auto Components,Unknown,False,Cash,1,Stage 2,Stage 2,Early Stage 2,Early Stage 2,Stage 2 • Early Stage 2,0.72,"Price has moved above long-term structure, but the full moving-average stack is not clean yet.",,,2026-09-25,,watchlist,weekly_forming,watchlist,15.37,61.51,36.13,5.0,15.37,61.51,41.13,7.22,29.91,63427198.33,"Stage 2, Early Stage 2, weekly_vcp_ok, volume_dryup, weekly_volume_dryup, weekly_strong",137,136,Stage 2,watchlist,weekly_forming,43.9,-1,-2.769999999999996,False,False,False,False,False
HFCL.NS,HFCL Limited,Telecommunication,Unknown,False,Cash,1,Stage 2,Stage 2,Extended Stage 2,Extended Stage 2,Stage 2 • Extended Stage 2,0.78,"Advancing structure remains intact, but price is stretched versus key moving averages or far above the 52-week low.",,,2026-09-25,,watchlist,weekly_watchlist,watchlist,37.08,23.6,31.01,10.0,37.08,23.6,41.01,5.85,189.64,1574524465.55,"Stage 2, Extended Stage 2, volume_dryup, weekly_volume_dryup",138,160,Stage 2,watchlist,weekly_watchlist,41.01,22,0.0,False,False,False,False,False
SHAREINDIA.NS,Share India Securities Limited,Financial Services,Unknown,False,Cash,1,Stage 2,Stage 2,Clean Stage 2,Clean Stage 2,Stage 2 • Clean Stage 2,0.9,"Price is above rising key averages, weekly structure is supportive, and the stock is near its 52-week high.",,,2026-09-25,,watchlist,weekly_watchlist,watchlist,55.95,22.4,40.85,0.0,55.95,22.4,40.85,54.24,62.59,1788582523.72,"Stage 2, Clean Stage 2, trend_template_ok, weekly_volume_dryup",139,248,Stage 2,watchlist,weekly_watchlist,30.95,109,9.900000000000002,False,False,False,False,False
MAHSEAMLES.NS,Maharashtra Seamless Limited,Capital Goods,Unknown,False,Cash,1,Stage 2,Stage 2,Clean Stage 2,Clean Stage 2,Stage 2 • Clean Stage 2,0.9,"Price is above rising key averages, weekly structure is supportive, and the stock is near its 52-week high.",,,2026-09-25,,watchlist,weekly_watchlist,watchlist,37.64,33.25,35.66,5.0,37.64,33.25,40.66,24.98,25.52,301280165.55,"Stage 2, Clean Stage 2, trend_template_ok, weekly_volume_dryup",140,166,Stage 2,watchlist,weekly_watchlist,40.89,26,-0.23000000000000398,False,False,False,False,False
JINDWORLD.NS,Jindal Worldwide Limited,Textiles,Unknown,False,Cash,1,Stage 2,Stage 2,Extended Stage 2,Extended Stage 2,Stage 2 • Extended Stage 2,0.78,"Advancing structure remains intact, but price is stretched versus key moving averages or far above the 52-week low.",,,2026-09-25,,watchlist,weekly_watchlist,watchlist,36.12,23.6,30.49,10.0,36.12,23.6,40.49,66.54,144.02,1962503502.48,"Stage 2, Extended Stage 2, trend_template_ok, volume_dryup, weekly_volume_dryup",141,251,Stage 2,watchlist,weekly_watchlist,30.59,110,9.900000000000002,False,False,False,False,False
SSWL.NS,Steel Strips Wheels Limited,Automobile and Auto Components,Unknown,False,Cash,1,Stage 2,Stage 2,Extended Stage 2,Extended Stage 2,Stage 2 • Extended Stage 2,0.78,"Advancing structure remains intact, but price is stretched versus key moving averages or far above the 52-week low.",,,2026-09-25,,watchlist,weekly_watchlist,watchlist,38.53,31.6,35.41,5.0,38.53,31.6,40.41,62.43,108.47,1008218889.35,"Stage 2, Extended Stage 2, trend_template_ok",142,163,Stage 2,watchlist,weekly_watchlist,40.91,21,-0.5,False,False,False,False,False
ARVIND.NS,Arvind Limited,Textiles,Unknown,False,Cash,1,Stage 2,Stage 2,Messy Stage 2,Messy Stage 2,Stage 2 • Messy Stage 2,0.64,"Long-term structure is still constructive, but the short-term/weekly structure is not clean.",,,2026-09-25,,watchlist,weekly_watchlist,watchlist,37.14,22.19,30.41,10.0,37.14,22.19,40.41,1.58,52.28,360364312.41,"Stage 2, Messy Stage 2, trend_template_ok, weekly_volume_dryup",143,161,Stage 2,watchlist,weekly_watchlist,40.97,18,-0.5600000000000023,False,False,False,False,False
LODHA.NS,Macrotech Developers Limited,Realty,Unknown,True,F&O,1,Stage 2,Stage 2,Early Stage 2,Early Stage 2,Stage 2 • Early Stage 2,0.72,"Price has moved above long-term structure, but the full moving-average stack is not clean yet.",,,2026-09-25,,watchlist,weekly_forming,watchlist,15.96,65.78,38.38,2.0,15.96,65.78,40.38,16.52,63.31,1773172302.93,"Stage 2, Early Stage 2, weekly_vcp_ok, volume_dryup, weekly_volume_dryup, weekly_strong",144,146,Stage 2,watchlist,weekly_forming,42.38,2,-2.0,False,False,False,False,False
BOROLTD.NS,Borosil Limited,Consumer Durables,Unknown,False,Cash,1,Not Sure,Stage 2,Pending Stage 2,Pending Stage 2,Not Sure • Pending Stage 2,0.55,Stage 2 pending confirmation: needs 3 raw Stage 2 runs; current count 1.,Stage 2 pending confirmation: needs 3 raw Stage 2 runs; current count 1.,,,Stage 2,watchlist,weekly_near_pivot,watchlist,16.26,69.69,40.3,0.0,16.26,69.69,40.3,19.33,19.56,92697856.43,"Stage 2, Early Stage 2, weekly_vcp_ok, volume_dryup, weekly_strong | Stage 2 pending confirmation: needs 3 raw Stage 2 runs; current count 1.",145,379,Stage 1,watchlist,weekly_watchlist,23.47,234,16.83,False,False,False,False,False
DYNAMATECH.NS,Dynamatic Technologies Limited,Capital Goods,Unknown,False,Cash,1,Stage 2,Stage 2,Clean Stage 2,Clean Stage 2,Stage 2 • Clean Stage 2,0.9,"Price is above rising key averages, weekly structure is supportive, and the stock is near its 52-week high.",,,2026-09-25,,watchlist,weekly_watchlist,watchlist,42.25,25.35,34.65,5.0,42.25,25.35,39.65,31.24,42.31,265349400.55,"Stage 2, Clean Stage 2, trend_template_ok",146,180,Stage 2,watchlist,weekly_watchlist,39.22,34,0.4299999999999997,False,False,False,False,False
DEVYANI.NS,Devyani International Limited,Consumer Services,Unknown,False,Cash,1,Stage 2,Stage 2,Early Stage 2,Early Stage 2,Stage 2 • Early Stage 2,0.72,"Price has moved above long-term structure, but the full moving-average stack is not clean yet.",,,2026-09-25,,watchlist,weekly_forming,watchlist,19.31,59.93,37.59,2.0,19.31,59.93,39.59,19.79,38.2,220663388.15,"Stage 2, Early Stage 2, weekly_vcp_ok, volume_dryup, weekly_volume_dryup, weekly_strong",147,185,Stage 2,watchlist,weekly_breakout,38.68,38,0.9100000000000037,False,False,False,False,False
GODREJAGRO.NS,Godrej Agrovet Limited,Fast Moving Consumer Goods,Unknown,False,Cash,1,Stage 2,Stage 2,Clean Stage 2,Clean Stage 2,Stage 2 • Clean Stage 2,0.9,"Price is above rising key averages, weekly structure is supportive, and the stock is near its 52-week high.",,,2026-09-25,,watchlist,weekly_breakout,watchlist,20.43,62.95,39.56,0.0,20.43,62.95,39.56,23.28,17.23,580267228.14,"Stage 2, Clean Stage 2, weekly_vcp_ok, volume_dryup, weekly_volume_dryup, weekly_strong",148,90,Stage 2,watchlist,weekly_breakout,49.79,-58,-10.229999999999997,False,False,False,False,False
ASAHIINDIA.NS,Asahi India Glass Limited,Automobile and Auto Components,Unknown,False,Cash,1,Stage 2,Stage 2,Early Stage 2,Early Stage 2,Stage 2 • Early Stage 2,0.72,"Price has moved above long-term structure, but the full moving-average stack is not clean yet.",,,2026-09-25,,watchlist,weekly_watchlist,watchlist,39.39,28.65,34.56,5.0,39.39,28.65,39.56,10.35,16.12,130829962.63,"Stage 2, Early Stage 2, daily_vcp_ok, volume_dryup, weekly_volume_dryup",149,150,Stage 2,watchlist,weekly_watchlist,41.65,1,-2.0899999999999963,False,False,False,False,False
NEOGEN.NS,Neogen Chemicals Limited,Chemicals,Unknown,False,Cash,1,Stage 2,Stage 2,Clean Stage 2,Clean Stage 2,Stage 2 • Clean Stage 2,0.9,"Price is above rising key averages, weekly structure is supportive, and the stock is near its 52-week high.",,,2026-09-25,,watchlist,weekly_watchlist,watchlist,36.25,31.6,34.16,5.0,36.25,31.6,39.16,26.76,102.92,510075678.51,"Stage 2, Clean Stage 2, trend_template_ok, weekly_volume_dryup",150,182,Stage 2,watchlist,weekly_watchlist,39.16,32,0.0,False,False,False,False,False
HNDFDS.NS,Hindustan Foods Limited,Fast Moving Consumer Goods,Unknown,False,Cash,1,Stage 2,Stage 2,Early Stage 2,Early Stage 2,Stage 2 • Early Stage 2,0.72,"Price has moved above long-term structure, but the full moving-average stack is not clean yet.",,,2026-09-25,,watchlist,weekly_forming,watchlist,19.92,62.57,39.11,0.0,19.92,62.57,39.11,12.47,24.19,53716876.54,"Stage 2, Early Stage 2, weekly_vcp_ok, volume_dryup, weekly_volume_dryup, weekly_strong",151,94,Stage 2,watchlist,weekly_forming,49.07,-57,-9.96,False,False,False,False,False
SUNFLAG.NS,Sunflag Iron And Steel Company Limited,Metals & Mining,Unknown,False,Cash,1,Stage 2,Stage 2,Extended Stage 2,Extended Stage 2,Stage 2 • Extended Stage 2,0.78,"Advancing structure remains intact, but price is stretched versus key moving averages or far above the 52-week low.",,,2026-09-25,,watchlist,weekly_watchlist,watchlist,46.2,26.0,37.11,2.0,46.2,26.0,39.11,31.9,112.61,233717077.65,"Stage 2, Extended Stage 2",152,292,Stage 2,watchlist,weekly_watchlist,27.38,140,11.73,False,False,False,False,False
RADICO.NS,Radico Khaitan Limited,Fast Moving Consumer Goods,Unknown,False,Cash,1,Stage 2,Stage 2,Messy Stage 2,Messy Stage 2,Stage 2 • Messy Stage 2,0.64,"Long-term structure is still constructive, but the short-term/weekly structure is not clean.",,,2026-09-25,,watchlist,weekly_watchlist,watchlist,39.13,38.8,38.98,0.0,39.13,38.8,38.98,18.09,73.36,1019023890.71,"Stage 2, Messy Stage 2, trend_template_ok, volume_dryup, weekly_volume_dryup",153,128,Stage 2,watchlist,weekly_watchlist,44.82,-25,-5.840000000000003,False,False,False,False,False
METROPOLIS.NS,Metropolis Healthcare Limited,Healthcare,Unknown,False,Cash,1,Stage 2,Stage 2,Early Stage 2,Early Stage 2,Stage 2 • Early Stage 2,0.72,"Price has moved above long-term structure, but the full moving-average stack is not clean yet.",,,2026-09-25,,watchlist,weekly_watchlist,watchlist,20.69,38.85,28.86,10.0,20.69,38.85,38.86,10.25,38.22,115597151.47,"Stage 2, Early Stage 2, volume_dryup, weekly_volume_dryup",154,95,Stage 2,watchlist,weekly_watchlist,48.93,-59,-10.07,False,False,False,False,False
CARBORUNIV.NS,Carborundum Universal Limited,Capital Goods,Unknown,False,Cash,1,Stage 2,Stage 2,Stage 2,Stage 2,Stage 2,0.76,Advancing structure detected.,,,2026-09-25,,watchlist,weekly_watchlist,watchlist,41.2,24.34,33.61,5.0,41.2,24.34,38.61,14.66,48.72,725217745.29,"Stage 2, Stage 2",155,290,Stage 2,watchlist,weekly_watchlist,27.4,135,11.21,False,False,False,False,False
SKIPPER.NS,Skipper Limited,Capital Goods,Unknown,False,Cash,1,Stage 2,Stage 2,Early Stage 2,Early Stage 2,Stage 2 • Early Stage 2,0.72,"Price has moved above long-term structure, but the full moving-average stack is not clean yet.",,,2026-09-25,,watchlist,weekly_watchlist,watchlist,38.92,26.98,33.55,5.0,38.92,26.98,38.55,-0.25,54.07,861388999.43,"Stage 2, Early Stage 2, daily_vcp_ok, volume_dryup, weekly_volume_dryup",156,171,Stage 2,watchlist,weekly_watchlist,40.4,15,-1.8500000000000014,False,False,False,False,False
KARURVYSYA.NS,Karur Vysya Bank Limited,Financial Services,Unknown,False,Cash,1,Stage 2,Stage 2,Early Stage 2,Early Stage 2,Stage 2 • Early Stage 2,0.72,"Price has moved above long-term structure, but the full moving-average stack is not clean yet.",,,2026-09-25,,watchlist,weekly_forming,watchlist,19.84,61.39,38.54,0.0,19.84,61.39,38.54,15.07,20.81,481355038.5,"Stage 2, Early Stage 2, weekly_vcp_ok, volume_dryup, weekly_volume_dryup, weekly_strong",157,192,Stage 2,watchlist,weekly_forming,37.49,35,1.0499999999999972,False,False,False,False,False
IDFCFIRSTB.NS,IDFC First Bank Limited,Financial Services,Unknown,True,F&O,1,Stage 2,Stage 2,Early Stage 2,Early Stage 2,Stage 2 • Early Stage 2,0.72,"Price has moved above long-term structure, but the full moving-average stack is not clean yet.",,,2026-09-25,,watchlist,weekly_forming,watchlist,19.21,62.11,38.52,0.0,19.21,62.11,38.52,6.7,36.41,1797519973.13,"Stage 2, Early Stage 2, weekly_vcp_ok, weekly_strong",158,100,Stage 2,watchlist,weekly_near_pivot,48.11,-58,-9.589999999999996,False,False,False,False,False
RBLBANK.NS,RBL Bank Limited,Financial Services,Unknown,True,F&O,1,Stage 2,Stage 2,Clean Stage 2,Clean Stage 2,Stage 2 • Clean Stage 2,0.9,"Price is above rising key averages, weekly structure is supportive, and the stock is near its 52-week high.",,,2026-09-25,,watchlist,weekly_watchlist,watchlist,35.5,41.97,38.41,0.0,35.5,41.97,38.41,19.89,37.82,1755148976.14,"Stage 2, Clean Stage 2, trend_template_ok",159,55,Stage 2,near_pivot,weekly_watchlist,55.18,-104,-16.770000000000003,False,False,False,False,False
SOUTHBANK.NS,The South Indian Bank Limited,Financial Services,Unknown,False,Cash,1,Stage 2,Stage 2,Clean Stage 2,Clean Stage 2,Stage 2 • Clean Stage 2,0.9,"Price is above rising key averages, weekly structure is supportive, and the stock is near its 52-week high.",,,2026-09-25,,watchlist,weekly_watchlist,watchlist,42.54,33.29,38.38,0.0,42.54,33.29,38.38,12.96,35.95,617154449.58,"Stage 2, Clean Stage 2, trend_template_ok",160,350,Stage 2,watchlist,weekly_watchlist,24.73,190,13.650000000000002,False,False,False,False,False
TECHM.NS,Tech Mahindra Limited,Information Technology,Unknown,True,F&O,1,Not Sure,Stage 2,Pending Stage 2,Pending Stage 2,Not Sure • Pending Stage 2,0.55,Stage 2 pending confirmation: needs 3 raw Stage 2 runs; current count 1.,Stage 2 pending confirmation: needs 3 raw Stage 2 runs; current count 1.,,2026-09-04,Stage 2,watchlist,weekly_forming,watchlist,16.53,60.65,36.38,2.0,16.53,60.65,38.38,16.43,12.02,2481356213.43,"Stage 2, Early Stage 2, weekly_vcp_ok, volume_dryup, weekly_volume_dryup, weekly_strong | Stage 2 pending confirmation: needs 3 raw Stage 2 runs; current count 1.",161,727,Stage 2 Failed,watchlist,weekly_watchlist,2.0,566,36.38,False,False,False,False,False
IIFL.NS,IIFL Finance Limited,Financial Services,Unknown,False,Cash,1,Stage 2,Stage 2,Early Stage 2,Early Stage 2,Stage 2 • Early Stage 2,0.72,"Price has moved above long-term structure, but the full moving-average stack is not clean yet.",,,2026-09-25,,watchlist,weekly_forming,watchlist,16.8,63.82,37.96,0.0,16.8,63.82,37.96,20.42,39.8,1618569715.46,"Stage 2, Early Stage 2, weekly_vcp_ok, volume_dryup, weekly_volume_dryup, weekly_strong",162,173,Stage 2,watchlist,weekly_forming,40.11,11,-2.1499999999999986,False,False,False,False,False
THELEELA.NS,Leela Palaces Hotels & Resorts Ltd.,Consumer Services,Unknown,False,Cash,1,Stage 2,Stage 2,Clean Stage 2,Clean Stage 2,Stage 2 • Clean Stage 2,0.9,"Price is above rising key averages, weekly structure is supportive, and the stock is near its 52-week high.",,,2026-09-25,,watchlist,weekly_watchlist,watchlist,39.9,30.33,35.59,2.0,39.9,30.33,37.59,19.28,36.02,184191292.36,"Stage 2, Clean Stage 2, trend_template_ok, volume_dryup, weekly_volume_dryup",163,184,Stage 2,watchlist,weekly_watchlist,39.09,21,-1.5,False,False,False,False,False
QUESS.NS,Quess Corp Limited,Services,Unknown,False,Cash,1,Stage 2,Stage 2,Messy Stage 2,Messy Stage 2,Stage 2 • Messy Stage 2,0.64,"Long-term structure is still constructive, but the short-term/weekly structure is not clean.",,,2026-09-25,,watchlist,weekly_watchlist,watchlist,41.39,28.4,35.54,2.0,41.39,28.4,37.54,26.49,97.22,204674025.93,"Stage 2, Messy Stage 2, trend_template_ok, volume_dryup, weekly_volume_dryup",164,143,Stage 2,watchlist,weekly_watchlist,43.09,-21,-5.550000000000004,False,False,False,False,False
KDDL.NS,KDDL Limited,Consumer Durables,Unknown,False,Cash,1,Stage 2,Stage 2,Clean Stage 2,Clean Stage 2,Stage 2 • Clean Stage 2,0.9,"Price is above rising key averages, weekly structure is supportive, and the stock is near its 52-week high.",,,2026-09-25,,watchlist,weekly_watchlist,watchlist,38.46,36.4,37.53,0.0,38.46,36.4,37.53,27.69,88.27,143498172.86,"Stage 2, Clean Stage 2, trend_template_ok",165,194,Stage 2,watchlist,weekly_watchlist,37.3,29,0.23000000000000398,False,False,False,False,False
FCL.NS,Fineotex Chemical Limited,Chemicals,Unknown,False,Cash,1,Stage 2,Stage 2,Extended Stage 2,Extended Stage 2,Stage 2 • Extended Stage 2,0.78,"Advancing structure remains intact, but price is stretched versus key moving averages or far above the 52-week low.",,,2026-09-25,,watchlist,weekly_watchlist,watchlist,39.77,23.6,32.49,5.0,39.77,23.6,37.49,49.15,173.42,1443898628.1,"Stage 2, Extended Stage 2, trend_template_ok",166,142,Stage 2,watchlist,weekly_watchlist,43.16,-24,-5.669999999999995,False,False,False,False,False
ELGIEQUIP.NS,Elgi Equipments Limited,Capital Goods,Unknown,False,Cash,1,Stage 2,Stage 2,Early Stage 2,Early Stage 2,Stage 2 • Early Stage 2,0.72,"Price has moved above long-term structure, but the full moving-average stack is not clean yet.",,,2026-09-25,,watchlist,weekly_watchlist,watchlist,39.54,23.81,32.46,5.0,39.54,23.81,37.46,6.39,27.68,234160109.63,"Stage 2, Early Stage 2, daily_vcp_ok, volume_dryup, weekly_volume_dryup",167,170,Stage 2,watchlist,weekly_watchlist,40.54,3,-3.0799999999999983,False,False,False,False,False
TEJASNET.NS,Tejas Networks Limited,Telecommunication,Unknown,False,Cash,1,Stage 2 Failed,Stage 1,Failed Stage 2,Failed Stage 2,Stage 2 Failed • Failed Stage 2,0.72,"This stock was recently Stage 2, but the latest structure no longer satisfies Stage 2 rules. It is kept as Stage 2 Failed until a fresh base/repair structure forms.",Recent Stage 2 break; public stage held as Stage 2 Failed.,2026-09-28,2026-09-25,,watchlist,weekly_watchlist,watchlist,15.05,42.4,27.36,10.0,15.05,42.4,37.36,-13.37,19.4,1941965743.61,"Stage 1, Stage 1 - Base/Repair, weekly_vcp_ok, volume_dryup, weekly_volume_dryup, weekly_strong, stage1_not_actionable, stage1_needs_more_base | Stage 2 failed state applied from stage memory.",168,57,Stage 2,watchlist,weekly_forming,54.91,-111,-17.549999999999997,False,False,False,False,False
ZYDUSLIFE.NS,Zydus Lifesciences Limited,Healthcare,Unknown,True,F&O,1,Stage 2,Stage 2,Stage 2,Stage 2,Stage 2,0.76,Advancing structure detected.,,,2026-09-25,,watchlist,weekly_watchlist,watchlist,23.49,31.86,27.26,10.0,23.49,31.86,37.26,15.68,42.97,1594737678.1,"Stage 2, Stage 2",169,196,Stage 2,watchlist,weekly_watchlist,37.0,27,0.259999999999998,False,False,False,False,False
TDPOWERSYS.NS,TD Power Systems Limited,Capital Goods,Unknown,False,Cash,1,Stage 2,Stage 2,Messy Stage 2,Messy Stage 2,Stage 2 • Messy Stage 2,0.64,"Long-term structure is still constructive, but the short-term/weekly structure is not clean.",,,2026-09-25,,watchlist,weekly_watchlist,watchlist,37.34,26.0,32.24,5.0,37.34,26.0,37.24,26.47,69.67,1511167902.75,"Stage 2, Messy Stage 2, trend_template_ok, weekly_volume_dryup",170,153,Stage 2,watchlist,weekly_watchlist,41.18,-17,-3.9399999999999977,False,False,False,False,False
SUDARSCHEM.NS,Sudarshan Chemical Industries Limited,Chemicals,Unknown,False,Cash,1,Stage 2,Stage 2,Stage 2,Stage 2,Stage 2,0.76,Advancing structure detected.,,,2026-09-25,,watchlist,weekly_watchlist,watchlist,35.38,28.4,32.24,5.0,35.38,28.4,37.24,39.47,57.07,327788801.32,"Stage 2, Stage 2, trend_template_ok, volume_dryup, weekly_volume_dryup",171,300,Stage 2,watchlist,weekly_watchlist,26.99,129,10.250000000000004,False,False,False,False,False
CHENNPETRO.NS,Chennai Petroleum Corporation Limited,"Oil, Gas & Consumable Fuels",Unknown,False,Cash,1,Stage 2,Stage 2,Stage 2,Stage 2,Stage 2,0.76,Advancing structure detected.,,,2026-09-25,,watchlist,weekly_watchlist,watchlist,38.18,24.73,32.13,5.0,38.18,24.73,37.13,34.68,44.62,2839737087.1,"Stage 2, Stage 2, trend_template_ok, volume_dryup, weekly_volume_dryup",172,240,Stage 2,watchlist,weekly_watchlist,32.0,68,5.130000000000003,False,False,False,False,False
KRBL.NS,KRBL Limited,Fast Moving Consumer Goods,Unknown,False,Cash,1,Stage 2,Stage 2,Early Stage 2,Early Stage 2,Stage 2 • Early Stage 2,0.72,"Price has moved above long-term structure, but the full moving-average stack is not clean yet.",,,2026-09-25,,watchlist,weekly_forming,watchlist,15.93,62.62,36.94,0.0,15.93,62.62,36.94,7.04,30.16,170240723.38,"Stage 2, Early Stage 2, weekly_vcp_ok, volume_dryup, weekly_volume_dryup, weekly_strong",173,152,Stage 2,watchlist,weekly_forming,41.35,-21,-4.410000000000004,False,False,False,False,False
CYIENTDLM.NS,Cyient DLM Limited,Capital Goods,Unknown,False,Cash,1,Stage 2,Stage 2,Extended Stage 2,Extended Stage 2,Stage 2 • Extended Stage 2,0.78,"Advancing structure remains intact, but price is stretched versus key moving averages or far above the 52-week low.",,,2026-09-25,,watchlist,weekly_watchlist,watchlist,39.75,22.4,31.94,5.0,39.75,22.4,36.94,99.65,229.98,615823042.94,"Stage 2, Extended Stage 2, trend_template_ok, volume_dryup, weekly_volume_dryup",174,165,Stage 2,watchlist,weekly_watchlist,40.89,-9,-3.950000000000003,False,False,False,False,False
GESHIP.NS,The Great Eastern Shipping Company Limited,Services,Unknown,False,Cash,1,Not Sure,Stage 2,Pending Stage 2,Pending Stage 2,Not Sure • Pending Stage 2,0.55,Stage 2 pending confirmation: needs 3 raw Stage 2 runs; current count 1.,Stage 2 pending confirmation: needs 3 raw Stage 2 runs; current count 1.,,2026-08-04,Stage 2,watchlist,weekly_watchlist,watchlist,42.68,24.88,34.67,2.0,42.68,24.88,36.67,14.11,10.66,1282217295.16,"Stage 2, Early Stage 2 | Stage 2 pending confirmation: needs 3 raw Stage 2 runs; current count 1.",175,497,Stage 1,watchlist,weekly_watchlist,18.5,322,18.17,False,False,False,False,False
OIL.NS,Oil India Limited,"Oil, Gas & Consumable Fuels",Unknown,True,F&O,1,Stage 2,Stage 2,Early Stage 2,Early Stage 2,Stage 2 • Early Stage 2,0.72,"Price has moved above long-term structure, but the full moving-average stack is not clean yet.",,,2026-09-25,,watchlist,weekly_watchlist,watchlist,40.45,20.86,31.63,5.0,40.45,20.86,36.63,16.71,-0.07,1051925240.77,"Stage 2, Early Stage 2, daily_vcp_ok, volume_dryup, weekly_volume_dryup",176,193,Stage 2,watchlist,weekly_watchlist,37.4,17,-0.769999999999996,False,False,False,False,False
MRPL.NS,Mangalore Refinery and Petrochemicals Limited,"Oil, Gas & Consumable Fuels",Unknown,False,Cash,1,Stage 2 Failed,Stage 3,Failed Stage 2,Failed Stage 2,Stage 2 Failed • Failed Stage 2,0.72,"This stock was recently Stage 2, but the latest structure no longer satisfies Stage 2 rules. It is kept as Stage 2 Failed until a fresh base/repair structure forms.",Recent Stage 2 break; public stage held as Stage 2 Failed.,2026-09-28,2026-09-14,,watchlist,weekly_watchlist,watchlist,22.66,42.28,31.49,5.0,22.66,42.28,36.49,18.31,-4.52,1811000083.13,"Stage 3, Stage 3 - Distribution/Damage, weekly_vcp_ok, volume_dryup, weekly_volume_dryup, weekly_strong, distribution_risk | Stage 2 failed state applied from stage memory.",177,253,Stage 2 Failed,watchlist,weekly_watchlist,30.42,76,6.07,False,False,False,False,False
MANKIND.NS,Mankind Pharma Limited,Healthcare,Unknown,True,F&O,1,Stage 2,Stage 2,Stage 2,Stage 2,Stage 2,0.76,Advancing structure detected.,,,2026-09-25,,watchlist,weekly_watchlist,watchlist,23.55,29.9,26.41,10.0,23.55,29.9,36.41,3.04,23.96,919644877.99,"Stage 2, Stage 2",178,219,Stage 2,watchlist,weekly_watchlist,34.0,41,2.4099999999999966,False,False,False,False,False
PRIVISCL.NS,Privi Speciality Chemicals Limited,Chemicals,Unknown,False,Cash,1,Stage 2,Stage 2,Stage 2,Stage 2,Stage 2,0.76,Advancing structure detected.,,,2026-09-25,,watchlist,weekly_watchlist,watchlist,26.76,36.88,31.31,5.0,26.76,36.88,36.31,3.24,25.61,301790508.18,"Stage 2, Stage 2",179,198,Stage 2,watchlist,weekly_watchlist,36.37,19,-0.05999999999999517,False,False,False,False,False
ALKYLAMINE.NS,Alkyl Amines Chemicals Limited,Chemicals,Unknown,False,Cash,1,Stage 2,Stage 2,Early Stage 2,Early Stage 2,Stage 2 • Early Stage 2,0.72,"Price has moved above long-term structure, but the full moving-average stack is not clean yet.",,,2026-09-25,,watchlist,weekly_watchlist,watchlist,36.64,24.7,31.27,5.0,36.64,24.7,36.27,3.57,39.48,109009475.11,"Stage 2, Early Stage 2, volume_dryup, weekly_volume_dryup",180,179,Stage 2,watchlist,weekly_watchlist,39.27,-1,-3.0,False,False,False,False,False
BRIGADE.NS,Brigade Enterprises Limited,Realty,Unknown,False,Cash,1,Stage 2 Failed,Not Sure,Failed Stage 2,Failed Stage 2,Stage 2 Failed • Failed Stage 2,0.72,"This stock was recently Stage 2, but the latest structure no longer satisfies Stage 2 rules. It is kept as Stage 2 Failed until a fresh base/repair structure forms.",Recent Stage 2 break; public stage held as Stage 2 Failed.,2026-09-28,2026-09-23,,watchlist,weekly_watchlist,watchlist,21.69,49.59,34.25,2.0,21.69,49.59,36.25,22.0,15.88,429729204.32,"Not Sure, Not Sure, weekly_vcp_ok, volume_dryup, weekly_volume_dryup, weekly_strong | Stage 2 failed state applied from stage memory.",181,175,Stage 2 Failed,watchlist,weekly_watchlist,40.09,-6,-3.8400000000000034,False,False,False,False,False
RSYSTEMS.NS,R Systems International Limited,Information Technology,Unknown,False,Cash,1,Not Sure,Stage 1,Pending Stage 1,Pending Stage 1,Not Sure • Pending Stage 1,0.55,Blocked public stage jump Stage 4 -> Stage 1; waiting for intermediate/confirmed structure.,Blocked public stage jump Stage 4 -> Stage 1; waiting for intermediate/confirmed structure.,,,Stage 1,watchlist,weekly_watchlist,watchlist,18.39,53.61,34.24,2.0,18.39,53.61,36.24,28.06,10.08,884753818.27,"Stage 1, Stage 1 - Early Turn, weekly_vcp_ok, weekly_strong, stage1_not_actionable, stage1_needs_more_base | Blocked public stage jump Stage 4 -> Stage 1; waiting for intermediate/confirmed structure.",182,465,Stage 4,watchlist,weekly_watchlist,19.84,283,16.400000000000002,False,False,False,False,False
RACE.NS,Race Eco Chain Limited,Utilities,Unknown,False,Cash,1,Not Sure,Not Sure,Not Sure,Not Sure,Not Sure,0.0,Stage rules did not identify a reliable structure.,No confident stage classification.,,,,watchlist,weekly_watchlist,watchlist,5.42,51.6,26.2,10.0,5.42,51.6,36.2,14.36,43.69,12308916.92,"Not Sure, Not Sure, weekly_vcp_ok, weekly_strong",183,225,Not Sure,watchlist,weekly_watchlist,33.01,42,3.190000000000005,False,False,False,False,False
SHOPERSTOP.NS,Shoppers Stop Limited,Consumer Services,Unknown,False,Cash,1,Stage 2,Stage 2,Early Stage 2,Early Stage 2,Stage 2 • Early Stage 2,0.72,"Price has moved above long-term structure, but the full moving-average stack is not clean yet.",Stage 2 confirmed with 3 raw confirmation runs.,,2026-09-25,,watchlist,weekly_watchlist,watchlist,36.2,31.63,34.14,2.0,36.2,31.63,36.14,23.41,44.9,160157822.34,"Stage 2, Early Stage 2",184,48,Not Sure,watchlist,weekly_near_pivot,57.04,-136,-20.9,False,False,True,False,False
ASTERDM.NS,Aster DM Healthcare Limited,Healthcare,Unknown,False,Cash,1,Stage 2 Failed,Stage 3,Failed Stage 2,Failed Stage 2,Stage 2 Failed • Failed Stage 2,0.72,"This stock was recently Stage 2, but the latest structure no longer satisfies Stage 2 rules. It is kept as Stage 2 Failed until a fresh base/repair structure forms.",Recent Stage 2 break; public stage held as Stage 2 Failed.,2026-09-28,2026-09-15,,watchlist,weekly_watchlist,watchlist,14.05,40.54,25.97,10.0,14.05,40.54,35.97,-0.41,15.82,793499138.56,"Stage 3, Stage 3 - Distribution/Damage, weekly_vcp_ok, volume_dryup, weekly_volume_dryup, weekly_strong, distribution_risk | Stage 2 failed state applied from stage memory.",185,282,Stage 2 Failed,watchlist,weekly_watchlist,28.04,97,7.93,False,False,False,False,False
SCHAEFFLER.NS,Schaeffler India Limited,Automobile and Auto Components,Unknown,False,Cash,1,Not Sure,Stage 1,Pending Stage 1,Pending Stage 1,Not Sure • Pending Stage 1,0.55,Blocked public stage jump Stage 3 -> Stage 1; waiting for intermediate/confirmed structure.,Blocked public stage jump Stage 3 -> Stage 1; waiting for intermediate/confirmed structure.,,2026-07-29,Stage 1,watchlist,weekly_watchlist,watchlist,19.42,44.96,30.91,5.0,19.42,44.96,35.91,1.42,8.2,189884449.44,"Stage 1, Stage 1 - Base/Repair, weekly_vcp_ok, weekly_volume_dryup, weekly_strong, stage1_not_actionable, stage1_needs_more_base | Blocked public stage jump Stage 3 -> Stage 1; waiting for intermediate/confirmed structure.",186,220,Stage 3,watchlist,weekly_watchlist,33.99,34,1.9199999999999946,False,False,False,False,False
CRAFTSMAN.NS,Craftsman Automation Limited,Automobile and Auto Components,Unknown,False,Cash,1,Stage 2,Stage 2,Early Stage 2,Early Stage 2,Stage 2 • Early Stage 2,0.72,"Price has moved above long-term structure, but the full moving-average stack is not clean yet.",,,2026-09-25,,watchlist,weekly_watchlist,watchlist,31.26,30.33,30.84,5.0,31.26,30.33,35.84,18.81,56.5,630034755.05,"Stage 2, Early Stage 2, weekly_volume_dryup",187,168,Stage 2,watchlist,weekly_watchlist,40.82,-19,-4.979999999999997,False,False,False,False,False
SANSERA.NS,Sansera Engineering Limited,Automobile and Auto Components,Unknown,False,Cash,1,Stage 2,Stage 2,Extended Stage 2,Extended Stage 2,Stage 2 • Extended Stage 2,0.78,"Advancing structure remains intact, but price is stretched versus key moving averages or far above the 52-week low.",,,2026-09-25,,watchlist,weekly_watchlist,watchlist,37.63,22.4,30.78,5.0,37.63,22.4,35.78,43.68,111.08,1140624428.92,"Stage 2, Extended Stage 2, trend_template_ok",188,202,Stage 2,watchlist,weekly_watchlist,36.03,14,-0.25,False,False,False,False,False
PAGEIND.NS,Page Industries Limited,Textiles,Unknown,True,F&O,1,Stage 3,Stage 3,Stage 3 - Transition,Stage 3 - Transition,Stage 3 • Stage 3 - Transition,0.62,"The structure is transitioning after prior strength, but it is not yet a confirmed Stage 4 decline.",,,2026-08-05,,watchlist,weekly_watchlist,watchlist,12.9,40.93,25.51,10.0,12.9,40.93,35.51,-6.97,18.31,680498417.0,"Stage 3, Stage 3 - Transition, weekly_vcp_ok, volume_dryup, weekly_volume_dryup, weekly_strong, distribution_risk",189,276,Stage 3,watchlist,weekly_watchlist,28.3,87,7.209999999999997,False,False,False,False,False
PPLPHARMA.NS,Piramal Pharma Ltd.,Healthcare,Unknown,False,Cash,1,Stage 2,Stage 2,Early Stage 2,Early Stage 2,Stage 2 • Early Stage 2,0.72,"Price has moved above long-term structure, but the full moving-average stack is not clean yet.",,,2026-09-25,,watchlist,weekly_watchlist,watchlist,23.25,27.94,25.36,10.0,23.25,27.94,35.36,27.86,47.56,866612938.56,"Stage 2, Early Stage 2, volume_dryup, weekly_volume_dryup",190,131,Stage 2,watchlist,weekly_watchlist,44.39,-59,-9.030000000000001,False,False,False,False,False
JINDALSAW.NS,Jindal Saw Limited,Capital Goods,Unknown,False,Cash,1,Stage 2,Stage 2,Early Stage 2,Early Stage 2,Stage 2 • Early Stage 2,0.72,"Price has moved above long-term structure, but the full moving-average stack is not clean yet.",,,2026-09-25,,watchlist,weekly_watchlist,watchlist,37.38,21.37,30.18,5.0,37.38,21.37,35.18,10.15,47.57,539983197.24,"Stage 2, Early Stage 2, volume_dryup, weekly_volume_dryup",191,106,Stage 2,watchlist,weekly_watchlist,47.32,-85,-12.14,False,False,False,False,False
FEDERALBNK.NS,The Federal Bank Limited,Financial Services,Unknown,True,F&O,1,Stage 2,Stage 2,Early Stage 2,Early Stage 2,Stage 2 • Early Stage 2,0.72,"Price has moved above long-term structure, but the full moving-average stack is not clean yet.",,,2026-09-25,,watchlist,weekly_forming,watchlist,14.95,59.87,35.16,0.0,14.95,59.87,35.16,3.63,25.06,1723291820.08,"Stage 2, Early Stage 2, weekly_vcp_ok, weekly_strong",192,223,Stage 2,watchlist,weekly_forming,33.22,31,1.9399999999999977,False,False,False,False,False
JINDALSTEL.NS,Jindal Steel & Power Limited,Metals & Mining,Unknown,True,F&O,1,Stage 2 Failed,Stage 1,Failed Stage 2,Failed Stage 2,Stage 2 Failed • Failed Stage 2,0.72,"This stock was recently Stage 2, but the latest structure no longer satisfies Stage 2 rules. It is kept as Stage 2 Failed until a fresh base/repair structure forms.",Recent Stage 2 break; public stage held as Stage 2 Failed.,2026-09-28,2026-09-25,,watchlist,weekly_watchlist,watchlist,17.42,51.51,32.76,2.0,17.42,51.51,34.76,14.48,2.59,761004882.25,"Stage 1, Stage 1 - Early Turn, weekly_vcp_ok, weekly_volume_dryup, weekly_strong, stage1_not_actionable, stage1_needs_more_base | Stage 2 failed state applied from stage memory.",193,178,Stage 2,watchlist,weekly_watchlist,39.52,-15,-4.760000000000005,False,False,False,False,False
HSCL.NS,Himadri Speciality Chemical Limited,Chemicals,Unknown,False,Cash,1,Stage 2 Failed,Stage 3,Failed Stage 2,Failed Stage 2,Stage 2 Failed • Failed Stage 2,0.72,"This stock was recently Stage 2, but the latest structure no longer satisfies Stage 2 rules. It is kept as Stage 2 Failed until a fresh base/repair structure forms.",Recent Stage 2 break; public stage held as Stage 2 Failed.,2026-09-28,2026-09-14,,watchlist,weekly_watchlist,watchlist,16.77,45.62,29.75,5.0,16.77,45.62,34.75,6.21,51.95,2207880772.93,"Stage 3, Stage 3 - Transition, weekly_vcp_ok, volume_dryup, weekly_volume_dryup, weekly_strong, distribution_risk | Stage 2 failed state applied from stage memory.",194,211,Stage 2 Failed,watchlist,weekly_watchlist,34.86,17,-0.10999999999999943,False,False,False,False,False
MSTCLTD.NS,Mstc Limited,Services,Unknown,False,Cash,1,Stage 2,Stage 2,Clean Stage 2,Clean Stage 2,Stage 2 • Clean Stage 2,0.9,"Price is above rising key averages, weekly structure is supportive, and the stock is near its 52-week high.",,,2026-09-25,,watchlist,weekly_watchlist,watchlist,38.25,26.0,32.74,2.0,38.25,26.0,34.74,8.49,78.68,213215340.41,"Stage 2, Clean Stage 2, trend_template_ok, volume_dryup, weekly_volume_dryup",195,72,Stage 2,watchlist,weekly_watchlist,52.02,-123,-17.28,False,False,False,False,False
KOLTEPATIL.NS,Kolte - Patil Developers Limited,Realty,Unknown,False,Cash,1,Stage 2,Stage 2,Early Stage 2,Early Stage 2,Stage 2 • Early Stage 2,0.72,"Price has moved above long-term structure, but the full moving-average stack is not clean yet.",,,2026-09-25,,watchlist,weekly_forming,watchlist,18.0,50.64,32.69,2.0,18.0,50.64,34.69,20.19,45.22,50769815.18,"Stage 2, Early Stage 2, weekly_vcp_ok, volume_dryup, weekly_volume_dryup",196,212,Stage 2,watchlist,weekly_forming,34.75,16,-0.060000000000002274,False,False,False,False,False
TEGA.NS,Tega Industries Limited,Capital Goods,Unknown,False,Cash,1,Stage 2,Stage 2,Extended Stage 2,Extended Stage 2,Stage 2 • Extended Stage 2,0.78,"Advancing structure remains intact, but price is stretched versus key moving averages or far above the 52-week low.",,,2026-09-25,,watchlist,weekly_watchlist,watchlist,32.09,26.29,29.48,5.0,32.09,26.29,34.48,25.66,21.21,1641809883.45,"Stage 2, Extended Stage 2",197,208,Stage 2,watchlist,weekly_watchlist,35.22,11,-0.740000000000002,False,False,False,False,False
CGCL.NS,Capri Global Capital Limited,Financial Services,Unknown,False,Cash,1,Stage 2,Stage 2,Messy Stage 2,Messy Stage 2,Stage 2 • Messy Stage 2,0.64,"Long-term structure is still constructive, but the short-term/weekly structure is not clean.",,,2026-09-25,,watchlist,weekly_watchlist,watchlist,41.53,25.85,34.47,0.0,41.53,25.85,34.47,14.47,52.01,1084017071.01,"Stage 2, Messy Stage 2, trend_template_ok, volume_dryup, weekly_volume_dryup",198,214,Stage 2,watchlist,weekly_watchlist,34.67,16,-0.20000000000000284,False,False,False,False,False
DALMIASUG.NS,Dalmia Bharat Sugar and Industries Limited,Fast Moving Consumer Goods,Unknown,False,Cash,1,Stage 2,Stage 2,Early Stage 2,Early Stage 2,Stage 2 • Early Stage 2,0.72,"Price has moved above long-term structure, but the full moving-average stack is not clean yet.",,,2026-09-25,,watchlist,weekly_watchlist,watchlist,39.34,28.02,34.25,0.0,39.34,28.02,34.25,29.24,10.92,107505951.24,"Stage 2, Early Stage 2, volume_dryup, weekly_volume_dryup",199,112,Stage 2,watchlist,weekly_watchlist,46.42,-87,-12.170000000000002,False,False,False,False,False
WHIRLPOOL.NS,Whirlpool of India Limited,Consumer Durables,Unknown,False,Cash,1,Not Sure,Not Sure,Not Sure,Not Sure,Not Sure,0.0,Stage rules did not identify a reliable structure.,No confident stage classification.,,2025-11-07,,watchlist,weekly_watchlist,watchlist,21.72,49.24,34.1,0.0,21.72,49.24,34.1,18.84,15.54,2438011569.78,"Not Sure, Not Sure, weekly_vcp_ok, weekly_strong",200,222,Not Sure,watchlist,weekly_watchlist,33.8,22,0.30000000000000426,False,False,False,False,False
IMAGICAA.NS,Imagicaaworld Entertainment Limited,Consumer Services,Unknown,False,Cash,1,Stage 2,Stage 2,Early Stage 2,Early Stage 2,Stage 2 • Early Stage 2,0.72,"Price has moved above long-term structure, but the full moving-average stack is not clean yet.",,,2026-09-25,,watchlist,weekly_forming,watchlist,7.78,61.77,32.08,2.0,7.78,61.77,34.08,11.49,28.25,47544429.69,"Stage 2, Early Stage 2, weekly_vcp_ok, volume_dryup, weekly_volume_dryup, weekly_strong",201,172,Stage 2,watchlist,weekly_forming,40.25,-29,-6.170000000000002,False,False,False,False,False
RBA.NS,Restaurant Brands Asia Limited,Consumer Services,Unknown,False,Cash,1,Stage 2,Stage 2,Messy Stage 2,Messy Stage 2,Stage 2 • Messy Stage 2,0.64,"Long-term structure is still constructive, but the short-term/weekly structure is not clean.",,,2026-09-25,,watchlist,weekly_watchlist,watchlist,37.68,24.8,31.88,2.0,37.68,24.8,33.88,23.22,57.27,291451532.71,"Stage 2, Messy Stage 2, trend_template_ok, volume_dryup, weekly_volume_dryup",202,216,Stage 2,watchlist,weekly_watchlist,34.35,14,-0.46999999999999886,False,False,False,False,False
SOLARINDS.NS,Solar Industries India Limited,Chemicals,Unknown,True,F&O,1,Stage 2,Stage 2,Early Stage 2,Early Stage 2,Stage 2 • Early Stage 2,0.72,"Price has moved above long-term structure, but the full moving-average stack is not clean yet.",,,2026-09-25,,watchlist,weekly_watchlist,watchlist,35.0,21.22,28.8,5.0,35.0,21.22,33.8,7.8,48.43,5167920809.25,"Stage 2, Early Stage 2",203,117,Stage 2,watchlist,weekly_watchlist,45.65,-86,-11.850000000000001,False,False,False,False,False
HLEGLAS.NS,HLE Glascoat Limited,Capital Goods,Unknown,False,Cash,1,Not Sure,Not Sure,Not Sure,Not Sure,Not Sure,0.0,Stage rules did not identify a reliable structure.,No confident stage classification.,,2025-11-11,,watchlist,weekly_watchlist,watchlist,8.75,53.0,28.66,5.0,8.75,53.0,33.66,12.33,59.71,193299256.26,"Not Sure, Not Sure, weekly_vcp_ok, weekly_volume_dryup, weekly_strong",204,218,Not Sure,watchlist,weekly_watchlist,34.02,14,-0.36000000000000654,False,False,False,False,False
MAXHEALTH.NS,Max Healthcare Institute Limited,Healthcare,Unknown,True,F&O,1,Stage 2 Failed,Stage 4,Failed Stage 2,Failed Stage 2,Stage 2 Failed • Failed Stage 2,0.72,"This stock was recently Stage 2, but the latest structure no longer satisfies Stage 2 rules. It is kept as Stage 2 Failed until a fresh base/repair structure forms.",Recent Stage 2 break; public stage held as Stage 2 Failed.,2026-09-28,2026-09-24,,watchlist,weekly_watchlist,watchlist,11.45,38.23,23.5,10.0,11.45,38.23,33.5,-6.03,8.32,1908693488.85,"Stage 4, Stage 4 - Weak/Declining, weekly_vcp_ok, weekly_strong, downtrend | Stage 2 failed state applied from stage memory.",205,235,Stage 2 Failed,watchlist,weekly_watchlist,32.47,30,1.0300000000000011,False,False,False,False,False
HONASA.NS,Honasa Consumer Ltd.,Fast Moving Consumer Goods,Unknown,False,Cash,1,Stage 2,Stage 2,Early Stage 2,Early Stage 2,Stage 2 • Early Stage 2,0.72,"Price has moved above long-term structure, but the full moving-average stack is not clean yet.",,,2026-09-25,,watchlist,weekly_watchlist,watchlist,42.83,21.64,33.29,0.0,42.83,21.64,33.29,5.63,54.79,378600467.14,"Stage 2, Early Stage 2, volume_dryup, weekly_volume_dryup",206,405,Stage 2,watchlist,weekly_watchlist,22.3,199,10.989999999999998,False,False,False,False,False
ABBOTINDIA.NS,Abbott India Limited,Healthcare,Unknown,False,Cash,1,Not Sure,Stage 3,Pending Stage 3,Pending Stage 3,Not Sure • Pending Stage 3,0.55,Blocked public stage jump Stage 1 -> Stage 3; waiting for intermediate/confirmed structure.,Blocked public stage jump Stage 1 -> Stage 3; waiting for intermediate/confirmed structure.,,2026-08-12,Stage 3,watchlist,weekly_watchlist,watchlist,19.33,28.04,23.25,10.0,19.33,28.04,33.25,12.21,5.56,214935260.5,"Stage 3, Stage 3 - Transition, weekly_volume_dryup, distribution_risk | Blocked public stage jump Stage 1 -> Stage 3; waiting for intermediate/confirmed structure.",207,197,Stage 1,watchlist,weekly_watchlist,36.86,-10,-3.6099999999999994,False,False,False,False,False
JUBLPHARMA.NS,Jubilant Pharmova Limited,Healthcare,Unknown,False,Cash,1,Stage 2,Stage 2,Early Stage 2,Early Stage 2,Stage 2 • Early Stage 2,0.72,"Price has moved above long-term structure, but the full moving-average stack is not clean yet.",,,2026-09-25,,watchlist,weekly_watchlist,watchlist,23.56,22.74,23.19,10.0,23.56,22.74,33.19,14.63,32.8,264135390.32,"Stage 2, Early Stage 2, volume_dryup, weekly_volume_dryup",208,224,Stage 2,watchlist,weekly_watchlist,33.06,16,0.12999999999999545,False,False,False,False,False
MANINFRA.NS,Man Infraconstruction Limited,Construction,Unknown,False,Cash,1,Stage 2,Stage 2,Early Stage 2,Early Stage 2,Stage 2 • Early Stage 2,0.72,"Price has moved above long-term structure, but the full moving-average stack is not clean yet.",,,2026-09-25,,watchlist,weekly_watchlist,watchlist,26.53,40.98,33.03,0.0,26.53,40.98,33.03,25.61,52.24,327488998.95,"Stage 2, Early Stage 2",209,221,Stage 2,watchlist,weekly_watchlist,33.85,12,-0.8200000000000003,False,False,False,False,False
IONEXCHANG.NS,ION Exchange (India) Limited,Construction,Unknown,False,Cash,1,Stage 2,Stage 2,Clean Stage 2,Clean Stage 2,Stage 2 • Clean Stage 2,0.9,"Price is above rising key averages, weekly structure is supportive, and the stock is near its 52-week high.",,,2026-09-25,,watchlist,weekly_watchlist,watchlist,40.63,23.53,32.94,0.0,40.63,23.53,32.94,6.89,24.37,274839501.87,"Stage 2, Clean Stage 2, trend_template_ok, volume_dryup, weekly_volume_dryup",210,231,Stage 2,watchlist,weekly_watchlist,32.66,21,0.28000000000000114,False,False,False,False,False
IDEA.NS,Vodafone Idea Limited,Telecommunication,Unknown,True,F&O,1,Stage 2,Stage 2,Early Stage 2,Early Stage 2,Stage 2 • Early Stage 2,0.72,"Price has moved above long-term structure, but the full moving-average stack is not clean yet.",,,2026-09-25,,watchlist,weekly_watchlist,watchlist,20.07,26.14,22.8,10.0,20.07,26.14,32.8,-1.87,59.25,5954559510.55,"Stage 2, Early Stage 2",211,121,Stage 2,watchlist,weekly_watchlist,45.27,-90,-12.470000000000006,False,False,False,False,False
ANANTRAJ.NS,Anant Raj Limited,Realty,Unknown,False,Cash,1,Stage 2,Stage 2,Early Stage 2,Early Stage 2,Stage 2 • Early Stage 2,0.72,"Price has moved above long-term structure, but the full moving-average stack is not clean yet.",,,2026-09-25,,watchlist,weekly_watchlist,watchlist,33.05,27.94,30.75,2.0,33.05,27.94,32.75,18.37,37.06,1794920565.14,"Stage 2, Early Stage 2, volume_dryup, weekly_volume_dryup",212,367,Stage 2,watchlist,weekly_watchlist,23.89,155,8.86,False,False,False,False,False
PNB.NS,Punjab National Bank,Financial Services,Unknown,True,F&O,1,Stage 2 Failed,Stage 3,Failed Stage 2,Failed Stage 2,Stage 2 Failed • Failed Stage 2,0.72,"This stock was recently Stage 2, but the latest structure no longer satisfies Stage 2 rules. It is kept as Stage 2 Failed until a fresh base/repair structure forms.",Recent Stage 2 break; public stage held as Stage 2 Failed.,2026-09-28,2026-09-08,,watchlist,weekly_watchlist,watchlist,19.14,49.36,32.74,0.0,19.14,49.36,32.74,10.43,13.16,1428691836.78,"Stage 3, Stage 3 - Distribution/Damage, weekly_vcp_ok, weekly_volume_dryup, weekly_strong, distribution_risk | Stage 2 failed state applied from stage memory.",213,79,Stage 2 Failed,watchlist,weekly_watchlist,51.15,-134,-18.409999999999997,False,False,False,False,False
RAILTEL.NS,Railtel Corporation Of India Limited,Telecommunication,Unknown,False,Cash,1,Stage 4,Stage 4,Stage 4 - Confirmed Downtrend,Stage 4 - Confirmed Downtrend,Stage 4 • Stage 4 - Confirmed Downtrend,0.86,Price is below a bearish moving-average stack with falling trend signals.,,,,,watchlist,weekly_watchlist,watchlist,11.65,35.8,22.52,10.0,11.65,35.8,32.52,-13.39,-0.12,130127521.1,"Stage 4, Stage 4 - Confirmed Downtrend, weekly_vcp_ok, volume_dryup, weekly_volume_dryup, weekly_strong, downtrend",214,238,Stage 4,watchlist,weekly_watchlist,32.35,24,0.1700000000000017,False,False,False,False,False
AIIL.NS,Authum Investment & Infrastructure Ltd.,Financial Services,Unknown,False,Cash,1,Stage 2,Stage 2,Early Stage 2,Early Stage 2,Stage 2 • Early Stage 2,0.72,"Price has moved above long-term structure, but the full moving-average stack is not clean yet.",,,2026-09-25,,watchlist,weekly_watchlist,watchlist,40.28,22.28,32.18,0.0,40.28,22.28,32.18,9.93,32.89,290006511.79,"Stage 2, Early Stage 2, volume_dryup, weekly_volume_dryup",215,244,Stage 2,watchlist,weekly_watchlist,31.39,29,0.7899999999999991,False,False,False,False,False
MAHABANK.NS,Bank of Maharashtra,Financial Services,Unknown,False,Cash,1,Stage 2,Stage 2,Messy Stage 2,Messy Stage 2,Stage 2 • Messy Stage 2,0.64,"Long-term structure is still constructive, but the short-term/weekly structure is not clean.",,,2026-09-25,,watchlist,weekly_watchlist,watchlist,34.57,28.46,31.82,0.0,34.57,28.46,31.82,-6.09,30.73,1240327101.98,"Stage 2, Messy Stage 2, weekly_volume_dryup",216,239,Stage 2,watchlist,weekly_watchlist,32.24,23,-0.4200000000000017,False,False,False,False,False
UNITDSPR.NS,United Spirits Ltd.,Fast Moving Consumer Goods,Unknown,True,F&O,1,Stage 2,Stage 2,Early Stage 2,Early Stage 2,Stage 2 • Early Stage 2,0.72,"Price has moved above long-term structure, but the full moving-average stack is not clean yet.",,,2026-09-25,,watchlist,weekly_forming,watchlist,19.31,46.9,31.73,0.0,19.31,46.9,31.73,8.96,19.05,656233642.58,"Stage 2, Early Stage 2, weekly_vcp_ok, volume_dryup, weekly_volume_dryup",217,137,Stage 2,watchlist,weekly_forming,43.75,-80,-12.02,False,False,False,False,False
ABREL.NS,Aditya Birla Real Estate Ltd.,Forest Materials,Unknown,False,Cash,1,Stage 4,Stage 4,Stage 4 - Weak/Declining,Stage 4 - Weak/Declining,Stage 4 • Stage 4 - Weak/Declining,0.72,Price is below long-term support with weak trend evidence.,,,,,watchlist,weekly_watchlist,watchlist,10.19,35.8,21.71,10.0,10.19,35.8,31.71,-11.08,6.54,206125808.9,"Stage 4, Stage 4 - Weak/Declining, weekly_vcp_ok, weekly_strong, downtrend",218,256,Stage 4,watchlist,weekly_watchlist,30.07,38,1.6400000000000006,False,False,False,False,False
SAREGAMA.NS,Saregama India Limited,"Media, Entertainment & Publication",Unknown,False,Cash,1,Stage 2,Stage 2,Early Stage 2,Early Stage 2,Stage 2 • Early Stage 2,0.72,"Price has moved above long-term structure, but the full moving-average stack is not clean yet.",,,2026-09-25,,watchlist,weekly_watchlist,watchlist,38.73,22.72,31.53,0.0,38.73,22.72,31.53,4.15,55.02,170432950.69,"Stage 2, Early Stage 2, daily_vcp_ok, volume_dryup, weekly_volume_dryup",219,413,Stage 2,watchlist,weekly_watchlist,22.05,194,9.48,False,False,False,False,False
TIMETECHNO.NS,Time Technoplast Limited,Capital Goods,Unknown,False,Cash,1,Stage 3,Stage 3,Stage 3 - Distribution/Damage,Stage 3 - Distribution/Damage,Stage 3 • Stage 3 - Distribution/Damage,0.76,"Prior strength exists, but short-term and/or weekly structure is deteriorating.",,,2026-08-20,,watchlist,weekly_watchlist,watchlist,12.98,42.67,26.34,5.0,12.98,42.67,31.34,5.81,11.84,433393783.6,"Stage 3, Stage 3 - Distribution/Damage, weekly_vcp_ok, weekly_volume_dryup, weekly_strong, distribution_risk",220,407,Stage 4,watchlist,weekly_watchlist,22.24,187,9.100000000000001,False,False,False,False,False
RRKABEL.NS,R R Kabel Limited,Capital Goods,Unknown,False,Cash,1,Stage 2,Stage 2,Early Stage 2,Early Stage 2,Stage 2 • Early Stage 2,0.72,"Price has moved above long-term structure, but the full moving-average stack is not clean yet.",,,2026-09-25,,watchlist,weekly_watchlist,watchlist,18.12,36.2,26.26,5.0,18.12,36.2,31.26,7.88,87.17,1362824716.92,"Stage 2, Early Stage 2, volume_dryup, weekly_volume_dryup",221,246,Stage 2,watchlist,weekly_watchlist,31.31,25,-0.04999999999999716,False,False,False,False,False
BHARTIARTL.NS,Bharti Airtel Limited,Telecommunication,Unknown,True,F&O,1,Stage 4,Stage 4,Stage 4 - Weak/Declining,Stage 4 - Weak/Declining,Stage 4 • Stage 4 - Weak/Declining,0.72,Price is below long-term support with weak trend evidence.,,,2026-08-21,,watchlist,weekly_watchlist,watchlist,9.05,36.12,21.23,10.0,9.05,36.12,31.23,0.77,2.48,9479461025.31,"Stage 4, Stage 4 - Weak/Declining, weekly_vcp_ok, weekly_volume_dryup, weekly_strong, downtrend",222,245,Stage 4,watchlist,weekly_watchlist,31.38,23,-0.14999999999999858,False,False,False,False,False
GULFOILLUB.NS,Gulf Oil Lubricants India Limited,"Oil, Gas & Consumable Fuels",Unknown,False,Cash,1,Stage 2,Stage 2,Early Stage 2,Early Stage 2,Stage 2 • Early Stage 2,0.72,"Price has moved above long-term structure, but the full moving-average stack is not clean yet.",,,2026-09-25,,watchlist,weekly_watchlist,watchlist,22.72,30.47,26.21,5.0,22.72,30.47,31.21,14.1,30.61,58691895.5,"Stage 2, Early Stage 2, volume_dryup, weekly_volume_dryup",223,74,Stage 2,watchlist,weekly_near_pivot,51.54,-149,-20.33,False,False,False,False,False
IKS.NS,Inventurus Knowledge Solutions Ltd.,Information Technology,Unknown,False,Cash,1,Stage 2 Failed,Stage 3,Failed Stage 2,Failed Stage 2,Stage 2 Failed • Failed Stage 2,0.72,"This stock was recently Stage 2, but the latest structure no longer satisfies Stage 2 rules. It is kept as Stage 2 Failed until a fresh base/repair structure forms.",Recent Stage 2 break; public stage held as Stage 2 Failed.,2026-09-28,2026-09-25,,watchlist,weekly_watchlist,watchlist,17.48,43.33,29.11,2.0,17.48,43.33,31.11,1.34,33.94,395497027.92,"Stage 3, Stage 3 - Distribution/Damage, weekly_vcp_ok, weekly_strong, distribution_risk | Stage 2 failed state applied from stage memory.",224,67,Stage 2,watchlist,weekly_near_pivot,53.5,-157,-22.39,False,False,False,False,False
PFIZER.NS,Pfizer Limited,Healthcare,Unknown,False,Cash,1,Stage 4,Stage 4,Stage 4 - Confirmed Downtrend,Stage 4 - Confirmed Downtrend,Stage 4 • Stage 4 - Confirmed Downtrend,0.86,Price is below a bearish moving-average stack with falling trend signals.,,,2026-08-28,,watchlist,weekly_watchlist,watchlist,7.95,36.9,20.98,10.0,7.95,36.9,30.98,-4.06,-14.65,215867858.85,"Stage 4, Stage 4 - Confirmed Downtrend, weekly_vcp_ok, volume_dryup, weekly_volume_dryup, weekly_strong, downtrend",225,247,Stage 4,watchlist,weekly_watchlist,30.98,22,0.0,False,False,False,False,False
WELENT.NS,Welspun Enterprises Limited,Construction,Unknown,False,Cash,1,Stage 2,Stage 2,Clean Stage 2,Clean Stage 2,Stage 2 • Clean Stage 2,0.9,"Price is above rising key averages, weekly structure is supportive, and the stock is near its 52-week high.",,,2026-09-25,,watchlist,weekly_watchlist,watchlist,36.0,24.8,30.96,0.0,36.0,24.8,30.96,28.13,73.94,706635781.37,"Stage 2, Clean Stage 2, trend_template_ok, weekly_volume_dryup",226,233,Stage 2,watchlist,weekly_watchlist,32.61,7,-1.6499999999999986,False,False,False,False,False
ONGC.NS,Oil & Natural Gas Corporation Limited,"Oil, Gas & Consumable Fuels",Unknown,True,F&O,1,Stage 1,Stage 1,Stage 1 - Unclear/Repair,Stage 1 - Unclear/Repair,Stage 1 • Stage 1 - Unclear/Repair,0.58,Not enough evidence for Stage 2 or Stage 4; classified as repair/unclear structure.,,,2026-05-22,,watchlist,weekly_watchlist,watchlist,12.92,41.8,25.92,5.0,12.92,41.8,30.92,2.99,-17.32,2273438654.53,"Stage 1, Stage 1 - Unclear/Repair, weekly_vcp_ok, volume_dryup, weekly_volume_dryup, weekly_strong, stage1_not_actionable, stage1_needs_more_base",227,275,Stage 1,watchlist,weekly_watchlist,28.41,48,2.5100000000000016,False,False,False,False,False
INDUSTOWER.NS,Indus Towers Limited,Telecommunication,Unknown,True,F&O,1,Stage 4,Stage 4,Stage 4 - Weak/Declining,Stage 4 - Weak/Declining,Stage 4 • Stage 4 - Weak/Declining,0.72,Price is below long-term support with weak trend evidence.,,,2026-03-27,,watchlist,weekly_watchlist,watchlist,8.6,35.8,20.84,10.0,8.6,35.8,30.84,2.45,-9.82,1561758779.18,"Stage 4, Stage 4 - Weak/Declining, weekly_vcp_ok, weekly_strong, downtrend",228,252,Stage 4,watchlist,weekly_watchlist,30.47,24,0.370000000000001,False,False,False,False,False
NAUKRI.NS,Info Edge (India) Limited,Consumer Services,Unknown,True,F&O,1,Stage 2 Failed,Not Sure,Failed Stage 2,Failed Stage 2,Stage 2 Failed • Failed Stage 2,0.72,"This stock was recently Stage 2, but the latest structure no longer satisfies Stage 2 rules. It is kept as Stage 2 Failed until a fresh base/repair structure forms.",Recent Stage 2 break; public stage held as Stage 2 Failed.,2026-09-28,2026-09-23,,watchlist,weekly_watchlist,watchlist,9.76,51.96,28.75,2.0,9.76,51.96,30.75,31.7,29.92,1748350521.91,"Not Sure, Not Sure, weekly_vcp_ok, volume_dryup, weekly_strong | Stage 2 failed state applied from stage memory.",229,249,Stage 2 Failed,watchlist,weekly_watchlist,30.92,20,-0.1700000000000017,False,False,False,False,False
KSB.NS,Ksb Limited,Capital Goods,Unknown,False,Cash,1,Stage 1,Stage 1,Stage 1 - Base/Repair,Stage 1 - Base/Repair,Stage 1 • Stage 1 - Base/Repair,0.7,Price is near long-term moving averages with no strong long-term downtrend signal.,,,2026-08-04,,watchlist,weekly_watchlist,watchlist,12.23,41.8,25.54,5.0,12.23,41.8,30.54,-10.21,-1.69,116430099.63,"Stage 1, Stage 1 - Base/Repair, weekly_vcp_ok, weekly_volume_dryup, weekly_strong, stage1_not_actionable, stage1_needs_more_base",230,232,Stage 1,watchlist,weekly_watchlist,32.64,2,-2.1000000000000014,False,False,False,False,False
PRAJIND.NS,Praj Industries Limited,Capital Goods,Unknown,False,Cash,1,Stage 1,Stage 1,Stage 1 - Unclear/Repair,Stage 1 - Unclear/Repair,Stage 1 • Stage 1 - Unclear/Repair,0.58,Not enough evidence for Stage 2 or Stage 4; classified as repair/unclear structure.,,,2026-08-31,,watchlist,weekly_watchlist,watchlist,12.2,41.8,25.52,5.0,12.2,41.8,30.52,-7.22,-3.3,129387426.43,"Stage 1, Stage 1 - Unclear/Repair, weekly_vcp_ok, volume_dryup, weekly_volume_dryup, weekly_strong, stage1_not_actionable, stage1_needs_more_base",231,271,Stage 1,watchlist,weekly_watchlist,28.7,40,1.8200000000000003,False,False,False,False,False
SAPPHIRE.NS,Sapphire Foods India Limited,Consumer Services,Unknown,False,Cash,1,Stage 2 Failed,Not Sure,Failed Stage 2,Failed Stage 2,Stage 2 Failed • Failed Stage 2,0.72,"This stock was recently Stage 2, but the latest structure no longer satisfies Stage 2 rules. It is kept as Stage 2 Failed until a fresh base/repair structure forms.",Recent Stage 2 break; public stage held as Stage 2 Failed.,2026-09-28,2026-09-23,,watchlist,weekly_watchlist,watchlist,7.5,53.43,28.17,2.0,7.5,53.43,30.17,22.3,42.99,153435568.34,"Not Sure, Not Sure, weekly_vcp_ok, volume_dryup, weekly_volume_dryup, weekly_strong | Stage 2 failed state applied from stage memory.",232,359,Stage 2 Failed,watchlist,weekly_watchlist,24.34,127,5.830000000000002,False,False,False,False,False
BALAMINES.NS,Balaji Amines Limited,Chemicals,Unknown,False,Cash,1,Stage 2,Stage 2,Early Stage 2,Early Stage 2,Stage 2 • Early Stage 2,0.72,"Price has moved above long-term structure, but the full moving-average stack is not clean yet.",,,2026-09-25,,watchlist,weekly_watchlist,watchlist,26.17,23.6,25.01,5.0,26.17,23.6,30.01,2.11,105.42,494240139.7,"Stage 2, Early Stage 2, volume_dryup, weekly_volume_dryup",233,285,Stage 2,watchlist,weekly_watchlist,27.84,52,2.1700000000000017,False,False,False,False,False
HONAUT.NS,Honeywell Automation India Limited,Capital Goods,Unknown,False,Cash,1,Stage 3,Stage 3,Stage 3 - Distribution/Damage,Stage 3 - Distribution/Damage,Stage 3 • Stage 3 - Distribution/Damage,0.76,"Prior strength exists, but short-term and/or weekly structure is deteriorating.",,,2026-09-04,,watchlist,weekly_watchlist,watchlist,10.75,41.99,24.81,5.0,10.75,41.99,29.81,-9.28,31.23,123189478.25,"Stage 3, Stage 3 - Distribution/Damage, weekly_vcp_ok, volume_dryup, weekly_volume_dryup, weekly_strong, distribution_risk",234,265,Stage 2 Failed,watchlist,weekly_watchlist,28.99,31,0.8200000000000003,False,False,False,False,False
ABB.NS,ABB India Limited,Capital Goods,Unknown,True,F&O,1,Stage 2,Stage 2,Early Stage 2,Early Stage 2,Stage 2 • Early Stage 2,0.72,"Price has moved above long-term structure, but the full moving-average stack is not clean yet.",,,2026-09-25,,watchlist,weekly_watchlist,watchlist,24.21,25.35,24.72,5.0,24.21,25.35,29.72,7.93,17.59,1224003470.85,"Stage 2, Early Stage 2, volume_dryup, weekly_volume_dryup",235,326,Stage 2,watchlist,weekly_watchlist,25.97,91,3.75,False,False,False,False,False
TITAN.NS,Titan Company Limited,Consumer Durables,Unknown,True,F&O,1,Stage 2,Stage 2,Early Stage 2,Early Stage 2,Stage 2 • Early Stage 2,0.72,"Price has moved above long-term structure, but the full moving-average stack is not clean yet.",,,2026-09-25,,watchlist,weekly_watchlist,watchlist,20.84,39.53,29.25,0.0,20.84,39.53,29.25,13.01,20.27,2693130064.85,"Stage 2, Early Stage 2",236,262,Stage 2,watchlist,weekly_watchlist,29.33,26,-0.0799999999999983,False,False,False,False,False
ADANIPORTS.NS,Adani Ports and Special Economic Zone Limited,Services,Unknown,True,F&O,1,Stage 2,Stage 2,Stage 2,Stage 2,Stage 2,0.76,Advancing structure detected.,Stage 2 confirmed with 3 raw confirmation runs.,,2026-09-25,,watchlist,weekly_watchlist,watchlist,21.68,33.51,27.0,2.0,21.68,33.51,29.0,-2.3,29.37,3391764904.4,"Stage 2, Stage 2, volume_dryup, weekly_volume_dryup",237,236,Not Sure,watchlist,weekly_watchlist,32.43,-1,-3.4299999999999997,False,False,True,False,False
AMBER.NS,Amber Enterprises India Limited,Consumer Durables,Unknown,True,F&O,1,Stage 1,Stage 1,Stage 1 - Base/Repair,Stage 1 - Base/Repair,Stage 1 • Stage 1 - Base/Repair,0.7,Price is near long-term moving averages with no strong long-term downtrend signal.,,,2026-07-20,,watchlist,weekly_watchlist,watchlist,17.41,43.11,28.98,0.0,17.41,43.11,28.98,-0.48,13.54,758138026.8,"Stage 1, Stage 1 - Base/Repair, weekly_vcp_ok, volume_dryup, weekly_volume_dryup, weekly_strong, stage1_not_actionable, stage1_needs_more_base",238,295,Stage 1,watchlist,weekly_watchlist,27.29,57,1.6900000000000013,False,False,False,False,False
BANCOINDIA.NS,Banco Products (I) Limited,Automobile and Auto Components,Unknown,False,Cash,1,Stage 4,Stage 4,Stage 4 - Weak/Declining,Stage 4 - Weak/Declining,Stage 4 • Stage 4 - Weak/Declining,0.72,Price is below long-term support with weak trend evidence.,,,2026-07-16,,watchlist,weekly_watchlist,watchlist,11.89,38.74,23.97,5.0,11.89,38.74,28.97,-6.35,13.79,51446085.48,"Stage 4, Stage 4 - Weak/Declining, weekly_vcp_ok, volume_dryup, weekly_volume_dryup, weekly_strong, downtrend",239,286,Stage 4,watchlist,weekly_watchlist,27.8,47,1.1699999999999982,False,False,False,False,False
ASHOKLEY.NS,Ashok Leyland Limited,Capital Goods,Unknown,True,F&O,1,Stage 2 Failed,Stage 1,Failed Stage 2,Failed Stage 2,Stage 2 Failed • Failed Stage 2,0.72,"This stock was recently Stage 2, but the latest structure no longer satisfies Stage 2 rules. It is kept as Stage 2 Failed until a fresh base/repair structure forms.",Recent Stage 2 break; public stage held as Stage 2 Failed.,2026-09-28,2026-09-07,,watchlist,weekly_watchlist,watchlist,7.63,43.69,23.86,5.0,7.63,43.69,28.86,-0.67,8.61,1822057270.26,"Stage 1, Stage 1 - Base/Repair, weekly_vcp_ok, volume_dryup, weekly_volume_dryup, weekly_strong, stage1_not_actionable, stage1_needs_more_base | Stage 2 failed state applied from stage memory.",240,263,Stage 2 Failed,watchlist,weekly_watchlist,29.32,23,-0.46000000000000085,False,False,False,False,False
COHANCE.NS,Cohance Lifesciences Ltd.,Healthcare,Unknown,False,Cash,1,Not Sure,Not Sure,Not Sure,Not Sure,Not Sure,0.0,Stage rules did not identify a reliable structure.,No confident stage classification.,,,,watchlist,weekly_watchlist,watchlist,19.03,18.31,18.71,10.0,19.03,18.31,28.71,5.26,49.79,549001178.65,"Not Sure, Not Sure, weekly_volume_dryup",241,134,Not Sure,watchlist,weekly_watchlist,44.01,-107,-15.299999999999997,False,False,False,False,False
HBLENGINE.NS,HBL Engineering Ltd.,Capital Goods,Unknown,False,Cash,1,Not Sure,Not Sure,Not Sure,Not Sure,Not Sure,0.0,Stage rules did not identify a reliable structure.,No confident stage classification.,,2026-06-26,,watchlist,weekly_watchlist,watchlist,24.63,22.08,23.48,5.0,24.63,22.08,28.48,0.61,20.14,2026974547.11,"Not Sure, Not Sure",242,264,Not Sure,watchlist,weekly_watchlist,29.07,22,-0.5899999999999999,False,False,False,False,False
WABAG.NS,VA Tech Wabag Limited,Utilities,Unknown,False,Cash,1,Stage 2,Stage 2,Messy Stage 2,Messy Stage 2,Stage 2 • Messy Stage 2,0.64,"Long-term structure is still constructive, but the short-term/weekly structure is not clean.",,,2026-09-25,,watchlist,weekly_watchlist,watchlist,17.1,20.17,18.48,10.0,17.1,20.17,28.48,-4.4,62.15,1373045250.08,"Stage 2, Messy Stage 2, volume_dryup, weekly_volume_dryup",243,258,Stage 2,watchlist,weekly_watchlist,29.88,15,-1.3999999999999986,False,False,False,False,False
EXIDEIND.NS,Exide Industries Limited,Automobile and Auto Components,Unknown,True,F&O,1,Stage 2,Stage 2,Early Stage 2,Early Stage 2,Stage 2 • Early Stage 2,0.72,"Price has moved above long-term structure, but the full moving-average stack is not clean yet.",,,2026-09-25,,watchlist,weekly_watchlist,watchlist,17.55,30.43,23.35,5.0,17.55,30.43,28.35,3.76,40.51,857450449.15,"Stage 2, Early Stage 2, volume_dryup, weekly_volume_dryup",244,257,Stage 2,watchlist,weekly_watchlist,29.97,13,-1.6199999999999974,False,False,False,False,False
MGL.NS,Mahanagar Gas Limited,"Oil, Gas & Consumable Fuels",Unknown,False,Cash,1,Stage 2 Failed,Stage 4,Failed Stage 2,Failed Stage 2,Stage 2 Failed • Failed Stage 2,0.72,"This stock was recently Stage 2, but the latest structure no longer satisfies Stage 2 rules. It is kept as Stage 2 Failed until a fresh base/repair structure forms.",Recent Stage 2 break; public stage held as Stage 2 Failed.,2026-09-28,2026-09-23,,watchlist,weekly_watchlist,watchlist,11.93,37.15,23.28,5.0,11.93,37.15,28.28,-1.68,15.21,145027290.2,"Stage 4, Stage 4 - Weak/Declining, weekly_vcp_ok, volume_dryup, weekly_volume_dryup, weekly_strong, downtrend | Stage 2 failed state applied from stage memory.",245,340,Stage 2 Failed,watchlist,weekly_watchlist,25.23,95,3.0500000000000007,False,False,False,False,False
GPPL.NS,Gujarat Pipavav Port Limited,Services,Unknown,False,Cash,1,Stage 1,Stage 1,Stage 1 - Early Turn,Stage 1 - Early Turn,Stage 1 • Stage 1 - Early Turn,0.66,The stock is improving from a repair/base area but has not confirmed a clean Stage 2 yet.,,,2026-02-10,,watchlist,weekly_watchlist,watchlist,15.93,38.87,26.25,2.0,15.93,38.87,28.25,12.3,15.43,235288116.05,"Stage 1, Stage 1 - Early Turn, weekly_vcp_ok, volume_dryup, weekly_volume_dryup, stage1_not_actionable, stage1_needs_more_base",246,237,Stage 1,watchlist,weekly_watchlist,32.43,-9,-4.18,False,False,False,False,False
KKCL.NS,Kewal Kiran Clothing Limited,Textiles,Unknown,False,Cash,1,Stage 2 Failed,Stage 4,Failed Stage 2,Failed Stage 2,Stage 2 Failed • Failed Stage 2,0.72,"This stock was recently Stage 2, but the latest structure no longer satisfies Stage 2 rules. It is kept as Stage 2 Failed until a fresh base/repair structure forms.",Recent Stage 2 break; public stage held as Stage 2 Failed.,2026-09-28,2026-09-18,,watchlist,weekly_watchlist,watchlist,3.48,36.31,18.25,10.0,3.48,36.31,28.25,-2.44,7.53,14590364.45,"Stage 4, Stage 4 - Weak/Declining, weekly_vcp_ok, volume_dryup, weekly_volume_dryup, weekly_strong, downtrend | Stage 2 failed state applied from stage memory.",247,243,Stage 2 Failed,watchlist,weekly_watchlist,31.57,-4,-3.3200000000000003,False,False,False,False,False
BEL.NS,Bharat Electronics Limited,Capital Goods,Unknown,True,F&O,1,Stage 1,Stage 1,Stage 1 - Unclear/Repair,Stage 1 - Unclear/Repair,Stage 1 • Stage 1 - Unclear/Repair,0.58,Not enough evidence for Stage 2 or Stage 4; classified as repair/unclear structure.,,,2026-04-29,,watchlist,weekly_watchlist,watchlist,7.13,42.9,23.23,5.0,7.13,42.9,28.23,-1.89,-6.18,3698599840.99,"Stage 1, Stage 1 - Unclear/Repair, weekly_vcp_ok, weekly_volume_dryup, weekly_strong, stage1_not_actionable, stage1_needs_more_base",248,360,Not Sure,watchlist,weekly_watchlist,24.3,112,3.9299999999999997,False,False,False,False,False
FORCEMOT.NS,FORCE MOTORS LTD,Automobile and Auto Components,Unknown,True,F&O,1,Stage 4,Stage 4,Stage 4 - Confirmed Downtrend,Stage 4 - Confirmed Downtrend,Stage 4 • Stage 4 - Confirmed Downtrend,0.86,Price is below a bearish moving-average stack with falling trend signals.,,,2026-05-06,,watchlist,weekly_watchlist,watchlist,11.91,36.9,23.16,5.0,11.91,36.9,28.16,-6.35,-16.57,1196028927.33,"Stage 4, Stage 4 - Confirmed Downtrend, weekly_vcp_ok, volume_dryup, weekly_volume_dryup, weekly_strong, downtrend",249,272,Stage 4,watchlist,weekly_watchlist,28.62,23,-0.46000000000000085,False,False,False,False,False
HINDPETRO.NS,Hindustan Petroleum Corporation Limited,"Oil, Gas & Consumable Fuels",Unknown,True,F&O,1,Stage 4,Stage 4,Stage 4 - Weak/Declining,Stage 4 - Weak/Declining,Stage 4 • Stage 4 - Weak/Declining,0.72,Price is below long-term support with weak trend evidence.,,,2026-01-07,,watchlist,weekly_watchlist,watchlist,12.09,36.59,23.12,5.0,12.09,36.59,28.12,-4.77,12.72,1299768396.01,"Stage 4, Stage 4 - Weak/Declining, weekly_vcp_ok, volume_dryup, weekly_volume_dryup, weekly_strong, downtrend",250,328,Stage 4,watchlist,weekly_watchlist,25.87,78,2.25,False,False,False,False,False
HINDZINC.NS,Hindustan Zinc Limited,Metals & Mining,Unknown,True,F&O,1,Stage 2 Failed,Stage 1,Failed Stage 2,Failed Stage 2,Stage 2 Failed • Failed Stage 2,0.72,"This stock was recently Stage 2, but the latest structure no longer satisfies Stage 2 rules. It is kept as Stage 2 Failed until a fresh base/repair structure forms.",Recent Stage 2 break; public stage held as Stage 2 Failed.,2026-09-28,2026-09-25,,watchlist,weekly_watchlist,watchlist,10.67,44.69,25.98,2.0,10.67,44.69,27.98,13.48,15.39,2512613690.43,"Stage 1, Stage 1 - Base/Repair, weekly_vcp_ok, volume_dryup, weekly_volume_dryup, weekly_strong, stage1_not_actionable, stage1_needs_more_base | Stage 2 failed state applied from stage memory.",251,114,Stage 2,watchlist,weekly_forming,45.99,-137,-18.01,False,False,False,False,False
DCXINDIA.NS,DCX Systems Limited,Capital Goods,Unknown,False,Cash,1,Stage 4,Stage 4,Stage 4 - Weak/Declining,Stage 4 - Weak/Declining,Stage 4 • Stage 4 - Weak/Declining,0.72,Price is below long-term support with weak trend evidence.,,,,,watchlist,weekly_watchlist,watchlist,10.58,38.0,22.92,5.0,10.58,38.0,27.92,-16.66,-1.77,61880293.06,"Stage 4, Stage 4 - Weak/Declining, weekly_vcp_ok, weekly_volume_dryup, weekly_strong, downtrend",252,284,Stage 4,watchlist,weekly_watchlist,27.93,32,-0.00999999999999801,False,False,False,False,False
CHOLAFIN.NS,Cholamandalam Investment and Finance Company Limited,Financial Services,Unknown,True,F&O,1,Stage 2 Failed,Stage 1,Failed Stage 2,Failed Stage 2,Stage 2 Failed • Failed Stage 2,0.72,"This stock was recently Stage 2, but the latest structure no longer satisfies Stage 2 rules. It is kept as Stage 2 Failed until a fresh base/repair structure forms.",Recent Stage 2 break; public stage held as Stage 2 Failed.,2026-09-28,2026-09-23,,watchlist,weekly_watchlist,watchlist,14.03,44.83,27.89,0.0,14.03,44.83,27.89,-3.49,22.79,2567214062.52,"Stage 1, Stage 1 - Base/Repair, weekly_vcp_ok, weekly_strong, stage1_not_actionable, stage1_needs_more_base | Stage 2 failed state applied from stage memory.",253,250,Stage 2 Failed,watchlist,weekly_watchlist,30.64,-3,-2.75,False,False,False,False,False
INDIANB.NS,Indian Bank,Financial Services,Unknown,True,F&O,1,Stage 2 Failed,Stage 1,Failed Stage 2,Failed Stage 2,Stage 2 Failed • Failed Stage 2,0.72,"This stock was recently Stage 2, but the latest structure no longer satisfies Stage 2 rules. It is kept as Stage 2 Failed until a fresh base/repair structure forms.",Recent Stage 2 break; public stage held as Stage 2 Failed.,2026-09-28,2026-09-07,,watchlist,weekly_watchlist,watchlist,16.3,41.81,27.78,0.0,16.3,41.81,27.78,3.55,-3.48,819968813.22,"Stage 1, Stage 1 - Base/Repair, weekly_vcp_ok, volume_dryup, weekly_volume_dryup, weekly_strong, stage1_not_actionable, stage1_needs_more_base | Stage 2 failed state applied from stage memory.",254,266,Stage 2 Failed,watchlist,weekly_watchlist,28.87,12,-1.0899999999999999,False,False,False,False,False
TBOTEK.NS,TBO Tek Ltd.,Consumer Services,Unknown,False,Cash,1,Stage 2,Stage 2,Early Stage 2,Early Stage 2,Stage 2 • Early Stage 2,0.72,"Price has moved above long-term structure, but the full moving-average stack is not clean yet.",,,2026-09-25,,watchlist,weekly_watchlist,watchlist,21.94,30.41,25.75,2.0,21.94,30.41,27.75,14.55,53.53,276252897.72,"Stage 2, Early Stage 2, volume_dryup, weekly_volume_dryup",255,281,Stage 2,watchlist,weekly_watchlist,28.11,26,-0.35999999999999943,False,False,False,False,False
GARFIBRES.NS,Garware Technical Fibres Limited,Textiles,Unknown,False,Cash,1,Stage 2,Stage 2,Early Stage 2,Early Stage 2,Stage 2 • Early Stage 2,0.72,"Price has moved above long-term structure, but the full moving-average stack is not clean yet.",,,2026-09-25,,watchlist,weekly_watchlist,watchlist,12.0,24.77,17.75,10.0,12.0,24.77,27.75,12.18,31.52,36445594.41,"Stage 2, Early Stage 2, volume_dryup, weekly_volume_dryup",256,294,Stage 2,watchlist,weekly_watchlist,27.3,38,0.4499999999999993,False,False,False,False,False
JKTYRE.NS,JK Tyre & Industries Limited,Automobile and Auto Components,Unknown,False,Cash,1,Stage 4,Stage 4,Stage 4 - Confirmed Downtrend,Stage 4 - Confirmed Downtrend,Stage 4 • Stage 4 - Confirmed Downtrend,0.86,Price is below a bearish moving-average stack with falling trend signals.,,,2026-03-02,,watchlist,weekly_watchlist,watchlist,10.82,36.9,22.56,5.0,10.82,36.9,27.56,-12.97,-10.02,145828894.11,"Stage 4, Stage 4 - Confirmed Downtrend, weekly_vcp_ok, volume_dryup, weekly_strong, downtrend",257,260,Stage 4,watchlist,weekly_watchlist,29.7,3,-2.1400000000000006,False,False,False,False,False
NHPC.NS,NHPC Limited,Power,Unknown,True,F&O,1,Stage 1,Stage 1,Stage 1 - Base/Repair,Stage 1 - Base/Repair,Stage 1 • Stage 1 - Base/Repair,0.7,Price is near long-term moving averages with no strong long-term downtrend signal.,,,2026-05-06,,watchlist,weekly_watchlist,watchlist,15.82,41.8,27.51,0.0,15.82,41.8,27.51,-2.2,1.43,747756660.38,"Stage 1, Stage 1 - Base/Repair, weekly_vcp_ok, weekly_volume_dryup, weekly_strong, stage1_not_actionable, stage1_needs_more_base",258,269,Stage 1,watchlist,weekly_watchlist,28.81,11,-1.2999999999999972,False,False,False,False,False
CONCORDBIO.NS,Concord Biotech Limited,Healthcare,Unknown,False,Cash,1,Stage 2,Stage 2,Early Stage 2,Early Stage 2,Stage 2 • Early Stage 2,0.72,"Price has moved above long-term structure, but the full moving-average stack is not clean yet.",,,2026-09-25,,watchlist,weekly_watchlist,watchlist,12.7,23.3,17.47,10.0,12.7,23.3,27.47,14.04,38.93,238858618.79,"Stage 2, Early Stage 2",259,255,Stage 2,watchlist,weekly_watchlist,30.13,-4,-2.66,False,False,False,False,False
BASF.NS,BASF India Limited,Chemicals,Unknown,False,Cash,1,Stage 2 Failed,Stage 4,Failed Stage 2,Failed Stage 2,Stage 2 Failed • Failed Stage 2,0.72,"This stock was recently Stage 2, but the latest structure no longer satisfies Stage 2 rules. It is kept as Stage 2 Failed until a fresh base/repair structure forms.",Recent Stage 2 break; public stage held as Stage 2 Failed.,2026-09-28,2026-09-08,,watchlist,weekly_watchlist,watchlist,10.62,36.84,22.42,5.0,10.62,36.84,27.42,1.86,8.55,71241094.71,"Stage 4, Stage 4 - Weak/Declining, weekly_vcp_ok, volume_dryup, weekly_volume_dryup, weekly_strong, downtrend | Stage 2 failed state applied from stage memory.",260,288,Stage 2 Failed,watchlist,weekly_watchlist,27.47,28,-0.04999999999999716,False,False,False,False,False
IOC.NS,Indian Oil Corporation Ltd.,"Oil, Gas & Consumable Fuels",Unknown,True,F&O,1,Stage 4,Stage 4,Stage 4 - Confirmed Downtrend,Stage 4 - Confirmed Downtrend,Stage 4 • Stage 4 - Confirmed Downtrend,0.86,Price is below a bearish moving-average stack with falling trend signals.,,,2026-03-06,,watchlist,weekly_watchlist,watchlist,10.26,37.16,22.36,5.0,10.26,37.16,27.36,0.08,2.54,977785027.38,"Stage 4, Stage 4 - Confirmed Downtrend, weekly_vcp_ok, weekly_strong, downtrend",261,381,Stage 4,watchlist,weekly_watchlist,23.39,120,3.969999999999999,False,False,False,False,False
MRF.NS,MRF Limited,Automobile and Auto Components,Unknown,False,Cash,1,Stage 4,Stage 4,Stage 4 - Confirmed Downtrend,Stage 4 - Confirmed Downtrend,Stage 4 • Stage 4 - Confirmed Downtrend,0.86,Price is below a bearish moving-average stack with falling trend signals.,,,2025-12-01,,watchlist,weekly_watchlist,watchlist,10.45,36.9,22.35,5.0,10.45,36.9,27.35,-1.27,0.08,412130518.75,"Stage 4, Stage 4 - Confirmed Downtrend, weekly_vcp_ok, weekly_volume_dryup, weekly_strong, downtrend",262,277,Stage 4,watchlist,weekly_watchlist,28.18,15,-0.8299999999999983,False,False,False,False,False
BAJAJ-AUTO.NS,Bajaj Auto Limited,Automobile and Auto Components,Unknown,True,F&O,1,Stage 2,Stage 2,Early Stage 2,Early Stage 2,Stage 2 • Early Stage 2,0.72,"Price has moved above long-term structure, but the full moving-average stack is not clean yet.",,,2026-09-25,,watchlist,weekly_watchlist,watchlist,21.89,22.68,22.25,5.0,21.89,22.68,27.25,16.94,29.9,2275233396.6,"Stage 2, Early Stage 2, volume_dryup, weekly_volume_dryup",263,291,Stage 2,watchlist,weekly_watchlist,27.39,28,-0.14000000000000057,False,False,False,False,False
BHARTIHEXA.NS,Bharti Hexacom Ltd.,Telecommunication,Unknown,False,Cash,1,Stage 4,Stage 4,Stage 4 - Weak/Declining,Stage 4 - Weak/Declining,Stage 4 • Stage 4 - Weak/Declining,0.72,Price is below long-term support with weak trend evidence.,,,2026-01-05,,watchlist,weekly_watchlist,watchlist,0.0,38.32,17.24,10.0,0.0,38.32,27.24,5.22,-2.03,118204699.1,"Stage 4, Stage 4 - Weak/Declining, weekly_vcp_ok, volume_dryup, weekly_volume_dryup, weekly_strong, downtrend",264,289,Stage 4,watchlist,weekly_watchlist,27.42,25,-0.18000000000000327,False,False,False,False,False
ASTRAZEN.NS,AstraZeneca Pharma India Limited,Healthcare,Unknown,False,Cash,1,Stage 4,Stage 4,Stage 4 - Confirmed Downtrend,Stage 4 - Confirmed Downtrend,Stage 4 • Stage 4 - Confirmed Downtrend,0.86,Price is below a bearish moving-average stack with falling trend signals.,,,2025-11-28,,watchlist,weekly_watchlist,watchlist,1.12,36.9,17.22,10.0,1.12,36.9,27.22,-18.36,-17.15,37132174.3,"Stage 4, Stage 4 - Confirmed Downtrend, weekly_vcp_ok, volume_dryup, weekly_volume_dryup, weekly_strong, downtrend",265,296,Stage 4,watchlist,weekly_watchlist,27.27,31,-0.05000000000000071,False,False,False,False,False
ONESOURCE.NS,Onesource Specialty Pharma Ltd.,Healthcare,Unknown,False,Cash,1,Stage 2 Failed,Stage 4,Failed Stage 2,Failed Stage 2,Stage 2 Failed • Failed Stage 2,0.72,"This stock was recently Stage 2, but the latest structure no longer satisfies Stage 2 rules. It is kept as Stage 2 Failed until a fresh base/repair structure forms.",Recent Stage 2 break; public stage held as Stage 2 Failed.,2026-09-28,2026-09-16,,watchlist,weekly_watchlist,watchlist,0.0,38.06,17.13,10.0,0.0,38.06,27.13,-2.11,13.74,580784609.04,"Stage 4, Stage 4 - Weak/Declining, weekly_vcp_ok, weekly_volume_dryup, weekly_strong, downtrend | Stage 2 failed state applied from stage memory.",266,207,Stage 2 Failed,watchlist,weekly_watchlist,35.23,-59,-8.099999999999998,False,False,False,False,False
SAGILITY.NS,Sagility Ltd.,Information Technology,Unknown,False,Cash,1,Not Sure,Stage 4,Pending Stage 4,Pending Stage 4,Not Sure • Pending Stage 4,0.55,Blocked public stage jump Stage 1 -> Stage 4; waiting for intermediate/confirmed structure.,Blocked public stage jump Stage 1 -> Stage 4; waiting for intermediate/confirmed structure.,,,Stage 4,watchlist,weekly_watchlist,watchlist,14.83,37.53,25.05,2.0,14.83,37.53,27.05,10.68,6.62,570961533.26,"Stage 4, Stage 4 - Weak/Declining, weekly_vcp_ok, volume_dryup, weekly_volume_dryup, weekly_strong, downtrend | Blocked public stage jump Stage 1 -> Stage 4; waiting for intermediate/confirmed structure.",267,205,Stage 1,watchlist,weekly_watchlist,35.51,-62,-8.459999999999997,False,False,False,False,False
DATAPATTNS.NS,Data Patterns (India) Limited,Capital Goods,Unknown,False,Cash,1,Stage 2,Stage 2,Early Stage 2,Early Stage 2,Stage 2 • Early Stage 2,0.72,"Price has moved above long-term structure, but the full moving-average stack is not clean yet.",,,2026-09-25,,watchlist,weekly_watchlist,watchlist,16.2,29.17,22.04,5.0,16.2,29.17,27.04,-2.85,42.54,2785762803.68,"Stage 2, Early Stage 2, volume_dryup, weekly_volume_dryup",268,156,Stage 2,watchlist,weekly_watchlist,41.07,-112,-14.030000000000001,False,False,False,False,False
COROMANDEL.NS,Coromandel International Limited,Chemicals,Unknown,False,Cash,1,Stage 4,Stage 4,Stage 4 - Weak/Declining,Stage 4 - Weak/Declining,Stage 4 • Stage 4 - Weak/Declining,0.72,Price is below long-term support with weak trend evidence.,,,2025-12-09,,watchlist,weekly_watchlist,watchlist,9.43,37.23,21.94,5.0,9.43,37.23,26.94,-0.15,3.46,211242119.9,"Stage 4, Stage 4 - Weak/Declining, weekly_vcp_ok, weekly_strong, downtrend",269,302,Stage 4,watchlist,weekly_watchlist,26.92,33,0.019999999999999574,False,False,False,False,False
GRSE.NS,Garden Reach Shipbuilders & Engineers Limited,Capital Goods,Unknown,False,Cash,1,Stage 4,Stage 4,Stage 4 - Weak/Declining,Stage 4 - Weak/Declining,Stage 4 • Stage 4 - Weak/Declining,0.72,Price is below long-term support with weak trend evidence.,,,2026-07-08,,watchlist,weekly_watchlist,watchlist,10.39,35.8,21.82,5.0,10.39,35.8,26.82,-13.64,2.1,735321359.31,"Stage 4, Stage 4 - Weak/Declining, weekly_vcp_ok, volume_dryup, weekly_volume_dryup, weekly_strong, downtrend",270,298,Stage 4,watchlist,weekly_watchlist,27.18,28,-0.35999999999999943,False,False,False,False,False
BIOCON.NS,Biocon Ltd.,Healthcare,Unknown,True,F&O,1,Stage 4,Stage 4,Stage 4 - Weak/Declining,Stage 4 - Weak/Declining,Stage 4 • Stage 4 - Weak/Declining,0.72,Price is below long-term support with weak trend evidence.,,,2026-08-14,,watchlist,weekly_watchlist,watchlist,0.0,37.25,16.76,10.0,0.0,37.25,26.76,-5.23,8.72,1214891443.84,"Stage 4, Stage 4 - Weak/Declining, weekly_vcp_ok, weekly_volume_dryup, weekly_strong, downtrend",271,307,Stage 4,watchlist,weekly_watchlist,26.61,36,0.15000000000000213,False,False,False,False,False
AEGISLOG.NS,Aegis Logistics Ltd.,"Oil, Gas & Consumable Fuels",Unknown,False,Cash,1,Stage 2,Stage 2,Early Stage 2,Early Stage 2,Stage 2 • Early Stage 2,0.72,"Price has moved above long-term structure, but the full moving-average stack is not clean yet.",,,2026-09-25,,watchlist,weekly_watchlist,watchlist,19.14,24.8,21.69,5.0,19.14,24.8,26.69,4.59,125.43,1271747441.07,"Stage 2, Early Stage 2, weekly_volume_dryup",272,209,Stage 2,watchlist,weekly_watchlist,35.2,-63,-8.510000000000002,False,False,False,False,False
JSL.NS,Jindal Stainless Limited,Metals & Mining,Unknown,False,Cash,1,Stage 1,Stage 1,Stage 1 - Early Turn,Stage 1 - Early Turn,Stage 1 • Stage 1 - Early Turn,0.66,The stock is improving from a repair/base area but has not confirmed a clean Stage 2 yet.,,,2026-02-26,,watchlist,weekly_watchlist,watchlist,0.0,54.8,24.66,2.0,0.0,54.8,26.66,13.4,6.58,975123929.18,"Stage 1, Stage 1 - Early Turn, stage1_base_ready, weekly_vcp_ok, weekly_strong, stage1_not_actionable",273,177,Stage 1,watchlist,weekly_watchlist,39.65,-96,-12.989999999999998,False,False,False,False,False
ARE&M.NS,Amara Raja Energy & Mobility Ltd.,Automobile and Auto Components,Unknown,False,Cash,1,Stage 4,Stage 4,Stage 4 - Weak/Declining,Stage 4 - Weak/Declining,Stage 4 • Stage 4 - Weak/Declining,0.72,Price is below long-term support with weak trend evidence.,,,2026-08-28,,watchlist,weekly_watchlist,watchlist,9.68,36.28,21.65,5.0,9.68,36.28,26.65,-4.53,9.34,334016320.96,"Stage 4, Stage 4 - Weak/Declining, weekly_vcp_ok, volume_dryup, weekly_volume_dryup, weekly_strong, downtrend",274,299,Stage 4,watchlist,weekly_watchlist,27.02,25,-0.370000000000001,False,False,False,False,False
ERIS.NS,Eris Lifesciences Limited,Healthcare,Unknown,False,Cash,1,Stage 4,Stage 4,Stage 4 - Confirmed Downtrend,Stage 4 - Confirmed Downtrend,Stage 4 • Stage 4 - Confirmed Downtrend,0.86,Price is below a bearish moving-average stack with falling trend signals.,,,,,watchlist,weekly_watchlist,watchlist,0.0,36.9,16.61,10.0,0.0,36.9,26.61,-9.56,-2.88,66474562.72,"Stage 4, Stage 4 - Confirmed Downtrend, weekly_vcp_ok, volume_dryup, weekly_volume_dryup, weekly_strong, downtrend",275,308,Stage 4,watchlist,weekly_watchlist,26.61,33,0.0,False,False,False,False,False
ANANDRATHI.NS,Anand Rathi Wealth Limited,Financial Services,Unknown,False,Cash,1,Stage 2,Stage 2,Early Stage 2,Early Stage 2,Stage 2 • Early Stage 2,0.72,"Price has moved above long-term structure, but the full moving-average stack is not clean yet.",,,2026-09-25,,watchlist,weekly_watchlist,watchlist,19.87,34.53,26.47,0.0,19.87,34.53,26.47,12.97,36.31,588294728.11,"Stage 2, Early Stage 2",276,303,Stage 2,watchlist,weekly_watchlist,26.81,27,-0.33999999999999986,False,False,False,False,False
DCAL.NS,Dishman Carbogen Amcis Limited,Healthcare,Unknown,False,Cash,1,Stage 4,Stage 4,Stage 4 - Weak/Declining,Stage 4 - Weak/Declining,Stage 4 • Stage 4 - Weak/Declining,0.72,Price is below long-term support with weak trend evidence.,,,2025-11-12,,watchlist,weekly_watchlist,watchlist,0.0,36.53,16.44,10.0,0.0,36.53,26.44,-7.4,14.66,36875371.4,"Stage 4, Stage 4 - Weak/Declining, weekly_vcp_ok, weekly_volume_dryup, weekly_strong, downtrend",277,273,Stage 4,watchlist,weekly_watchlist,28.53,-4,-2.09,False,False,False,False,False
JLHL.NS,Jupiter Life Line Hospitals Limited,Healthcare,Unknown,False,Cash,1,Stage 2 Failed,Stage 4,Failed Stage 2,Failed Stage 2,Stage 2 Failed • Failed Stage 2,0.72,"This stock was recently Stage 2, but the latest structure no longer satisfies Stage 2 rules. It is kept as Stage 2 Failed until a fresh base/repair structure forms.",Recent Stage 2 break; public stage held as Stage 2 Failed.,2026-09-28,2026-09-18,,watchlist,weekly_watchlist,watchlist,0.0,36.35,16.36,10.0,0.0,36.35,26.36,-4.12,9.67,27036611.76,"Stage 4, Stage 4 - Weak/Declining, weekly_vcp_ok, volume_dryup, weekly_volume_dryup, weekly_strong, downtrend | Stage 2 failed state applied from stage memory.",278,315,Stage 2 Failed,watchlist,weekly_watchlist,26.14,37,0.21999999999999886,False,False,False,False,False
DELTACORP.NS,Delta Corp Limited,Consumer Services,Unknown,False,Cash,1,Not Sure,Not Sure,Not Sure,Not Sure,Not Sure,0.0,Stage rules did not identify a reliable structure.,No confident stage classification.,,,,watchlist,weekly_watchlist,watchlist,33.59,12.91,24.28,2.0,33.59,12.91,26.28,12.36,32.77,384695215.47,"Not Sure, Not Sure",279,577,Not Sure,watchlist,weekly_watchlist,16.11,298,10.170000000000002,False,False,False,False,False
CEATLTD.NS,Ceat Ltd.,Automobile and Auto Components,Unknown,False,Cash,1,Stage 4,Stage 4,Stage 4 - Weak/Declining,Stage 4 - Weak/Declining,Stage 4 • Stage 4 - Weak/Declining,0.72,Price is below long-term support with weak trend evidence.,,,2026-08-06,,watchlist,weekly_watchlist,watchlist,8.48,36.9,21.27,5.0,8.48,36.9,26.27,-7.97,0.47,181792586.73,"Stage 4, Stage 4 - Weak/Declining, weekly_vcp_ok, volume_dryup, weekly_volume_dryup, weekly_strong, downtrend",280,473,Stage 4,watchlist,weekly_watchlist,19.46,193,6.809999999999999,False,False,False,False,False
APOLLOTYRE.NS,Apollo Tyres Limited,Automobile and Auto Components,Unknown,False,Cash,1,Stage 4,Stage 4,Stage 4 - Weak/Declining,Stage 4 - Weak/Declining,Stage 4 • Stage 4 - Weak/Declining,0.72,Price is below long-term support with weak trend evidence.,,,2026-01-15,,watchlist,weekly_watchlist,watchlist,8.35,36.9,21.2,5.0,8.35,36.9,26.2,-9.08,-2.05,259376170.63,"Stage 4, Stage 4 - Weak/Declining, weekly_vcp_ok, weekly_volume_dryup, weekly_strong, downtrend",281,314,Stage 4,watchlist,weekly_watchlist,26.2,33,0.0,False,False,False,False,False
TATACHEM.NS,Tata Chemicals Limited,Chemicals,Unknown,False,Cash,1,Stage 4,Stage 4,Stage 4 - Confirmed Downtrend,Stage 4 - Confirmed Downtrend,Stage 4 • Stage 4 - Confirmed Downtrend,0.86,Price is below a bearish moving-average stack with falling trend signals.,,,,,watchlist,weekly_watchlist,watchlist,9.14,35.84,21.16,5.0,9.14,35.84,26.16,-1.76,2.17,2532233834.42,"Stage 4, Stage 4 - Confirmed Downtrend, weekly_vcp_ok, weekly_volume_dryup, weekly_strong, downtrend",282,606,Stage 4,watchlist,weekly_watchlist,12.15,324,14.01,False,False,False,False,False
SIEMENS.NS,Siemens Ltd.,Capital Goods,Unknown,True,F&O,1,Stage 2,Stage 2,Early Stage 2,Early Stage 2,Stage 2 • Early Stage 2,0.72,"Price has moved above long-term structure, but the full moving-average stack is not clean yet.",,,2026-09-25,,watchlist,weekly_watchlist,watchlist,19.49,23.13,21.13,5.0,19.49,23.13,26.13,11.35,27.95,985814435.34,"Stage 2, Early Stage 2, volume_dryup, weekly_volume_dryup",283,141,Stage 2,watchlist,weekly_watchlist,43.2,-142,-17.070000000000004,False,False,False,False,False
ALKEM.NS,Alkem Laboratories Limited,Healthcare,Unknown,True,F&O,1,Stage 4,Stage 4,Stage 4 - Confirmed Downtrend,Stage 4 - Confirmed Downtrend,Stage 4 • Stage 4 - Confirmed Downtrend,0.86,Price is below a bearish moving-average stack with falling trend signals.,,,2026-08-11,,watchlist,weekly_watchlist,watchlist,0.0,35.82,16.12,10.0,0.0,35.82,26.12,-0.64,0.86,736893734.73,"Stage 4, Stage 4 - Confirmed Downtrend, weekly_vcp_ok, weekly_volume_dryup, weekly_strong, downtrend",284,316,Stage 4,watchlist,weekly_watchlist,26.11,32,0.010000000000001563,False,False,False,False,False
ALOKINDS.NS,Alok Industries Limited,Textiles,Unknown,False,Cash,1,Stage 4,Stage 4,Stage 4 - Confirmed Downtrend,Stage 4 - Confirmed Downtrend,Stage 4 • Stage 4 - Confirmed Downtrend,0.86,Price is below a bearish moving-average stack with falling trend signals.,,,,,watchlist,weekly_watchlist,watchlist,0.0,35.8,16.11,10.0,0.0,35.8,26.11,-40.49,-39.75,244338985.68,"Stage 4, Stage 4 - Confirmed Downtrend, weekly_vcp_ok, weekly_strong, downtrend",285,317,Stage 4,watchlist,weekly_watchlist,26.11,32,0.0,False,False,False,False,False
FORTIS.NS,Fortis Healthcare Limited,Healthcare,Unknown,True,F&O,1,Stage 4,Stage 4,Stage 4 - Weak/Declining,Stage 4 - Weak/Declining,Stage 4 • Stage 4 - Weak/Declining,0.72,Price is below long-term support with weak trend evidence.,,,2026-07-29,,watchlist,weekly_watchlist,watchlist,0.0,35.8,16.11,10.0,0.0,35.8,26.11,-9.59,7.69,947696640.65,"Stage 4, Stage 4 - Weak/Declining, weekly_vcp_ok, weekly_strong, downtrend",286,318,Not Sure,watchlist,weekly_watchlist,26.11,32,0.0,False,False,False,False,False
ROUTE.NS,ROUTE MOBILE LIMITED,Telecommunication,Unknown,False,Cash,1,Stage 4,Stage 4,Stage 4 - Weak/Declining,Stage 4 - Weak/Declining,Stage 4 • Stage 4 - Weak/Declining,0.72,Price is below long-term support with weak trend evidence.,,,,,watchlist,weekly_watchlist,watchlist,0.0,35.8,16.11,10.0,0.0,35.8,26.11,-10.47,2.12,109320803.74,"Stage 4, Stage 4 - Weak/Declining, weekly_vcp_ok, volume_dryup, weekly_volume_dryup, weekly_strong, downtrend",287,319,Stage 4,watchlist,weekly_watchlist,26.11,32,0.0,False,False,False,False,False
SANOFI.NS,Sanofi India Limited,Healthcare,Unknown,False,Cash,1,Stage 4,Stage 4,Stage 4 - Confirmed Downtrend,Stage 4 - Confirmed Downtrend,Stage 4 • Stage 4 - Confirmed Downtrend,0.86,Price is below a bearish moving-average stack with falling trend signals.,,,,,watchlist,weekly_watchlist,watchlist,0.0,35.8,16.11,10.0,0.0,35.8,26.11,-5.56,-1.4,55827455.64,"Stage 4, Stage 4 - Confirmed Downtrend, weekly_vcp_ok, weekly_strong, downtrend",288,320,Stage 4,watchlist,weekly_watchlist,26.11,32,0.0,False,False,False,False,False
SYNGENE.NS,Syngene International Limited,Healthcare,Unknown,False,Cash,1,Stage 4,Stage 4,Stage 4 - Confirmed Downtrend,Stage 4 - Confirmed Downtrend,Stage 4 • Stage 4 - Confirmed Downtrend,0.86,Price is below a bearish moving-average stack with falling trend signals.,,,,,watchlist,weekly_watchlist,watchlist,0.0,35.8,16.11,10.0,0.0,35.8,26.11,-9.42,-1.33,236350507.62,"Stage 4, Stage 4 - Confirmed Downtrend, weekly_vcp_ok, volume_dryup, weekly_volume_dryup, weekly_strong, downtrend",289,321,Stage 4,watchlist,weekly_watchlist,26.11,32,0.0,False,False,False,False,False
TRIDENT.NS,Trident Limited,Textiles,Unknown,False,Cash,1,Stage 4,Stage 4,Stage 4 - Confirmed Downtrend,Stage 4 - Confirmed Downtrend,Stage 4 • Stage 4 - Confirmed Downtrend,0.86,Price is below a bearish moving-average stack with falling trend signals.,,,,,watchlist,weekly_watchlist,watchlist,0.0,35.8,16.11,10.0,0.0,35.8,26.11,-9.33,-0.7,58489362.03,"Stage 4, Stage 4 - Confirmed Downtrend, weekly_vcp_ok, volume_dryup, weekly_volume_dryup, weekly_strong, downtrend",290,228,Stage 4,watchlist,weekly_watchlist,32.84,-62,-6.730000000000004,False,False,False,False,False
TTML.NS,Tata Teleservices (Maharashtra) Limited,Telecommunication,Unknown,False,Cash,1,Stage 4,Stage 4,Stage 4 - Confirmed Downtrend,Stage 4 - Confirmed Downtrend,Stage 4 • Stage 4 - Confirmed Downtrend,0.86,Price is below a bearish moving-average stack with falling trend signals.,,,,,watchlist,weekly_watchlist,watchlist,0.0,35.8,16.11,10.0,0.0,35.8,26.11,-10.87,1.79,195138900.63,"Stage 4, Stage 4 - Confirmed Downtrend, weekly_vcp_ok, weekly_strong, downtrend",291,322,Stage 4,watchlist,weekly_watchlist,26.11,31,0.0,False,False,False,False,False
MTARTECH.NS,Mtar Technologies Limited,Capital Goods,Unknown,False,Cash,1,Stage 2,Stage 2,Stage 2,Stage 2,Stage 2,0.76,Advancing structure detected.,,,2026-09-25,,watchlist,weekly_watchlist,watchlist,16.05,27.2,21.07,5.0,16.05,27.2,26.07,0.67,100.02,761037008.05,"Stage 2, Stage 2, volume_dryup, weekly_volume_dryup",292,164,Stage 2,watchlist,weekly_watchlist,40.89,-128,-14.82,False,False,False,False,False
ELECTCAST.NS,Electrosteel Castings Limited,Capital Goods,Unknown,False,Cash,1,Stage 2 Failed,Stage 1,Failed Stage 2,Failed Stage 2,Stage 2 Failed • Failed Stage 2,0.72,"This stock was recently Stage 2, but the latest structure no longer satisfies Stage 2 rules. It is kept as Stage 2 Failed until a fresh base/repair structure forms.",Recent Stage 2 break; public stage held as Stage 2 Failed.,2026-09-28,2026-09-14,,watchlist,weekly_watchlist,watchlist,15.32,28.1,21.07,5.0,15.32,28.1,26.07,-1.23,-6.14,201597094.57,"Stage 1, Stage 1 - Base/Repair, weekly_vcp_ok, stage1_not_actionable, stage1_needs_more_base | Stage 2 failed state applied from stage memory.",293,341,Stage 2 Failed,watchlist,weekly_watchlist,25.11,48,0.9600000000000009,False,False,False,False,False
GALLANTT.NS,Gallantt Ispat Limited,Capital Goods,Unknown,False,Cash,1,Stage 4,Stage 4,Stage 4 - Weak/Declining,Stage 4 - Weak/Declining,Stage 4 • Stage 4 - Weak/Declining,0.72,Price is below long-term support with weak trend evidence.,,,2026-06-26,,watchlist,weekly_watchlist,watchlist,10.38,33.8,20.92,5.0,10.38,33.8,25.92,-15.69,-0.87,52526887.54,"Stage 4, Stage 4 - Weak/Declining, weekly_vcp_ok, weekly_strong, downtrend",294,312,Stage 4,watchlist,weekly_watchlist,26.28,18,-0.35999999999999943,False,False,False,False,False
UPL.NS,UPL Limited,Chemicals,Unknown,True,F&O,1,Stage 4,Stage 4,Stage 4 - Confirmed Downtrend,Stage 4 - Confirmed Downtrend,Stage 4 • Stage 4 - Confirmed Downtrend,0.86,Price is below a bearish moving-average stack with falling trend signals.,,,2026-01-20,,watchlist,weekly_watchlist,watchlist,7.82,36.9,20.91,5.0,7.82,36.9,25.91,-0.66,-4.18,1219899916.18,"Stage 4, Stage 4 - Confirmed Downtrend, weekly_vcp_ok, weekly_strong, downtrend",295,327,Stage 4,watchlist,weekly_watchlist,25.91,32,0.0,False,False,False,False,False
EPIGRAL.NS,Epigral Limited,Chemicals,Unknown,False,Cash,1,Stage 4,Stage 4,Stage 4 - Weak/Declining,Stage 4 - Weak/Declining,Stage 4 • Stage 4 - Weak/Declining,0.72,Price is below long-term support with weak trend evidence.,,,,,watchlist,weekly_watchlist,watchlist,6.69,38.29,20.91,5.0,6.69,38.29,25.91,2.72,22.22,39912670.4,"Stage 4, Stage 4 - Weak/Declining, weekly_vcp_ok, volume_dryup, weekly_volume_dryup, weekly_strong, downtrend",296,310,Stage 4,watchlist,weekly_watchlist,26.55,14,-0.6400000000000006,False,False,False,False,False
LTTS.NS,L&T Technology Services Ltd.,Information Technology,Unknown,False,Cash,1,Stage 4,Stage 4,Stage 4 - Weak/Declining,Stage 4 - Weak/Declining,Stage 4 • Stage 4 - Weak/Declining,0.72,Price is below long-term support with weak trend evidence.,,,,,watchlist,weekly_watchlist,watchlist,13.68,36.38,23.9,2.0,13.68,36.38,25.9,6.52,-0.72,152715657.54,"Stage 4, Stage 4 - Weak/Declining, weekly_vcp_ok, volume_dryup, weekly_volume_dryup, weekly_strong, downtrend",297,330,Stage 4,watchlist,weekly_watchlist,25.8,33,0.09999999999999787,False,False,False,False,False
BLS.NS,BLS International Services Ltd.,Consumer Services,Unknown,False,Cash,1,Stage 4,Stage 4,Stage 4 - Confirmed Downtrend,Stage 4 - Confirmed Downtrend,Stage 4 • Stage 4 - Confirmed Downtrend,0.86,Price is below a bearish moving-average stack with falling trend signals.,,,,,watchlist,weekly_watchlist,watchlist,13.1,36.9,23.81,2.0,13.1,36.9,25.81,-7.16,-15.14,175788864.9,"Stage 4, Stage 4 - Confirmed Downtrend, weekly_vcp_ok, volume_dryup, weekly_volume_dryup, weekly_strong, downtrend",298,329,Stage 4,watchlist,weekly_watchlist,25.81,31,0.0,False,False,False,False,False
JWL.NS,Jupiter Wagons Limited,Capital Goods,Unknown,False,Cash,1,Stage 4,Stage 4,Stage 4 - Confirmed Downtrend,Stage 4 - Confirmed Downtrend,Stage 4 • Stage 4 - Confirmed Downtrend,0.86,Price is below a bearish moving-average stack with falling trend signals.,,,,,watchlist,weekly_watchlist,watchlist,7.52,36.9,20.74,5.0,7.52,36.9,25.74,-11.49,-11.14,153878231.22,"Stage 4, Stage 4 - Confirmed Downtrend, weekly_vcp_ok, volume_dryup, weekly_volume_dryup, weekly_strong, downtrend",299,313,Stage 4,watchlist,weekly_watchlist,26.27,14,-0.5300000000000011,False,False,False,False,False
MIDHANI.NS,Mishra Dhatu Nigam Limited,Capital Goods,Unknown,False,Cash,1,Stage 2,Stage 2,Early Stage 2,Early Stage 2,Stage 2 • Early Stage 2,0.72,"Price has moved above long-term structure, but the full moving-average stack is not clean yet.",,,2026-09-25,,watchlist,weekly_watchlist,watchlist,17.93,23.9,20.62,5.0,17.93,23.9,25.62,2.15,44.89,1383866627.05,"Stage 2, Early Stage 2, volume_dryup, weekly_volume_dryup",300,227,Stage 2,watchlist,weekly_watchlist,32.95,-73,-7.330000000000002,False,False,False,False,False
YESBANK.NS,Yes Bank Limited,Financial Services,Unknown,True,F&O,1,Not Sure,Not Sure,Not Sure,Not Sure,Not Sure,0.0,Stage rules did not identify a reliable structure.,No confident stage classification.,,2026-08-17,,watchlist,weekly_watchlist,watchlist,7.79,47.12,25.49,0.0,7.79,47.12,25.49,-7.55,20.78,1623967937.37,"Not Sure, Not Sure, weekly_vcp_ok, weekly_strong",301,491,Stage 3,watchlist,weekly_watchlist,18.77,190,6.719999999999999,False,False,False,False,False
MSUMI.NS,Motherson Sumi Wiring India Limited,Automobile and Auto Components,Unknown,False,Cash,1,Stage 4,Stage 4,Stage 4 - Confirmed Downtrend,Stage 4 - Confirmed Downtrend,Stage 4 • Stage 4 - Confirmed Downtrend,0.86,Price is below a bearish moving-average stack with falling trend signals.,,,2026-01-09,,watchlist,weekly_watchlist,watchlist,7.89,35.8,20.45,5.0,7.89,35.8,25.45,-9.76,-2.5,390277060.97,"Stage 4, Stage 4 - Confirmed Downtrend, weekly_vcp_ok, weekly_strong, downtrend",302,351,Stage 4,watchlist,weekly_watchlist,24.72,49,0.7300000000000004,False,False,False,False,False
ESCORTS.NS,Escorts Kubota Limited,Capital Goods,Unknown,False,Cash,1,Stage 4,Stage 4,Stage 4 - Confirmed Downtrend,Stage 4 - Confirmed Downtrend,Stage 4 • Stage 4 - Confirmed Downtrend,0.86,Price is below a bearish moving-average stack with falling trend signals.,,,2026-02-10,,watchlist,weekly_watchlist,watchlist,7.78,35.8,20.39,5.0,7.78,35.8,25.39,-0.92,-0.28,204361514.82,"Stage 4, Stage 4 - Confirmed Downtrend, weekly_vcp_ok, weekly_strong, downtrend",303,337,Stage 4,watchlist,weekly_watchlist,25.39,34,0.0,False,False,False,False,False
BANKINDIA.NS,Bank of India,Financial Services,Unknown,True,F&O,1,Not Sure,Stage 4,Pending Stage 4,Pending Stage 4,Not Sure • Pending Stage 4,0.55,Blocked public stage jump Stage 1 -> Stage 4; waiting for intermediate/confirmed structure.,Blocked public stage jump Stage 1 -> Stage 4; waiting for intermediate/confirmed structure.,,2026-08-27,Stage 4,watchlist,weekly_watchlist,watchlist,15.86,36.9,25.33,0.0,15.86,36.9,25.33,-5.22,-1.28,642453375.1,"Stage 4, Stage 4 - Confirmed Downtrend, weekly_vcp_ok, volume_dryup, weekly_volume_dryup, weekly_strong, downtrend | Blocked public stage jump Stage 1 -> Stage 4; waiting for intermediate/confirmed structure.",304,279,Stage 1,watchlist,weekly_watchlist,28.12,-25,-2.7900000000000027,False,False,False,False,False
M&M.NS,Mahindra & Mahindra Limited,Automobile and Auto Components,Unknown,True,F&O,1,Stage 4,Stage 4,Stage 4 - Weak/Declining,Stage 4 - Weak/Declining,Stage 4 • Stage 4 - Weak/Declining,0.72,Price is below long-term support with weak trend evidence.,,,2026-01-13,,watchlist,weekly_watchlist,watchlist,7.37,36.12,20.31,5.0,7.37,36.12,25.31,0.41,2.75,5713408686.41,"Stage 4, Stage 4 - Weak/Declining, weekly_vcp_ok, weekly_strong, downtrend",305,333,Stage 4,watchlist,weekly_watchlist,25.68,28,-0.370000000000001,False,False,False,False,False
TARC.NS,TARC Limited,Realty,Unknown,False,Cash,1,Stage 4,Stage 4,Stage 4 - Weak/Declining,Stage 4 - Weak/Declining,Stage 4 • Stage 4 - Weak/Declining,0.72,Price is below long-term support with weak trend evidence.,,,,,watchlist,weekly_watchlist,watchlist,11.2,37.93,23.23,2.0,11.2,37.93,25.23,5.65,15.65,71733049.64,"Stage 4, Stage 4 - Weak/Declining, weekly_vcp_ok, volume_dryup, weekly_volume_dryup, weekly_strong, downtrend",306,270,Not Sure,watchlist,weekly_watchlist,28.75,-36,-3.5199999999999996,False,False,False,False,False
MINDACORP.NS,Minda Corporation Limited,Automobile and Auto Components,Unknown,False,Cash,1,Stage 2,Stage 2,Early Stage 2,Early Stage 2,Stage 2 • Early Stage 2,0.72,"Price has moved above long-term structure, but the full moving-average stack is not clean yet.",,,2026-09-25,,watchlist,weekly_watchlist,watchlist,21.22,18.94,20.19,5.0,21.22,18.94,25.19,0.13,33.3,101187300.96,"Stage 2, Early Stage 2, volume_dryup, weekly_volume_dryup",307,361,Stage 2,watchlist,weekly_watchlist,24.11,54,1.0800000000000018,False,False,False,False,False
LTM.NS,LTIMindtree Ltd.,Information Technology,Unknown,True,F&O,1,Stage 4,Stage 4,Stage 4 - Weak/Declining,Stage 4 - Weak/Declining,Stage 4 • Stage 4 - Weak/Declining,0.72,Price is below long-term support with weak trend evidence.,,,,,watchlist,weekly_watchlist,watchlist,10.74,38.39,23.18,2.0,10.74,38.39,25.18,16.26,-1.41,1617295265.65,"Stage 4, Stage 4 - Weak/Declining, weekly_vcp_ok, weekly_strong, downtrend",308,331,Stage 4,watchlist,weekly_watchlist,25.78,23,-0.6000000000000014,False,False,False,False,False
NESCO.NS,Nesco Limited,Services,Unknown,False,Cash,1,Stage 4,Stage 4,Stage 4 - Weak/Declining,Stage 4 - Weak/Declining,Stage 4 • Stage 4 - Weak/Declining,0.72,Price is below long-term support with weak trend evidence.,,,2025-10-29,,watchlist,weekly_watchlist,watchlist,10.96,37.91,23.09,2.0,10.96,37.91,25.09,3.03,7.07,57166682.72,"Stage 4, Stage 4 - Weak/Declining, weekly_vcp_ok, weekly_strong, downtrend",309,309,Stage 4,watchlist,weekly_watchlist,26.57,0,-1.4800000000000004,False,False,False,False,False
NATIONALUM.NS,National Aluminium Company Limited,Metals & Mining,Unknown,True,F&O,1,Not Sure,Stage 4,Pending Stage 4,Pending Stage 4,Not Sure • Pending Stage 4,0.55,Blocked public stage jump Stage 1 -> Stage 4; waiting for intermediate/confirmed structure.,Blocked public stage jump Stage 1 -> Stage 4; waiting for intermediate/confirmed structure.,,2026-08-31,Stage 4,watchlist,weekly_watchlist,watchlist,12.58,35.82,23.04,2.0,12.58,35.82,25.04,10.41,-10.23,1599848514.31,"Stage 4, Stage 4 - Weak/Declining, weekly_vcp_ok, volume_dryup, weekly_volume_dryup, weekly_strong, downtrend | Blocked public stage jump Stage 1 -> Stage 4; waiting for intermediate/confirmed structure.",310,274,Stage 1,watchlist,weekly_watchlist,28.48,-36,-3.4400000000000013,False,False,False,False,False
FINPIPE.NS,Finolex Industries Limited,Capital Goods,Unknown,False,Cash,1,Stage 4,Stage 4,Stage 4 - Confirmed Downtrend,Stage 4 - Confirmed Downtrend,Stage 4 • Stage 4 - Confirmed Downtrend,0.86,Price is below a bearish moving-average stack with falling trend signals.,,,,,watchlist,weekly_watchlist,watchlist,7.12,35.8,20.03,5.0,7.12,35.8,25.03,-7.37,-0.72,57480998.2,"Stage 4, Stage 4 - Confirmed Downtrend, weekly_vcp_ok, volume_dryup, weekly_volume_dryup, weekly_strong, downtrend",311,283,Stage 4,watchlist,weekly_watchlist,28.02,-28,-2.9899999999999984,False,False,False,False,False
BECTORFOOD.NS,Mrs. Bectors Food Specialities Limited,Fast Moving Consumer Goods,Unknown,False,Cash,1,Stage 2 Failed,Not Sure,Failed Stage 2,Failed Stage 2,Stage 2 Failed • Failed Stage 2,0.72,"This stock was recently Stage 2, but the latest structure no longer satisfies Stage 2 rules. It is kept as Stage 2 Failed until a fresh base/repair structure forms.",Recent Stage 2 break; public stage held as Stage 2 Failed.,2026-09-28,2026-09-21,,watchlist,weekly_watchlist,watchlist,4.97,49.52,25.02,0.0,4.97,49.52,25.02,22.83,14.39,260574453.46,"Not Sure, Not Sure, weekly_vcp_ok, volume_dryup, weekly_volume_dryup, weekly_strong | Stage 2 failed state applied from stage memory.",312,343,Stage 2 Failed,watchlist,weekly_watchlist,25.06,31,-0.03999999999999915,False,False,False,False,False
ASIANPAINT.NS,Asian Paints Limited,Consumer Durables,Unknown,True,F&O,1,Stage 4,Stage 4,Stage 4 - Weak/Declining,Stage 4 - Weak/Declining,Stage 4 • Stage 4 - Weak/Declining,0.72,Price is below long-term support with weak trend evidence.,,,2026-08-19,,watchlist,weekly_watchlist,watchlist,15.49,36.61,24.99,0.0,15.49,36.61,24.99,-6.72,14.8,1269757086.39,"Stage 4, Stage 4 - Weak/Declining, weekly_vcp_ok, volume_dryup, weekly_volume_dryup, weekly_strong, downtrend",313,392,Stage 4,watchlist,weekly_watchlist,22.8,79,2.1899999999999977,False,False,False,False,False
MPHASIS.NS,MphasiS Limited,Information Technology,Unknown,True,F&O,1,Stage 4,Stage 4,Stage 4 - Weak/Declining,Stage 4 - Weak/Declining,Stage 4 • Stage 4 - Weak/Declining,0.72,Price is below long-term support with weak trend evidence.,,,2026-01-19,,watchlist,weekly_watchlist,watchlist,10.41,38.26,22.94,2.0,10.41,38.26,24.94,7.43,6.22,934045502.64,"Stage 4, Stage 4 - Weak/Declining, weekly_vcp_ok, volume_dryup, weekly_volume_dryup, weekly_strong, downtrend",314,332,Stage 4,watchlist,weekly_watchlist,25.71,18,-0.7699999999999996,False,False,False,False,False
DEEPAKNTR.NS,Deepak Nitrite Limited,Chemicals,Unknown,False,Cash,1,Stage 2 Failed,Stage 1,Failed Stage 2,Failed Stage 2,Stage 2 Failed • Failed Stage 2,0.72,"This stock was recently Stage 2, but the latest structure no longer satisfies Stage 2 rules. It is kept as Stage 2 Failed until a fresh base/repair structure forms.",Recent Stage 2 break; public stage held as Stage 2 Failed.,2026-09-28,2026-09-23,,watchlist,weekly_watchlist,watchlist,0.0,43.97,19.79,5.0,0.0,43.97,24.79,4.18,17.47,451565358.32,"Stage 1, Stage 1 - Base/Repair, weekly_vcp_ok, volume_dryup, weekly_volume_dryup, weekly_strong, stage1_not_actionable, stage1_needs_more_base | Stage 2 failed state applied from stage memory.",315,342,Stage 2 Failed,watchlist,weekly_watchlist,25.11,27,-0.3200000000000003,False,False,False,False,False
LEMONTREE.NS,Lemon Tree Hotels Limited,Consumer Services,Unknown,False,Cash,1,Stage 4,Stage 4,Stage 4 - Confirmed Downtrend,Stage 4 - Confirmed Downtrend,Stage 4 • Stage 4 - Confirmed Downtrend,0.86,Price is below a bearish moving-average stack with falling trend signals.,,,2025-11-17,,watchlist,weekly_watchlist,watchlist,12.13,35.8,22.78,2.0,12.13,35.8,24.78,-7.64,-1.83,233370728.54,"Stage 4, Stage 4 - Confirmed Downtrend, weekly_vcp_ok, volume_dryup, weekly_volume_dryup, weekly_strong, downtrend",316,348,Stage 4,watchlist,weekly_watchlist,24.78,32,0.0,False,False,False,False,False
VINATIORGA.NS,Vinati Organics Limited,Chemicals,Unknown,False,Cash,1,Stage 4,Stage 4,Stage 4 - Confirmed Downtrend,Stage 4 - Confirmed Downtrend,Stage 4 • Stage 4 - Confirmed Downtrend,0.86,Price is below a bearish moving-average stack with falling trend signals.,,,,,watchlist,weekly_watchlist,watchlist,5.7,36.9,19.74,5.0,5.7,36.9,24.74,-2.66,-6.14,73938994.65,"Stage 4, Stage 4 - Confirmed Downtrend, weekly_vcp_ok, weekly_strong, downtrend",317,349,Stage 4,watchlist,weekly_watchlist,24.74,32,0.0,False,False,False,False,False
NYKAA.NS,FSN E-Commerce Ventures Limited,Consumer Services,Unknown,True,F&O,1,Stage 2,Stage 2,Early Stage 2,Early Stage 2,Stage 2 • Early Stage 2,0.72,"Price has moved above long-term structure, but the full moving-average stack is not clean yet.",,,2026-09-25,,watchlist,weekly_watchlist,watchlist,19.4,26.74,22.7,2.0,19.4,26.74,24.7,8.77,34.59,1237136109.58,"Stage 2, Early Stage 2, volume_dryup, weekly_volume_dryup",318,155,Stage 2,watchlist,weekly_watchlist,41.11,-163,-16.41,False,False,False,False,False
PRINCEPIPE.NS,Prince Pipes And Fittings Limited,Capital Goods,Unknown,False,Cash,1,Stage 2 Failed,Stage 4,Failed Stage 2,Failed Stage 2,Stage 2 Failed • Failed Stage 2,0.72,"This stock was recently Stage 2, but the latest structure no longer satisfies Stage 2 rules. It is kept as Stage 2 Failed until a fresh base/repair structure forms.",Recent Stage 2 break; public stage held as Stage 2 Failed.,2026-09-28,2026-09-10,,watchlist,weekly_watchlist,watchlist,5.25,37.35,19.7,5.0,5.25,37.35,24.7,-2.63,18.1,37915150.57,"Stage 4, Stage 4 - Weak/Declining, weekly_vcp_ok, volume_dryup, weekly_volume_dryup, weekly_strong, downtrend | Stage 2 failed state applied from stage memory.",319,306,Stage 2 Failed,watchlist,weekly_watchlist,26.71,-13,-2.0100000000000016,False,False,False,False,False
RHIM.NS,RHI MAGNESITA INDIA LIMITED,Capital Goods,Unknown,False,Cash,1,Stage 4,Stage 4,Stage 4 - Weak/Declining,Stage 4 - Weak/Declining,Stage 4 • Stage 4 - Weak/Declining,0.72,Price is below long-term support with weak trend evidence.,,,,,watchlist,weekly_watchlist,watchlist,4.65,37.98,19.65,5.0,4.65,37.98,24.65,1.63,9.13,391514474.8,"Stage 4, Stage 4 - Weak/Declining, weekly_vcp_ok, weekly_strong, downtrend",320,403,Stage 4,watchlist,weekly_watchlist,22.39,83,2.259999999999998,False,False,False,False,False
INGERRAND.NS,Ingersoll Rand (India) Limited,Capital Goods,Unknown,False,Cash,1,Stage 2 Failed,Stage 1,Failed Stage 2,Failed Stage 2,Stage 2 Failed • Failed Stage 2,0.72,"This stock was recently Stage 2, but the latest structure no longer satisfies Stage 2 rules. It is kept as Stage 2 Failed until a fresh base/repair structure forms.",Recent Stage 2 break; public stage held as Stage 2 Failed.,2026-09-28,2026-09-16,,watchlist,weekly_watchlist,watchlist,0.0,43.67,19.65,5.0,0.0,43.67,24.65,0.11,18.61,105604654.35,"Stage 1, Stage 1 - Base/Repair, weekly_vcp_ok, weekly_volume_dryup, weekly_strong, stage1_not_actionable, stage1_needs_more_base | Stage 2 failed state applied from stage memory.",321,355,Stage 2 Failed,watchlist,weekly_watchlist,24.43,34,0.21999999999999886,False,False,False,False,False
IOB.NS,Indian Overseas Bank,Financial Services,Unknown,False,Cash,1,Stage 4,Stage 4,Stage 4 - Confirmed Downtrend,Stage 4 - Confirmed Downtrend,Stage 4 • Stage 4 - Confirmed Downtrend,0.86,Price is below a bearish moving-average stack with falling trend signals.,,,,,watchlist,weekly_watchlist,watchlist,14.6,36.9,24.64,0.0,14.6,36.9,24.64,-2.79,-0.94,62383154.2,"Stage 4, Stage 4 - Confirmed Downtrend, weekly_vcp_ok, volume_dryup, weekly_volume_dryup, weekly_strong, downtrend",322,421,Stage 4,watchlist,weekly_watchlist,21.66,99,2.9800000000000004,False,False,False,False,False
EICHERMOT.NS,Eicher Motors Limited,Automobile and Auto Components,Unknown,True,F&O,1,Stage 2 Failed,Stage 1,Failed Stage 2,Failed Stage 2,Stage 2 Failed • Failed Stage 2,0.72,"This stock was recently Stage 2, but the latest structure no longer satisfies Stage 2 rules. It is kept as Stage 2 Failed until a fresh base/repair structure forms.",Recent Stage 2 break; public stage held as Stage 2 Failed.,2026-09-28,2026-09-23,,watchlist,weekly_watchlist,watchlist,0.0,43.55,19.6,5.0,0.0,43.55,24.6,5.64,11.88,2974381902.65,"Stage 1, Stage 1 - Base/Repair, weekly_vcp_ok, volume_dryup, weekly_volume_dryup, weekly_strong, stage1_not_actionable, stage1_needs_more_base | Stage 2 failed state applied from stage memory.",323,353,Stage 2 Failed,watchlist,weekly_watchlist,24.49,30,0.11000000000000298,False,False,False,False,False
SBFC.NS,SBFC Finance Limited,Financial Services,Unknown,False,Cash,1,Stage 2 Failed,Stage 4,Failed Stage 2,Failed Stage 2,Stage 2 Failed • Failed Stage 2,0.72,"This stock was recently Stage 2, but the latest structure no longer satisfies Stage 2 rules. It is kept as Stage 2 Failed until a fresh base/repair structure forms.",Recent Stage 2 break; public stage held as Stage 2 Failed.,2026-09-28,2026-09-14,,watchlist,weekly_watchlist,watchlist,14.78,36.58,24.59,0.0,14.78,36.58,24.59,0.39,7.4,149157944.31,"Stage 4, Stage 4 - Weak/Declining, weekly_vcp_ok, volume_dryup, weekly_volume_dryup, weekly_strong, downtrend | Stage 2 failed state applied from stage memory.",324,356,Stage 2 Failed,watchlist,weekly_watchlist,24.41,32,0.17999999999999972,False,False,False,False,False
WESTLIFE.NS,WESTLIFE FOODWORLD LIMITED,Consumer Services,Unknown,False,Cash,1,Stage 2,Stage 2,Early Stage 2,Early Stage 2,Stage 2 • Early Stage 2,0.72,"Price has moved above long-term structure, but the full moving-average stack is not clean yet.",,,2026-09-25,,watchlist,weekly_watchlist,watchlist,15.79,30.79,22.54,2.0,15.79,30.79,24.54,19.44,28.41,289801617.39,"Stage 2, Early Stage 2, volume_dryup",325,147,Stage 2,watchlist,weekly_near_pivot,42.36,-178,-17.82,False,False,False,False,False
JAYNECOIND.NS,Jayaswal Neco Industries Limited,Capital Goods,Unknown,False,Cash,1,Stage 2 Failed,Stage 1,Failed Stage 2,Failed Stage 2,Stage 2 Failed • Failed Stage 2,0.72,"This stock was recently Stage 2, but the latest structure no longer satisfies Stage 2 rules. It is kept as Stage 2 Failed until a fresh base/repair structure forms.",Recent Stage 2 break; public stage held as Stage 2 Failed.,2026-09-28,2026-09-23,,watchlist,weekly_watchlist,watchlist,0.0,43.42,19.54,5.0,0.0,43.42,24.54,2.51,13.64,459226325.71,"Stage 1, Stage 1 - Base/Repair, weekly_vcp_ok, volume_dryup, weekly_volume_dryup, weekly_strong, stage1_not_actionable, stage1_needs_more_base | Stage 2 failed state applied from stage memory.",326,347,Stage 2 Failed,watchlist,weekly_watchlist,24.86,21,-0.3200000000000003,False,False,False,False,False
NEWGEN.NS,Newgen Software Technologies Limited,Information Technology,Unknown,False,Cash,1,Stage 4,Stage 4,Stage 4 - Weak/Declining,Stage 4 - Weak/Declining,Stage 4 • Stage 4 - Weak/Declining,0.72,Price is below long-term support with weak trend evidence.,,,,,watchlist,weekly_watchlist,watchlist,9.18,38.51,22.38,2.0,9.18,38.51,24.38,4.86,11.2,331811415.35,"Stage 4, Stage 4 - Weak/Declining, weekly_vcp_ok, volume_dryup, weekly_volume_dryup, weekly_strong, downtrend",327,352,Stage 4,watchlist,weekly_watchlist,24.7,25,-0.3200000000000003,False,False,False,False,False
KPRMILL.NS,K.P.R. Mill Ltd.,Textiles,Unknown,False,Cash,1,Stage 2 Failed,Stage 1,Failed Stage 2,Failed Stage 2,Stage 2 Failed • Failed Stage 2,0.72,"This stock was recently Stage 2, but the latest structure no longer satisfies Stage 2 rules. It is kept as Stage 2 Failed until a fresh base/repair structure forms.",Recent Stage 2 break; public stage held as Stage 2 Failed.,2026-09-28,2026-09-24,,watchlist,weekly_watchlist,watchlist,22.83,3.98,14.35,10.0,22.83,3.98,24.35,-2.28,34.05,273230246.33,"Stage 1, Stage 1 - Base/Repair, volume_dryup, weekly_volume_dryup, stage1_not_actionable, stage1_needs_more_base | Stage 2 failed state applied from stage memory.",328,527,Stage 2 Failed,watchlist,weekly_watchlist,16.81,199,7.540000000000003,False,False,False,False,False
TVSHLTD.NS,TVS Holdings Limited,Automobile and Auto Components,Unknown,False,Cash,1,Stage 4,Stage 4,Stage 4 - Confirmed Downtrend,Stage 4 - Confirmed Downtrend,Stage 4 • Stage 4 - Confirmed Downtrend,0.86,Price is below a bearish moving-average stack with falling trend signals.,,,2026-08-13,,watchlist,weekly_watchlist,watchlist,4.07,38.0,19.34,5.0,4.07,38.0,24.34,-4.44,-8.1,102835334.2,"Stage 4, Stage 4 - Confirmed Downtrend, weekly_vcp_ok, weekly_volume_dryup, weekly_strong, downtrend",329,357,Stage 4,watchlist,weekly_watchlist,24.41,28,-0.07000000000000028,False,False,False,False,False
ALLCARGO.NS,Allcargo Logistics Limited,Services,Unknown,False,Cash,1,Stage 1,Stage 1,Stage 1 - Early Turn,Stage 1 - Early Turn,Stage 1 • Stage 1 - Early Turn,0.66,The stock is improving from a repair/base area but has not confirmed a clean Stage 2 yet.,,,,,watchlist,weekly_watchlist,watchlist,0.0,49.48,22.27,2.0,0.0,49.48,24.27,34.38,42.41,142270790.46,"Stage 1, Stage 1 - Early Turn, weekly_vcp_ok, volume_dryup, weekly_volume_dryup, weekly_strong, stage1_not_actionable, stage1_needs_more_base",330,301,Stage 1,watchlist,weekly_watchlist,26.98,-29,-2.710000000000001,False,False,False,False,False
CONCOR.NS,Container Corporation of India Limited,Services,Unknown,True,F&O,1,Stage 2 Failed,Stage 4,Failed Stage 2,Failed Stage 2,Stage 2 Failed • Failed Stage 2,0.72,"This stock was recently Stage 2, but the latest structure no longer satisfies Stage 2 rules. It is kept as Stage 2 Failed until a fresh base/repair structure forms.",Recent Stage 2 break; public stage held as Stage 2 Failed.,2026-09-28,2026-09-18,,watchlist,weekly_watchlist,watchlist,10.67,36.31,22.21,2.0,10.67,36.31,24.21,-0.17,5.22,558280909.21,"Stage 4, Stage 4 - Weak/Declining, weekly_vcp_ok, volume_dryup, weekly_strong, downtrend | Stage 2 failed state applied from stage memory.",331,241,Stage 2 Failed,watchlist,weekly_watchlist,31.68,-90,-7.469999999999999,False,False,False,False,False
HEROMOTOCO.NS,Hero MotoCorp Limited,Automobile and Auto Components,Unknown,True,F&O,1,Stage 2 Failed,Stage 3,Failed Stage 2,Failed Stage 2,Stage 2 Failed • Failed Stage 2,0.72,"This stock was recently Stage 2, but the latest structure no longer satisfies Stage 2 rules. It is kept as Stage 2 Failed until a fresh base/repair structure forms.",Recent Stage 2 break; public stage held as Stage 2 Failed.,2026-09-28,2026-09-08,,watchlist,weekly_watchlist,watchlist,0.0,42.69,19.21,5.0,0.0,42.69,24.21,17.48,11.39,2865979441.65,"Stage 3, Stage 3 - Distribution/Damage, weekly_vcp_ok, volume_dryup, weekly_volume_dryup, weekly_strong, distribution_risk | Stage 2 failed state applied from stage memory.",332,368,Stage 2 Failed,watchlist,weekly_watchlist,23.84,36,0.370000000000001,False,False,False,False,False
SWIGGY.NS,Swiggy Ltd.,Consumer Services,Unknown,True,F&O,1,Stage 4,Stage 4,Stage 4 - Weak/Declining,Stage 4 - Weak/Declining,Stage 4 • Stage 4 - Weak/Declining,0.72,Price is below long-term support with weak trend evidence.,,,,,watchlist,weekly_watchlist,watchlist,8.99,38.31,22.18,2.0,8.99,38.31,24.18,7.92,-4.77,7217149331.3,"Stage 4, Stage 4 - Weak/Declining, weekly_vcp_ok, volume_dryup, weekly_volume_dryup, weekly_strong, downtrend",333,344,Stage 4,watchlist,weekly_watchlist,25.06,11,-0.879999999999999,False,False,False,False,False
CANBK.NS,Canara Bank,Financial Services,Unknown,True,F&O,1,Stage 4,Stage 4,Stage 4 - Confirmed Downtrend,Stage 4 - Confirmed Downtrend,Stage 4 • Stage 4 - Confirmed Downtrend,0.86,Price is below a bearish moving-average stack with falling trend signals.,,,2026-02-23,,watchlist,weekly_watchlist,watchlist,13.65,36.97,24.14,0.0,13.65,36.97,24.14,0.38,0.36,1367824847.82,"Stage 4, Stage 4 - Confirmed Downtrend, weekly_vcp_ok, volume_dryup, weekly_volume_dryup, weekly_strong, downtrend",334,362,Stage 4,watchlist,weekly_watchlist,24.0,28,0.14000000000000057,False,False,False,False,False
INFY.NS,Infosys Limited,Information Technology,Unknown,True,F&O,1,Stage 4,Stage 4,Stage 4 - Weak/Declining,Stage 4 - Weak/Declining,Stage 4 • Stage 4 - Weak/Declining,0.72,Price is below long-term support with weak trend evidence.,,,2026-02-03,,watchlist,weekly_watchlist,watchlist,10.03,36.9,22.12,2.0,10.03,36.9,24.12,1.48,-18.95,9100336804.68,"Stage 4, Stage 4 - Weak/Declining, weekly_vcp_ok, weekly_volume_dryup, weekly_strong, downtrend",335,345,Stage 4,watchlist,weekly_watchlist,25.05,10,-0.9299999999999997,False,False,False,False,False
OFSS.NS,Oracle Financial Services Software Limited,Information Technology,Unknown,True,F&O,1,Stage 2,Stage 2,Early Stage 2,Early Stage 2,Stage 2 • Early Stage 2,0.72,"Price has moved above long-term structure, but the full moving-average stack is not clean yet.",,,2026-09-25,,watchlist,weekly_watchlist,watchlist,16.81,28.05,21.87,2.0,16.81,28.05,23.87,3.41,61.13,2467049780.5,"Stage 2, Early Stage 2, weekly_volume_dryup",336,304,Stage 2,watchlist,weekly_watchlist,26.79,-32,-2.919999999999998,False,False,False,False,False
SUPRAJIT.NS,Suprajit Engineering Limited,Automobile and Auto Components,Unknown,False,Cash,1,Stage 2,Stage 2,Early Stage 2,Early Stage 2,Stage 2 • Early Stage 2,0.72,"Price has moved above long-term structure, but the full moving-average stack is not clean yet.",,,2026-09-25,,watchlist,weekly_watchlist,watchlist,10.36,29.28,18.87,5.0,10.36,29.28,23.87,9.24,23.61,44517572.25,"Stage 2, Early Stage 2, weekly_volume_dryup",337,191,Stage 2,watchlist,weekly_forming,37.77,-146,-13.900000000000002,False,False,False,False,False
ASTRAL.NS,Astral Limited,Capital Goods,Unknown,True,F&O,1,Stage 1,Stage 1,Stage 1 - Unclear/Repair,Stage 1 - Unclear/Repair,Stage 1 • Stage 1 - Unclear/Repair,0.58,Not enough evidence for Stage 2 or Stage 4; classified as repair/unclear structure.,,,2026-05-06,,watchlist,weekly_watchlist,watchlist,0.0,41.8,18.81,5.0,0.0,41.8,23.81,5.8,-9.38,866264624.6,"Stage 1, Stage 1 - Unclear/Repair, weekly_vcp_ok, volume_dryup, weekly_volume_dryup, weekly_strong, stage1_not_actionable, stage1_needs_more_base",338,370,Stage 1,watchlist,weekly_watchlist,23.81,32,0.0,False,False,False,False,False
ATUL.NS,Atul Limited,Chemicals,Unknown,False,Cash,1,Stage 1,Stage 1,Stage 1 - Unclear/Repair,Stage 1 - Unclear/Repair,Stage 1 • Stage 1 - Unclear/Repair,0.58,Not enough evidence for Stage 2 or Stage 4; classified as repair/unclear structure.,,,2026-07-03,,watchlist,weekly_watchlist,watchlist,0.0,41.8,18.81,5.0,0.0,41.8,23.81,-1.83,-2.12,159699675.93,"Stage 1, Stage 1 - Unclear/Repair, weekly_vcp_ok, volume_dryup, weekly_volume_dryup, weekly_strong, stage1_not_actionable, stage1_needs_more_base",339,371,Stage 1,watchlist,weekly_watchlist,23.81,32,0.0,False,False,False,False,False
CHOICEIN.NS,Choice International Limited,Financial Services,Unknown,False,Cash,1,Not Sure,Not Sure,Not Sure,Not Sure,Not Sure,0.0,Stage rules did not identify a reliable structure.,No confident stage classification.,,2026-08-24,,watchlist,weekly_watchlist,watchlist,3.94,48.06,23.79,0.0,3.94,48.06,23.79,2.12,20.48,287168530.06,"Not Sure, Not Sure, weekly_vcp_ok, weekly_volume_dryup, weekly_strong",340,483,Stage 3,watchlist,weekly_watchlist,18.97,143,4.82,False,False,False,False,False
FUSION.NS,Fusion Micro Finance Limited,Financial Services,Unknown,False,Cash,1,Stage 2 Failed,Stage 4,Failed Stage 2,Failed Stage 2,Stage 2 Failed • Failed Stage 2,0.72,"This stock was recently Stage 2, but the latest structure no longer satisfies Stage 2 rules. It is kept as Stage 2 Failed until a fresh base/repair structure forms.",Recent Stage 2 break; public stage held as Stage 2 Failed.,2026-09-28,2026-09-14,,watchlist,weekly_watchlist,watchlist,13.44,36.14,23.66,0.0,13.44,36.14,23.66,-15.37,18.76,96915078.59,"Stage 4, Stage 4, weekly_vcp_ok, volume_dryup, weekly_volume_dryup, weekly_strong, downtrend | Stage 2 failed state applied from stage memory.",341,354,Stage 2 Failed,watchlist,weekly_watchlist,24.46,13,-0.8000000000000007,False,False,False,False,False
SOBHA.NS,Sobha Limited,Realty,Unknown,False,Cash,1,Stage 4,Stage 4,Stage 4 - Confirmed Downtrend,Stage 4 - Confirmed Downtrend,Stage 4 • Stage 4 - Confirmed Downtrend,0.86,Price is below a bearish moving-average stack with falling trend signals.,,,2026-01-12,,watchlist,weekly_watchlist,watchlist,10.1,35.8,21.66,2.0,10.1,35.8,23.66,-9.6,8.04,92626095.04,"Stage 4, Stage 4 - Confirmed Downtrend, weekly_vcp_ok, volume_dryup, weekly_volume_dryup, weekly_strong, downtrend",342,374,Stage 4,watchlist,weekly_watchlist,23.66,32,0.0,False,False,False,False,False
JIOFIN.NS,Jio Financial Services Limited,Financial Services,Unknown,True,F&O,1,Stage 4,Stage 4,Stage 4 - Weak/Declining,Stage 4 - Weak/Declining,Stage 4 • Stage 4 - Weak/Declining,0.72,Price is below long-term support with weak trend evidence.,,,,,watchlist,weekly_watchlist,watchlist,12.77,36.9,23.63,0.0,12.77,36.9,23.63,-2.7,-1.43,2491971372.41,"Stage 4, Stage 4 - Weak/Declining, weekly_vcp_ok, volume_dryup, weekly_volume_dryup, weekly_strong, downtrend",343,398,Stage 4,watchlist,weekly_watchlist,22.64,55,0.9899999999999984,False,False,False,False,False
DELHIVERY.NS,Delhivery Limited,Services,Unknown,True,F&O,1,Stage 4,Stage 4,Stage 4 - Weak/Declining,Stage 4 - Weak/Declining,Stage 4 • Stage 4 - Weak/Declining,0.72,Price is below long-term support with weak trend evidence.,,,2026-09-04,,watchlist,weekly_watchlist,watchlist,9.12,36.9,21.62,2.0,9.12,36.9,23.62,-14.88,-2.14,993311963.61,"Stage 4, Stage 4 - Weak/Declining, weekly_vcp_ok, weekly_strong, downtrend",344,334,Stage 2 Failed,watchlist,weekly_watchlist,25.66,-10,-2.039999999999999,False,False,False,False,False
UTKARSHBNK.NS,Utkarsh Small Finance Bank Limited,Financial Services,Unknown,False,Cash,1,Stage 4,Stage 4,Stage 4 - Weak/Declining,Stage 4 - Weak/Declining,Stage 4 • Stage 4 - Weak/Declining,0.72,Price is below long-term support with weak trend evidence.,,,,,watchlist,weekly_watchlist,watchlist,11.56,38.21,23.55,0.0,11.56,38.21,23.55,-5.13,18.21,243007085.4,"Stage 4, Stage 4 - Weak/Declining, weekly_vcp_ok, volume_dryup, weekly_volume_dryup, weekly_strong, downtrend",345,363,Stage 4,watchlist,weekly_watchlist,24.0,18,-0.4499999999999993,False,False,False,False,False
UNOMINDA.NS,UNO Minda Limited,Automobile and Auto Components,Unknown,True,F&O,1,Stage 2 Failed,Not Sure,Failed Stage 2,Failed Stage 2,Stage 2 Failed • Failed Stage 2,0.72,"This stock was recently Stage 2, but the latest structure no longer satisfies Stage 2 rules. It is kept as Stage 2 Failed until a fresh base/repair structure forms.",Recent Stage 2 break; public stage held as Stage 2 Failed.,2026-09-28,2026-09-22,,watchlist,weekly_watchlist,watchlist,5.06,34.76,18.43,5.0,5.06,34.76,23.43,9.74,16.83,732206251.59,"Not Sure, Not Sure, weekly_vcp_ok, volume_dryup, weekly_volume_dryup | Stage 2 failed state applied from stage memory.",346,259,Stage 2 Failed,watchlist,weekly_watchlist,29.72,-87,-6.289999999999999,False,False,False,False,False
DOMS.NS,DOMS Industries Ltd.,Fast Moving Consumer Goods,Unknown,False,Cash,1,Stage 4,Stage 4,Stage 4 - Confirmed Downtrend,Stage 4 - Confirmed Downtrend,Stage 4 • Stage 4 - Confirmed Downtrend,0.86,Price is below a bearish moving-average stack with falling trend signals.,,,,,watchlist,weekly_watchlist,watchlist,12.2,36.9,23.32,0.0,12.2,36.9,23.32,-5.34,-8.55,89129218.32,"Stage 4, Stage 4 - Confirmed Downtrend, weekly_vcp_ok, volume_dryup, weekly_volume_dryup, weekly_strong, downtrend",347,382,Stage 4,watchlist,weekly_watchlist,23.32,35,0.0,False,False,False,False,False
DALBHARAT.NS,Dalmia Bharat Limited,Construction Materials,Unknown,True,F&O,1,Stage 4,Stage 4,Stage 4 - Confirmed Downtrend,Stage 4 - Confirmed Downtrend,Stage 4 • Stage 4 - Confirmed Downtrend,0.86,Price is below a bearish moving-average stack with falling trend signals.,,,,,watchlist,weekly_watchlist,watchlist,13.1,35.8,23.31,0.0,13.1,35.8,23.31,-0.4,-6.02,150963174.92,"Stage 4, Stage 4 - Confirmed Downtrend, weekly_vcp_ok, volume_dryup, weekly_volume_dryup, weekly_strong, downtrend",348,375,Stage 4,watchlist,weekly_watchlist,23.62,27,-0.3100000000000023,False,False,False,False,False
SYMPHONY.NS,Symphony Limited,Consumer Durables,Unknown,False,Cash,1,Stage 4,Stage 4,Stage 4 - Confirmed Downtrend,Stage 4 - Confirmed Downtrend,Stage 4 • Stage 4 - Confirmed Downtrend,0.86,Price is below a bearish moving-average stack with falling trend signals.,,,,,watchlist,weekly_watchlist,watchlist,13.1,35.8,23.31,0.0,13.1,35.8,23.31,-9.41,-16.58,190683774.15,"Stage 4, Stage 4 - Confirmed Downtrend, weekly_vcp_ok, volume_dryup, weekly_volume_dryup, weekly_strong, downtrend",349,391,Stage 4,watchlist,weekly_watchlist,22.82,42,0.48999999999999844,False,False,False,False,False
OBEROIRLTY.NS,Oberoi Realty Limited,Realty,Unknown,True,F&O,1,Stage 2,Stage 2,Stage 2,Stage 2,Stage 2,0.76,Advancing structure detected.,,,2026-09-25,,watchlist,weekly_watchlist,watchlist,15.0,29.0,21.3,2.0,15.0,29.0,23.3,3.35,26.66,836919583.52,"Stage 2, Stage 2",350,335,Stage 2,watchlist,weekly_watchlist,25.65,-15,-2.349999999999998,False,False,False,False,False
NUVOCO.NS,Nuvoco Vistas Corporation Limited,Construction Materials,Unknown,False,Cash,1,Stage 4,Stage 4,Stage 4 - Weak/Declining,Stage 4 - Weak/Declining,Stage 4 • Stage 4 - Weak/Declining,0.72,Price is below long-term support with weak trend evidence.,,,2025-10-17,,watchlist,weekly_watchlist,watchlist,11.26,37.98,23.28,0.0,11.26,37.98,23.28,8.29,13.51,134742947.57,"Stage 4, Stage 4 - Weak/Declining, weekly_vcp_ok, volume_dryup, weekly_volume_dryup, weekly_strong, downtrend",351,482,Stage 3,watchlist,weekly_watchlist,19.05,131,4.23,False,False,False,False,False
POLICYBZR.NS,PB Fintech Limited,Financial Services,Unknown,True,F&O,1,Stage 2 Failed,Stage 4,Failed Stage 2,Failed Stage 2,Stage 2 Failed • Failed Stage 2,0.72,"This stock was recently Stage 2, but the latest structure no longer satisfies Stage 2 rules. It is kept as Stage 2 Failed until a fresh base/repair structure forms.",Recent Stage 2 break; public stage held as Stage 2 Failed.,2026-09-28,2026-09-23,,watchlist,weekly_watchlist,watchlist,11.97,36.9,23.19,0.0,11.97,36.9,23.19,-26.45,-17.06,6773101543.05,"Stage 4, Stage 4 - Weak/Declining, weekly_vcp_ok, weekly_strong, downtrend | Stage 2 failed state applied from stage memory.",352,383,Stage 2 Failed,watchlist,weekly_watchlist,23.19,31,0.0,False,False,False,False,False
GHCL.NS,GHCL Limited,Chemicals,Unknown,False,Cash,1,Stage 4,Stage 4,Stage 4 - Confirmed Downtrend,Stage 4 - Confirmed Downtrend,Stage 4 • Stage 4 - Confirmed Downtrend,0.86,Price is below a bearish moving-average stack with falling trend signals.,,,,,watchlist,weekly_watchlist,watchlist,3.77,35.8,18.18,5.0,3.77,35.8,23.18,-0.79,-4.9,39540411.17,"Stage 4, Stage 4 - Confirmed Downtrend, weekly_vcp_ok, volume_dryup, weekly_strong, downtrend",353,376,Stage 4,watchlist,weekly_watchlist,23.61,23,-0.4299999999999997,False,False,False,False,False
KALYANKJIL.NS,Kalyan Jewellers India Limited,Consumer Durables,Unknown,True,F&O,1,Stage 2,Stage 2,Early Stage 2,Early Stage 2,Stage 2 • Early Stage 2,0.72,"Price has moved above long-term structure, but the full moving-average stack is not clean yet.",,,2026-09-25,,watchlist,weekly_watchlist,watchlist,20.86,26.0,23.17,0.0,20.86,26.0,23.17,51.02,45.86,3903931337.43,"Stage 2, Early Stage 2, volume_dryup, weekly_volume_dryup",354,377,Stage 2,watchlist,weekly_watchlist,23.59,23,-0.41999999999999815,False,False,False,False,False
GRASIM.NS,Grasim Industries Limited,Construction Materials,Unknown,True,F&O,1,Stage 2,Stage 2,Early Stage 2,Early Stage 2,Stage 2 • Early Stage 2,0.72,"Price has moved above long-term structure, but the full moving-average stack is not clean yet.",,,2026-09-25,,watchlist,weekly_watchlist,watchlist,17.12,30.23,23.02,0.0,17.12,30.23,23.02,4.81,25.49,2679031905.48,"Stage 2, Early Stage 2, volume_dryup, weekly_volume_dryup",355,384,Stage 2,watchlist,weekly_watchlist,23.16,29,-0.14000000000000057,False,False,False,False,False
VMART.NS,V-Mart Retail Limited,Consumer Services,Unknown,False,Cash,1,Stage 2,Stage 2,Early Stage 2,Early Stage 2,Stage 2 • Early Stage 2,0.72,"Price has moved above long-term structure, but the full moving-average stack is not clean yet.",,,2026-09-25,,watchlist,weekly_watchlist,watchlist,19.24,23.14,21.0,2.0,19.24,23.14,23.0,2.25,61.1,58167099.84,"Stage 2, Early Stage 2, volume_dryup, weekly_volume_dryup",356,396,Stage 2,watchlist,weekly_watchlist,22.72,40,0.28000000000000114,False,False,False,False,False
NETWORK18.NS,Network18 Media & Investments Limited,"Media, Entertainment & Publication",Unknown,False,Cash,1,Stage 4,Stage 4,Stage 4 - Confirmed Downtrend,Stage 4 - Confirmed Downtrend,Stage 4 • Stage 4 - Confirmed Downtrend,0.86,Price is below a bearish moving-average stack with falling trend signals.,,,,,watchlist,weekly_watchlist,watchlist,11.57,36.9,22.97,0.0,11.57,36.9,22.97,-16.43,-10.94,97848230.9,"Stage 4, Stage 4 - Confirmed Downtrend, weekly_vcp_ok, volume_dryup, weekly_volume_dryup, weekly_strong, downtrend",357,393,Stage 4,watchlist,weekly_watchlist,22.79,36,0.17999999999999972,False,False,False,False,False
WONDERLA.NS,Wonderla Holidays Limited,Consumer Services,Unknown,False,Cash,1,Stage 2 Failed,Stage 1,Failed Stage 2,Failed Stage 2,Stage 2 Failed • Failed Stage 2,0.72,"This stock was recently Stage 2, but the latest structure no longer satisfies Stage 2 rules. It is kept as Stage 2 Failed until a fresh base/repair structure forms.",Recent Stage 2 break; public stage held as Stage 2 Failed.,2026-09-28,2026-09-25,,watchlist,weekly_watchlist,watchlist,3.35,42.45,20.95,2.0,3.35,42.45,22.95,7.1,-0.63,27354936.35,"Stage 1, Stage 1 - Early Turn, weekly_vcp_ok, volume_dryup, weekly_volume_dryup, weekly_strong, stage1_not_actionable, stage1_needs_more_base | Stage 2 failed state applied from stage memory.",358,158,Stage 2 Failed,watchlist,weekly_forming,41.04,-200,-18.09,False,False,False,False,False
VGUARD.NS,V-Guard Industries Limited,Consumer Durables,Unknown,False,Cash,1,Stage 2 Failed,Stage 4,Failed Stage 2,Failed Stage 2,Stage 2 Failed • Failed Stage 2,0.72,"This stock was recently Stage 2, but the latest structure no longer satisfies Stage 2 rules. It is kept as Stage 2 Failed until a fresh base/repair structure forms.",Recent Stage 2 break; public stage held as Stage 2 Failed.,2026-09-28,2026-09-21,,watchlist,weekly_watchlist,watchlist,11.76,36.23,22.77,0.0,11.76,36.23,22.77,4.26,0.04,139368186.94,"Stage 4, Stage 4 - Weak/Declining, weekly_vcp_ok, volume_dryup, weekly_volume_dryup, weekly_strong, downtrend | Stage 2 failed state applied from stage memory.",359,404,Stage 2 Failed,watchlist,weekly_watchlist,22.34,45,0.4299999999999997,False,False,False,False,False
PDSL.NS,PDS Limited,Textiles,Unknown,False,Cash,1,Stage 2 Failed,Not Sure,Failed Stage 2,Failed Stage 2,Stage 2 Failed • Failed Stage 2,0.72,"This stock was recently Stage 2, but the latest structure no longer satisfies Stage 2 rules. It is kept as Stage 2 Failed until a fresh base/repair structure forms.",Recent Stage 2 break; public stage held as Stage 2 Failed.,2026-09-28,2026-09-23,,watchlist,weekly_watchlist,watchlist,18.1,6.25,12.77,10.0,18.1,6.25,22.77,2.02,36.45,40578690.33,"Not Sure, Not Sure, volume_dryup, weekly_volume_dryup | Stage 2 failed state applied from stage memory.",360,600,Stage 2 Failed,watchlist,weekly_watchlist,12.82,240,9.95,False,False,False,False,False
BATAINDIA.NS,Bata India Limited,Consumer Durables,Unknown,False,Cash,1,Stage 4,Stage 4,Stage 4 - Weak/Declining,Stage 4 - Weak/Declining,Stage 4 • Stage 4 - Weak/Declining,0.72,Price is below long-term support with weak trend evidence.,,,,,watchlist,weekly_watchlist,watchlist,11.14,36.97,22.76,0.0,11.14,36.97,22.76,-1.19,1.86,98525349.21,"Stage 4, Stage 4 - Weak/Declining, weekly_vcp_ok, volume_dryup, weekly_volume_dryup, weekly_strong, downtrend",361,386,Stage 4,watchlist,weekly_watchlist,23.08,25,-0.31999999999999673,False,False,False,False,False
CDSL.NS,Central Depository Services (India) Ltd.,Financial Services,Unknown,True,F&O,1,Stage 2 Failed,Stage 4,Failed Stage 2,Failed Stage 2,Stage 2 Failed • Failed Stage 2,0.72,"This stock was recently Stage 2, but the latest structure no longer satisfies Stage 2 rules. It is kept as Stage 2 Failed until a fresh base/repair structure forms.",Recent Stage 2 break; public stage held as Stage 2 Failed.,2026-09-28,2026-09-18,,watchlist,weekly_watchlist,watchlist,10.98,37.13,22.75,0.0,10.98,37.13,22.75,1.4,11.91,1486978299.27,"Stage 4, Stage 4 - Weak/Declining, weekly_vcp_ok, weekly_volume_dryup, weekly_strong, downtrend | Stage 2 failed state applied from stage memory.",362,495,Stage 2 Failed,watchlist,weekly_watchlist,18.55,133,4.199999999999999,False,False,False,False,False
RENUKA.NS,Shree Renuka Sugars Limited,Fast Moving Consumer Goods,Unknown,False,Cash,1,Stage 2 Failed,Stage 4,Failed Stage 2,Failed Stage 2,Stage 2 Failed • Failed Stage 2,0.72,"This stock was recently Stage 2, but the latest structure no longer satisfies Stage 2 rules. It is kept as Stage 2 Failed until a fresh base/repair structure forms.",Recent Stage 2 break; public stage held as Stage 2 Failed.,2026-09-28,2026-09-14,,watchlist,weekly_watchlist,watchlist,12.63,35.0,22.7,0.0,12.63,35.0,22.7,4.03,-16.27,335344046.26,"Stage 4, Stage 4 - Weak/Declining, weekly_vcp_ok, volume_dryup, weekly_volume_dryup, weekly_strong, downtrend | Stage 2 failed state applied from stage memory.",363,389,Stage 2 Failed,watchlist,weekly_watchlist,22.95,26,-0.25,False,False,False,False,False
BBL.NS,Bharat Bijlee Limited,Capital Goods,Unknown,False,Cash,1,Stage 4,Stage 4,Stage 4 - Confirmed Downtrend,Stage 4 - Confirmed Downtrend,Stage 4 • Stage 4 - Confirmed Downtrend,0.86,Price is below a bearish moving-average stack with falling trend signals.,,,,,watchlist,weekly_watchlist,watchlist,1.72,36.9,17.55,5.0,1.72,36.9,22.55,-18.6,-3.0,41555982.54,"Stage 4, Stage 4 - Confirmed Downtrend, weekly_vcp_ok, volume_dryup, weekly_volume_dryup, weekly_strong, downtrend",364,366,Stage 4,watchlist,weekly_watchlist,23.95,2,-1.3999999999999986,False,False,False,False,False
VOLTAS.NS,Voltas Limited,Consumer Durables,Unknown,True,F&O,1,Stage 4,Stage 4,Stage 4 - Confirmed Downtrend,Stage 4 - Confirmed Downtrend,Stage 4 • Stage 4 - Confirmed Downtrend,0.86,Price is below a bearish moving-average stack with falling trend signals.,,,2026-03-12,,watchlist,weekly_watchlist,watchlist,10.7,36.9,22.49,0.0,10.7,36.9,22.49,-6.91,-5.54,746228913.16,"Stage 4, Stage 4 - Confirmed Downtrend, weekly_vcp_ok, weekly_strong, downtrend",365,390,Stage 4,watchlist,weekly_watchlist,22.86,25,-0.370000000000001,False,False,False,False,False
JUBLFOOD.NS,Jubilant Foodworks Limited,Consumer Services,Unknown,True,F&O,1,Stage 1,Stage 1,Stage 1 - Early Turn,Stage 1 - Early Turn,Stage 1 • Stage 1 - Early Turn,0.66,The stock is improving from a repair/base area but has not confirmed a clean Stage 2 yet.,,,,,watchlist,weekly_watchlist,watchlist,0.0,45.51,20.48,2.0,0.0,45.51,22.48,16.33,9.76,435795746.37,"Stage 1, Stage 1 - Early Turn, weekly_vcp_ok, volume_dryup, weekly_volume_dryup, weekly_strong, stage1_not_actionable, stage1_needs_more_base",366,400,Stage 1,watchlist,weekly_watchlist,22.52,34,-0.03999999999999915,False,False,False,False,False
KOTAKBANK.NS,Kotak Mahindra Bank Limited,Financial Services,Unknown,True,F&O,1,Stage 2 Failed,Stage 3,Failed Stage 2,Failed Stage 2,Stage 2 Failed • Failed Stage 2,0.72,"This stock was recently Stage 2, but the latest structure no longer satisfies Stage 2 rules. It is kept as Stage 2 Failed until a fresh base/repair structure forms.",Recent Stage 2 break; public stage held as Stage 2 Failed.,2026-09-28,2026-09-25,,watchlist,weekly_watchlist,watchlist,0.0,49.85,22.43,0.0,0.0,49.85,22.43,5.84,14.62,4256679509.5,"Stage 3, Stage 3 - Distribution/Damage, weekly_vcp_ok, weekly_strong, distribution_risk | Stage 2 failed state applied from stage memory.",367,176,Stage 2,watchlist,weekly_near_pivot,39.87,-191,-17.439999999999998,False,False,False,False,False
POWERGRID.NS,Power Grid Corporation of India Limited,Power,Unknown,True,F&O,1,Stage 1,Stage 1,Stage 1 - Unclear/Repair,Stage 1 - Unclear/Repair,Stage 1 • Stage 1 - Unclear/Repair,0.58,Not enough evidence for Stage 2 or Stage 4; classified as repair/unclear structure.,,,2026-07-23,,watchlist,weekly_watchlist,watchlist,6.57,41.8,22.42,0.0,6.57,41.8,22.42,-3.61,-7.01,2307060323.17,"Stage 1, Stage 1 - Unclear/Repair, weekly_vcp_ok, weekly_strong, stage1_not_actionable, stage1_needs_more_base",368,402,Stage 1,watchlist,weekly_watchlist,22.47,34,-0.04999999999999716,False,False,False,False,False
TMB.NS,Tamilnad Mercantile Bank Limited,Financial Services,Unknown,False,Cash,1,Stage 2,Stage 2,Early Stage 2,Early Stage 2,Stage 2 • Early Stage 2,0.72,"Price has moved above long-term structure, but the full moving-average stack is not clean yet.",,,2026-09-25,,watchlist,weekly_watchlist,watchlist,21.8,23.13,22.4,0.0,21.8,23.13,22.4,20.61,42.72,128530243.22,"Stage 2, Early Stage 2, volume_dryup, weekly_volume_dryup",369,200,Stage 2,watchlist,weekly_watchlist,36.2,-169,-13.800000000000004,False,False,False,False,False
DRREDDY.NS,Dr. Reddy's Laboratories Limited,Healthcare,Unknown,True,F&O,1,Stage 4,Stage 4,Stage 4 - Weak/Declining,Stage 4 - Weak/Declining,Stage 4 • Stage 4 - Weak/Declining,0.72,Price is below long-term support with weak trend evidence.,,,2026-07-08,,watchlist,weekly_watchlist,watchlist,16.27,7.6,12.37,10.0,16.27,7.6,22.37,-3.59,3.2,1652515424.92,"Stage 4, Stage 4 - Weak/Declining, downtrend",370,485,Stage 4,watchlist,weekly_watchlist,18.91,115,3.460000000000001,False,False,False,False,False
UTIAMC.NS,UTI Asset Management Company Limited,Financial Services,Unknown,False,Cash,1,Stage 4,Stage 4,Stage 4 - Confirmed Downtrend,Stage 4 - Confirmed Downtrend,Stage 4 • Stage 4 - Confirmed Downtrend,0.86,Price is below a bearish moving-average stack with falling trend signals.,,,,,watchlist,weekly_watchlist,watchlist,9.16,38.46,22.35,0.0,9.16,38.46,22.35,3.54,1.08,101724628.26,"Stage 4, Stage 4 - Confirmed Downtrend, weekly_vcp_ok, volume_dryup, weekly_volume_dryup, weekly_strong, downtrend",371,418,Stage 4,watchlist,weekly_watchlist,21.89,47,0.46000000000000085,False,False,False,False,False
CMSINFO.NS,CMS Info Systems Limited,Services,Unknown,False,Cash,1,Stage 4,Stage 4,Stage 4 - Confirmed Downtrend,Stage 4 - Confirmed Downtrend,Stage 4 • Stage 4 - Confirmed Downtrend,0.86,Price is below a bearish moving-average stack with falling trend signals.,,,,,watchlist,weekly_watchlist,watchlist,7.7,35.8,20.34,2.0,7.7,35.8,22.34,-11.23,-15.79,205180064.62,"Stage 4, Stage 4 - Confirmed Downtrend, weekly_vcp_ok, weekly_volume_dryup, weekly_strong, downtrend",372,338,Stage 4,watchlist,weekly_watchlist,25.34,-34,-3.0,False,False,False,False,False
ABFRL.NS,Aditya Birla Fashion and Retail Limited,Consumer Services,Unknown,False,Cash,1,Stage 4,Stage 4,Stage 4 - Confirmed Downtrend,Stage 4 - Confirmed Downtrend,Stage 4 • Stage 4 - Confirmed Downtrend,0.86,Price is below a bearish moving-average stack with falling trend signals.,,,,,watchlist,weekly_watchlist,watchlist,7.65,35.8,20.32,2.0,7.65,35.8,22.32,-17.99,-15.21,214630979.44,"Stage 4, Stage 4 - Confirmed Downtrend, weekly_vcp_ok, volume_dryup, weekly_volume_dryup, weekly_strong, downtrend",373,388,Stage 4,watchlist,weekly_watchlist,22.96,15,-0.6400000000000006,False,False,False,False,False
SBIN.NS,State Bank of India,Financial Services,Unknown,True,F&O,1,Stage 4,Stage 4,Stage 4 - Confirmed Downtrend,Stage 4 - Confirmed Downtrend,Stage 4 • Stage 4 - Confirmed Downtrend,0.86,Price is below a bearish moving-average stack with falling trend signals.,,,2026-08-31,,watchlist,weekly_watchlist,watchlist,11.23,35.8,22.29,0.0,11.23,35.8,22.29,-3.41,-1.58,7366332605.61,"Stage 4, Stage 4 - Confirmed Downtrend, weekly_vcp_ok, weekly_volume_dryup, weekly_strong, downtrend",374,412,Not Sure,watchlist,weekly_watchlist,22.08,38,0.21000000000000085,False,False,False,False,False
INTELLECT.NS,Intellect Design Arena Limited,Information Technology,Unknown,False,Cash,1,Stage 4,Stage 4,Stage 4 - Confirmed Downtrend,Stage 4 - Confirmed Downtrend,Stage 4 • Stage 4 - Confirmed Downtrend,0.86,Price is below a bearish moving-average stack with falling trend signals.,,,2025-12-05,,watchlist,weekly_watchlist,watchlist,7.54,35.8,20.26,2.0,7.54,35.8,22.26,-10.48,-0.82,215054503.67,"Stage 4, Stage 4 - Confirmed Downtrend, weekly_vcp_ok, volume_dryup, weekly_volume_dryup, weekly_strong, downtrend",375,399,Stage 4,watchlist,weekly_watchlist,22.56,24,-0.29999999999999716,False,False,False,False,False
SIGNATURE.NS,Signatureglobal (India) Ltd.,Realty,Unknown,False,Cash,1,Stage 4,Stage 4,Stage 4 - Confirmed Downtrend,Stage 4 - Confirmed Downtrend,Stage 4 • Stage 4 - Confirmed Downtrend,0.86,Price is below a bearish moving-average stack with falling trend signals.,,,,,watchlist,weekly_watchlist,watchlist,16.98,24.08,20.18,2.0,16.98,24.08,22.18,8.33,11.52,257874339.03,"Stage 4, Stage 4 - Confirmed Downtrend, weekly_vcp_ok, downtrend",376,476,Stage 4,watchlist,weekly_watchlist,19.31,100,2.870000000000001,False,False,False,False,False
CENTRALBK.NS,Central Bank of India,Financial Services,Unknown,False,Cash,1,Stage 4,Stage 4,Stage 4 - Confirmed Downtrend,Stage 4 - Confirmed Downtrend,Stage 4 • Stage 4 - Confirmed Downtrend,0.86,Price is below a bearish moving-average stack with falling trend signals.,,,,,watchlist,weekly_watchlist,watchlist,10.0,36.9,22.11,0.0,10.0,36.9,22.11,-0.92,-4.35,216037820.79,"Stage 4, Stage 4 - Confirmed Downtrend, weekly_vcp_ok, weekly_volume_dryup, weekly_strong, downtrend",377,410,Stage 4,watchlist,weekly_watchlist,22.11,33,0.0,False,False,False,False,False
AWL.NS,Adani Wilmar Limited,Fast Moving Consumer Goods,Unknown,False,Cash,1,Stage 4,Stage 4,Stage 4 - Weak/Declining,Stage 4 - Weak/Declining,Stage 4 • Stage 4 - Weak/Declining,0.72,Price is below long-term support with weak trend evidence.,,,2025-11-25,,watchlist,weekly_watchlist,watchlist,10.39,36.24,22.02,0.0,10.39,36.24,22.02,3.31,1.11,305350338.71,"Stage 4, Stage 4 - Weak/Declining, weekly_vcp_ok, volume_dryup, weekly_volume_dryup, weekly_strong, downtrend",378,416,Stage 4,watchlist,weekly_watchlist,21.94,38,0.0799999999999983,False,False,False,False,False
NETWEB.NS,Netweb Technologies India Limited,Information Technology,Unknown,False,Cash,1,Stage 2,Stage 2,Early Stage 2,Early Stage 2,Stage 2 • Early Stage 2,0.72,"Price has moved above long-term structure, but the full moving-average stack is not clean yet.",,,2026-09-25,,watchlist,weekly_watchlist,watchlist,17.05,23.52,19.96,2.0,17.05,23.52,21.96,8.13,47.09,5615226173.45,"Stage 2, Early Stage 2, volume_dryup, weekly_volume_dryup",379,242,Stage 2,watchlist,weekly_watchlist,31.64,-137,-9.68,False,False,False,False,False
JUBLINGREA.NS,Jubilant Ingrevia Limited,Chemicals,Unknown,False,Cash,1,Stage 2 Failed,Stage 4,Failed Stage 2,Failed Stage 2,Stage 2 Failed • Failed Stage 2,0.72,"This stock was recently Stage 2, but the latest structure no longer satisfies Stage 2 rules. It is kept as Stage 2 Failed until a fresh base/repair structure forms.",Recent Stage 2 break; public stage held as Stage 2 Failed.,2026-09-28,2026-09-09,,watchlist,weekly_watchlist,watchlist,0.0,37.67,16.95,5.0,0.0,37.67,21.95,3.05,15.7,188923742.85,"Stage 4, Stage 4 - Weak/Declining, weekly_vcp_ok, weekly_strong, downtrend | Stage 2 failed state applied from stage memory.",380,415,Stage 2 Failed,watchlist,weekly_watchlist,22.0,35,-0.05000000000000071,False,False,False,False,False
FIRSTCRY.NS,Brainbees Solutions Ltd.,Consumer Services,Unknown,False,Cash,1,Stage 4,Stage 4,Stage 4 - Confirmed Downtrend,Stage 4 - Confirmed Downtrend,Stage 4 • Stage 4 - Confirmed Downtrend,0.86,Price is below a bearish moving-average stack with falling trend signals.,,,,,watchlist,weekly_watchlist,watchlist,6.9,35.8,19.91,2.0,6.9,35.8,21.91,-13.26,-15.4,1594675260.9,"Stage 4, Stage 4 - Confirmed Downtrend, weekly_vcp_ok, weekly_strong, downtrend",381,501,Stage 4,watchlist,weekly_watchlist,18.33,120,3.580000000000002,False,False,False,False,False
SBICARD.NS,SBI Cards and Payment Services Limited,Financial Services,Unknown,True,F&O,1,Stage 4,Stage 4,Stage 4 - Weak/Declining,Stage 4 - Weak/Declining,Stage 4 • Stage 4 - Weak/Declining,0.72,Price is below long-term support with weak trend evidence.,,,2025-10-29,,watchlist,weekly_watchlist,watchlist,13.48,32.13,21.87,0.0,13.48,32.13,21.87,2.86,-5.14,1135803998.5,"Stage 4, Stage 4 - Weak/Declining, weekly_vcp_ok, volume_dryup, weekly_volume_dryup, weekly_strong, downtrend",382,408,Stage 4,watchlist,weekly_watchlist,22.21,26,-0.33999999999999986,False,False,False,False,False
SUNTECK.NS,Sunteck Realty Limited,Realty,Unknown,False,Cash,1,Stage 4,Stage 4,Stage 4 - Confirmed Downtrend,Stage 4 - Confirmed Downtrend,Stage 4 • Stage 4 - Confirmed Downtrend,0.86,Price is below a bearish moving-average stack with falling trend signals.,,,2025-11-14,,watchlist,weekly_watchlist,watchlist,5.92,36.9,19.86,2.0,5.92,36.9,21.86,-10.7,-6.2,31929522.44,"Stage 4, Stage 4 - Confirmed Downtrend, weekly_vcp_ok, volume_dryup, weekly_volume_dryup, weekly_strong, downtrend",383,448,Stage 4,watchlist,weekly_watchlist,20.91,65,0.9499999999999993,False,False,False,False,False
IRCON.NS,Ircon International Limited,Construction,Unknown,False,Cash,1,Stage 4,Stage 4,Stage 4 - Confirmed Downtrend,Stage 4 - Confirmed Downtrend,Stage 4 • Stage 4 - Confirmed Downtrend,0.86,Price is below a bearish moving-average stack with falling trend signals.,,,,,watchlist,weekly_watchlist,watchlist,10.4,35.8,21.83,0.0,10.4,35.8,21.83,-17.66,-14.58,179716150.78,"Stage 4, Stage 4 - Confirmed Downtrend, weekly_vcp_ok, weekly_strong, downtrend",384,411,Stage 4,watchlist,weekly_watchlist,22.1,27,-0.2700000000000031,False,False,False,False,False
RECLTD.NS,REC Limited,Financial Services,Unknown,True,F&O,1,Stage 4,Stage 4,Stage 4 - Confirmed Downtrend,Stage 4 - Confirmed Downtrend,Stage 4 • Stage 4 - Confirmed Downtrend,0.86,Price is below a bearish moving-average stack with falling trend signals.,,,2026-08-07,,watchlist,weekly_watchlist,watchlist,10.37,35.8,21.81,0.0,10.37,35.8,21.81,-11.53,-2.88,1372548577.25,"Stage 4, Stage 4 - Confirmed Downtrend, weekly_vcp_ok, weekly_strong, downtrend",385,420,Stage 4,watchlist,weekly_watchlist,21.79,35,0.019999999999999574,False,False,False,False,False
RAMCOCEM.NS,The Ramco Cements Limited,Construction Materials,Unknown,False,Cash,1,Stage 4,Stage 4,Stage 4 - Confirmed Downtrend,Stage 4 - Confirmed Downtrend,Stage 4 • Stage 4 - Confirmed Downtrend,0.86,Price is below a bearish moving-average stack with falling trend signals.,,,2026-03-04,,watchlist,weekly_watchlist,watchlist,10.26,35.8,21.75,0.0,10.26,35.8,21.75,-3.56,-7.55,175172219.94,"Stage 4, Stage 4 - Confirmed Downtrend, weekly_vcp_ok, weekly_volume_dryup, weekly_strong, downtrend",386,423,Stage 4,watchlist,weekly_watchlist,21.61,37,0.14000000000000057,False,False,False,False,False
VIPIND.NS,VIP Industries Limited,Consumer Durables,Unknown,False,Cash,1,Stage 4,Stage 4,Stage 4 - Weak/Declining,Stage 4 - Weak/Declining,Stage 4 • Stage 4 - Weak/Declining,0.72,Price is below long-term support with weak trend evidence.,,,,,watchlist,weekly_watchlist,watchlist,9.1,36.9,21.61,0.0,9.1,36.9,21.61,-0.53,-4.16,100417600.1,"Stage 4, Stage 4 - Weak/Declining, weekly_vcp_ok, weekly_volume_dryup, weekly_strong, downtrend",387,456,Stage 4,watchlist,weekly_watchlist,20.57,69,1.0399999999999991,False,False,False,False,False
CLEAN.NS,Clean Science and Technology Limited,Chemicals,Unknown,False,Cash,1,Not Sure,Stage 4,Pending Stage 4,Pending Stage 4,Not Sure • Pending Stage 4,0.55,Blocked public stage jump Stage 1 -> Stage 4; waiting for intermediate/confirmed structure.,Blocked public stage jump Stage 1 -> Stage 4; waiting for intermediate/confirmed structure.,,,Stage 4,watchlist,weekly_watchlist,watchlist,0.0,36.9,16.61,5.0,0.0,36.9,21.61,6.15,12.83,303244637.61,"Stage 4, Stage 4 - Weak/Declining, weekly_vcp_ok, volume_dryup, weekly_volume_dryup, weekly_strong, downtrend | Blocked public stage jump Stage 1 -> Stage 4; waiting for intermediate/confirmed structure.",388,278,Stage 1,watchlist,weekly_watchlist,28.16,-110,-6.550000000000001,False,False,False,False,False
COCHINSHIP.NS,Cochin Shipyard Limited,Capital Goods,Unknown,True,F&O,1,Stage 4,Stage 4,Stage 4 - Confirmed Downtrend,Stage 4 - Confirmed Downtrend,Stage 4 • Stage 4 - Confirmed Downtrend,0.86,Price is below a bearish moving-average stack with falling trend signals.,,,2025-10-17,,watchlist,weekly_watchlist,watchlist,0.0,36.9,16.61,5.0,0.0,36.9,21.61,-7.32,3.47,1469477471.22,"Stage 4, Stage 4 - Confirmed Downtrend, weekly_vcp_ok, weekly_volume_dryup, weekly_strong, downtrend",389,311,Stage 4,watchlist,weekly_watchlist,26.41,-78,-4.800000000000001,False,False,False,False,False
MAZDOCK.NS,Mazagon Dock Shipbuilders Limited,Capital Goods,Unknown,True,F&O,1,Stage 2 Failed,Stage 4,Failed Stage 2,Failed Stage 2,Stage 2 Failed • Failed Stage 2,0.72,"This stock was recently Stage 2, but the latest structure no longer satisfies Stage 2 rules. It is kept as Stage 2 Failed until a fresh base/repair structure forms.",Recent Stage 2 break; public stage held as Stage 2 Failed.,2026-09-28,2026-09-08,,watchlist,weekly_watchlist,watchlist,0.0,36.9,16.61,5.0,0.0,36.9,21.61,-11.06,-3.16,1316358776.33,"Stage 4, Stage 4 - Weak/Declining, weekly_vcp_ok, weekly_volume_dryup, weekly_strong, downtrend | Stage 2 failed state applied from stage memory.",390,425,Stage 2 Failed,watchlist,weekly_watchlist,21.61,35,0.0,False,False,False,False,False
SHARDACROP.NS,Sharda Cropchem Limited,Chemicals,Unknown,False,Cash,1,Stage 4,Stage 4,Stage 4 - Confirmed Downtrend,Stage 4 - Confirmed Downtrend,Stage 4 • Stage 4 - Confirmed Downtrend,0.86,Price is below a bearish moving-average stack with falling trend signals.,,,2026-05-06,,watchlist,weekly_watchlist,watchlist,0.0,36.9,16.61,5.0,0.0,36.9,21.61,-12.14,-14.88,77422195.86,"Stage 4, Stage 4 - Confirmed Downtrend, weekly_vcp_ok, volume_dryup, weekly_volume_dryup, weekly_strong, downtrend",391,427,Stage 4,watchlist,weekly_watchlist,21.61,36,0.0,False,False,False,False,False
SWANCORP.NS,Swan Corp Ltd.,Chemicals,Unknown,False,Cash,1,Stage 4,Stage 4,Stage 4 - Confirmed Downtrend,Stage 4 - Confirmed Downtrend,Stage 4 • Stage 4 - Confirmed Downtrend,0.86,Price is below a bearish moving-average stack with falling trend signals.,,,2026-01-07,,watchlist,weekly_watchlist,watchlist,0.0,36.9,16.61,5.0,0.0,36.9,21.61,-2.12,-5.48,1129632287.6,"Stage 4, Stage 4 - Confirmed Downtrend, weekly_vcp_ok, volume_dryup, weekly_volume_dryup, weekly_strong, downtrend",392,444,Stage 4,watchlist,weekly_watchlist,21.11,52,0.5,False,False,False,False,False
APTUS.NS,Aptus Value Housing Finance India Limited,Financial Services,Unknown,False,Cash,1,Stage 4,Stage 4,Stage 4 - Weak/Declining,Stage 4 - Weak/Declining,Stage 4 • Stage 4 - Weak/Declining,0.72,Price is below long-term support with weak trend evidence.,,,2026-07-30,,watchlist,weekly_watchlist,watchlist,9.17,36.77,21.59,0.0,9.17,36.77,21.59,-12.71,22.45,371956856.67,"Stage 4, Stage 4 - Weak/Declining, weekly_vcp_ok, weekly_strong, downtrend",393,429,Stage 4,watchlist,weekly_watchlist,21.47,36,0.120000000000001,False,False,False,False,False
ABCAPITAL.NS,Aditya Birla Capital Limited,Financial Services,Unknown,True,F&O,1,Stage 2 Failed,Stage 3,Failed Stage 2,Failed Stage 2,Stage 2 Failed • Failed Stage 2,0.72,"This stock was recently Stage 2, but the latest structure no longer satisfies Stage 2 rules. It is kept as Stage 2 Failed until a fresh base/repair structure forms.",Recent Stage 2 break; public stage held as Stage 2 Failed.,2026-09-28,2026-09-24,,watchlist,weekly_watchlist,watchlist,3.98,43.11,21.59,0.0,3.98,43.11,21.59,2.5,30.57,965195975.59,"Stage 3, Stage 3 - Transition, weekly_vcp_ok, volume_dryup, weekly_volume_dryup, weekly_strong, distribution_risk | Stage 2 failed state applied from stage memory.",394,267,Stage 2 Failed,watchlist,weekly_watchlist,28.85,-127,-7.260000000000002,False,False,False,False,False
GSFC.NS,Gujarat State Fertilizers & Chemicals Limited,Chemicals,Unknown,False,Cash,1,Stage 4,Stage 4,Stage 4 - Weak/Declining,Stage 4 - Weak/Declining,Stage 4 • Stage 4 - Weak/Declining,0.72,Price is below long-term support with weak trend evidence.,,,,,watchlist,weekly_watchlist,watchlist,0.0,36.79,16.56,5.0,0.0,36.79,21.56,3.62,6.25,157189612.55,"Stage 4, Stage 4 - Weak/Declining, weekly_vcp_ok, weekly_volume_dryup, weekly_strong, downtrend",395,287,Stage 4,watchlist,weekly_watchlist,27.68,-108,-6.120000000000001,False,False,False,False,False
TASTYBITE.NS,Tasty Bite Eatables Limited,Fast Moving Consumer Goods,Unknown,False,Cash,1,Stage 2,Stage 2,Early Stage 2,Early Stage 2,Stage 2 • Early Stage 2,0.72,"Price has moved above long-term structure, but the full moving-average stack is not clean yet.",,,2026-09-25,,watchlist,weekly_watchlist,watchlist,14.62,30.03,21.55,0.0,14.62,30.03,21.55,14.99,45.36,27159701.3,"Stage 2, Early Stage 2, volume_dryup, weekly_volume_dryup",396,210,Stage 2,watchlist,weekly_watchlist,34.96,-186,-13.41,False,False,False,False,False
TCI.NS,Transport Corporation of India Limited,Services,Unknown,False,Cash,1,Stage 4,Stage 4,Stage 4 - Confirmed Downtrend,Stage 4 - Confirmed Downtrend,Stage 4 • Stage 4 - Confirmed Downtrend,0.86,Price is below a bearish moving-average stack with falling trend signals.,,,2025-11-04,,watchlist,weekly_watchlist,watchlist,5.2,36.9,19.46,2.0,5.2,36.9,21.46,-2.51,-14.49,280493390.54,"Stage 4, Stage 4 - Confirmed Downtrend, weekly_vcp_ok, weekly_strong, downtrend",397,297,Stage 4,watchlist,weekly_watchlist,27.21,-100,-5.75,False,False,False,False,False
NAVA.NS,NAVA LIMITED,Power,Unknown,False,Cash,1,Stage 4,Stage 4,Stage 4 - Weak/Declining,Stage 4 - Weak/Declining,Stage 4 • Stage 4 - Weak/Declining,0.72,Price is below long-term support with weak trend evidence.,,,2026-05-28,,watchlist,weekly_watchlist,watchlist,10.11,35.0,21.31,0.0,10.11,35.0,21.31,-5.86,0.83,124469829.11,"Stage 4, Stage 4 - Weak/Declining, weekly_vcp_ok, weekly_strong, downtrend",398,395,Stage 4,watchlist,weekly_watchlist,22.77,-3,-1.4600000000000009,False,False,False,False,False
IGIL.NS,International Gemmological Institute (India) Ltd.,Services,Unknown,False,Cash,1,Stage 1,Stage 1,Stage 1 - Base/Repair,Stage 1 - Base/Repair,Stage 1 • Stage 1 - Base/Repair,0.7,Price is near long-term moving averages with no strong long-term downtrend signal.,,,2026-07-09,,watchlist,weekly_watchlist,watchlist,0.0,42.9,19.3,2.0,0.0,42.9,21.3,-4.79,3.89,175071336.05,"Stage 1, Stage 1 - Base/Repair, weekly_vcp_ok, weekly_volume_dryup, weekly_strong, stage1_not_actionable, stage1_needs_more_base",399,661,Stage 1,watchlist,weekly_watchlist,7.52,262,13.780000000000001,False,False,False,False,False
AMBUJACEM.NS,Ambuja Cements Limited,Construction Materials,Unknown,True,F&O,1,Stage 4,Stage 4,Stage 4 - Confirmed Downtrend,Stage 4 - Confirmed Downtrend,Stage 4 • Stage 4 - Confirmed Downtrend,0.86,Price is below a bearish moving-average stack with falling trend signals.,,,,,watchlist,weekly_watchlist,watchlist,9.28,35.8,21.21,0.0,9.28,35.8,21.21,-7.62,-7.84,444729396.37,"Stage 4, Stage 4 - Confirmed Downtrend, weekly_vcp_ok, volume_dryup, weekly_volume_dryup, weekly_strong, downtrend",400,431,Stage 4,watchlist,weekly_watchlist,21.31,31,-0.09999999999999787,False,False,False,False,False
EMAMILTD.NS,Emami Limited,Fast Moving Consumer Goods,Unknown,False,Cash,1,Stage 4,Stage 4,Stage 4 - Confirmed Downtrend,Stage 4 - Confirmed Downtrend,Stage 4 • Stage 4 - Confirmed Downtrend,0.86,Price is below a bearish moving-average stack with falling trend signals.,,,,,watchlist,weekly_watchlist,watchlist,8.24,36.9,21.14,0.0,8.24,36.9,21.14,-1.64,-0.14,946077742.58,"Stage 4, Stage 4 - Confirmed Downtrend, weekly_vcp_ok, weekly_strong, downtrend",401,432,Stage 4,watchlist,weekly_watchlist,21.19,31,-0.05000000000000071,False,False,False,False,False
CUMMINSIND.NS,Cummins India Limited,Capital Goods,Unknown,True,F&O,1,Stage 4,Stage 4,Stage 4 - Weak/Declining,Stage 4 - Weak/Declining,Stage 4 • Stage 4 - Weak/Declining,0.72,Price is below long-term support with weak trend evidence.,,,2026-08-11,,watchlist,weekly_watchlist,watchlist,0.0,35.85,16.13,5.0,0.0,35.85,21.13,-7.14,7.61,1740063316.58,"Stage 4, Stage 4 - Weak/Declining, weekly_vcp_ok, volume_dryup, weekly_volume_dryup, weekly_strong, downtrend",402,261,Not Sure,watchlist,weekly_watchlist,29.57,-141,-8.440000000000001,False,False,False,False,False
SAFARI.NS,Safari Industries (India) Limited,Consumer Durables,Unknown,False,Cash,1,Stage 4,Stage 4,Stage 4 - Confirmed Downtrend,Stage 4 - Confirmed Downtrend,Stage 4 • Stage 4 - Confirmed Downtrend,0.86,Price is below a bearish moving-average stack with falling trend signals.,,,2025-12-24,,watchlist,weekly_watchlist,watchlist,8.2,36.9,21.12,0.0,8.2,36.9,21.12,-5.06,3.93,59221353.6,"Stage 4, Stage 4 - Confirmed Downtrend, weekly_vcp_ok, weekly_volume_dryup, weekly_strong, downtrend",403,417,Stage 4,watchlist,weekly_watchlist,21.92,14,-0.8000000000000007,False,False,False,False,False
IRB.NS,IRB Infrastructure Developers Limited,Construction,Unknown,False,Cash,1,Stage 4,Stage 4,Stage 4 - Confirmed Downtrend,Stage 4 - Confirmed Downtrend,Stage 4 • Stage 4 - Confirmed Downtrend,0.86,Price is below a bearish moving-average stack with falling trend signals.,,,,,watchlist,weekly_watchlist,watchlist,9.1,35.8,21.11,0.0,9.1,35.8,21.11,-14.68,-18.74,340041903.81,"Stage 4, Stage 4 - Confirmed Downtrend, weekly_vcp_ok, weekly_strong, downtrend",404,433,Stage 4,watchlist,weekly_watchlist,21.11,29,0.0,False,False,False,False,False
JSWHL.NS,JSW Holdings Limited,Financial Services,Unknown,False,Cash,1,Stage 4,Stage 4,Stage 4 - Confirmed Downtrend,Stage 4 - Confirmed Downtrend,Stage 4 • Stage 4 - Confirmed Downtrend,0.86,Price is below a bearish moving-average stack with falling trend signals.,,,,,watchlist,weekly_watchlist,watchlist,9.1,35.8,21.11,0.0,9.1,35.8,21.11,-3.52,-4.0,79743179.65,"Stage 4, Stage 4 - Confirmed Downtrend, weekly_vcp_ok, weekly_volume_dryup, weekly_strong, downtrend",405,434,Stage 4,watchlist,weekly_watchlist,21.11,29,0.0,False,False,False,False,False
AIAENG.NS,AIA Engineering Limited,Capital Goods,Unknown,False,Cash,1,Stage 4,Stage 4,Stage 4,Stage 4,Stage 4,0.66,Declining structure detected.,,,2026-08-28,,watchlist,weekly_watchlist,watchlist,0.0,35.8,16.11,5.0,0.0,35.8,21.11,-17.72,8.29,261715478.76,"Stage 4, Stage 4, weekly_vcp_ok, weekly_strong, downtrend",406,435,Stage 4,watchlist,weekly_watchlist,21.11,29,0.0,False,False,False,False,False
ANURAS.NS,Anupam Rasayan India Limited,Chemicals,Unknown,False,Cash,1,Stage 4,Stage 4,Stage 4 - Confirmed Downtrend,Stage 4 - Confirmed Downtrend,Stage 4 • Stage 4 - Confirmed Downtrend,0.86,Price is below a bearish moving-average stack with falling trend signals.,,,2026-06-05,,watchlist,weekly_watchlist,watchlist,0.0,35.8,16.11,5.0,0.0,35.8,21.11,-1.58,-4.62,682543931.73,"Stage 4, Stage 4 - Confirmed Downtrend, weekly_vcp_ok, weekly_strong, downtrend",407,436,Stage 4,watchlist,weekly_watchlist,21.11,29,0.0,False,False,False,False,False
BORORENEW.NS,BOROSIL RENEWABLES LIMITED,Capital Goods,Unknown,False,Cash,1,Stage 4,Stage 4,Stage 4 - Weak/Declining,Stage 4 - Weak/Declining,Stage 4 • Stage 4 - Weak/Declining,0.72,Price is below long-term support with weak trend evidence.,,,2026-08-04,,watchlist,weekly_watchlist,watchlist,0.0,35.8,16.11,5.0,0.0,35.8,21.11,-22.24,11.31,200743581.55,"Stage 4, Stage 4 - Weak/Declining, weekly_vcp_ok, weekly_volume_dryup, weekly_strong, downtrend",408,437,Stage 4,watchlist,weekly_watchlist,21.11,29,0.0,False,False,False,False,False
RCF.NS,Rashtriya Chemicals and Fertilizers Limited,Chemicals,Unknown,False,Cash,1,Stage 4,Stage 4,Stage 4 - Confirmed Downtrend,Stage 4 - Confirmed Downtrend,Stage 4 • Stage 4 - Confirmed Downtrend,0.86,Price is below a bearish moving-average stack with falling trend signals.,,,,,watchlist,weekly_watchlist,watchlist,0.0,35.8,16.11,5.0,0.0,35.8,21.11,-11.03,-0.89,110924048.84,"Stage 4, Stage 4 - Confirmed Downtrend, weekly_vcp_ok, volume_dryup, weekly_volume_dryup, weekly_strong, downtrend",409,441,Stage 4,watchlist,weekly_watchlist,21.11,32,0.0,False,False,False,False,False
SALASAR.NS,Salasar Techno Engineering Limited,Capital Goods,Unknown,False,Cash,1,Stage 4,Stage 4,Stage 4 - Confirmed Downtrend,Stage 4 - Confirmed Downtrend,Stage 4 • Stage 4 - Confirmed Downtrend,0.86,Price is below a bearish moving-average stack with falling trend signals.,,,,,watchlist,weekly_watchlist,watchlist,0.0,35.8,16.11,5.0,0.0,35.8,21.11,-22.15,-26.83,37088498.17,"Stage 4, Stage 4 - Confirmed Downtrend, weekly_vcp_ok, weekly_strong, downtrend",410,443,Stage 4,watchlist,weekly_watchlist,21.11,33,0.0,False,False,False,False,False
SANDUMA.NS,Sandur Manganese & Iron Ores Limited,"Oil, Gas & Consumable Fuels",Unknown,False,Cash,1,Stage 4,Stage 4,Stage 4 - Confirmed Downtrend,Stage 4 - Confirmed Downtrend,Stage 4 • Stage 4 - Confirmed Downtrend,0.86,Price is below a bearish moving-average stack with falling trend signals.,,,2026-06-05,,watchlist,weekly_watchlist,watchlist,0.0,35.8,16.11,5.0,0.0,35.8,21.11,-7.01,1.67,92591691.19,"Stage 4, Stage 4 - Confirmed Downtrend, weekly_vcp_ok, volume_dryup, weekly_volume_dryup, weekly_strong, downtrend",411,369,Stage 4,watchlist,weekly_watchlist,23.82,-42,-2.710000000000001,False,False,False,False,False
SUBROS.NS,Subros Limited,Automobile and Auto Components,Unknown,False,Cash,1,Stage 4,Stage 4,Stage 4 - Confirmed Downtrend,Stage 4 - Confirmed Downtrend,Stage 4 • Stage 4 - Confirmed Downtrend,0.86,Price is below a bearish moving-average stack with falling trend signals.,,,2025-11-10,,watchlist,weekly_watchlist,watchlist,0.0,35.8,16.11,5.0,0.0,35.8,21.11,-12.03,5.44,24703394.0,"Stage 4, Stage 4 - Confirmed Downtrend, weekly_vcp_ok, volume_dryup, weekly_volume_dryup, weekly_strong, downtrend",412,406,Stage 4,watchlist,weekly_watchlist,22.27,-6,-1.1600000000000001,False,False,False,False,False
SURYAROSNI.NS,Surya Roshni Limited,Capital Goods,Unknown,False,Cash,1,Stage 4,Stage 4,Stage 4 - Confirmed Downtrend,Stage 4 - Confirmed Downtrend,Stage 4 • Stage 4 - Confirmed Downtrend,0.86,Price is below a bearish moving-average stack with falling trend signals.,,,2026-07-10,,watchlist,weekly_watchlist,watchlist,0.0,35.8,16.11,5.0,0.0,35.8,21.11,-8.48,4.68,87913110.54,"Stage 4, Stage 4 - Confirmed Downtrend, weekly_vcp_ok, volume_dryup, weekly_volume_dryup, weekly_strong, downtrend",413,305,Stage 4,watchlist,weekly_watchlist,26.79,-108,-5.68,False,False,False,False,False
VESUVIUS.NS,Vesuvius India Limited,Capital Goods,Unknown,False,Cash,1,Stage 4,Stage 4,Stage 4 - Confirmed Downtrend,Stage 4 - Confirmed Downtrend,Stage 4 • Stage 4 - Confirmed Downtrend,0.86,Price is below a bearish moving-average stack with falling trend signals.,,,,,watchlist,weekly_watchlist,watchlist,0.0,35.8,16.11,5.0,0.0,35.8,21.11,-13.57,-13.44,27705241.53,"Stage 4, Stage 4 - Confirmed Downtrend, weekly_vcp_ok, weekly_strong, downtrend",414,446,Stage 4,watchlist,weekly_watchlist,21.11,32,0.0,False,False,False,False,False
VSTTILLERS.NS,V.S.T Tillers Tractors Limited,Capital Goods,Unknown,False,Cash,1,Stage 4,Stage 4,Stage 4 - Confirmed Downtrend,Stage 4 - Confirmed Downtrend,Stage 4 • Stage 4 - Confirmed Downtrend,0.86,Price is below a bearish moving-average stack with falling trend signals.,,,2026-02-26,,watchlist,weekly_watchlist,watchlist,0.0,35.8,16.11,5.0,0.0,35.8,21.11,-0.04,-10.78,41116669.9,"Stage 4, Stage 4 - Confirmed Downtrend, weekly_vcp_ok, weekly_strong, downtrend",415,325,Stage 4,watchlist,weekly_watchlist,26.02,-90,-4.91,False,False,False,False,False
PURVA.NS,Puravankara Limited,Realty,Unknown,False,Cash,1,Stage 4,Stage 4,Stage 4 - Weak/Declining,Stage 4 - Weak/Declining,Stage 4 • Stage 4 - Weak/Declining,0.72,Price is below long-term support with weak trend evidence.,,,,,watchlist,weekly_watchlist,watchlist,14.64,24.54,19.09,2.0,14.64,24.54,21.09,2.68,21.73,254155495.11,"Stage 4, Stage 4 - Weak/Declining, weekly_vcp_ok, volume_dryup, weekly_volume_dryup, downtrend",416,419,Stage 4,watchlist,weekly_watchlist,21.87,3,-0.7800000000000011,False,False,False,False,False
BBOX.NS,Black Box Limited,Information Technology,Unknown,False,Cash,1,Stage 3,Stage 3,Stage 3 - Transition,Stage 3 - Transition,Stage 3 • Stage 3 - Transition,0.62,"The structure is transitioning after prior strength, but it is not yet a confirmed Stage 4 decline.",,,2026-07-21,,watchlist,weekly_watchlist,watchlist,17.26,21.29,19.07,2.0,17.26,21.29,21.07,-15.56,68.42,456221713.67,"Stage 3, Stage 3 - Transition, distribution_risk",417,414,Stage 3,watchlist,weekly_watchlist,22.02,-3,-0.9499999999999993,False,False,False,False,False
JSWENERGY.NS,JSW Energy Limited,Power,Unknown,True,F&O,1,Stage 4,Stage 4,Stage 4 - Weak/Declining,Stage 4 - Weak/Declining,Stage 4 • Stage 4 - Weak/Declining,0.72,Price is below long-term support with weak trend evidence.,,,2026-08-27,,watchlist,weekly_watchlist,watchlist,10.64,33.8,21.06,0.0,10.64,33.8,21.06,-7.34,3.39,929326427.28,"Stage 4, Stage 4 - Weak/Declining, weekly_vcp_ok, weekly_volume_dryup, weekly_strong, downtrend",418,226,Not Sure,watchlist,weekly_watchlist,32.98,-192,-11.919999999999998,False,False,False,False,False
CGPOWER.NS,CG Power and Industrial Solutions Limited,Capital Goods,Unknown,True,F&O,1,Stage 2 Failed,Stage 1,Failed Stage 2,Failed Stage 2,Stage 2 Failed • Failed Stage 2,0.72,"This stock was recently Stage 2, but the latest structure no longer satisfies Stage 2 rules. It is kept as Stage 2 Failed until a fresh base/repair structure forms.",Recent Stage 2 break; public stage held as Stage 2 Failed.,2026-09-28,2026-09-25,,watchlist,weekly_watchlist,watchlist,19.76,11.27,15.94,5.0,19.76,11.27,20.94,-4.73,29.45,2018913366.78,"Stage 1, Stage 1 - Base/Repair, volume_dryup, weekly_volume_dryup, stage1_not_actionable, stage1_needs_more_base | Stage 2 failed state applied from stage memory.",419,254,Stage 2,watchlist,weekly_watchlist,30.25,-165,-9.309999999999999,False,False,False,False,False
AFFLE.NS,Affle (India) Limited,Information Technology,Unknown,False,Cash,1,Stage 2 Failed,Stage 3,Failed Stage 2,Failed Stage 2,Stage 2 Failed • Failed Stage 2,0.72,"This stock was recently Stage 2, but the latest structure no longer satisfies Stage 2 rules. It is kept as Stage 2 Failed until a fresh base/repair structure forms.",Recent Stage 2 break; public stage held as Stage 2 Failed.,2026-09-28,2026-09-07,,watchlist,weekly_watchlist,watchlist,0.0,42.05,18.92,2.0,0.0,42.05,20.92,11.29,11.18,590069632.1,"Stage 3, Stage 3 - Transition, weekly_vcp_ok, volume_dryup, weekly_volume_dryup, weekly_strong, distribution_risk | Stage 2 failed state applied from stage memory.",420,449,Stage 2 Failed,watchlist,weekly_watchlist,20.9,29,0.020000000000003126,False,False,False,False,False
BAJAJFINSV.NS,Bajaj Finserv Limited,Financial Services,Unknown,True,F&O,1,Stage 4,Stage 4,Stage 4 - Weak/Declining,Stage 4 - Weak/Declining,Stage 4 • Stage 4 - Weak/Declining,0.72,Price is below long-term support with weak trend evidence.,,,2026-09-04,,watchlist,weekly_watchlist,watchlist,8.03,36.66,20.91,0.0,8.03,36.66,20.91,-0.48,9.13,1199430587.26,"Stage 4, Stage 4 - Weak/Declining, weekly_vcp_ok, volume_dryup, weekly_strong, downtrend",421,364,Stage 2 Failed,watchlist,weekly_watchlist,23.99,-57,-3.0799999999999983,False,False,False,False,False
HINDCOPPER.NS,Hindustan Copper Ltd.,Metals & Mining,Unknown,False,Cash,1,Stage 1,Stage 1,Stage 1 - Unclear/Repair,Stage 1 - Unclear/Repair,Stage 1 • Stage 1 - Unclear/Repair,0.58,Not enough evidence for Stage 2 or Stage 4; classified as repair/unclear structure.,,,2026-08-24,,watchlist,weekly_watchlist,watchlist,0.0,41.99,18.9,2.0,0.0,41.99,20.9,2.37,-0.52,3994203176.68,"Stage 1, Stage 1 - Unclear/Repair, weekly_vcp_ok, volume_dryup, weekly_volume_dryup, weekly_strong, stage1_not_actionable, stage1_needs_more_base",422,268,Stage 1,watchlist,weekly_watchlist,28.82,-154,-7.920000000000002,False,False,False,False,False
SCI.NS,Shipping Corporation Of India Limited,Services,Unknown,False,Cash,1,Stage 2 Failed,Stage 1,Failed Stage 2,Failed Stage 2,Stage 2 Failed • Failed Stage 2,0.72,"This stock was recently Stage 2, but the latest structure no longer satisfies Stage 2 rules. It is kept as Stage 2 Failed until a fresh base/repair structure forms.",Recent Stage 2 break; public stage held as Stage 2 Failed.,2026-09-28,2026-09-10,,watchlist,weekly_watchlist,watchlist,0.0,41.47,18.66,2.0,0.0,41.47,20.66,-4.97,21.7,443499902.05,"Stage 1, Stage 1 - Base/Repair, weekly_vcp_ok, volume_dryup, weekly_volume_dryup, weekly_strong, stage1_not_actionable, stage1_needs_more_base | Stage 2 failed state applied from stage memory.",423,234,Stage 2 Failed,watchlist,weekly_watchlist,32.52,-189,-11.860000000000003,False,False,False,False,False
DIXON.NS,Dixon Technologies (India) Limited,Consumer Durables,Unknown,True,F&O,1,Stage 2 Failed,Stage 3,Failed Stage 2,Failed Stage 2,Stage 2 Failed • Failed Stage 2,0.72,"This stock was recently Stage 2, but the latest structure no longer satisfies Stage 2 rules. It is kept as Stage 2 Failed until a fresh base/repair structure forms.",Recent Stage 2 break; public stage held as Stage 2 Failed.,2026-09-28,2026-09-08,,watchlist,weekly_watchlist,watchlist,0.37,45.33,20.6,0.0,0.37,45.33,20.6,15.43,39.86,4350435277.03,"Stage 3, Stage 3 - Transition, weekly_vcp_ok, weekly_strong, distribution_risk | Stage 2 failed state applied from stage memory.",424,463,Stage 2 Failed,watchlist,weekly_watchlist,19.93,39,0.6700000000000017,False,False,False,False,False
FIVESTAR.NS,Five-Star Business Finance Limited,Financial Services,Unknown,False,Cash,1,Stage 2 Failed,Stage 3,Failed Stage 2,Failed Stage 2,Stage 2 Failed • Failed Stage 2,0.72,"This stock was recently Stage 2, but the latest structure no longer satisfies Stage 2 rules. It is kept as Stage 2 Failed until a fresh base/repair structure forms.",Recent Stage 2 break; public stage held as Stage 2 Failed.,2026-09-28,2026-09-23,,watchlist,weekly_watchlist,watchlist,0.0,45.65,20.54,0.0,0.0,45.65,20.54,0.75,46.75,332682910.81,"Stage 3, Stage 3 - Transition, weekly_vcp_ok, weekly_strong, distribution_risk | Stage 2 failed state applied from stage memory.",425,430,Stage 2 Failed,watchlist,weekly_watchlist,21.34,5,-0.8000000000000007,False,False,False,False,False
ABLBL.NS,Aditya Birla Lifestyle Brands Ltd.,Consumer Services,Unknown,False,Cash,1,Stage 4,Stage 4,Stage 4 - Confirmed Downtrend,Stage 4 - Confirmed Downtrend,Stage 4 • Stage 4 - Confirmed Downtrend,0.86,Price is below a bearish moving-average stack with falling trend signals.,,,,,watchlist,weekly_watchlist,watchlist,4.35,35.8,18.5,2.0,4.35,35.8,20.5,-15.97,-14.74,51112033.58,"Stage 4, Stage 4 - Confirmed Downtrend, weekly_vcp_ok, weekly_volume_dryup, weekly_strong, downtrend",426,452,Stage 4,watchlist,weekly_watchlist,20.77,26,-0.2699999999999996,False,False,False,False,False
SKFINDIA.NS,SKF India Limited,Capital Goods,Unknown,False,Cash,1,Stage 4,Stage 4,Stage 4 - Confirmed Downtrend,Stage 4 - Confirmed Downtrend,Stage 4 • Stage 4 - Confirmed Downtrend,0.86,Price is below a bearish moving-average stack with falling trend signals.,,,,,watchlist,weekly_watchlist,watchlist,10.0,22.16,15.47,5.0,10.0,22.16,20.47,-2.59,3.21,74578266.52,"Stage 4, Stage 4 - Confirmed Downtrend, weekly_vcp_ok, volume_dryup, weekly_volume_dryup, downtrend",427,586,Stage 4,watchlist,weekly_watchlist,14.97,159,5.499999999999998,False,False,False,False,False
SJVN.NS,SJVN Limited,Power,Unknown,False,Cash,1,Stage 4,Stage 4,Stage 4 - Confirmed Downtrend,Stage 4 - Confirmed Downtrend,Stage 4 • Stage 4 - Confirmed Downtrend,0.86,Price is below a bearish moving-average stack with falling trend signals.,,,,,watchlist,weekly_watchlist,watchlist,6.93,36.9,20.42,0.0,6.93,36.9,20.42,-10.3,-6.59,140843325.22,"Stage 4, Stage 4 - Confirmed Downtrend, weekly_vcp_ok, weekly_strong, downtrend",428,459,Stage 4,watchlist,weekly_watchlist,20.34,31,0.08000000000000185,False,False,False,False,False
HUDCO.NS,Housing & Urban Development Corporation Limited,Financial Services,Unknown,False,Cash,1,Stage 4,Stage 4,Stage 4 - Confirmed Downtrend,Stage 4 - Confirmed Downtrend,Stage 4 • Stage 4 - Confirmed Downtrend,0.86,Price is below a bearish moving-average stack with falling trend signals.,,,2026-07-06,,watchlist,weekly_watchlist,watchlist,7.61,35.8,20.3,0.0,7.61,35.8,20.3,-12.18,4.11,290073157.03,"Stage 4, Stage 4 - Confirmed Downtrend, weekly_vcp_ok, weekly_strong, downtrend",429,453,Stage 4,watchlist,weekly_watchlist,20.71,24,-0.41000000000000014,False,False,False,False,False
M&MFIN.NS,Mahindra & Mahindra Financial Services Limited,Financial Services,Unknown,False,Cash,1,Stage 2 Failed,Stage 1,Failed Stage 2,Failed Stage 2,Stage 2 Failed • Failed Stage 2,0.72,"This stock was recently Stage 2, but the latest structure no longer satisfies Stage 2 rules. It is kept as Stage 2 Failed until a fresh base/repair structure forms.",Recent Stage 2 break; public stage held as Stage 2 Failed.,2026-09-28,2026-09-22,,watchlist,weekly_watchlist,watchlist,0.0,45.1,20.3,0.0,0.0,45.1,20.3,11.78,21.22,614956921.48,"Stage 1, Stage 1 - Base/Repair, weekly_vcp_ok, volume_dryup, weekly_volume_dryup, weekly_strong, stage1_not_actionable, stage1_needs_more_base | Stage 2 failed state applied from stage memory.",430,462,Stage 2 Failed,watchlist,weekly_watchlist,20.06,32,0.240000000000002,False,False,False,False,False
SPARC.NS,Sun Pharma Advanced Research Company Limited,Healthcare,Unknown,False,Cash,1,Stage 3,Stage 3,Stage 3 - Transition,Stage 3 - Transition,Stage 3 • Stage 3 - Transition,0.62,"The structure is transitioning after prior strength, but it is not yet a confirmed Stage 4 decline.",,,2026-08-07,,watchlist,weekly_watchlist,watchlist,13.14,6.76,10.27,10.0,13.14,6.76,20.27,-10.13,65.77,194785801.23,"Stage 3, Stage 3 - Transition, distribution_risk",431,454,Stage 3,watchlist,weekly_watchlist,20.69,23,-0.4200000000000017,False,False,False,False,False
HDFCAMC.NS,HDFC Asset Management Company Limited,Financial Services,Unknown,True,F&O,1,Stage 4,Stage 4,Stage 4 - Confirmed Downtrend,Stage 4 - Confirmed Downtrend,Stage 4 • Stage 4 - Confirmed Downtrend,0.86,Price is below a bearish moving-average stack with falling trend signals.,,,2026-07-15,,watchlist,weekly_watchlist,watchlist,6.65,36.9,20.26,0.0,6.65,36.9,20.26,-11.47,2.43,1422841032.4,"Stage 4, Stage 4 - Confirmed Downtrend, weekly_vcp_ok, volume_dryup, weekly_volume_dryup, weekly_strong, downtrend",432,460,Stage 4,watchlist,weekly_watchlist,20.32,28,-0.05999999999999872,False,False,False,False,False
JMFINANCIL.NS,JM Financial Limited,Financial Services,Unknown,False,Cash,1,Stage 4,Stage 4,Stage 4 - Weak/Declining,Stage 4 - Weak/Declining,Stage 4 • Stage 4 - Weak/Declining,0.72,Price is below long-term support with weak trend evidence.,,,,,watchlist,weekly_watchlist,watchlist,4.85,39.01,20.22,0.0,4.85,39.01,20.22,2.0,8.1,302480642.81,"Stage 4, Stage 4 - Weak/Declining, weekly_vcp_ok, volume_dryup, weekly_volume_dryup, weekly_strong, downtrend",433,372,Stage 4,watchlist,weekly_watchlist,23.75,-61,-3.530000000000001,False,False,False,False,False
LGBBROSLTD.NS,LG Balakrishnan & Bros Limited,Automobile and Auto Components,Unknown,False,Cash,1,Stage 1,Stage 1,Stage 1 - Early Turn,Stage 1 - Early Turn,Stage 1 • Stage 1 - Early Turn,0.66,The stock is improving from a repair/base area but has not confirmed a clean Stage 2 yet.,,,2026-09-03,,watchlist,weekly_watchlist,watchlist,9.43,22.15,15.15,5.0,9.43,22.15,20.15,13.84,4.97,43320196.08,"Stage 1, Stage 1 - Early Turn, weekly_volume_dryup, stage1_not_actionable, stage1_needs_more_base",434,339,Stage 1,watchlist,weekly_watchlist,25.3,-95,-5.150000000000002,False,False,False,False,False
AUBANK.NS,AU Small Finance Bank Limited,Financial Services,Unknown,True,F&O,1,Stage 2 Failed,Stage 1,Failed Stage 2,Failed Stage 2,Stage 2 Failed • Failed Stage 2,0.72,"This stock was recently Stage 2, but the latest structure no longer satisfies Stage 2 rules. It is kept as Stage 2 Failed until a fresh base/repair structure forms.",Recent Stage 2 break; public stage held as Stage 2 Failed.,2026-09-28,2026-09-25,,watchlist,weekly_watchlist,watchlist,0.0,44.54,20.04,0.0,0.0,44.54,20.04,-0.64,17.0,1183577763.16,"Stage 1, Stage 1 - Base/Repair, weekly_vcp_ok, weekly_strong, stage1_not_actionable, stage1_needs_more_base | Stage 2 failed state applied from stage memory.",435,188,Stage 2 Failed,watchlist,weekly_forming,38.09,-247,-18.050000000000004,False,False,False,False,False
NCC.NS,NCC Limited,Construction,Unknown,False,Cash,1,Stage 4,Stage 4,Stage 4 - Confirmed Downtrend,Stage 4 - Confirmed Downtrend,Stage 4 • Stage 4 - Confirmed Downtrend,0.86,Price is below a bearish moving-average stack with falling trend signals.,,,,,watchlist,weekly_watchlist,watchlist,6.1,36.9,19.96,0.0,6.1,36.9,19.96,-7.03,-4.38,286030393.78,"Stage 4, Stage 4 - Confirmed Downtrend, weekly_vcp_ok, weekly_volume_dryup, weekly_strong, downtrend",436,458,Stage 4,watchlist,weekly_watchlist,20.35,22,-0.39000000000000057,False,False,False,False,False
SONATSOFTW.NS,Sonata Software Limited,Information Technology,Unknown,False,Cash,1,Stage 4,Stage 4,Stage 4 - Weak/Declining,Stage 4 - Weak/Declining,Stage 4 • Stage 4 - Weak/Declining,0.72,Price is below long-term support with weak trend evidence.,,,,,watchlist,weekly_watchlist,watchlist,0.0,39.86,17.94,2.0,0.0,39.86,19.94,6.99,22.56,318864698.49,"Stage 4, Stage 4 - Weak/Declining, weekly_vcp_ok, weekly_volume_dryup, weekly_strong, downtrend",437,464,Stage 4,watchlist,weekly_watchlist,19.86,27,0.08000000000000185,False,False,False,False,False
SHRIRAMFIN.NS,Shriram Finance Ltd.,Financial Services,Unknown,True,F&O,1,Stage 2 Failed,Stage 1,Failed Stage 2,Failed Stage 2,Stage 2 Failed • Failed Stage 2,0.72,"This stock was recently Stage 2, but the latest structure no longer satisfies Stage 2 rules. It is kept as Stage 2 Failed until a fresh base/repair structure forms.",Recent Stage 2 break; public stage held as Stage 2 Failed.,2026-09-28,2026-09-10,,watchlist,weekly_watchlist,watchlist,0.0,43.85,19.73,0.0,0.0,43.85,19.73,-2.85,12.38,4033151856.13,"Stage 1, Stage 1 - Base/Repair, weekly_vcp_ok, weekly_volume_dryup, weekly_strong, stage1_not_actionable, stage1_needs_more_base | Stage 2 failed state applied from stage memory.",438,469,Stage 2 Failed,watchlist,weekly_watchlist,19.68,31,0.05000000000000071,False,False,False,False,False
CSBBANK.NS,CSB Bank Limited,Financial Services,Unknown,False,Cash,1,Stage 4,Stage 4,Stage 4 - Confirmed Downtrend,Stage 4 - Confirmed Downtrend,Stage 4 • Stage 4 - Confirmed Downtrend,0.86,Price is below a bearish moving-average stack with falling trend signals.,,,2026-01-30,,watchlist,weekly_watchlist,watchlist,5.2,36.9,19.46,0.0,5.2,36.9,19.46,-2.79,-10.02,306639799.99,"Stage 4, Stage 4 - Confirmed Downtrend, weekly_vcp_ok, weekly_volume_dryup, weekly_strong, downtrend",439,472,Stage 4,watchlist,weekly_watchlist,19.46,33,0.0,False,False,False,False,False
HDFCLIFE.NS,HDFC Life Insurance Company Limited,Financial Services,Unknown,True,F&O,1,Stage 4,Stage 4,Stage 4 - Confirmed Downtrend,Stage 4 - Confirmed Downtrend,Stage 4 • Stage 4 - Confirmed Downtrend,0.86,Price is below a bearish moving-average stack with falling trend signals.,,,,,watchlist,weekly_watchlist,watchlist,5.2,36.9,19.46,0.0,5.2,36.9,19.46,-1.85,-3.5,2356989744.82,"Stage 4, Stage 4 - Confirmed Downtrend, weekly_vcp_ok, weekly_strong, downtrend",440,466,Stage 4,watchlist,weekly_watchlist,19.81,26,-0.34999999999999787,False,False,False,False,False
BDL.NS,Bharat Dynamics Limited,Capital Goods,Unknown,True,F&O,1,Stage 4,Stage 4,Stage 4 - Confirmed Downtrend,Stage 4 - Confirmed Downtrend,Stage 4 • Stage 4 - Confirmed Downtrend,0.86,Price is below a bearish moving-average stack with falling trend signals.,,,,,watchlist,weekly_watchlist,watchlist,0.0,32.13,14.46,5.0,0.0,32.13,19.46,-14.36,-3.67,1205583918.79,"Stage 4, Stage 4 - Confirmed Downtrend, weekly_vcp_ok, volume_dryup, weekly_volume_dryup, weekly_strong, downtrend",441,336,Stage 4,watchlist,weekly_watchlist,25.49,-105,-6.029999999999998,False,False,False,False,False
EQUITASBNK.NS,Equitas Small Finance Bank Limited,Financial Services,Unknown,False,Cash,1,Stage 1,Stage 1,Stage 1 - Base/Repair,Stage 1 - Base/Repair,Stage 1 • Stage 1 - Base/Repair,0.7,Price is near long-term moving averages with no strong long-term downtrend signal.,,,2026-08-31,,watchlist,weekly_watchlist,watchlist,0.0,43.23,19.45,0.0,0.0,43.23,19.45,-9.65,23.95,116818835.27,"Stage 1, Stage 1 - Base/Repair, weekly_vcp_ok, weekly_strong, stage1_not_actionable, stage1_needs_more_base",442,474,Stage 1,watchlist,weekly_watchlist,19.45,32,0.0,False,False,False,False,False
HOMEFIRST.NS,Home First Finance Company India Limited,Financial Services,Unknown,False,Cash,1,Stage 2 Failed,Stage 1,Failed Stage 2,Failed Stage 2,Stage 2 Failed • Failed Stage 2,0.72,"This stock was recently Stage 2, but the latest structure no longer satisfies Stage 2 rules. It is kept as Stage 2 Failed until a fresh base/repair structure forms.",Recent Stage 2 break; public stage held as Stage 2 Failed.,2026-09-28,2026-09-23,,watchlist,weekly_watchlist,watchlist,0.0,43.21,19.44,0.0,0.0,43.21,19.44,-3.81,17.9,313641893.6,"Stage 1, Stage 1 - Base/Repair, weekly_vcp_ok, weekly_strong, stage1_not_actionable, stage1_needs_more_base | Stage 2 failed state applied from stage memory.",443,467,Stage 2 Failed,watchlist,weekly_watchlist,19.72,24,-0.2799999999999976,False,False,False,False,False
BALKRISIND.NS,Balkrishna Industries Limited,Automobile and Auto Components,Unknown,False,Cash,1,Stage 2 Failed,Stage 4,Failed Stage 2,Failed Stage 2,Stage 2 Failed • Failed Stage 2,0.72,"This stock was recently Stage 2, but the latest structure no longer satisfies Stage 2 rules. It is kept as Stage 2 Failed until a fresh base/repair structure forms.",Recent Stage 2 break; public stage held as Stage 2 Failed.,2026-09-28,2026-09-07,,watchlist,weekly_watchlist,watchlist,0.0,31.99,14.4,5.0,0.0,31.99,19.4,2.02,3.84,576763547.38,"Stage 4, Stage 4 - Weak/Declining, weekly_vcp_ok, volume_dryup, weekly_volume_dryup, weekly_strong, downtrend | Stage 2 failed state applied from stage memory.",444,323,Stage 2 Failed,watchlist,weekly_watchlist,26.06,-121,-6.66,False,False,False,False,False
ACC.NS,ACC Limited,Construction Materials,Unknown,False,Cash,1,Stage 4,Stage 4,Stage 4 - Confirmed Downtrend,Stage 4 - Confirmed Downtrend,Stage 4 • Stage 4 - Confirmed Downtrend,0.86,Price is below a bearish moving-average stack with falling trend signals.,,,,,watchlist,weekly_watchlist,watchlist,5.06,36.9,19.39,0.0,5.06,36.9,19.39,-5.05,-5.69,139059817.88,"Stage 4, Stage 4 - Confirmed Downtrend, weekly_vcp_ok, volume_dryup, weekly_volume_dryup, weekly_strong, downtrend",445,477,Stage 4,watchlist,weekly_watchlist,19.23,32,0.16000000000000014,False,False,False,False,False
BLUEJET.NS,Blue Jet Healthcare Ltd.,Healthcare,Unknown,False,Cash,1,Stage 2 Failed,Stage 3,Failed Stage 2,Failed Stage 2,Stage 2 Failed • Failed Stage 2,0.72,"This stock was recently Stage 2, but the latest structure no longer satisfies Stage 2 rules. It is kept as Stage 2 Failed until a fresh base/repair structure forms.",Recent Stage 2 break; public stage held as Stage 2 Failed.,2026-09-28,2026-09-25,,watchlist,weekly_watchlist,watchlist,5.28,14.19,9.29,10.0,5.28,14.19,19.29,3.39,58.54,233025678.17,"Stage 3, Stage 3 - Transition, volume_dryup, weekly_volume_dryup, distribution_risk | Stage 2 failed state applied from stage memory.",446,217,Stage 2,watchlist,weekly_watchlist,34.18,-229,-14.89,False,False,False,False,False
ICICIBANK.NS,ICICI Bank Limited,Financial Services,Unknown,True,F&O,1,Stage 2 Failed,Stage 1,Failed Stage 2,Failed Stage 2,Stage 2 Failed • Failed Stage 2,0.72,"This stock was recently Stage 2, but the latest structure no longer satisfies Stage 2 rules. It is kept as Stage 2 Failed until a fresh base/repair structure forms.",Recent Stage 2 break; public stage held as Stage 2 Failed.,2026-09-28,2026-09-17,,watchlist,weekly_watchlist,watchlist,0.0,42.71,19.22,0.0,0.0,42.71,19.22,-1.11,10.25,11441517023.53,"Stage 1, Stage 1 - Base/Repair, weekly_vcp_ok, volume_dryup, weekly_volume_dryup, weekly_strong, stage1_not_actionable, stage1_needs_more_base | Stage 2 failed state applied from stage memory.",447,478,Stage 2 Failed,watchlist,weekly_watchlist,19.23,31,-0.010000000000001563,False,False,False,False,False
NH.NS,Narayana Hrudayalaya Ltd.,Healthcare,Unknown,False,Cash,1,Stage 2 Failed,Stage 4,Failed Stage 2,Failed Stage 2,Stage 2 Failed • Failed Stage 2,0.72,"This stock was recently Stage 2, but the latest structure no longer satisfies Stage 2 rules. It is kept as Stage 2 Failed until a fresh base/repair structure forms.",Recent Stage 2 break; public stage held as Stage 2 Failed.,2026-09-28,2026-09-23,,watchlist,weekly_watchlist,watchlist,14.46,2.75,9.19,10.0,14.46,2.75,19.19,-3.05,14.51,327042579.17,"Stage 4, Stage 4 - Weak/Declining, volume_dryup, weekly_volume_dryup, downtrend | Stage 2 failed state applied from stage memory.",448,619,Stage 2 Failed,watchlist,weekly_watchlist,10.96,171,8.23,False,False,False,False,False
PRESTIGE.NS,Prestige Estates Projects Ltd.,Realty,Unknown,True,F&O,1,Stage 4,Stage 4,Stage 4 - Weak/Declining,Stage 4 - Weak/Declining,Stage 4 • Stage 4 - Weak/Declining,0.72,Price is below long-term support with weak trend evidence.,,,2026-08-31,,watchlist,weekly_watchlist,watchlist,0.0,38.12,17.15,2.0,0.0,38.12,19.15,-6.93,30.09,698715229.08,"Stage 4, Stage 4 - Weak/Declining, weekly_vcp_ok, volume_dryup, weekly_volume_dryup, weekly_strong, downtrend",449,480,Stage 4,watchlist,weekly_watchlist,19.11,31,0.03999999999999915,False,False,False,False,False
MANAPPURAM.NS,Manappuram Finance Limited,Financial Services,Unknown,True,F&O,1,Stage 2 Failed,Stage 3,Failed Stage 2,Failed Stage 2,Stage 2 Failed • Failed Stage 2,0.72,"This stock was recently Stage 2, but the latest structure no longer satisfies Stage 2 rules. It is kept as Stage 2 Failed until a fresh base/repair structure forms.",Recent Stage 2 break; public stage held as Stage 2 Failed.,2026-09-28,2026-09-25,,watchlist,weekly_watchlist,watchlist,0.0,42.54,19.14,0.0,0.0,42.54,19.14,2.26,25.17,1309739699.05,"Stage 3, Stage 3 - Transition, weekly_vcp_ok, volume_dryup, weekly_volume_dryup, weekly_strong, distribution_risk | Stage 2 failed state applied from stage memory.",450,183,Stage 2,watchlist,weekly_forming,39.14,-267,-20.0,False,False,False,False,False
AADHARHFC.NS,Aadhar Housing Finance Ltd.,Financial Services,Unknown,False,Cash,1,Stage 4,Stage 4,Stage 4 - Weak/Declining,Stage 4 - Weak/Declining,Stage 4 • Stage 4 - Weak/Declining,0.72,Price is below long-term support with weak trend evidence.,,,2026-08-17,,watchlist,weekly_watchlist,watchlist,4.57,36.9,19.12,0.0,4.57,36.9,19.12,-13.33,1.77,155034719.12,"Stage 4, Stage 4 - Weak/Declining, weekly_vcp_ok, weekly_volume_dryup, weekly_strong, downtrend",451,468,Stage 4,watchlist,weekly_watchlist,19.69,17,-0.5700000000000003,False,False,False,False,False
LAOPALA.NS,La Opala RG Limited,Consumer Durables,Unknown,False,Cash,1,Stage 4,Stage 4,Stage 4 - Confirmed Downtrend,Stage 4 - Confirmed Downtrend,Stage 4 • Stage 4 - Confirmed Downtrend,0.86,Price is below a bearish moving-average stack with falling trend signals.,,,,,watchlist,weekly_watchlist,watchlist,5.35,35.8,19.05,0.0,5.35,35.8,19.05,-7.34,-7.33,22957858.35,"Stage 4, Stage 4 - Confirmed Downtrend, weekly_vcp_ok, volume_dryup, weekly_volume_dryup, weekly_strong, downtrend",452,498,Stage 4,watchlist,weekly_watchlist,18.42,46,0.629999999999999,False,False,False,False,False
JKIL.NS,J.Kumar Infraprojects Limited,Construction,Unknown,False,Cash,1,Stage 4,Stage 4,Stage 4 - Confirmed Downtrend,Stage 4 - Confirmed Downtrend,Stage 4 • Stage 4 - Confirmed Downtrend,0.86,Price is below a bearish moving-average stack with falling trend signals.,,,,,watchlist,weekly_watchlist,watchlist,4.0,37.37,19.02,0.0,4.0,37.37,19.02,0.11,4.63,20333589.47,"Stage 4, Stage 4 - Confirmed Downtrend, weekly_vcp_ok, volume_dryup, weekly_volume_dryup, weekly_strong, downtrend",453,471,Stage 4,watchlist,weekly_watchlist,19.48,18,-0.46000000000000085,False,False,False,False,False
GRAVITA.NS,Gravita India Limited,Metals & Mining,Unknown,False,Cash,1,Stage 2 Failed,Stage 4,Failed Stage 2,Failed Stage 2,Stage 2 Failed • Failed Stage 2,0.72,"This stock was recently Stage 2, but the latest structure no longer satisfies Stage 2 rules. It is kept as Stage 2 Failed until a fresh base/repair structure forms.",Recent Stage 2 break; public stage held as Stage 2 Failed.,2026-09-28,2026-09-10,,watchlist,weekly_watchlist,watchlist,0.0,37.77,17.0,2.0,0.0,37.77,19.0,-7.46,16.18,310091080.2,"Stage 4, Stage 4 - Weak/Declining, weekly_vcp_ok, weekly_strong, downtrend | Stage 2 failed state applied from stage memory.",454,484,Stage 2 Failed,watchlist,weekly_watchlist,18.94,30,0.05999999999999872,False,False,False,False,False
MASTEK.NS,Mastek Limited,Information Technology,Unknown,False,Cash,1,Stage 4,Stage 4,Stage 4 - Weak/Declining,Stage 4 - Weak/Declining,Stage 4 • Stage 4 - Weak/Declining,0.72,Price is below long-term support with weak trend evidence.,,,,,watchlist,weekly_watchlist,watchlist,0.0,37.76,16.99,2.0,0.0,37.76,18.99,2.36,6.29,187369648.59,"Stage 4, Stage 4 - Weak/Declining, weekly_vcp_ok, volume_dryup, weekly_volume_dryup, weekly_strong, downtrend",455,479,Stage 4,watchlist,weekly_watchlist,19.19,24,-0.20000000000000284,False,False,False,False,False
GREENPANEL.NS,Greenpanel Industries Limited,Consumer Durables,Unknown,False,Cash,1,Stage 4,Stage 4,Stage 4 - Confirmed Downtrend,Stage 4 - Confirmed Downtrend,Stage 4 • Stage 4 - Confirmed Downtrend,0.86,Price is below a bearish moving-average stack with falling trend signals.,,,,,watchlist,weekly_watchlist,watchlist,5.2,35.8,18.97,0.0,5.2,35.8,18.97,-11.01,-9.99,76363877.17,"Stage 4, Stage 4 - Confirmed Downtrend, weekly_vcp_ok, weekly_volume_dryup, weekly_strong, downtrend",456,450,Stage 4,watchlist,weekly_watchlist,20.84,-6,-1.870000000000001,False,False,False,False,False
SUNDARMFIN.NS,Sundaram Finance Limited,Financial Services,Unknown,False,Cash,1,Stage 1,Stage 1,Stage 1 - Base/Repair,Stage 1 - Base/Repair,Stage 1 • Stage 1 - Base/Repair,0.7,Price is near long-term moving averages with no strong long-term downtrend signal.,,,2026-03-17,,watchlist,weekly_watchlist,watchlist,0.0,42.16,18.97,0.0,0.0,42.16,18.97,2.66,0.91,199606253.79,"Stage 1, Stage 1 - Base/Repair, weekly_vcp_ok, weekly_strong, stage1_not_actionable, stage1_needs_more_base",457,489,Stage 1,watchlist,weekly_watchlist,18.81,32,0.16000000000000014,False,False,False,False,False
HCG.NS,Healthcare Global Enterprises Limited,Healthcare,Unknown,False,Cash,1,Stage 2 Failed,Not Sure,Failed Stage 2,Failed Stage 2,Stage 2 Failed • Failed Stage 2,0.72,"This stock was recently Stage 2, but the latest structure no longer satisfies Stage 2 rules. It is kept as Stage 2 Failed until a fresh base/repair structure forms.",Recent Stage 2 break; public stage held as Stage 2 Failed.,2026-09-28,2026-09-22,,watchlist,weekly_watchlist,watchlist,7.74,10.48,8.97,10.0,7.74,10.48,18.97,11.61,33.24,93917763.36,"Not Sure, Not Sure, volume_dryup, weekly_volume_dryup | Stage 2 failed state applied from stage memory.",458,115,Stage 2 Failed,watchlist,weekly_watchlist,45.8,-343,-26.83,False,False,False,False,False
UNIONBANK.NS,Union Bank of India,Financial Services,Unknown,True,F&O,1,Stage 2 Failed,Stage 3,Failed Stage 2,Failed Stage 2,Stage 2 Failed • Failed Stage 2,0.72,"This stock was recently Stage 2, but the latest structure no longer satisfies Stage 2 rules. It is kept as Stage 2 Failed until a fresh base/repair structure forms.",Recent Stage 2 break; public stage held as Stage 2 Failed.,2026-09-28,2026-09-25,,watchlist,weekly_watchlist,watchlist,0.0,42.06,18.93,0.0,0.0,42.06,18.93,6.52,5.07,1262232917.83,"Stage 3, Stage 3 - Distribution/Damage, weekly_vcp_ok, volume_dryup, weekly_volume_dryup, weekly_strong, distribution_risk | Stage 2 failed state applied from stage memory.",459,162,Stage 2,watchlist,weekly_near_pivot,40.94,-297,-22.009999999999998,False,False,False,False,False
RELIGARE.NS,Religare Enterprises Limited,Financial Services,Unknown,False,Cash,1,Stage 2 Failed,Stage 1,Failed Stage 2,Failed Stage 2,Stage 2 Failed • Failed Stage 2,0.72,"This stock was recently Stage 2, but the latest structure no longer satisfies Stage 2 rules. It is kept as Stage 2 Failed until a fresh base/repair structure forms.",Recent Stage 2 break; public stage held as Stage 2 Failed.,2026-09-28,2026-09-23,,watchlist,weekly_watchlist,watchlist,0.0,41.92,18.86,0.0,0.0,41.92,18.86,-5.68,6.92,210462472.13,"Stage 1, Stage 1 - Base/Repair, weekly_vcp_ok, volume_dryup, weekly_volume_dryup, weekly_strong, stage1_not_actionable, stage1_needs_more_base | Stage 2 failed state applied from stage memory.",460,513,Stage 2 Failed,watchlist,weekly_watchlist,18.09,53,0.7699999999999996,False,False,False,False,False
RELIANCE.NS,Reliance Industries Limited,"Oil, Gas & Consumable Fuels",Unknown,True,F&O,1,Stage 4,Stage 4,Stage 4 - Confirmed Downtrend,Stage 4 - Confirmed Downtrend,Stage 4 • Stage 4 - Confirmed Downtrend,0.86,Price is below a bearish moving-average stack with falling trend signals.,,,2026-01-14,,watchlist,weekly_watchlist,watchlist,7.1,22.1,13.85,5.0,7.1,22.1,18.85,-3.02,-8.65,13587409629.61,"Stage 4, Stage 4 - Confirmed Downtrend, weekly_vcp_ok, downtrend",461,579,Stage 4,watchlist,weekly_watchlist,16.07,118,2.780000000000001,False,False,False,False,False
TATATECH.NS,Tata Technologies Ltd.,Information Technology,Unknown,False,Cash,1,Stage 2,Stage 2,Early Stage 2,Early Stage 2,Stage 2 • Early Stage 2,0.72,"Price has moved above long-term structure, but the full moving-average stack is not clean yet.",,,2026-09-25,,watchlist,weekly_watchlist,watchlist,14.62,19.53,16.83,2.0,14.62,19.53,18.83,4.35,34.93,700944668.42,"Stage 2, Early Stage 2, volume_dryup, weekly_volume_dryup",462,475,Stage 2,watchlist,weekly_watchlist,19.35,13,-0.5200000000000031,False,False,False,False,False
GODREJPROP.NS,Godrej Properties Limited,Realty,Unknown,True,F&O,1,Stage 4,Stage 4,Stage 4 - Weak/Declining,Stage 4 - Weak/Declining,Stage 4 • Stage 4 - Weak/Declining,0.72,Price is below long-term support with weak trend evidence.,,,2026-08-28,,watchlist,weekly_watchlist,watchlist,0.0,37.28,16.78,2.0,0.0,37.28,18.78,-9.67,13.5,1197861702.45,"Stage 4, Stage 4 - Weak/Declining, weekly_vcp_ok, volume_dryup, weekly_volume_dryup, weekly_strong, downtrend",463,409,Stage 4,watchlist,weekly_watchlist,22.14,-54,-3.3599999999999994,False,False,False,False,False
NIITMTS.NS,NIIT Learning Systems Limited,Consumer Services,Unknown,False,Cash,1,Stage 4,Stage 4,Stage 4 - Confirmed Downtrend,Stage 4 - Confirmed Downtrend,Stage 4 • Stage 4 - Confirmed Downtrend,0.86,Price is below a bearish moving-average stack with falling trend signals.,,,2026-02-17,,watchlist,weekly_watchlist,watchlist,1.07,35.8,16.7,2.0,1.07,35.8,18.7,-5.67,-21.86,45424154.52,"Stage 4, Stage 4 - Confirmed Downtrend, weekly_vcp_ok, weekly_volume_dryup, weekly_strong, downtrend",464,481,Stage 4,watchlist,weekly_watchlist,19.09,17,-0.39000000000000057,False,False,False,False,False
BLUEDART.NS,Blue Dart Express Limited,Services,Unknown,False,Cash,1,Stage 4,Stage 4,Stage 4 - Weak/Declining,Stage 4 - Weak/Declining,Stage 4 • Stage 4 - Weak/Declining,0.72,Price is below long-term support with weak trend evidence.,,,,,watchlist,weekly_watchlist,watchlist,0.0,37.06,16.68,2.0,0.0,37.06,18.68,2.16,-0.55,41562469.55,"Stage 4, Stage 4 - Weak/Declining, weekly_vcp_ok, volume_dryup, weekly_volume_dryup, weekly_strong, downtrend",465,424,Stage 4,watchlist,weekly_watchlist,21.61,-41,-2.9299999999999997,False,False,False,False,False
IMFA.NS,Indian Metals & Ferro Alloys Limited,Metals & Mining,Unknown,False,Cash,1,Stage 4,Stage 4,Stage 4 - Weak/Declining,Stage 4 - Weak/Declining,Stage 4 • Stage 4 - Weak/Declining,0.72,Price is below long-term support with weak trend evidence.,,,2026-08-24,,watchlist,weekly_watchlist,watchlist,0.0,36.9,16.61,2.0,0.0,36.9,18.61,-5.49,-1.17,109168594.53,"Stage 4, Stage 4 - Weak/Declining, weekly_vcp_ok, volume_dryup, weekly_volume_dryup, weekly_strong, downtrend",466,380,Stage 4,watchlist,weekly_watchlist,23.39,-86,-4.780000000000001,False,False,False,False,False
INDIAMART.NS,Indiamart Intermesh Limited,Consumer Services,Unknown,False,Cash,1,Stage 4,Stage 4,Stage 4 - Confirmed Downtrend,Stage 4 - Confirmed Downtrend,Stage 4 • Stage 4 - Confirmed Downtrend,0.86,Price is below a bearish moving-average stack with falling trend signals.,,,,,watchlist,weekly_watchlist,watchlist,0.0,36.9,16.61,2.0,0.0,36.9,18.61,-8.6,-14.32,182855230.01,"Stage 4, Stage 4 - Confirmed Downtrend, weekly_vcp_ok, weekly_volume_dryup, weekly_strong, downtrend",467,492,Stage 4,watchlist,weekly_watchlist,18.61,25,0.0,False,False,False,False,False
MHRIL.NS,Mahindra Holidays & Resorts India Limited,Consumer Services,Unknown,False,Cash,1,Stage 4,Stage 4,Stage 4 - Confirmed Downtrend,Stage 4 - Confirmed Downtrend,Stage 4 • Stage 4 - Confirmed Downtrend,0.86,Price is below a bearish moving-average stack with falling trend signals.,,,,,watchlist,weekly_watchlist,watchlist,0.0,36.9,16.61,2.0,0.0,36.9,18.61,-12.35,-18.34,25050216.64,"Stage 4, Stage 4 - Confirmed Downtrend, weekly_vcp_ok, volume_dryup, weekly_volume_dryup, weekly_strong, downtrend",468,457,Stage 4,watchlist,weekly_watchlist,20.48,-11,-1.870000000000001,False,False,False,False,False
NUCLEUS.NS,Nucleus Software Exports Limited,Information Technology,Unknown,False,Cash,1,Stage 4,Stage 4,Stage 4 - Confirmed Downtrend,Stage 4 - Confirmed Downtrend,Stage 4 • Stage 4 - Confirmed Downtrend,0.86,Price is below a bearish moving-average stack with falling trend signals.,,,,,watchlist,weekly_watchlist,watchlist,0.0,36.9,16.61,2.0,0.0,36.9,18.61,-5.53,-10.96,12398212.32,"Stage 4, Stage 4 - Confirmed Downtrend, weekly_vcp_ok, volume_dryup, weekly_volume_dryup, weekly_strong, downtrend",469,493,Stage 4,watchlist,weekly_watchlist,18.61,24,0.0,False,False,False,False,False
ZAGGLE.NS,Zaggle Prepaid Ocean Services Limited,Information Technology,Unknown,False,Cash,1,Stage 4,Stage 4,Stage 4 - Confirmed Downtrend,Stage 4 - Confirmed Downtrend,Stage 4 • Stage 4 - Confirmed Downtrend,0.86,Price is below a bearish moving-average stack with falling trend signals.,,,,,watchlist,weekly_watchlist,watchlist,0.0,36.9,16.61,2.0,0.0,36.9,18.61,-12.05,-23.01,168321767.95,"Stage 4, Stage 4 - Confirmed Downtrend, weekly_vcp_ok, volume_dryup, weekly_volume_dryup, weekly_strong, downtrend",470,494,Stage 4,watchlist,weekly_watchlist,18.61,24,0.0,False,False,False,False,False
VTL.NS,Vardhman Textiles Limited,Textiles,Unknown,False,Cash,1,Stage 4,Stage 4,Stage 4 - Weak/Declining,Stage 4 - Weak/Declining,Stage 4 • Stage 4 - Weak/Declining,0.72,Price is below long-term support with weak trend evidence.,,,2026-08-14,,watchlist,weekly_watchlist,watchlist,12.2,4.0,8.51,10.0,12.2,4.0,18.51,-12.0,3.85,998004055.5,"Stage 4, Stage 4 - Weak/Declining, volume_dryup, weekly_volume_dryup, downtrend",471,401,Stage 3,watchlist,weekly_watchlist,22.51,-70,-4.0,False,False,False,False,False
ORISSAMINE.NS,The Orissa Minerals Development Company Limited,Metals & Mining,Unknown,False,Cash,1,Stage 4,Stage 4,Stage 4 - Weak/Declining,Stage 4 - Weak/Declining,Stage 4 • Stage 4 - Weak/Declining,0.72,Price is below long-term support with weak trend evidence.,,,,,watchlist,weekly_watchlist,watchlist,0.0,36.64,16.49,2.0,0.0,36.64,18.49,-2.59,11.02,29302418.1,"Stage 4, Stage 4 - Weak/Declining, weekly_vcp_ok, volume_dryup, weekly_volume_dryup, weekly_strong, downtrend",472,499,Stage 4,watchlist,weekly_watchlist,18.38,27,0.10999999999999943,False,False,False,False,False
HEXT.NS,Hexaware Technologies Ltd.,Information Technology,Unknown,False,Cash,1,Stage 4,Stage 4,Stage 4 - Weak/Declining,Stage 4 - Weak/Declining,Stage 4 • Stage 4 - Weak/Declining,0.72,Price is below long-term support with weak trend evidence.,,,,,watchlist,weekly_watchlist,watchlist,0.0,36.58,16.46,2.0,0.0,36.58,18.46,-6.77,14.54,160709945.86,"Stage 4, Stage 4 - Weak/Declining, weekly_vcp_ok, volume_dryup, weekly_volume_dryup, weekly_strong, downtrend",473,496,Stage 4,watchlist,weekly_watchlist,18.52,23,-0.05999999999999872,False,False,False,False,False
UJJIVANSFB.NS,Ujjivan Small Finance Bank Limited,Financial Services,Unknown,False,Cash,1,Stage 2,Stage 2,Early Stage 2,Early Stage 2,Stage 2 • Early Stage 2,0.72,"Price has moved above long-term structure, but the full moving-average stack is not clean yet.",,,2026-09-25,,watchlist,weekly_watchlist,watchlist,18.74,18.0,18.41,0.0,18.74,18.0,18.41,7.86,16.1,845642100.72,"Stage 2, Early Stage 2, volume_dryup, weekly_volume_dryup",474,470,Stage 2,watchlist,weekly_watchlist,19.64,-4,-1.2300000000000004,False,False,False,False,False
HIKAL.NS,Hikal Limited,Healthcare,Unknown,False,Cash,1,Stage 2 Failed,Stage 1,Failed Stage 2,Failed Stage 2,Stage 2 Failed • Failed Stage 2,0.72,"This stock was recently Stage 2, but the latest structure no longer satisfies Stage 2 rules. It is kept as Stage 2 Failed until a fresh base/repair structure forms.",Recent Stage 2 break; public stage held as Stage 2 Failed.,2026-09-28,2026-09-23,,watchlist,weekly_watchlist,watchlist,6.68,10.51,8.4,10.0,6.68,10.51,18.4,-1.14,32.2,900786100.81,"Stage 1, Stage 1 - Base/Repair, stage1_base_ready, volume_dryup, weekly_volume_dryup, stage1_not_actionable | Stage 2 failed state applied from stage memory.",475,515,Stage 2 Failed,watchlist,weekly_watchlist,17.76,40,0.639999999999997,False,False,False,False,False
MAHSCOOTER.NS,Maharashtra Scooters Limited,Financial Services,Unknown,False,Cash,1,Stage 2 Failed,Stage 4,Failed Stage 2,Failed Stage 2,Stage 2 Failed • Failed Stage 2,0.72,"This stock was recently Stage 2, but the latest structure no longer satisfies Stage 2 rules. It is kept as Stage 2 Failed until a fresh base/repair structure forms.",Recent Stage 2 break; public stage held as Stage 2 Failed.,2026-09-28,2026-09-24,,watchlist,weekly_watchlist,watchlist,1.03,39.58,18.38,0.0,1.03,39.58,18.38,7.39,19.44,43906281.14,"Stage 4, Stage 4 - Weak/Declining, weekly_vcp_ok, weekly_volume_dryup, weekly_strong, downtrend | Stage 2 failed state applied from stage memory.",476,230,Stage 2 Failed,watchlist,weekly_watchlist,32.75,-246,-14.370000000000001,False,False,False,False,False
MARICO.NS,Marico Limited,Fast Moving Consumer Goods,Unknown,True,F&O,1,Stage 3,Stage 3,Stage 3 - Distribution/Damage,Stage 3 - Distribution/Damage,Stage 3 • Stage 3 - Distribution/Damage,0.76,"Prior strength exists, but short-term and/or weekly structure is deteriorating.",,,2026-09-01,,watchlist,weekly_watchlist,watchlist,0.0,40.81,18.36,0.0,0.0,40.81,18.36,0.55,9.56,1288667038.72,"Stage 3, Stage 3 - Distribution/Damage, weekly_vcp_ok, weekly_volume_dryup, weekly_strong, distribution_risk",477,502,Stage 3,watchlist,weekly_watchlist,18.32,25,0.03999999999999915,False,False,False,False,False
MAPMYINDIA.NS,C.E. Info Systems Limited,Information Technology,Unknown,False,Cash,1,Stage 4,Stage 4,Stage 4 - Weak/Declining,Stage 4 - Weak/Declining,Stage 4 • Stage 4 - Weak/Declining,0.72,Price is below long-term support with weak trend evidence.,,,,,watchlist,weekly_watchlist,watchlist,0.0,36.1,16.25,2.0,0.0,36.1,18.25,0.11,2.85,172246408.57,"Stage 4, Stage 4 - Weak/Declining, weekly_vcp_ok, weekly_strong, downtrend",478,487,Stage 4,watchlist,weekly_watchlist,18.88,9,-0.629999999999999,False,False,False,False,False
VENTIVE.NS,Ventive Hospitality Ltd.,Consumer Services,Unknown,False,Cash,1,Stage 4,Stage 4,Stage 4 - Confirmed Downtrend,Stage 4 - Confirmed Downtrend,Stage 4 • Stage 4 - Confirmed Downtrend,0.86,Price is below a bearish moving-average stack with falling trend signals.,,,,,watchlist,weekly_watchlist,watchlist,0.2,35.8,16.22,2.0,0.2,35.8,18.22,-6.02,-0.91,19531361.81,"Stage 4, Stage 4 - Confirmed Downtrend, weekly_vcp_ok, weekly_strong, downtrend",479,504,Stage 4,watchlist,weekly_watchlist,18.22,25,0.0,False,False,False,False,False
ORIENTELEC.NS,Orient Electric Limited,Consumer Durables,Unknown,False,Cash,1,Stage 4,Stage 4,Stage 4 - Weak/Declining,Stage 4 - Weak/Declining,Stage 4 • Stage 4 - Weak/Declining,0.72,Price is below long-term support with weak trend evidence.,,,2026-09-04,,watchlist,weekly_watchlist,watchlist,2.87,36.9,18.18,0.0,2.87,36.9,18.18,-5.63,2.59,21448594.08,"Stage 4, Stage 4 - Weak/Declining, weekly_vcp_ok, volume_dryup, weekly_volume_dryup, weekly_strong, downtrend",480,517,Stage 2 Failed,watchlist,weekly_watchlist,17.54,37,0.6400000000000006,False,False,False,False,False
EIHOTEL.NS,EIH Limited,Consumer Services,Unknown,False,Cash,1,Stage 4,Stage 4,Stage 4 - Confirmed Downtrend,Stage 4 - Confirmed Downtrend,Stage 4 • Stage 4 - Confirmed Downtrend,0.86,Price is below a bearish moving-average stack with falling trend signals.,,,2025-11-07,,watchlist,weekly_watchlist,watchlist,0.0,35.93,16.17,2.0,0.0,35.93,18.17,-3.86,5.12,89666601.62,"Stage 4, Stage 4 - Confirmed Downtrend, weekly_vcp_ok, weekly_volume_dryup, weekly_strong, downtrend",481,509,Stage 4,watchlist,weekly_watchlist,18.11,28,0.060000000000002274,False,False,False,False,False
SAKSOFT.NS,Saksoft Limited,Information Technology,Unknown,False,Cash,1,Stage 4,Stage 4,Stage 4 - Weak/Declining,Stage 4 - Weak/Declining,Stage 4 • Stage 4 - Weak/Declining,0.72,Price is below long-term support with weak trend evidence.,,,2025-11-20,,watchlist,weekly_watchlist,watchlist,0.0,35.91,16.16,2.0,0.0,35.91,18.16,-15.79,16.93,36202748.52,"Stage 4, Stage 4 - Weak/Declining, weekly_vcp_ok, volume_dryup, weekly_volume_dryup, weekly_strong, downtrend",482,512,Stage 4,watchlist,weekly_watchlist,18.11,30,0.05000000000000071,False,False,False,False,False
ARVINDFASN.NS,Arvind Fashions Limited,Consumer Services,Unknown,False,Cash,1,Stage 4,Stage 4,Stage 4 - Confirmed Downtrend,Stage 4 - Confirmed Downtrend,Stage 4 • Stage 4 - Confirmed Downtrend,0.86,Price is below a bearish moving-average stack with falling trend signals.,,,,,watchlist,weekly_watchlist,watchlist,0.0,35.8,16.11,2.0,0.0,35.8,18.11,-6.6,3.19,83619957.17,"Stage 4, Stage 4 - Confirmed Downtrend, weekly_vcp_ok, volume_dryup, weekly_volume_dryup, weekly_strong, downtrend",483,505,Stage 4,watchlist,weekly_watchlist,18.11,22,0.0,False,False,False,False,False
BSOFT.NS,BIRLASOFT LIMITED,Information Technology,Unknown,False,Cash,1,Stage 4,Stage 4,Stage 4 - Weak/Declining,Stage 4 - Weak/Declining,Stage 4 • Stage 4 - Weak/Declining,0.72,Price is below long-term support with weak trend evidence.,,,2026-01-30,,watchlist,weekly_watchlist,watchlist,0.0,35.8,16.11,2.0,0.0,35.8,18.11,2.75,-23.52,410579475.92,"Stage 4, Stage 4 - Weak/Declining, weekly_vcp_ok, weekly_volume_dryup, weekly_strong, downtrend",484,506,Stage 4,watchlist,weekly_watchlist,18.11,22,0.0,False,False,False,False,False
DBREALTY.NS,D B Realty Limited,Realty,Unknown,False,Cash,1,Stage 4,Stage 4,Stage 4 - Confirmed Downtrend,Stage 4 - Confirmed Downtrend,Stage 4 • Stage 4 - Confirmed Downtrend,0.86,Price is below a bearish moving-average stack with falling trend signals.,,,,,watchlist,weekly_watchlist,watchlist,0.0,35.8,16.11,2.0,0.0,35.8,18.11,-11.49,8.62,96541764.44,"Stage 4, Stage 4 - Confirmed Downtrend, weekly_vcp_ok, weekly_strong, downtrend",485,507,Stage 4,watchlist,weekly_watchlist,18.11,22,0.0,False,False,False,False,False
EASEMYTRIP.NS,Easy Trip Planners Limited,Consumer Services,Unknown,False,Cash,1,Stage 4,Stage 4,Stage 4 - Confirmed Downtrend,Stage 4 - Confirmed Downtrend,Stage 4 • Stage 4 - Confirmed Downtrend,0.86,Price is below a bearish moving-average stack with falling trend signals.,,,,,watchlist,weekly_watchlist,watchlist,0.0,35.8,16.11,2.0,0.0,35.8,18.11,-12.09,-5.9,89969161.11,"Stage 4, Stage 4 - Confirmed Downtrend, weekly_vcp_ok, weekly_strong, downtrend",486,508,Stage 4,watchlist,weekly_watchlist,18.11,22,0.0,False,False,False,False,False
GATEWAY.NS,Gateway Distriparks Limited,Services,Unknown,False,Cash,1,Stage 4,Stage 4,Stage 4 - Confirmed Downtrend,Stage 4 - Confirmed Downtrend,Stage 4 • Stage 4 - Confirmed Downtrend,0.86,Price is below a bearish moving-average stack with falling trend signals.,,,2026-07-15,,watchlist,weekly_watchlist,watchlist,0.0,35.8,16.11,2.0,0.0,35.8,18.11,-8.55,-0.11,30495054.99,"Stage 4, Stage 4 - Confirmed Downtrend, weekly_vcp_ok, volume_dryup, weekly_volume_dryup, weekly_strong, downtrend",487,438,Stage 4,watchlist,weekly_watchlist,21.11,-49,-3.0,False,False,False,False,False
GMRAIRPORT.NS,GMR Airports Ltd.,Services,Unknown,True,F&O,1,Stage 4,Stage 4,Stage 4 - Weak/Declining,Stage 4 - Weak/Declining,Stage 4 • Stage 4 - Weak/Declining,0.72,Price is below long-term support with weak trend evidence.,,,2026-08-19,,watchlist,weekly_watchlist,watchlist,0.0,35.8,16.11,2.0,0.0,35.8,18.11,-10.14,8.87,1050956455.32,"Stage 4, Stage 4 - Weak/Declining, weekly_vcp_ok, weekly_volume_dryup, weekly_strong, downtrend",488,439,Stage 4,watchlist,weekly_watchlist,21.11,-49,-3.0,False,False,False,False,False
IRCTC.NS,Indian Railway Catering And Tourism Corporation Ltd.,Consumer Services,Unknown,False,Cash,1,Stage 4,Stage 4,Stage 4 - Confirmed Downtrend,Stage 4 - Confirmed Downtrend,Stage 4 • Stage 4 - Confirmed Downtrend,0.86,Price is below a bearish moving-average stack with falling trend signals.,,,,,watchlist,weekly_watchlist,watchlist,0.0,35.8,16.11,2.0,0.0,35.8,18.11,-5.21,-9.04,291658967.15,"Stage 4, Stage 4 - Confirmed Downtrend, weekly_vcp_ok, weekly_volume_dryup, weekly_strong, downtrend",489,510,Stage 4,watchlist,weekly_watchlist,18.11,21,0.0,False,False,False,False,False
KPITTECH.NS,KPIT Technologies Limited,Information Technology,Unknown,True,F&O,1,Stage 4,Stage 4,Stage 4 - Confirmed Downtrend,Stage 4 - Confirmed Downtrend,Stage 4 • Stage 4 - Confirmed Downtrend,0.86,Price is below a bearish moving-average stack with falling trend signals.,,,,,watchlist,weekly_watchlist,watchlist,0.0,35.8,16.11,2.0,0.0,35.8,18.11,-3.04,-24.08,756934635.98,"Stage 4, Stage 4 - Confirmed Downtrend, weekly_vcp_ok, volume_dryup, weekly_volume_dryup, weekly_strong, downtrend",490,511,Stage 4,watchlist,weekly_watchlist,18.11,21,0.0,False,False,False,False,False
RTNINDIA.NS,RattanIndia Enterprises Limited,Services,Unknown,False,Cash,1,Stage 4,Stage 4,Stage 4 - Confirmed Downtrend,Stage 4 - Confirmed Downtrend,Stage 4 • Stage 4 - Confirmed Downtrend,0.86,Price is below a bearish moving-average stack with falling trend signals.,,,,,watchlist,weekly_watchlist,watchlist,0.0,35.8,16.11,2.0,0.0,35.8,18.11,-18.17,-6.74,45125041.06,"Stage 4, Stage 4 - Confirmed Downtrend, weekly_vcp_ok, weekly_volume_dryup, weekly_strong, downtrend",491,442,Stage 4,watchlist,weekly_watchlist,21.11,-49,-3.0,False,False,False,False,False
TEAMLEASE.NS,Teamlease Services Limited,Services,Unknown,False,Cash,1,Stage 4,Stage 4,Stage 4 - Confirmed Downtrend,Stage 4 - Confirmed Downtrend,Stage 4 • Stage 4 - Confirmed Downtrend,0.86,Price is below a bearish moving-average stack with falling trend signals.,,,,,watchlist,weekly_watchlist,watchlist,0.0,35.8,16.11,2.0,0.0,35.8,18.11,-17.21,-0.36,21171673.51,"Stage 4, Stage 4 - Confirmed Downtrend, weekly_vcp_ok, volume_dryup, weekly_volume_dryup, weekly_strong, downtrend",492,445,Stage 4,watchlist,weekly_watchlist,21.11,-47,-3.0,False,False,False,False,False
PIDILITIND.NS,Pidilite Industries Limited,Chemicals,Unknown,True,F&O,1,Stage 2 Failed,Stage 3,Failed Stage 2,Failed Stage 2,Stage 2 Failed • Failed Stage 2,0.72,"This stock was recently Stage 2, but the latest structure no longer satisfies Stage 2 rules. It is kept as Stage 2 Failed until a fresh base/repair structure forms.",Recent Stage 2 break; public stage held as Stage 2 Failed.,2026-09-28,2026-09-23,,watchlist,weekly_watchlist,watchlist,21.04,3.25,13.03,5.0,21.04,3.25,18.03,-0.6,21.12,898765564.08,"Stage 3, Stage 3 - Transition, volume_dryup, weekly_volume_dryup, distribution_risk | Stage 2 failed state applied from stage memory.",493,500,Stage 2 Failed,watchlist,weekly_watchlist,18.38,7,-0.34999999999999787,False,False,False,False,False
OLAELEC.NS,Ola Electric Mobility Ltd.,Automobile and Auto Components,Unknown,False,Cash,1,Not Sure,Not Sure,Not Sure,Not Sure,Not Sure,0.0,Stage rules did not identify a reliable structure.,No confident stage classification.,,,,watchlist,weekly_watchlist,watchlist,15.49,9.61,12.84,5.0,15.49,9.61,17.84,-11.7,35.85,3759078359.15,"Not Sure, Not Sure",494,422,Not Sure,watchlist,weekly_watchlist,21.63,-72,-3.789999999999999,False,False,False,False,False
DBL.NS,Dilip Buildcon Limited,Construction,Unknown,False,Cash,1,Stage 4,Stage 4,Stage 4 - Confirmed Downtrend,Stage 4 - Confirmed Downtrend,Stage 4 • Stage 4 - Confirmed Downtrend,0.86,Price is below a bearish moving-average stack with falling trend signals.,,,2025-11-04,,watchlist,weekly_watchlist,watchlist,6.0,32.23,17.8,0.0,6.0,32.23,17.8,-1.62,2.58,214282980.88,"Stage 4, Stage 4 - Confirmed Downtrend, weekly_vcp_ok, volume_dryup, weekly_volume_dryup, weekly_strong, downtrend",495,595,Stage 4,watchlist,weekly_watchlist,13.44,100,4.360000000000001,False,False,False,False,False
SANGHVIMOV.NS,Sanghvi Movers Limited,Capital Goods,Unknown,False,Cash,1,Stage 2 Failed,Stage 3,Failed Stage 2,Failed Stage 2,Stage 2 Failed • Failed Stage 2,0.72,"This stock was recently Stage 2, but the latest structure no longer satisfies Stage 2 rules. It is kept as Stage 2 Failed until a fresh base/repair structure forms.",Recent Stage 2 break; public stage held as Stage 2 Failed.,2026-09-28,2026-09-18,,watchlist,weekly_watchlist,watchlist,20.15,3.72,12.76,5.0,20.15,3.72,17.76,3.31,57.87,103658792.49,"Stage 3, Stage 3 - Distribution/Damage, volume_dryup, weekly_volume_dryup, distribution_risk | Stage 2 failed state applied from stage memory.",496,645,Stage 2 Failed,watchlist,weekly_watchlist,8.76,149,9.000000000000002,False,False,False,False,False
VMM.NS,Vishal Mega Mart Ltd.,Consumer Services,Unknown,True,F&O,1,Stage 4,Stage 4,Stage 4 - Confirmed Downtrend,Stage 4 - Confirmed Downtrend,Stage 4 • Stage 4 - Confirmed Downtrend,0.86,Price is below a bearish moving-average stack with falling trend signals.,,,,,watchlist,weekly_watchlist,watchlist,0.0,35.0,15.75,2.0,0.0,35.0,17.75,-11.89,-4.3,1018645825.53,"Stage 4, Stage 4 - Confirmed Downtrend, weekly_vcp_ok, volume_dryup, weekly_strong, downtrend",497,428,Stage 4,watchlist,weekly_watchlist,21.59,-69,-3.84,False,False,False,False,False
IRFC.NS,Indian Railway Finance Corporation Limited,Financial Services,Unknown,True,F&O,1,Stage 4,Stage 4,Stage 4 - Confirmed Downtrend,Stage 4 - Confirmed Downtrend,Stage 4 • Stage 4 - Confirmed Downtrend,0.86,Price is below a bearish moving-average stack with falling trend signals.,,,,,watchlist,weekly_watchlist,watchlist,2.7,35.8,17.59,0.0,2.7,35.8,17.59,-8.41,-12.21,559966715.71,"Stage 4, Stage 4 - Confirmed Downtrend, weekly_vcp_ok, weekly_volume_dryup, weekly_strong, downtrend",498,561,Stage 4,watchlist,weekly_watchlist,16.11,63,1.4800000000000004,False,False,False,False,False
AHLUCONT.NS,Ahluwalia Contracts (India) Limited,Construction,Unknown,False,Cash,1,Stage 4,Stage 4,Stage 4 - Confirmed Downtrend,Stage 4 - Confirmed Downtrend,Stage 4 • Stage 4 - Confirmed Downtrend,0.86,Price is below a bearish moving-average stack with falling trend signals.,,,2025-12-05,,watchlist,weekly_watchlist,watchlist,2.5,35.8,17.48,0.0,2.5,35.8,17.48,-27.96,-15.2,37999530.1,"Stage 4, Stage 4 - Confirmed Downtrend, weekly_vcp_ok, volume_dryup, weekly_volume_dryup, weekly_strong, downtrend",499,516,Stage 4,watchlist,weekly_watchlist,17.67,17,-0.19000000000000128,False,False,False,False,False
GUJALKALI.NS,Gujarat Alkalies and Chemicals Limited,Chemicals,Unknown,False,Cash,1,Stage 2 Failed,Stage 1,Failed Stage 2,Failed Stage 2,Stage 2 Failed • Failed Stage 2,0.72,"This stock was recently Stage 2, but the latest structure no longer satisfies Stage 2 rules. It is kept as Stage 2 Failed until a fresh base/repair structure forms.",Recent Stage 2 break; public stage held as Stage 2 Failed.,2026-09-28,2026-09-25,,watchlist,weekly_watchlist,watchlist,15.1,9.21,12.45,5.0,15.1,9.21,17.45,6.71,5.42,73929605.99,"Stage 1, Stage 1 - Base/Repair, volume_dryup, weekly_volume_dryup, stage1_not_actionable, stage1_needs_more_base | Stage 2 failed state applied from stage memory.",500,204,Stage 2 Failed,watchlist,weekly_watchlist,35.89,-296,-18.44,False,False,False,False,False
ENRIN.NS,Siemens Energy India Ltd.,Capital Goods,Unknown,False,Cash,1,Stage 3,Stage 3,Stage 3 - Distribution/Damage,Stage 3 - Distribution/Damage,Stage 3 • Stage 3 - Distribution/Damage,0.76,"Prior strength exists, but short-term and/or weekly structure is deteriorating.",,,,,watchlist,weekly_watchlist,watchlist,16.99,6.73,12.37,5.0,16.99,6.73,17.37,-5.05,24.35,1099260619.97,"Stage 3, Stage 3 - Distribution/Damage, volume_dryup, weekly_volume_dryup, distribution_risk",501,589,Not Sure,watchlist,weekly_watchlist,14.42,88,2.950000000000001,False,False,False,False,False
DODLA.NS,Dodla Dairy Limited,Fast Moving Consumer Goods,Unknown,False,Cash,1,Stage 4,Stage 4,Stage 4 - Confirmed Downtrend,Stage 4 - Confirmed Downtrend,Stage 4 • Stage 4 - Confirmed Downtrend,0.86,Price is below a bearish moving-average stack with falling trend signals.,,,,,watchlist,weekly_watchlist,watchlist,1.1,37.14,17.32,0.0,1.1,37.14,17.32,-4.22,6.58,24687264.91,"Stage 4, Stage 4 - Confirmed Downtrend, weekly_vcp_ok, volume_dryup, weekly_volume_dryup, weekly_strong, downtrend",502,526,Stage 4,watchlist,weekly_watchlist,17.02,24,0.3000000000000007,False,False,False,False,False
TATAINVEST.NS,Tata Investment Corporation Ltd.,Financial Services,Unknown,False,Cash,1,Stage 4,Stage 4,Stage 4 - Weak/Declining,Stage 4 - Weak/Declining,Stage 4 • Stage 4 - Weak/Declining,0.72,Price is below long-term support with weak trend evidence.,,,2025-10-29,,watchlist,weekly_watchlist,watchlist,0.0,38.39,17.28,0.0,0.0,38.39,17.28,1.65,13.25,1666448619.96,"Stage 4, Stage 4 - Weak/Declining, weekly_vcp_ok, weekly_volume_dryup, weekly_strong, downtrend",503,529,Stage 4,watchlist,weekly_watchlist,16.72,26,0.5600000000000023,False,False,False,False,False
GRINFRA.NS,G R Infraprojects Limited,Construction,Unknown,False,Cash,1,Stage 4,Stage 4,Stage 4 - Confirmed Downtrend,Stage 4 - Confirmed Downtrend,Stage 4 • Stage 4 - Confirmed Downtrend,0.86,Price is below a bearish moving-average stack with falling trend signals.,,,,,watchlist,weekly_watchlist,watchlist,1.1,36.9,17.21,0.0,1.1,36.9,17.21,-8.91,-3.07,23849570.2,"Stage 4, Stage 4 - Confirmed Downtrend, weekly_vcp_ok, weekly_volume_dryup, weekly_strong, downtrend",504,523,Stage 4,watchlist,weekly_watchlist,17.21,19,0.0,False,False,False,False,False
ASTRAMICRO.NS,Astra Microwave Products Limited,Capital Goods,Unknown,False,Cash,1,Stage 2 Failed,Stage 3,Failed Stage 2,Failed Stage 2,Stage 2 Failed • Failed Stage 2,0.72,"This stock was recently Stage 2, but the latest structure no longer satisfies Stage 2 rules. It is kept as Stage 2 Failed until a fresh base/repair structure forms.",Recent Stage 2 break; public stage held as Stage 2 Failed.,2026-09-28,2026-09-15,,watchlist,weekly_watchlist,watchlist,18.86,3.92,12.14,5.0,18.86,3.92,17.14,-6.22,69.41,496376616.93,"Stage 3, Stage 3 - Distribution/Damage, volume_dryup, weekly_volume_dryup, distribution_risk | Stage 2 failed state applied from stage memory.",505,639,Stage 2 Failed,watchlist,weekly_watchlist,9.06,134,8.08,False,False,False,False,False
INOXWIND.NS,Inox Wind Limited,Capital Goods,Unknown,True,F&O,1,Stage 4,Stage 4,Stage 4 - Confirmed Downtrend,Stage 4 - Confirmed Downtrend,Stage 4 • Stage 4 - Confirmed Downtrend,0.86,Price is below a bearish moving-average stack with falling trend signals.,,,,,watchlist,weekly_watchlist,watchlist,3.95,22.1,12.12,5.0,3.95,22.1,17.12,-14.86,-7.23,902189434.74,"Stage 4, Stage 4 - Confirmed Downtrend, weekly_vcp_ok, volume_dryup, weekly_volume_dryup, downtrend",506,521,Stage 4,watchlist,weekly_watchlist,17.39,15,-0.2699999999999996,False,False,False,False,False
PILANIINVS.NS,Pilani Investment and Industries Corporation Limited,Financial Services,Unknown,False,Cash,1,Stage 4,Stage 4,Stage 4 - Confirmed Downtrend,Stage 4 - Confirmed Downtrend,Stage 4 • Stage 4 - Confirmed Downtrend,0.86,Price is below a bearish moving-average stack with falling trend signals.,,,2025-11-17,,watchlist,weekly_watchlist,watchlist,0.0,38.0,17.1,0.0,0.0,38.0,17.1,-3.9,-1.34,9704972.4,"Stage 4, Stage 4 - Confirmed Downtrend, weekly_vcp_ok, weekly_volume_dryup, weekly_strong, downtrend",507,524,Stage 4,watchlist,weekly_watchlist,17.1,17,0.0,False,False,False,False,False
BLUESTARCO.NS,Blue Star Limited,Consumer Durables,Unknown,True,F&O,1,Stage 4,Stage 4,Stage 4 - Weak/Declining,Stage 4 - Weak/Declining,Stage 4 • Stage 4 - Weak/Declining,0.72,Price is below long-term support with weak trend evidence.,,,2026-03-12,,watchlist,weekly_watchlist,watchlist,0.0,37.9,17.05,0.0,0.0,37.9,17.05,4.11,5.85,957486698.33,"Stage 4, Stage 4 - Weak/Declining, weekly_vcp_ok, weekly_strong, downtrend",508,544,Stage 4,watchlist,weekly_watchlist,16.16,36,0.8900000000000006,False,False,False,False,False
ELECON.NS,Elecon Engineering Company Limited,Capital Goods,Unknown,False,Cash,1,Stage 3,Stage 3,Stage 3 - Transition,Stage 3 - Transition,Stage 3 • Stage 3 - Transition,0.62,"The structure is transitioning after prior strength, but it is not yet a confirmed Stage 4 decline.",,,2026-07-06,,watchlist,weekly_watchlist,watchlist,19.25,3.25,12.05,5.0,19.25,3.25,17.05,-5.95,26.47,1177996305.16,"Stage 3, Stage 3 - Transition, distribution_risk",509,580,Stage 3,watchlist,weekly_watchlist,15.89,71,1.1600000000000001,False,False,False,False,False
POONAWALLA.NS,Poonawalla Fincorp Limited,Financial Services,Unknown,False,Cash,1,Stage 2 Failed,Not Sure,Failed Stage 2,Failed Stage 2,Stage 2 Failed • Failed Stage 2,0.72,"This stock was recently Stage 2, but the latest structure no longer satisfies Stage 2 rules. It is kept as Stage 2 Failed until a fresh base/repair structure forms.",Recent Stage 2 break; public stage held as Stage 2 Failed.,2026-09-28,2026-09-23,,watchlist,weekly_watchlist,watchlist,3.09,33.9,16.95,0.0,3.09,33.9,16.95,2.53,15.44,558579655.73,"Not Sure, Not Sure, weekly_vcp_ok | Stage 2 failed state applied from stage memory.",510,490,Stage 2 Failed,watchlist,weekly_watchlist,18.78,-20,-1.8300000000000018,False,False,False,False,False
BIRLACORPN.NS,Birla Corporation Limited,Construction Materials,Unknown,False,Cash,1,Stage 4,Stage 4,Stage 4 - Confirmed Downtrend,Stage 4 - Confirmed Downtrend,Stage 4 • Stage 4 - Confirmed Downtrend,0.86,Price is below a bearish moving-average stack with falling trend signals.,,,,,watchlist,weekly_watchlist,watchlist,0.52,36.9,16.89,0.0,0.52,36.9,16.89,-8.27,-2.21,41796845.07,"Stage 4, Stage 4 - Confirmed Downtrend, weekly_vcp_ok, volume_dryup, weekly_volume_dryup, weekly_strong, downtrend",511,531,Stage 4,watchlist,weekly_watchlist,16.61,20,0.28000000000000114,False,False,False,False,False
RESPONIND.NS,Responsive Industries Limited,Consumer Durables,Unknown,False,Cash,1,Stage 4,Stage 4,Stage 4 - Confirmed Downtrend,Stage 4 - Confirmed Downtrend,Stage 4 • Stage 4 - Confirmed Downtrend,0.86,Price is below a bearish moving-average stack with falling trend signals.,,,2026-07-20,,watchlist,weekly_watchlist,watchlist,0.0,37.03,16.66,0.0,0.0,37.03,16.66,-14.76,27.03,525374893.05,"Stage 4, Stage 4 - Confirmed Downtrend, weekly_vcp_ok, volume_dryup, weekly_volume_dryup, weekly_strong, downtrend",512,739,Stage 4,watchlist,weekly_watchlist,0.24,227,16.42,False,False,False,False,False
TIMKEN.NS,Timken India Limited,Capital Goods,Unknown,False,Cash,1,Stage 1,Stage 1,Stage 1 - Base/Repair,Stage 1 - Base/Repair,Stage 1 • Stage 1 - Base/Repair,0.7,Price is near long-term moving averages with no strong long-term downtrend signal.,,,2026-07-06,,watchlist,weekly_watchlist,watchlist,10.07,13.6,11.66,5.0,10.07,13.6,16.66,-3.8,-2.66,119275330.87,"Stage 1, Stage 1 - Base/Repair, weekly_volume_dryup, stage1_not_actionable, stage1_needs_more_base",513,528,Stage 1,watchlist,weekly_watchlist,16.76,15,-0.10000000000000142,False,False,False,False,False
HEIDELBERG.NS,HeidelbergCement India Limited,Construction Materials,Unknown,False,Cash,1,Stage 4,Stage 4,Stage 4 - Weak/Declining,Stage 4 - Weak/Declining,Stage 4 • Stage 4 - Weak/Declining,0.72,Price is below long-term support with weak trend evidence.,,,,,watchlist,weekly_watchlist,watchlist,0.0,36.9,16.61,0.0,0.0,36.9,16.61,-5.7,-3.67,33449084.6,"Stage 4, Stage 4 - Weak/Declining, weekly_vcp_ok, weekly_strong, downtrend",514,503,Stage 4,watchlist,weekly_watchlist,18.29,-11,-1.6799999999999997,False,False,False,False,False
HINDWAREAP.NS,Hindware Home Innovation Limited,Consumer Durables,Unknown,False,Cash,1,Stage 4,Stage 4,Stage 4 - Confirmed Downtrend,Stage 4 - Confirmed Downtrend,Stage 4 • Stage 4 - Confirmed Downtrend,0.86,Price is below a bearish moving-average stack with falling trend signals.,,,2025-11-28,,watchlist,weekly_watchlist,watchlist,0.0,36.9,16.61,0.0,0.0,36.9,16.61,-26.95,-9.48,17349528.4,"Stage 4, Stage 4 - Confirmed Downtrend, weekly_vcp_ok, volume_dryup, weekly_volume_dryup, weekly_strong, downtrend",515,532,Stage 4,watchlist,weekly_watchlist,16.61,17,0.0,False,False,False,False,False
JKLAKSHMI.NS,JK Lakshmi Cement Limited,Construction Materials,Unknown,False,Cash,1,Stage 4,Stage 4,Stage 4 - Confirmed Downtrend,Stage 4 - Confirmed Downtrend,Stage 4 • Stage 4 - Confirmed Downtrend,0.86,Price is below a bearish moving-average stack with falling trend signals.,,,,,watchlist,weekly_watchlist,watchlist,0.0,36.9,16.61,0.0,0.0,36.9,16.61,-7.33,-12.65,62372267.6,"Stage 4, Stage 4 - Confirmed Downtrend, weekly_vcp_ok, volume_dryup, weekly_volume_dryup, weekly_strong, downtrend",516,533,Stage 4,watchlist,weekly_watchlist,16.61,17,0.0,False,False,False,False,False
KSCL.NS,Kaveri Seed Company Limited,Fast Moving Consumer Goods,Unknown,False,Cash,1,Stage 4,Stage 4,Stage 4 - Weak/Declining,Stage 4 - Weak/Declining,Stage 4 • Stage 4 - Weak/Declining,0.72,Price is below long-term support with weak trend evidence.,,,,,watchlist,weekly_watchlist,watchlist,0.0,36.9,16.61,0.0,0.0,36.9,16.61,-10.72,-5.47,1210229009.57,"Stage 4, Stage 4 - Weak/Declining, weekly_vcp_ok, weekly_strong, downtrend",517,534,Stage 4,watchlist,weekly_watchlist,16.61,17,0.0,False,False,False,False,False
PNC.NS,Pritish Nandy Communications Limited,"Media, Entertainment & Publication",Unknown,False,Cash,1,Stage 4,Stage 4,Stage 4 - Confirmed Downtrend,Stage 4 - Confirmed Downtrend,Stage 4 • Stage 4 - Confirmed Downtrend,0.86,Price is below a bearish moving-average stack with falling trend signals.,,,,,watchlist,weekly_watchlist,watchlist,0.0,36.9,16.61,0.0,0.0,36.9,16.61,-19.25,-8.5,376430.8,"Stage 4, Stage 4 - Confirmed Downtrend, weekly_vcp_ok, weekly_volume_dryup, weekly_strong, downtrend",518,568,Stage 4,watchlist,weekly_watchlist,16.11,50,0.5,False,False,False,False,False
PSB.NS,Punjab & Sind Bank,Financial Services,Unknown,False,Cash,1,Stage 4,Stage 4,Stage 4 - Confirmed Downtrend,Stage 4 - Confirmed Downtrend,Stage 4 • Stage 4 - Confirmed Downtrend,0.86,Price is below a bearish moving-average stack with falling trend signals.,,,,,watchlist,weekly_watchlist,watchlist,0.0,36.9,16.61,0.0,0.0,36.9,16.61,-7.98,-0.92,21554291.96,"Stage 4, Stage 4 - Confirmed Downtrend, weekly_vcp_ok, volume_dryup, weekly_volume_dryup, weekly_strong, downtrend",519,535,Stage 4,watchlist,weekly_watchlist,16.61,16,0.0,False,False,False,False,False
SAMMAANCAP.NS,Sammaan Capital Ltd.,Financial Services,Unknown,True,F&O,1,Stage 4,Stage 4,Stage 4 - Weak/Declining,Stage 4 - Weak/Declining,Stage 4 • Stage 4 - Weak/Declining,0.72,Price is below long-term support with weak trend evidence.,,,2026-08-13,,watchlist,weekly_watchlist,watchlist,0.0,36.9,16.61,0.0,0.0,36.9,16.61,-15.09,-3.27,713021213.3,"Stage 4, Stage 4 - Weak/Declining, weekly_vcp_ok, volume_dryup, weekly_volume_dryup, weekly_strong, downtrend",520,536,Stage 4,watchlist,weekly_watchlist,16.61,16,0.0,False,False,False,False,False
SULA.NS,Sula Vineyards Limited,Fast Moving Consumer Goods,Unknown,False,Cash,1,Stage 4,Stage 4,Stage 4 - Confirmed Downtrend,Stage 4 - Confirmed Downtrend,Stage 4 • Stage 4 - Confirmed Downtrend,0.86,Price is below a bearish moving-average stack with falling trend signals.,,,,,watchlist,weekly_watchlist,watchlist,0.0,36.9,16.61,0.0,0.0,36.9,16.61,-8.65,-11.35,56285226.82,"Stage 4, Stage 4 - Confirmed Downtrend, weekly_vcp_ok, weekly_volume_dryup, weekly_strong, downtrend",521,537,Stage 4,watchlist,weekly_watchlist,16.61,16,0.0,False,False,False,False,False
ULTRACEMCO.NS,UltraTech Cement Limited,Construction Materials,Unknown,True,F&O,1,Stage 4,Stage 4,Stage 4 - Weak/Declining,Stage 4 - Weak/Declining,Stage 4 • Stage 4 - Weak/Declining,0.72,Price is below long-term support with weak trend evidence.,,,2026-08-28,,watchlist,weekly_watchlist,watchlist,0.0,36.88,16.6,0.0,0.0,36.88,16.6,2.63,8.19,2777673650.35,"Stage 4, Stage 4 - Weak/Declining, weekly_vcp_ok, weekly_strong, downtrend",522,387,Stage 4,watchlist,weekly_watchlist,22.98,-135,-6.379999999999999,False,False,False,False,False
PGEL.NS,PG Electroplast Limited,Consumer Durables,Unknown,True,F&O,1,Stage 2 Failed,Stage 4,Failed Stage 2,Failed Stage 2,Stage 2 Failed • Failed Stage 2,0.72,"This stock was recently Stage 2, but the latest structure no longer satisfies Stage 2 rules. It is kept as Stage 2 Failed until a fresh base/repair structure forms.",Recent Stage 2 break; public stage held as Stage 2 Failed.,2026-09-28,2026-09-07,,watchlist,weekly_watchlist,watchlist,0.0,36.74,16.53,0.0,0.0,36.74,16.53,-4.49,13.87,442173811.69,"Stage 4, Stage 4 - Weak/Declining, weekly_vcp_ok, volume_dryup, weekly_volume_dryup, weekly_strong, downtrend | Stage 2 failed state applied from stage memory.",523,540,Stage 2 Failed,watchlist,weekly_watchlist,16.29,17,0.240000000000002,False,False,False,False,False
BALMLAWRIE.NS,Balmer Lawrie & Company Limited,Diversified,Unknown,False,Cash,1,Stage 2 Failed,Stage 4,Failed Stage 2,Failed Stage 2,Stage 2 Failed • Failed Stage 2,0.72,"This stock was recently Stage 2, but the latest structure no longer satisfies Stage 2 rules. It is kept as Stage 2 Failed until a fresh base/repair structure forms.",Recent Stage 2 break; public stage held as Stage 2 Failed.,2026-09-28,2026-09-07,,watchlist,weekly_watchlist,watchlist,0.0,36.13,16.26,0.0,0.0,36.13,16.26,-3.52,6.85,22616139.22,"Stage 4, Stage 4 - Weak/Declining, weekly_vcp_ok, volume_dryup, weekly_volume_dryup, weekly_strong, downtrend | Stage 2 failed state applied from stage memory.",524,522,Stage 2 Failed,watchlist,weekly_watchlist,17.28,-2,-1.0199999999999996,False,False,False,False,False
SBILIFE.NS,SBI Life Insurance Company Limited,Financial Services,Unknown,True,F&O,1,Stage 4,Stage 4,Stage 4 - Confirmed Downtrend,Stage 4 - Confirmed Downtrend,Stage 4 • Stage 4 - Confirmed Downtrend,0.86,Price is below a bearish moving-average stack with falling trend signals.,,,2026-03-02,,watchlist,weekly_watchlist,watchlist,0.0,35.96,16.18,0.0,0.0,35.96,16.18,1.95,-0.33,1694184723.58,"Stage 4, Stage 4 - Confirmed Downtrend, weekly_vcp_ok, weekly_strong, downtrend",525,572,Stage 4,watchlist,weekly_watchlist,16.11,47,0.07000000000000028,False,False,False,False,False
SPANDANA.NS,Spandana Sphoorty Financial Limited,Financial Services,Unknown,False,Cash,1,Stage 4,Stage 4,Stage 4 - Confirmed Downtrend,Stage 4 - Confirmed Downtrend,Stage 4 • Stage 4 - Confirmed Downtrend,0.86,Price is below a bearish moving-average stack with falling trend signals.,,,2026-07-29,,watchlist,weekly_watchlist,watchlist,0.0,35.94,16.17,0.0,0.0,35.94,16.17,-14.4,15.84,21087042.19,"Stage 4, Stage 4 - Confirmed Downtrend, weekly_vcp_ok, volume_dryup, weekly_volume_dryup, weekly_strong, downtrend",526,545,Stage 4,watchlist,weekly_watchlist,16.12,19,0.05000000000000071,False,False,False,False,False
RITES.NS,RITES Limited,Construction,Unknown,False,Cash,1,Stage 4,Stage 4,Stage 4 - Weak/Declining,Stage 4 - Weak/Declining,Stage 4 • Stage 4 - Weak/Declining,0.72,Price is below long-term support with weak trend evidence.,,,,,watchlist,weekly_watchlist,watchlist,0.0,35.91,16.16,0.0,0.0,35.91,16.16,-6.01,7.07,66477230.38,"Stage 4, Stage 4 - Weak/Declining, weekly_vcp_ok, volume_dryup, weekly_volume_dryup, weekly_strong, downtrend",527,571,Stage 4,watchlist,weekly_watchlist,16.11,44,0.05000000000000071,False,False,False,False,False
GODFRYPHLP.NS,Godfrey Phillips India Limited,Fast Moving Consumer Goods,Unknown,True,F&O,1,Stage 4,Stage 4,Stage 4 - Confirmed Downtrend,Stage 4 - Confirmed Downtrend,Stage 4 • Stage 4 - Confirmed Downtrend,0.86,Price is below a bearish moving-average stack with falling trend signals.,,,2025-10-20,,watchlist,weekly_watchlist,watchlist,0.0,35.82,16.12,0.0,0.0,35.82,16.12,-4.64,4.87,302890156.63,"Stage 4, Stage 4 - Confirmed Downtrend, weekly_vcp_ok, volume_dryup, weekly_volume_dryup, weekly_strong, downtrend",528,552,Stage 4,watchlist,weekly_watchlist,16.11,24,0.010000000000001563,False,False,False,False,False
SCHNEIDER.NS,Schneider Electric Infrastructure Limited,Capital Goods,Unknown,False,Cash,1,Stage 2 Failed,Stage 1,Failed Stage 2,Failed Stage 2,Stage 2 Failed • Failed Stage 2,0.72,"This stock was recently Stage 2, but the latest structure no longer satisfies Stage 2 rules. It is kept as Stage 2 Failed until a fresh base/repair structure forms.",Recent Stage 2 break; public stage held as Stage 2 Failed.,2026-09-28,2026-09-25,,watchlist,weekly_watchlist,watchlist,10.39,12.02,11.12,5.0,10.39,12.02,16.12,-13.17,33.4,264903215.42,"Stage 1, Stage 1 - Base/Repair, volume_dryup, weekly_volume_dryup, stage1_not_actionable, stage1_needs_more_base | Stage 2 failed state applied from stage memory.",529,213,Stage 2,watchlist,weekly_watchlist,34.74,-316,-18.62,False,False,False,False,False
BIKAJI.NS,Bikaji Foods International Limited,Fast Moving Consumer Goods,Unknown,False,Cash,1,Stage 4,Stage 4,Stage 4 - Confirmed Downtrend,Stage 4 - Confirmed Downtrend,Stage 4 • Stage 4 - Confirmed Downtrend,0.86,Price is below a bearish moving-average stack with falling trend signals.,,,,,watchlist,weekly_watchlist,watchlist,0.0,35.8,16.11,0.0,0.0,35.8,16.11,-9.58,-7.79,217268827.47,"Stage 4, Stage 4 - Confirmed Downtrend, weekly_vcp_ok, weekly_strong, downtrend",530,546,Stage 4,watchlist,weekly_watchlist,16.11,16,0.0,False,False,False,False,False
CANFINHOME.NS,Can Fin Homes Limited,Financial Services,Unknown,False,Cash,1,Stage 4,Stage 4,Stage 4 - Confirmed Downtrend,Stage 4 - Confirmed Downtrend,Stage 4 • Stage 4 - Confirmed Downtrend,0.86,Price is below a bearish moving-average stack with falling trend signals.,,,2026-07-17,,watchlist,weekly_watchlist,watchlist,0.0,35.8,16.11,0.0,0.0,35.8,16.11,-10.55,-7.26,199979362.63,"Stage 4, Stage 4 - Confirmed Downtrend, weekly_vcp_ok, weekly_strong, downtrend",531,547,Stage 4,watchlist,weekly_watchlist,16.11,16,0.0,False,False,False,False,False
CENTURYPLY.NS,Century Plyboards (India) Limited,Consumer Durables,Unknown,False,Cash,1,Stage 4,Stage 4,Stage 4 - Weak/Declining,Stage 4 - Weak/Declining,Stage 4 • Stage 4 - Weak/Declining,0.72,Price is below long-term support with weak trend evidence.,,,2026-08-11,,watchlist,weekly_watchlist,watchlist,0.0,35.8,16.11,0.0,0.0,35.8,16.11,-4.89,-3.64,48219792.68,"Stage 4, Stage 4 - Weak/Declining, weekly_vcp_ok, weekly_strong, downtrend",532,548,Stage 4,watchlist,weekly_watchlist,16.11,16,0.0,False,False,False,False,False
CREDITACC.NS,CREDITACCESS GRAMEEN LIMITED,Financial Services,Unknown,False,Cash,1,Stage 2 Failed,Stage 4,Failed Stage 2,Failed Stage 2,Stage 2 Failed • Failed Stage 2,0.72,"This stock was recently Stage 2, but the latest structure no longer satisfies Stage 2 rules. It is kept as Stage 2 Failed until a fresh base/repair structure forms.",Recent Stage 2 break; public stage held as Stage 2 Failed.,2026-09-28,2026-09-14,,watchlist,weekly_watchlist,watchlist,0.0,35.8,16.11,0.0,0.0,35.8,16.11,-13.56,8.82,241594287.26,"Stage 4, Stage 4, weekly_vcp_ok, volume_dryup, weekly_volume_dryup, weekly_strong, downtrend | Stage 2 failed state applied from stage memory.",533,550,Stage 2 Failed,watchlist,weekly_watchlist,16.11,17,0.0,False,False,False,False,False
DBCORP.NS,D.B.Corp Limited,"Media, Entertainment & Publication",Unknown,False,Cash,1,Stage 4,Stage 4,Stage 4 - Confirmed Downtrend,Stage 4 - Confirmed Downtrend,Stage 4 • Stage 4 - Confirmed Downtrend,0.86,Price is below a bearish moving-average stack with falling trend signals.,,,,,watchlist,weekly_watchlist,watchlist,0.0,35.8,16.11,0.0,0.0,35.8,16.11,-3.87,-2.84,11560155.16,"Stage 4, Stage 4 - Confirmed Downtrend, weekly_vcp_ok, volume_dryup, weekly_volume_dryup, weekly_strong, downtrend",534,539,Stage 4,watchlist,weekly_watchlist,16.5,5,-0.39000000000000057,False,False,False,False,False
DISHTV.NS,Dish TV India Limited,"Media, Entertainment & Publication",Unknown,False,Cash,1,Stage 4,Stage 4,Stage 4 - Confirmed Downtrend,Stage 4 - Confirmed Downtrend,Stage 4 • Stage 4 - Confirmed Downtrend,0.86,Price is below a bearish moving-average stack with falling trend signals.,,,,,watchlist,weekly_watchlist,watchlist,0.0,35.8,16.11,0.0,0.0,35.8,16.11,-21.52,-8.77,4617486.31,"Stage 4, Stage 4 - Confirmed Downtrend, weekly_vcp_ok, weekly_strong, downtrend",535,551,Stage 4,watchlist,weekly_watchlist,16.11,16,0.0,False,False,False,False,False
GREENLAM.NS,Greenlam Industries Limited,Consumer Durables,Unknown,False,Cash,1,Stage 4,Stage 4,Stage 4 - Weak/Declining,Stage 4 - Weak/Declining,Stage 4 • Stage 4 - Weak/Declining,0.72,Price is below long-term support with weak trend evidence.,,,2026-08-27,,watchlist,weekly_watchlist,watchlist,0.0,35.8,16.11,0.0,0.0,35.8,16.11,-10.83,1.96,10556572.98,"Stage 4, Stage 4 - Weak/Declining, weekly_vcp_ok, volume_dryup, weekly_volume_dryup, weekly_strong, downtrend",536,554,Stage 4,watchlist,weekly_watchlist,16.11,18,0.0,False,False,False,False,False
HAVELLS.NS,Havells India Limited,Consumer Durables,Unknown,True,F&O,1,Stage 4,Stage 4,Stage 4 - Confirmed Downtrend,Stage 4 - Confirmed Downtrend,Stage 4 • Stage 4 - Confirmed Downtrend,0.86,Price is below a bearish moving-average stack with falling trend signals.,,,,,watchlist,weekly_watchlist,watchlist,0.0,35.8,16.11,0.0,0.0,35.8,16.11,-3.46,-5.38,862445403.63,"Stage 4, Stage 4 - Confirmed Downtrend, weekly_vcp_ok, volume_dryup, weekly_volume_dryup, weekly_strong, downtrend",537,555,Stage 4,watchlist,weekly_watchlist,16.11,18,0.0,False,False,False,False,False
HGINFRA.NS,H.G. Infra Engineering Limited,Construction,Unknown,False,Cash,1,Stage 4,Stage 4,Stage 4 - Confirmed Downtrend,Stage 4 - Confirmed Downtrend,Stage 4 • Stage 4 - Confirmed Downtrend,0.86,Price is below a bearish moving-average stack with falling trend signals.,,,,,watchlist,weekly_watchlist,watchlist,0.0,35.8,16.11,0.0,0.0,35.8,16.11,-15.82,-5.25,341562724.99,"Stage 4, Stage 4 - Confirmed Downtrend, weekly_vcp_ok, weekly_strong, downtrend",538,557,Stage 4,watchlist,weekly_watchlist,16.11,19,0.0,False,False,False,False,False
HINDUNILVR.NS,Hindustan Unilever Limited,Fast Moving Consumer Goods,Unknown,True,F&O,1,Stage 4,Stage 4,Stage 4 - Confirmed Downtrend,Stage 4 - Confirmed Downtrend,Stage 4 • Stage 4 - Confirmed Downtrend,0.86,Price is below a bearish moving-average stack with falling trend signals.,,,2025-10-23,,watchlist,weekly_watchlist,watchlist,0.0,35.8,16.11,0.0,0.0,35.8,16.11,-9.13,-5.01,2392146498.44,"Stage 4, Stage 4 - Confirmed Downtrend, weekly_vcp_ok, weekly_volume_dryup, weekly_strong, downtrend",539,558,Stage 4,watchlist,weekly_watchlist,16.11,19,0.0,False,False,False,False,False
ICICIPRULI.NS,ICICI Prudential Life Insurance Company Limited,Financial Services,Unknown,True,F&O,1,Stage 4,Stage 4,Stage 4 - Confirmed Downtrend,Stage 4 - Confirmed Downtrend,Stage 4 • Stage 4 - Confirmed Downtrend,0.86,Price is below a bearish moving-average stack with falling trend signals.,,,2026-02-06,,watchlist,weekly_watchlist,watchlist,0.0,35.8,16.11,0.0,0.0,35.8,16.11,-2.41,-6.31,740503235.41,"Stage 4, Stage 4 - Confirmed Downtrend, weekly_vcp_ok, weekly_strong, downtrend",540,559,Stage 4,watchlist,weekly_watchlist,16.11,19,0.0,False,False,False,False,False
ICRA.NS,ICRA Limited,Financial Services,Unknown,False,Cash,1,Stage 4,Stage 4,Stage 4 - Confirmed Downtrend,Stage 4 - Confirmed Downtrend,Stage 4 • Stage 4 - Confirmed Downtrend,0.86,Price is below a bearish moving-average stack with falling trend signals.,,,2025-11-06,,watchlist,weekly_watchlist,watchlist,0.0,35.8,16.11,0.0,0.0,35.8,16.11,-12.19,-11.22,122563033.88,"Stage 4, Stage 4 - Confirmed Downtrend, weekly_vcp_ok, volume_dryup, weekly_volume_dryup, weekly_strong, downtrend",541,560,Stage 4,watchlist,weekly_watchlist,16.11,19,0.0,False,False,False,False,False
IREDA.NS,Indian Renewable Energy Development Agency Ltd.,Financial Services,Unknown,True,F&O,1,Stage 4,Stage 4,Stage 4 - Confirmed Downtrend,Stage 4 - Confirmed Downtrend,Stage 4 • Stage 4 - Confirmed Downtrend,0.86,Price is below a bearish moving-average stack with falling trend signals.,,,,,watchlist,weekly_watchlist,watchlist,0.0,35.8,16.11,0.0,0.0,35.8,16.11,-5.0,2.82,488160997.12,"Stage 4, Stage 4 - Confirmed Downtrend, weekly_vcp_ok, weekly_strong, downtrend",542,346,Stage 4,watchlist,weekly_watchlist,25.03,-196,-8.920000000000002,False,False,False,False,False
JPPOWER.NS,Jaiprakash Power Ventures Limited,Power,Unknown,False,Cash,1,Stage 4,Stage 4,Stage 4 - Weak/Declining,Stage 4 - Weak/Declining,Stage 4 • Stage 4 - Weak/Declining,0.72,Price is below long-term support with weak trend evidence.,,,2026-08-12,,watchlist,weekly_watchlist,watchlist,0.0,35.8,16.11,0.0,0.0,35.8,16.11,-8.0,5.66,1093671983.85,"Stage 4, Stage 4 - Weak/Declining, weekly_vcp_ok, weekly_volume_dryup, weekly_strong, downtrend",543,562,Stage 4,watchlist,weekly_watchlist,16.11,19,0.0,False,False,False,False,False
KANSAINER.NS,Kansai Nerolac Paints Limited,Consumer Durables,Unknown,False,Cash,1,Stage 4,Stage 4,Stage 4 - Confirmed Downtrend,Stage 4 - Confirmed Downtrend,Stage 4 • Stage 4 - Confirmed Downtrend,0.86,Price is below a bearish moving-average stack with falling trend signals.,,,2025-11-17,,watchlist,weekly_watchlist,watchlist,0.0,35.8,16.11,0.0,0.0,35.8,16.11,-11.4,4.56,56479880.7,"Stage 4, Stage 4 - Confirmed Downtrend, weekly_vcp_ok, volume_dryup, weekly_volume_dryup, weekly_strong, downtrend",544,563,Stage 4,watchlist,weekly_watchlist,16.11,19,0.0,False,False,False,False,False
KPIGREEN.NS,KPI Green Energy Limited,Power,Unknown,False,Cash,1,Stage 4,Stage 4,Stage 4 - Weak/Declining,Stage 4 - Weak/Declining,Stage 4 • Stage 4 - Weak/Declining,0.72,Price is below long-term support with weak trend evidence.,,,,,watchlist,weekly_watchlist,watchlist,0.0,35.8,16.11,0.0,0.0,35.8,16.11,-6.01,-5.34,934125797.02,"Stage 4, Stage 4 - Weak/Declining, weekly_vcp_ok, weekly_strong, downtrend",545,564,Stage 4,watchlist,weekly_watchlist,16.11,19,0.0,False,False,False,False,False
METROBRAND.NS,Metro Brands Limited,Consumer Durables,Unknown,False,Cash,1,Stage 4,Stage 4,Stage 4 - Confirmed Downtrend,Stage 4 - Confirmed Downtrend,Stage 4 • Stage 4 - Confirmed Downtrend,0.86,Price is below a bearish moving-average stack with falling trend signals.,,,,,watchlist,weekly_watchlist,watchlist,0.0,35.8,16.11,0.0,0.0,35.8,16.11,-9.13,-2.3,97171928.55,"Stage 4, Stage 4 - Confirmed Downtrend, weekly_vcp_ok, weekly_volume_dryup, weekly_strong, downtrend",546,565,Stage 4,watchlist,weekly_watchlist,16.11,19,0.0,False,False,False,False,False
MFSL.NS,Max Financial Services Limited,Financial Services,Unknown,True,F&O,1,Stage 4,Stage 4,Stage 4 - Confirmed Downtrend,Stage 4 - Confirmed Downtrend,Stage 4 • Stage 4 - Confirmed Downtrend,0.86,Price is below a bearish moving-average stack with falling trend signals.,,,2026-03-11,,watchlist,weekly_watchlist,watchlist,0.0,35.8,16.11,0.0,0.0,35.8,16.11,-5.67,0.88,1790552487.18,"Stage 4, Stage 4 - Confirmed Downtrend, weekly_vcp_ok, weekly_strong, downtrend",547,566,Stage 4,watchlist,weekly_watchlist,16.11,19,0.0,False,False,False,False,False
MUTHOOTFIN.NS,Muthoot Finance Limited,Financial Services,Unknown,True,F&O,1,Stage 4,Stage 4,Stage 4 - Confirmed Downtrend,Stage 4 - Confirmed Downtrend,Stage 4 • Stage 4 - Confirmed Downtrend,0.86,Price is below a bearish moving-average stack with falling trend signals.,,,2026-02-12,,watchlist,weekly_watchlist,watchlist,0.0,35.8,16.11,0.0,0.0,35.8,16.11,-1.33,-10.18,1704888276.9,"Stage 4, Stage 4 - Confirmed Downtrend, weekly_vcp_ok, volume_dryup, weekly_volume_dryup, weekly_strong, downtrend",548,567,Stage 4,watchlist,weekly_watchlist,16.11,19,0.0,False,False,False,False,False
PNCINFRA.NS,PNC Infratech Limited,Construction,Unknown,False,Cash,1,Stage 4,Stage 4,Stage 4 - Confirmed Downtrend,Stage 4 - Confirmed Downtrend,Stage 4 • Stage 4 - Confirmed Downtrend,0.86,Price is below a bearish moving-average stack with falling trend signals.,,,,,watchlist,weekly_watchlist,watchlist,0.0,35.8,16.11,0.0,0.0,35.8,16.11,-39.01,-21.98,310765947.99,"Stage 4, Stage 4 - Confirmed Downtrend, weekly_vcp_ok, weekly_strong, downtrend",549,569,Stage 4,watchlist,weekly_watchlist,16.11,20,0.0,False,False,False,False,False
RAJESHEXPO.NS,Rajesh Exports Limited,Consumer Durables,Unknown,False,Cash,1,Stage 4,Stage 4,Stage 4 - Confirmed Downtrend,Stage 4 - Confirmed Downtrend,Stage 4 • Stage 4 - Confirmed Downtrend,0.86,Price is below a bearish moving-average stack with falling trend signals.,,,2025-12-30,,watchlist,weekly_watchlist,watchlist,0.0,35.8,16.11,0.0,0.0,35.8,16.11,-23.83,-23.1,17446499.11,"Stage 4, Stage 4 - Confirmed Downtrend, weekly_vcp_ok, weekly_strong, downtrend",550,570,Stage 4,watchlist,weekly_watchlist,16.11,20,0.0,False,False,False,False,False
RELAXO.NS,Relaxo Footwears Limited,Consumer Durables,Unknown,False,Cash,1,Stage 4,Stage 4,Stage 4 - Weak/Declining,Stage 4 - Weak/Declining,Stage 4 • Stage 4 - Weak/Declining,0.72,Price is below long-term support with weak trend evidence.,,,2026-08-17,,watchlist,weekly_watchlist,watchlist,0.0,35.8,16.11,0.0,0.0,35.8,16.11,-22.38,15.16,79337355.54,"Stage 4, Stage 4 - Weak/Declining, weekly_vcp_ok, weekly_volume_dryup, weekly_strong, downtrend",551,542,Stage 4,watchlist,weekly_watchlist,16.18,-9,-0.07000000000000028,False,False,False,False,False
RVNL.NS,Rail Vikas Nigam Limited,Construction,Unknown,True,F&O,1,Stage 4,Stage 4,Stage 4 - Confirmed Downtrend,Stage 4 - Confirmed Downtrend,Stage 4 • Stage 4 - Confirmed Downtrend,0.86,Price is below a bearish moving-average stack with falling trend signals.,,,,,watchlist,weekly_watchlist,watchlist,0.0,35.8,16.11,0.0,0.0,35.8,16.11,-9.03,-19.72,912417512.49,"Stage 4, Stage 4 - Confirmed Downtrend, weekly_vcp_ok, weekly_volume_dryup, weekly_strong, downtrend",552,447,Stage 4,watchlist,weekly_watchlist,21.03,-105,-4.920000000000002,False,False,False,False,False
SHREECEM.NS,SHREE CEMENT LIMITED,Construction Materials,Unknown,True,F&O,1,Stage 4,Stage 4,Stage 4 - Confirmed Downtrend,Stage 4 - Confirmed Downtrend,Stage 4 • Stage 4 - Confirmed Downtrend,0.86,Price is below a bearish moving-average stack with falling trend signals.,,,2026-08-10,,watchlist,weekly_watchlist,watchlist,0.0,35.8,16.11,0.0,0.0,35.8,16.11,-10.12,-1.62,394610999.25,"Stage 4, Stage 4 - Confirmed Downtrend, weekly_vcp_ok, weekly_volume_dryup, weekly_strong, downtrend",553,573,Stage 4,watchlist,weekly_watchlist,16.11,20,0.0,False,False,False,False,False
STARCEMENT.NS,Star Cement Limited,Construction Materials,Unknown,False,Cash,1,Stage 4,Stage 4,Stage 4 - Confirmed Downtrend,Stage 4 - Confirmed Downtrend,Stage 4 • Stage 4 - Confirmed Downtrend,0.86,Price is below a bearish moving-average stack with falling trend signals.,,,2025-11-03,,watchlist,weekly_watchlist,watchlist,0.0,35.8,16.11,0.0,0.0,35.8,16.11,-7.35,-9.57,33455253.28,"Stage 4, Stage 4 - Confirmed Downtrend, weekly_vcp_ok, volume_dryup, weekly_volume_dryup, weekly_strong, downtrend",554,574,Stage 4,watchlist,weekly_watchlist,16.11,20,0.0,False,False,False,False,False
TATAPOWER.NS,Tata Power Company Limited,Power,Unknown,True,F&O,1,Stage 4,Stage 4,Stage 4 - Weak/Declining,Stage 4 - Weak/Declining,Stage 4 • Stage 4 - Weak/Declining,0.72,Price is below long-term support with weak trend evidence.,,,2026-06-05,,watchlist,weekly_watchlist,watchlist,0.0,35.8,16.11,0.0,0.0,35.8,16.11,1.25,-3.16,1333297456.76,"Stage 4, Stage 4 - Weak/Declining, weekly_vcp_ok, volume_dryup, weekly_volume_dryup, weekly_strong, downtrend",555,575,Stage 4,watchlist,weekly_watchlist,16.11,20,0.0,False,False,False,False,False
ZEEL.NS,Zee Entertainment Enterprises Limited,"Media, Entertainment & Publication",Unknown,False,Cash,1,Stage 4,Stage 4,Stage 4 - Weak/Declining,Stage 4 - Weak/Declining,Stage 4 • Stage 4 - Weak/Declining,0.72,Price is below long-term support with weak trend evidence.,,,2026-08-21,,watchlist,weekly_watchlist,watchlist,0.0,35.8,16.11,0.0,0.0,35.8,16.11,-21.8,7.92,1429471436.28,"Stage 4, Stage 4 - Weak/Declining, weekly_vcp_ok, volume_dryup, weekly_volume_dryup, weekly_strong, downtrend",556,576,Stage 4,watchlist,weekly_watchlist,16.11,20,0.0,False,False,False,False,False
LUPIN.NS,Lupin Limited,Healthcare,Unknown,True,F&O,1,Not Sure,Stage 4,Pending Stage 4,Pending Stage 4,Not Sure • Pending Stage 4,0.55,Blocked public stage jump Stage 1 -> Stage 4; waiting for intermediate/confirmed structure.,Blocked public stage jump Stage 1 -> Stage 4; waiting for intermediate/confirmed structure.,,2026-08-07,Stage 4,watchlist,weekly_watchlist,watchlist,11.1,0.0,6.11,10.0,11.1,0.0,16.11,-8.34,-6.43,1367934987.09,"Stage 4, Stage 4 - Weak/Declining, volume_dryup, weekly_volume_dryup, downtrend | Blocked public stage jump Stage 1 -> Stage 4; waiting for intermediate/confirmed structure.",557,628,Stage 1,watchlist,weekly_watchlist,10.0,71,6.109999999999999,False,False,False,False,False
BHARATRAS.NS,Bharat Rasayan Limited,Chemicals,Unknown,False,Cash,1,Stage 4,Stage 4,Stage 4 - Confirmed Downtrend,Stage 4 - Confirmed Downtrend,Stage 4 • Stage 4 - Confirmed Downtrend,0.86,Price is below a bearish moving-average stack with falling trend signals.,,,2025-12-12,,watchlist,weekly_watchlist,watchlist,1.56,22.1,10.8,5.0,1.56,22.1,15.8,-16.85,-17.59,20467043.09,"Stage 4, Stage 4 - Confirmed Downtrend, weekly_vcp_ok, downtrend",558,530,Stage 4,watchlist,weekly_watchlist,16.72,-28,-0.9199999999999982,False,False,False,False,False
APOLLO.NS,Apollo Micro Systems Limited,Capital Goods,Unknown,False,Cash,1,Stage 2 Failed,Stage 1,Failed Stage 2,Failed Stage 2,Stage 2 Failed • Failed Stage 2,0.72,"This stock was recently Stage 2, but the latest structure no longer satisfies Stage 2 rules. It is kept as Stage 2 Failed until a fresh base/repair structure forms.",Recent Stage 2 break; public stage held as Stage 2 Failed.,2026-09-28,2026-09-22,,watchlist,weekly_watchlist,watchlist,1.76,21.6,10.69,5.0,1.76,21.6,15.69,-1.95,109.51,3107855118.01,"Stage 1, Stage 1 - Unclear/Repair, stage1_not_actionable, stage1_needs_more_base | Stage 2 failed state applied from stage memory.",559,358,Stage 2 Failed,watchlist,weekly_watchlist,24.36,-201,-8.67,False,False,False,False,False
CHOLAHLDNG.NS,Cholamandalam Financial Holdings Limited,Financial Services,Unknown,False,Cash,1,Stage 4,Stage 4,Stage 4 - Confirmed Downtrend,Stage 4 - Confirmed Downtrend,Stage 4 • Stage 4 - Confirmed Downtrend,0.86,Price is below a bearish moving-average stack with falling trend signals.,,,2025-12-05,,watchlist,weekly_watchlist,watchlist,10.28,22.1,15.6,0.0,10.28,22.1,15.6,-12.41,1.87,230165036.81,"Stage 4, Stage 4 - Confirmed Downtrend, weekly_vcp_ok, downtrend",560,518,Stage 4,watchlist,weekly_watchlist,17.44,-42,-1.8400000000000016,False,False,False,False,False
JUSTDIAL.NS,Just Dial Limited,Consumer Services,Unknown,False,Cash,1,Stage 2 Failed,Stage 3,Failed Stage 2,Failed Stage 2,Stage 2 Failed • Failed Stage 2,0.72,"This stock was recently Stage 2, but the latest structure no longer satisfies Stage 2 rules. It is kept as Stage 2 Failed until a fresh base/repair structure forms.",Recent Stage 2 break; public stage held as Stage 2 Failed.,2026-09-28,2026-09-23,,watchlist,weekly_watchlist,watchlist,19.09,6.59,13.47,2.0,19.09,6.59,15.47,23.74,30.12,95892415.34,"Stage 3, Stage 3 - Transition, volume_dryup, weekly_volume_dryup, distribution_risk | Stage 2 failed state applied from stage memory.",561,582,Stage 2 Failed,watchlist,weekly_watchlist,15.55,21,-0.08000000000000007,False,False,False,False,False
PFC.NS,Power Finance Corporation Limited,Financial Services,Unknown,True,F&O,1,Stage 4,Stage 4,Stage 4 - Weak/Declining,Stage 4 - Weak/Declining,Stage 4 • Stage 4 - Weak/Declining,0.72,Price is below long-term support with weak trend evidence.,,,2026-07-01,,watchlist,weekly_watchlist,watchlist,0.0,33.8,15.21,0.0,0.0,33.8,15.21,-16.6,-14.04,2875312054.6,"Stage 4, Stage 4 - Weak/Declining, weekly_vcp_ok, weekly_strong, downtrend",562,585,Stage 4,watchlist,weekly_watchlist,15.21,23,0.0,False,False,False,False,False
NMDC.NS,NMDC Limited,Metals & Mining,Unknown,True,F&O,1,Stage 1,Stage 1,Stage 1 - Unclear/Repair,Stage 1 - Unclear/Repair,Stage 1 • Stage 1 - Unclear/Repair,0.58,Not enough evidence for Stage 2 or Stage 4; classified as repair/unclear structure.,,,2026-09-02,,watchlist,weekly_watchlist,watchlist,16.48,9.2,13.2,2.0,16.48,9.2,15.2,-4.41,1.43,938785021.58,"Stage 1, Stage 1 - Unclear/Repair, volume_dryup, weekly_volume_dryup, stage1_not_actionable, stage1_needs_more_base",563,587,Stage 1,watchlist,weekly_watchlist,14.5,24,0.6999999999999993,False,False,False,False,False
HCC.NS,Hindustan Construction Company Limited,Construction,Unknown,False,Cash,1,Stage 2 Failed,Stage 1,Failed Stage 2,Failed Stage 2,Stage 2 Failed • Failed Stage 2,0.72,"This stock was recently Stage 2, but the latest structure no longer satisfies Stage 2 rules. It is kept as Stage 2 Failed until a fresh base/repair structure forms.",Recent Stage 2 break; public stage held as Stage 2 Failed.,2026-09-28,2026-09-23,,watchlist,weekly_watchlist,watchlist,17.32,12.12,14.98,0.0,17.32,12.12,14.98,-14.53,35.7,447346193.56,"Stage 1, Stage 1 - Base/Repair, volume_dryup, weekly_volume_dryup, stage1_not_actionable, stage1_needs_more_base | Stage 2 failed state applied from stage memory.",564,583,Stage 2 Failed,watchlist,weekly_watchlist,15.39,19,-0.41000000000000014,False,False,False,False,False
ROSSARI.NS,Rossari Biotech Limited,Chemicals,Unknown,False,Cash,1,Stage 4,Stage 4,Stage 4 - Confirmed Downtrend,Stage 4 - Confirmed Downtrend,Stage 4 • Stage 4 - Confirmed Downtrend,0.86,Price is below a bearish moving-average stack with falling trend signals.,,,,,watchlist,weekly_watchlist,watchlist,0.0,22.1,9.95,5.0,0.0,22.1,14.95,-10.75,5.23,30603338.65,"Stage 4, Stage 4 - Confirmed Downtrend, weekly_vcp_ok, volume_dryup, weekly_volume_dryup, downtrend",565,581,Stage 4,watchlist,weekly_watchlist,15.57,16,-0.620000000000001,False,False,False,False,False
KIRLOSIND.NS,Kirloskar Industries Limited,Capital Goods,Unknown,False,Cash,1,Stage 2 Failed,Stage 3,Failed Stage 2,Failed Stage 2,Stage 2 Failed • Failed Stage 2,0.72,"This stock was recently Stage 2, but the latest structure no longer satisfies Stage 2 rules. It is kept as Stage 2 Failed until a fresh base/repair structure forms.",Recent Stage 2 break; public stage held as Stage 2 Failed.,2026-09-28,2026-09-14,,watchlist,weekly_watchlist,watchlist,13.77,4.97,9.81,5.0,13.77,4.97,14.81,-8.67,34.33,149289734.84,"Stage 3, Stage 3 - Distribution/Damage, volume_dryup, weekly_volume_dryup, distribution_risk | Stage 2 failed state applied from stage memory.",566,541,Stage 2 Failed,watchlist,weekly_watchlist,16.2,-25,-1.3899999999999988,False,False,False,False,False
BOMDYEING.NS,Bombay Dyeing & Mfg Company Limited,Textiles,Unknown,False,Cash,1,Stage 4,Stage 4,Stage 4 - Confirmed Downtrend,Stage 4 - Confirmed Downtrend,Stage 4 • Stage 4 - Confirmed Downtrend,0.86,Price is below a bearish moving-average stack with falling trend signals.,,,,,watchlist,weekly_watchlist,watchlist,8.46,0.0,4.65,10.0,8.46,0.0,14.65,-13.3,6.94,52218946.92,"Stage 4, Stage 4 - Confirmed Downtrend, volume_dryup, weekly_volume_dryup, downtrend",567,525,Stage 4,watchlist,weekly_watchlist,17.05,-42,-2.4000000000000004,False,False,False,False,False
SARDAEN.NS,Sarda Energy & Minerals Limited,Metals & Mining,Unknown,False,Cash,1,Stage 1,Stage 1,Stage 1 - Base/Repair,Stage 1 - Base/Repair,Stage 1 • Stage 1 - Base/Repair,0.7,Price is near long-term moving averages with no strong long-term downtrend signal.,,,2026-03-12,,watchlist,weekly_watchlist,watchlist,15.81,8.53,12.53,2.0,15.81,8.53,14.53,7.28,-1.98,330572727.25,"Stage 1, Stage 1 - Base/Repair, volume_dryup, weekly_volume_dryup, stage1_not_actionable, stage1_needs_more_base",568,591,Stage 1,watchlist,weekly_watchlist,13.96,23,0.5699999999999985,False,False,False,False,False
ITC.NS,ITC Limited,Fast Moving Consumer Goods,Unknown,True,F&O,1,Stage 4,Stage 4,Stage 4 - Confirmed Downtrend,Stage 4 - Confirmed Downtrend,Stage 4 • Stage 4 - Confirmed Downtrend,0.86,Price is below a bearish moving-average stack with falling trend signals.,,,,,watchlist,weekly_watchlist,watchlist,0.0,32.13,14.46,0.0,0.0,32.13,14.46,-3.41,-4.72,3060298887.09,"Stage 4, Stage 4 - Confirmed Downtrend, weekly_vcp_ok, volume_dryup, weekly_volume_dryup, weekly_strong, downtrend",569,588,Stage 4,watchlist,weekly_watchlist,14.46,19,0.0,False,False,False,False,False
DATAMATICS.NS,Datamatics Global Services Limited,Information Technology,Unknown,False,Cash,1,Stage 2 Failed,Stage 3,Failed Stage 2,Failed Stage 2,Stage 2 Failed • Failed Stage 2,0.72,"This stock was recently Stage 2, but the latest structure no longer satisfies Stage 2 rules. It is kept as Stage 2 Failed until a fresh base/repair structure forms.",Recent Stage 2 break; public stage held as Stage 2 Failed.,2026-09-28,2026-09-25,,watchlist,weekly_watchlist,watchlist,0.0,27.57,12.41,2.0,0.0,27.57,14.41,0.55,14.15,116499692.03,"Stage 3, Stage 3 - Distribution/Damage, weekly_vcp_ok, distribution_risk | Stage 2 failed state applied from stage memory.",570,385,Not Sure,watchlist,weekly_watchlist,23.15,-185,-8.739999999999998,False,False,False,False,False
BAYERCROP.NS,Bayer Cropscience Limited,Chemicals,Unknown,False,Cash,1,Stage 4,Stage 4,Stage 4 - Confirmed Downtrend,Stage 4 - Confirmed Downtrend,Stage 4 • Stage 4 - Confirmed Downtrend,0.86,Price is below a bearish moving-average stack with falling trend signals.,,,,,watchlist,weekly_watchlist,watchlist,14.1,3.2,9.2,5.0,14.1,3.2,14.2,-5.3,-19.52,100615564.12,"Stage 4, Stage 4 - Confirmed Downtrend, downtrend",571,617,Stage 4,watchlist,weekly_watchlist,11.45,46,2.75,False,False,False,False,False
NTPCGREEN.NS,NTPC Green Energy Ltd.,Power,Unknown,False,Cash,1,Stage 4,Stage 4,Stage 4 - Weak/Declining,Stage 4 - Weak/Declining,Stage 4 • Stage 4 - Weak/Declining,0.72,Price is below long-term support with weak trend evidence.,,,2026-06-05,,watchlist,weekly_watchlist,watchlist,7.51,22.1,14.08,0.0,7.51,22.1,14.08,0.69,-2.9,254781815.44,"Stage 4, Stage 4 - Weak/Declining, weekly_vcp_ok, volume_dryup, downtrend",572,631,Stage 4,watchlist,weekly_watchlist,9.95,59,4.130000000000001,False,False,False,False,False
COFORGE.NS,Coforge Limited,Information Technology,Unknown,True,F&O,1,Stage 2 Failed,Not Sure,Failed Stage 2,Failed Stage 2,Stage 2 Failed • Failed Stage 2,0.72,"This stock was recently Stage 2, but the latest structure no longer satisfies Stage 2 rules. It is kept as Stage 2 Failed until a fresh base/repair structure forms.",Recent Stage 2 break; public stage held as Stage 2 Failed.,2026-09-28,2026-09-25,,watchlist,weekly_watchlist,watchlist,9.16,14.91,11.75,2.0,9.16,14.91,13.75,28.35,48.72,4186421341.52,"Not Sure, Not Sure, volume_dryup, weekly_volume_dryup | Stage 2 failed state applied from stage memory.",573,203,Stage 2,watchlist,weekly_watchlist,36.0,-370,-22.25,False,False,False,False,False
SUPREMEIND.NS,Supreme Industries Limited,Capital Goods,Unknown,True,F&O,1,Stage 1,Stage 1,Stage 1 - Base/Repair,Stage 1 - Base/Repair,Stage 1 • Stage 1 - Base/Repair,0.7,Price is near long-term moving averages with no strong long-term downtrend signal.,,,,,watchlist,weekly_watchlist,watchlist,0.0,19.1,8.6,5.0,0.0,19.1,13.6,11.95,-0.97,546588645.4,"Stage 1, Stage 1 - Base/Repair, weekly_volume_dryup, stage1_not_actionable, stage1_needs_more_base",574,488,Stage 1,watchlist,weekly_watchlist,18.87,-86,-5.270000000000001,False,False,False,False,False
COALINDIA.NS,Coal India Limited,"Oil, Gas & Consumable Fuels",Unknown,True,F&O,1,Stage 1,Stage 1,Stage 1 - Base/Repair,Stage 1 - Base/Repair,Stage 1 • Stage 1 - Base/Repair,0.7,Price is near long-term moving averages with no strong long-term downtrend signal.,,,2026-07-03,,watchlist,weekly_watchlist,watchlist,1.3,17.46,8.57,5.0,1.3,17.46,13.57,3.89,-1.26,3824730319.72,"Stage 1, Stage 1 - Base/Repair, volume_dryup, stage1_not_actionable, stage1_needs_more_base",575,543,Stage 1,watchlist,weekly_watchlist,16.17,-32,-2.6000000000000014,False,False,False,False,False
BAJAJHFL.NS,Bajaj Housing Finance Ltd.,Financial Services,Unknown,False,Cash,1,Stage 4,Stage 4,Stage 4 - Confirmed Downtrend,Stage 4 - Confirmed Downtrend,Stage 4 • Stage 4 - Confirmed Downtrend,0.86,Price is below a bearish moving-average stack with falling trend signals.,,,,,watchlist,weekly_watchlist,watchlist,5.97,22.72,13.51,0.0,5.97,22.72,13.51,-1.81,8.05,241185479.35,"Stage 4, Stage 4 - Confirmed Downtrend, weekly_vcp_ok, downtrend",576,593,Stage 4,watchlist,weekly_watchlist,13.85,17,-0.33999999999999986,False,False,False,False,False
AXISBANK.NS,Axis Bank Limited,Financial Services,Unknown,True,F&O,1,Not Sure,Stage 4,Pending Stage 4,Pending Stage 4,Not Sure • Pending Stage 4,0.55,Blocked public stage jump Stage 1 -> Stage 4; waiting for intermediate/confirmed structure.,Blocked public stage jump Stage 1 -> Stage 4; waiting for intermediate/confirmed structure.,,2026-07-17,Stage 4,watchlist,weekly_watchlist,watchlist,6.42,22.1,13.48,0.0,6.42,22.1,13.48,-6.03,3.34,5726997427.29,"Stage 4, Stage 4 - Confirmed Downtrend, weekly_vcp_ok, downtrend | Blocked public stage jump Stage 1 -> Stage 4; waiting for intermediate/confirmed structure.",577,461,Stage 1,watchlist,weekly_watchlist,20.22,-116,-6.739999999999998,False,False,False,False,False
ADVENZYMES.NS,Advanced Enzyme Technologies Limited,Healthcare,Unknown,False,Cash,1,Stage 4,Stage 4,Stage 4 - Weak/Declining,Stage 4 - Weak/Declining,Stage 4 • Stage 4 - Weak/Declining,0.72,Price is below long-term support with weak trend evidence.,,,2026-07-13,,watchlist,weekly_watchlist,watchlist,6.32,0.0,3.48,10.0,6.32,0.0,13.48,-4.17,6.61,61040545.27,"Stage 4, Stage 4 - Weak/Declining, volume_dryup, weekly_volume_dryup, downtrend",578,592,Stage 4,watchlist,weekly_watchlist,13.94,14,-0.4599999999999991,False,False,False,False,False
CIPLA.NS,Cipla Limited,Healthcare,Unknown,True,F&O,1,Stage 3,Stage 3,Stage 3 - Distribution/Damage,Stage 3 - Distribution/Damage,Stage 3 • Stage 3 - Distribution/Damage,0.76,"Prior strength exists, but short-term and/or weekly structure is deteriorating.",,,2026-08-24,,watchlist,weekly_watchlist,watchlist,0.0,7.55,3.4,10.0,0.0,7.55,13.4,0.14,19.39,1246926146.58,"Stage 3, Stage 3 - Distribution/Damage, distribution_risk",579,597,Stage 3,watchlist,weekly_watchlist,13.25,18,0.15000000000000036,False,False,False,False,False
ESABINDIA.NS,Esab India Limited,Capital Goods,Unknown,False,Cash,1,Stage 2 Failed,Stage 1,Failed Stage 2,Failed Stage 2,Stage 2 Failed • Failed Stage 2,0.72,"This stock was recently Stage 2, but the latest structure no longer satisfies Stage 2 rules. It is kept as Stage 2 Failed until a fresh base/repair structure forms.",Recent Stage 2 break; public stage held as Stage 2 Failed.,2026-09-28,2026-09-14,,watchlist,weekly_watchlist,watchlist,6.08,11.11,8.34,5.0,6.08,11.11,13.34,0.39,10.69,24691121.38,"Stage 1, Stage 1 - Base/Repair, volume_dryup, weekly_volume_dryup, stage1_not_actionable, stage1_needs_more_base | Stage 2 failed state applied from stage memory.",580,594,Stage 2 Failed,watchlist,weekly_watchlist,13.62,14,-0.27999999999999936,False,False,False,False,False
TATASTEEL.NS,Tata Steel Limited,Metals & Mining,Unknown,True,F&O,1,Stage 1,Stage 1,Stage 1 - Base/Repair,Stage 1 - Base/Repair,Stage 1 • Stage 1 - Base/Repair,0.7,Price is near long-term moving averages with no strong long-term downtrend signal.,,,2026-06-04,,watchlist,weekly_watchlist,watchlist,10.11,12.66,11.26,2.0,10.11,12.66,13.26,4.38,0.2,4702657312.68,"Stage 1, Stage 1 - Base/Repair, weekly_volume_dryup, stage1_not_actionable, stage1_needs_more_base",581,520,Stage 1,watchlist,weekly_watchlist,17.42,-61,-4.160000000000002,False,False,False,False,False
ASHOKA.NS,Ashoka Buildcon Limited,Construction,Unknown,False,Cash,1,Stage 4,Stage 4,Stage 4 - Confirmed Downtrend,Stage 4 - Confirmed Downtrend,Stage 4 • Stage 4 - Confirmed Downtrend,0.86,Price is below a bearish moving-average stack with falling trend signals.,,,,,watchlist,weekly_watchlist,watchlist,12.2,14.27,13.13,0.0,12.2,14.27,13.13,-11.67,0.69,130328014.2,"Stage 4, Stage 4 - Confirmed Downtrend, volume_dryup, weekly_volume_dryup, downtrend",582,671,Stage 4,watchlist,weekly_watchlist,6.42,89,6.710000000000001,False,False,False,False,False
GPIL.NS,Godawari Power And Ispat limited,Capital Goods,Unknown,False,Cash,1,Stage 4,Stage 4,Stage 4 - Weak/Declining,Stage 4 - Weak/Declining,Stage 4 • Stage 4 - Weak/Declining,0.72,Price is below long-term support with weak trend evidence.,,,2026-06-05,,watchlist,weekly_watchlist,watchlist,10.93,4.0,7.81,5.0,10.93,4.0,12.81,-6.82,-15.94,332006647.89,"Stage 4, Stage 4 - Weak/Declining, volume_dryup, weekly_volume_dryup, downtrend",583,598,Stage 4,watchlist,weekly_watchlist,13.22,15,-0.41000000000000014,False,False,False,False,False
HEG.NS,HEG Limited,Capital Goods,Unknown,False,Cash,1,Stage 4,Stage 4,Stage 4 - Weak/Declining,Stage 4 - Weak/Declining,Stage 4 • Stage 4 - Weak/Declining,0.72,Price is below long-term support with weak trend evidence.,,,2026-09-04,,watchlist,weekly_watchlist,watchlist,14.09,0.0,7.75,5.0,14.09,0.0,12.75,-47.86,-54.18,688174214.02,"Stage 4, Stage 4 - Weak/Declining, volume_dryup, weekly_volume_dryup, downtrend",584,615,Stage 2 Failed,watchlist,weekly_watchlist,11.52,31,1.2300000000000004,False,False,False,False,False
KIRLOSENG.NS,Kirloskar Oil Engines Limited,Capital Goods,Unknown,False,Cash,1,Stage 2 Failed,Stage 1,Failed Stage 2,Failed Stage 2,Stage 2 Failed • Failed Stage 2,0.72,"This stock was recently Stage 2, but the latest structure no longer satisfies Stage 2 rules. It is kept as Stage 2 Failed until a fresh base/repair structure forms.",Recent Stage 2 break; public stage held as Stage 2 Failed.,2026-09-28,2026-09-24,,watchlist,weekly_watchlist,watchlist,0.0,16.68,7.51,5.0,0.0,16.68,12.51,-2.46,57.31,917126106.74,"Stage 1, Stage 1 - Unclear/Repair, weekly_volume_dryup, stage1_not_actionable, stage1_needs_more_base | Stage 2 failed state applied from stage memory.",585,451,Stage 2 Failed,watchlist,weekly_watchlist,20.82,-134,-8.31,False,False,False,False,False
DLF.NS,DLF Limited,Realty,Unknown,True,F&O,1,Stage 2 Failed,Not Sure,Failed Stage 2,Failed Stage 2,Stage 2 Failed • Failed Stage 2,0.72,"This stock was recently Stage 2, but the latest structure no longer satisfies Stage 2 rules. It is kept as Stage 2 Failed until a fresh base/repair structure forms.",Recent Stage 2 break; public stage held as Stage 2 Failed.,2026-09-28,2026-09-25,,watchlist,weekly_watchlist,watchlist,2.5,20.21,10.47,2.0,2.5,20.21,12.47,7.18,30.91,2423519061.73,"Not Sure, Not Sure | Stage 2 failed state applied from stage memory.",586,206,Stage 2,watchlist,weekly_watchlist,35.42,-380,-22.950000000000003,False,False,False,False,False
TATACOMM.NS,Tata Communications Limited,Telecommunication,Unknown,False,Cash,1,Stage 2 Failed,Stage 4,Failed Stage 2,Failed Stage 2,Stage 2 Failed • Failed Stage 2,0.72,"This stock was recently Stage 2, but the latest structure no longer satisfies Stage 2 rules. It is kept as Stage 2 Failed until a fresh base/repair structure forms.",Recent Stage 2 break; public stage held as Stage 2 Failed.,2026-09-28,2026-09-18,,watchlist,weekly_watchlist,watchlist,0.0,5.32,2.39,10.0,0.0,5.32,12.39,-9.48,22.66,403729214.75,"Stage 4, Stage 4 - Weak/Declining, weekly_volume_dryup, downtrend | Stage 2 failed state applied from stage memory.",587,605,Stage 2 Failed,watchlist,weekly_watchlist,12.26,18,0.13000000000000078,False,False,False,False,False
ZYDUSWELL.NS,Zydus Wellness Limited,Fast Moving Consumer Goods,Unknown,False,Cash,1,Stage 3,Stage 3,Stage 3 - Distribution/Damage,Stage 3 - Distribution/Damage,Stage 3 • Stage 3 - Distribution/Damage,0.76,"Prior strength exists, but short-term and/or weekly structure is deteriorating.",,,2026-09-04,,watchlist,weekly_watchlist,watchlist,20.57,1.44,11.96,0.0,20.57,1.44,11.96,-6.5,20.86,313626553.76,"Stage 3, Stage 3 - Distribution/Damage, volume_dryup, weekly_volume_dryup, distribution_risk",588,614,Stage 2 Failed,watchlist,weekly_watchlist,11.53,26,0.4300000000000015,False,False,False,False,False
INDIGOPNTS.NS,Indigo Paints Limited,Consumer Durables,Unknown,False,Cash,1,Stage 2 Failed,Not Sure,Failed Stage 2,Failed Stage 2,Stage 2 Failed • Failed Stage 2,0.72,"This stock was recently Stage 2, but the latest structure no longer satisfies Stage 2 rules. It is kept as Stage 2 Failed until a fresh base/repair structure forms.",Recent Stage 2 break; public stage held as Stage 2 Failed.,2026-09-28,2026-09-25,,watchlist,weekly_watchlist,watchlist,6.36,18.81,11.96,0.0,6.36,18.81,11.96,8.6,47.48,66752057.62,"Not Sure, Not Sure, volume_dryup, weekly_volume_dryup | Stage 2 failed state applied from stage memory.",589,293,Stage 2,watchlist,weekly_watchlist,27.3,-296,-15.34,False,False,False,False,False
FDC.NS,FDC Limited,Healthcare,Unknown,False,Cash,1,Stage 4,Stage 4,Stage 4 - Confirmed Downtrend,Stage 4 - Confirmed Downtrend,Stage 4 • Stage 4 - Confirmed Downtrend,0.86,Price is below a bearish moving-average stack with falling trend signals.,,,2026-07-31,,watchlist,weekly_watchlist,watchlist,0.0,4.0,1.8,10.0,0.0,4.0,11.8,-15.77,6.92,51357056.35,"Stage 4, Stage 4 - Confirmed Downtrend, weekly_volume_dryup, downtrend",590,610,Stage 4,watchlist,weekly_watchlist,11.8,20,0.0,False,False,False,False,False
IGL.NS,Indraprastha Gas Limited,"Oil, Gas & Consumable Fuels",Unknown,False,Cash,1,Stage 4,Stage 4,Stage 4 - Confirmed Downtrend,Stage 4 - Confirmed Downtrend,Stage 4 • Stage 4 - Confirmed Downtrend,0.86,Price is below a bearish moving-average stack with falling trend signals.,,,2025-11-14,,watchlist,weekly_watchlist,watchlist,10.58,2.0,6.72,5.0,10.58,2.0,11.72,-2.83,0.3,230867589.56,"Stage 4, Stage 4 - Confirmed Downtrend, weekly_volume_dryup, downtrend",591,638,Stage 4,watchlist,weekly_watchlist,9.07,47,2.6500000000000004,False,False,False,False,False
GMDCLTD.NS,Gujarat Mineral Development Corporation Limited,Metals & Mining,Unknown,False,Cash,1,Stage 4,Stage 4,Stage 4 - Weak/Declining,Stage 4 - Weak/Declining,Stage 4 • Stage 4 - Weak/Declining,0.72,Price is below long-term support with weak trend evidence.,,,2026-06-24,,watchlist,weekly_watchlist,watchlist,13.73,4.0,9.35,2.0,13.73,4.0,11.35,-7.65,-6.53,518059333.25,"Stage 4, Stage 4 - Weak/Declining, volume_dryup, weekly_volume_dryup, downtrend",592,616,Not Sure,watchlist,weekly_watchlist,11.5,24,-0.15000000000000036,False,False,False,False,False
LUXIND.NS,Lux Industries Limited,Textiles,Unknown,False,Cash,1,Stage 4,Stage 4,Stage 4 - Weak/Declining,Stage 4 - Weak/Declining,Stage 4 • Stage 4 - Weak/Declining,0.72,Price is below long-term support with weak trend evidence.,,,2026-06-04,,watchlist,weekly_watchlist,watchlist,0.0,3.0,1.35,10.0,0.0,3.0,11.35,-3.89,25.87,59858126.96,"Stage 4, Stage 4 - Weak/Declining, downtrend",593,613,Stage 4,watchlist,weekly_watchlist,11.57,20,-0.22000000000000064,False,False,False,False,False
ECLERX.NS,eClerx Services Limited,Services,Unknown,False,Cash,1,Stage 2 Failed,Not Sure,Failed Stage 2,Failed Stage 2,Stage 2 Failed • Failed Stage 2,0.72,"This stock was recently Stage 2, but the latest structure no longer satisfies Stage 2 rules. It is kept as Stage 2 Failed until a fresh base/repair structure forms.",Recent Stage 2 break; public stage held as Stage 2 Failed.,2026-09-28,2026-09-23,,watchlist,weekly_watchlist,watchlist,7.81,11.16,9.32,2.0,7.81,11.16,11.32,35.72,27.85,314735453.22,"Not Sure, Not Sure, volume_dryup, weekly_volume_dryup | Stage 2 failed state applied from stage memory.",594,647,Stage 2 Failed,watchlist,weekly_watchlist,8.63,53,2.6899999999999995,False,False,False,False,False
JBMA.NS,JBM Auto Ltd.,Automobile and Auto Components,Unknown,False,Cash,1,Stage 4,Stage 4,Stage 4 - Weak/Declining,Stage 4 - Weak/Declining,Stage 4 • Stage 4 - Weak/Declining,0.72,Price is below long-term support with weak trend evidence.,,,2026-07-30,,watchlist,weekly_watchlist,watchlist,9.45,2.0,6.1,5.0,9.45,2.0,11.1,-14.61,4.06,156302300.72,"Stage 4, Stage 4 - Weak/Declining, volume_dryup, weekly_volume_dryup, downtrend",595,618,Stage 4,watchlist,weekly_watchlist,11.1,23,0.0,False,False,False,False,False
TMPV.NS,Tata Motors Passenger Vehicles Ltd.,Automobile and Auto Components,Unknown,True,F&O,1,Stage 4,Stage 4,Stage 4 - Confirmed Downtrend,Stage 4 - Confirmed Downtrend,Stage 4 • Stage 4 - Confirmed Downtrend,0.86,Price is below a bearish moving-average stack with falling trend signals.,,,,,watchlist,weekly_watchlist,watchlist,10.52,0.0,5.79,5.0,10.52,0.0,10.79,-13.45,-4.08,2824454341.5,"Stage 4, Stage 4 - Confirmed Downtrend, downtrend",596,604,Stage 4,watchlist,weekly_watchlist,12.26,8,-1.4700000000000006,False,False,False,False,False
BANDHANBNK.NS,Bandhan Bank Limited,Financial Services,Unknown,True,F&O,1,Stage 1,Stage 1,Stage 1 - Base/Repair,Stage 1 - Base/Repair,Stage 1 • Stage 1 - Base/Repair,0.7,Price is near long-term moving averages with no strong long-term downtrend signal.,,,2026-07-21,,watchlist,weekly_watchlist,watchlist,9.69,12.11,10.78,0.0,9.69,12.11,10.78,-5.88,27.01,2281002498.74,"Stage 1, Stage 1 - Base/Repair, stage1_not_actionable, stage1_needs_more_base",597,621,Stage 1,watchlist,weekly_watchlist,10.57,24,0.20999999999999908,False,False,False,False,False
SRF.NS,SRF Limited,Chemicals,Unknown,True,F&O,1,Stage 4,Stage 4,Stage 4 - Confirmed Downtrend,Stage 4 - Confirmed Downtrend,Stage 4 • Stage 4 - Confirmed Downtrend,0.86,Price is below a bearish moving-average stack with falling trend signals.,,,2026-01-05,,watchlist,weekly_watchlist,watchlist,9.26,0.8,5.45,5.0,9.26,0.8,10.45,-5.72,5.57,494865705.42,"Stage 4, Stage 4 - Confirmed Downtrend, volume_dryup, weekly_volume_dryup, downtrend",598,678,Stage 4,watchlist,weekly_watchlist,5.36,80,5.089999999999999,False,False,False,False,False
NATCOPHARM.NS,Natco Pharma Limited,Healthcare,Unknown,False,Cash,1,Stage 4,Stage 4,Stage 4 - Weak/Declining,Stage 4 - Weak/Declining,Stage 4 • Stage 4 - Weak/Declining,0.72,Price is below long-term support with weak trend evidence.,,,2026-05-29,,watchlist,weekly_watchlist,watchlist,0.0,0.8,0.36,10.0,0.0,0.8,10.36,-6.08,-16.97,338884833.5,"Stage 4, Stage 4 - Weak/Declining, downtrend",599,590,Stage 4,watchlist,weekly_watchlist,14.11,-9,-3.75,False,False,False,False,False
TANLA.NS,Tanla Platforms Limited,Information Technology,Unknown,False,Cash,1,Stage 4,Stage 4,Stage 4 - Weak/Declining,Stage 4 - Weak/Declining,Stage 4 • Stage 4 - Weak/Declining,0.72,Price is below long-term support with weak trend evidence.,,,2026-08-21,,watchlist,weekly_watchlist,watchlist,15.07,0.0,8.29,2.0,15.07,0.0,10.29,-1.62,21.21,194381199.32,"Stage 4, Stage 4 - Weak/Declining, volume_dryup, weekly_volume_dryup, downtrend",600,644,Stage 4,watchlist,weekly_watchlist,8.77,44,1.5199999999999996,False,False,False,False,False
ADANIENT.NS,Adani Enterprises Limited,Metals & Mining,Unknown,True,F&O,1,Stage 2 Failed,Stage 1,Failed Stage 2,Failed Stage 2,Stage 2 Failed • Failed Stage 2,0.72,"This stock was recently Stage 2, but the latest structure no longer satisfies Stage 2 rules. It is kept as Stage 2 Failed until a fresh base/repair structure forms.",Recent Stage 2 break; public stage held as Stage 2 Failed.,2026-09-28,2026-09-09,,watchlist,weekly_watchlist,watchlist,6.21,10.69,8.23,2.0,6.21,10.69,10.23,-5.8,56.68,4207074819.19,"Stage 1, Stage 1 - Base/Repair, volume_dryup, weekly_volume_dryup, stage1_not_actionable, stage1_needs_more_base | Stage 2 failed state applied from stage memory.",601,609,Stage 2 Failed,watchlist,weekly_watchlist,11.94,8,-1.709999999999999,False,False,False,False,False
MAHLIFE.NS,Mahindra Lifespace Developers Limited,Realty,Unknown,False,Cash,1,Stage 3,Stage 3,Stage 3 - Distribution/Damage,Stage 3 - Distribution/Damage,Stage 3 • Stage 3 - Distribution/Damage,0.76,"Prior strength exists, but short-term and/or weekly structure is deteriorating.",,,2026-08-31,,watchlist,weekly_watchlist,watchlist,10.3,5.66,8.21,2.0,10.3,5.66,10.21,3.59,17.0,32584184.09,"Stage 3, Stage 3 - Distribution/Damage, volume_dryup, weekly_volume_dryup, distribution_risk",602,673,Stage 4,watchlist,weekly_watchlist,6.12,71,4.090000000000001,False,False,False,False,False
RATEGAIN.NS,Rategain Travel Technologies Limited,Information Technology,Unknown,False,Cash,1,Stage 2 Failed,Stage 1,Failed Stage 2,Failed Stage 2,Stage 2 Failed • Failed Stage 2,0.72,"This stock was recently Stage 2, but the latest structure no longer satisfies Stage 2 rules. It is kept as Stage 2 Failed until a fresh base/repair structure forms.",Recent Stage 2 break; public stage held as Stage 2 Failed.,2026-09-28,2026-09-21,,watchlist,weekly_watchlist,watchlist,1.43,16.3,8.12,2.0,1.43,16.3,10.12,-7.22,70.18,265090786.46,"Stage 1, Stage 1 - Unclear/Repair, volume_dryup, weekly_volume_dryup, stage1_not_actionable, stage1_needs_more_base | Stage 2 failed state applied from stage memory.",603,623,Stage 2 Failed,watchlist,weekly_watchlist,10.27,20,-0.15000000000000036,False,False,False,False,False
SUNTV.NS,Sun TV Network Limited,"Media, Entertainment & Publication",Unknown,False,Cash,1,Stage 4,Stage 4,Stage 4 - Weak/Declining,Stage 4 - Weak/Declining,Stage 4 • Stage 4 - Weak/Declining,0.72,Price is below long-term support with weak trend evidence.,,,2026-05-08,,watchlist,weekly_watchlist,watchlist,11.12,8.8,10.08,0.0,11.12,8.8,10.08,7.12,-9.51,459745430.02,"Stage 4, Stage 4 - Weak/Declining, downtrend",604,646,Stage 4,watchlist,weekly_watchlist,8.69,42,1.3900000000000006,False,False,False,False,False
REDTAPE.NS,Redtape Limited,Consumer Durables,Unknown,False,Cash,1,Stage 4,Stage 4,Stage 4 - Weak/Declining,Stage 4 - Weak/Declining,Stage 4 • Stage 4 - Weak/Declining,0.72,Price is below long-term support with weak trend evidence.,,,2026-08-07,,watchlist,weekly_watchlist,watchlist,0.0,22.36,10.06,0.0,0.0,22.36,10.06,-6.27,8.86,260718625.63,"Stage 4, Stage 4 - Weak/Declining, weekly_vcp_ok, weekly_volume_dryup, downtrend",605,720,Stage 4,watchlist,weekly_watchlist,2.43,115,7.630000000000001,False,False,False,False,False
GOKEX.NS,Gokaldas Exports Limited,Textiles,Unknown,False,Cash,1,Stage 4,Stage 4,Stage 4 - Weak/Declining,Stage 4 - Weak/Declining,Stage 4 • Stage 4 - Weak/Declining,0.72,Price is below long-term support with weak trend evidence.,,,2026-08-20,,watchlist,weekly_watchlist,watchlist,0.0,0.0,0.0,10.0,0.0,0.0,10.0,-18.27,12.79,188380067.32,"Stage 4, Stage 4 - Weak/Declining, downtrend",606,626,Stage 4,watchlist,weekly_watchlist,10.0,20,0.0,False,False,False,False,False
ITI.NS,ITI Limited,Telecommunication,Unknown,False,Cash,1,Stage 4,Stage 4,Stage 4 - Confirmed Downtrend,Stage 4 - Confirmed Downtrend,Stage 4 • Stage 4 - Confirmed Downtrend,0.86,Price is below a bearish moving-average stack with falling trend signals.,,,2026-07-02,,watchlist,weekly_watchlist,watchlist,0.0,0.0,0.0,10.0,0.0,0.0,10.0,-12.88,-1.29,37092685.53,"Stage 4, Stage 4 - Confirmed Downtrend, volume_dryup, weekly_volume_dryup, downtrend",607,627,Stage 4,watchlist,weekly_watchlist,10.0,20,0.0,False,False,False,False,False
RAINBOW.NS,Rainbow Childrens Medicare Limited,Healthcare,Unknown,False,Cash,1,Stage 2 Failed,Stage 3,Failed Stage 2,Failed Stage 2,Stage 2 Failed • Failed Stage 2,0.72,"This stock was recently Stage 2, but the latest structure no longer satisfies Stage 2 rules. It is kept as Stage 2 Failed until a fresh base/repair structure forms.",Recent Stage 2 break; public stage held as Stage 2 Failed.,2026-09-28,2026-09-18,,watchlist,weekly_watchlist,watchlist,0.0,0.0,0.0,10.0,0.0,0.0,10.0,1.84,19.33,166769769.37,"Stage 3, Stage 3 - Transition, distribution_risk | Stage 2 failed state applied from stage memory.",608,629,Stage 2 Failed,watchlist,weekly_watchlist,10.0,21,0.0,False,False,False,False,False
CHAMBLFERT.NS,Chambal Fertilizers & Chemicals Limited,Chemicals,Unknown,False,Cash,1,Stage 4,Stage 4,Stage 4 - Confirmed Downtrend,Stage 4 - Confirmed Downtrend,Stage 4 • Stage 4 - Confirmed Downtrend,0.86,Price is below a bearish moving-average stack with falling trend signals.,,,2026-07-03,,watchlist,weekly_watchlist,watchlist,9.02,0.0,4.96,5.0,9.02,0.0,9.96,-6.0,-4.0,199967488.93,"Stage 4, Stage 4 - Confirmed Downtrend, downtrend",609,633,Stage 4,watchlist,weekly_watchlist,9.87,24,0.09000000000000163,False,False,False,False,False
HATHWAY.NS,Hathway Cable & Datacom Limited,"Media, Entertainment & Publication",Unknown,False,Cash,1,Stage 4,Stage 4,Stage 4 - Confirmed Downtrend,Stage 4 - Confirmed Downtrend,Stage 4 • Stage 4 - Confirmed Downtrend,0.86,Price is below a bearish moving-average stack with falling trend signals.,,,,,watchlist,weekly_watchlist,watchlist,0.0,22.1,9.95,0.0,0.0,22.1,9.95,-12.77,-1.93,14325994.33,"Stage 4, Stage 4 - Confirmed Downtrend, weekly_vcp_ok, downtrend",610,630,Stage 4,watchlist,weekly_watchlist,9.95,20,0.0,False,False,False,False,False
360ONE.NS,360 ONE WAM LIMITED,Financial Services,Unknown,True,F&O,1,Stage 2 Failed,Stage 4,Failed Stage 2,Failed Stage 2,Stage 2 Failed • Failed Stage 2,0.72,"This stock was recently Stage 2, but the latest structure no longer satisfies Stage 2 rules. It is kept as Stage 2 Failed until a fresh base/repair structure forms.",Recent Stage 2 break; public stage held as Stage 2 Failed.,2026-09-28,2026-09-08,,watchlist,weekly_watchlist,watchlist,13.12,5.76,9.81,0.0,13.12,5.76,9.81,2.77,14.81,978078516.33,"Stage 4, Stage 4 - Weak/Declining, downtrend | Stage 2 failed state applied from stage memory.",611,620,Stage 2 Failed,watchlist,weekly_watchlist,10.91,9,-1.0999999999999996,False,False,False,False,False
THANGAMAYL.NS,Thangamayil Jewellery Limited,Consumer Durables,Unknown,False,Cash,1,Not Sure,Stage 1,Pending Stage 1,Pending Stage 1,Not Sure • Pending Stage 1,0.55,Blocked public stage jump Stage 3 -> Stage 1; waiting for intermediate/confirmed structure.,Blocked public stage jump Stage 3 -> Stage 1; waiting for intermediate/confirmed structure.,,2026-08-28,Stage 1,watchlist,weekly_watchlist,watchlist,14.57,3.67,9.67,0.0,14.57,3.67,9.67,-15.32,44.07,432599561.95,"Stage 1, Stage 1 - Base/Repair, volume_dryup, weekly_volume_dryup, stage1_not_actionable, stage1_needs_more_base | Blocked public stage jump Stage 3 -> Stage 1; waiting for intermediate/confirmed structure.",612,736,Stage 3,watchlist,weekly_watchlist,0.97,124,8.7,False,False,False,False,False
MARUTI.NS,Maruti Suzuki India Limited,Automobile and Auto Components,Unknown,True,F&O,1,Stage 4,Stage 4,Stage 4 - Confirmed Downtrend,Stage 4 - Confirmed Downtrend,Stage 4 • Stage 4 - Confirmed Downtrend,0.86,Price is below a bearish moving-average stack with falling trend signals.,,,2026-01-13,,watchlist,weekly_watchlist,watchlist,8.49,0.0,4.67,5.0,8.49,0.0,9.67,-10.36,-1.72,4783041211.95,"Stage 4, Stage 4 - Confirmed Downtrend, weekly_volume_dryup, downtrend",613,625,Stage 4,watchlist,weekly_watchlist,10.18,12,-0.5099999999999998,False,False,False,False,False
NESTLEIND.NS,Nestle India Limited,Fast Moving Consumer Goods,Unknown,True,F&O,1,Stage 2 Failed,Stage 1,Failed Stage 2,Failed Stage 2,Stage 2 Failed • Failed Stage 2,0.72,"This stock was recently Stage 2, but the latest structure no longer satisfies Stage 2 rules. It is kept as Stage 2 Failed until a fresh base/repair structure forms.",Recent Stage 2 break; public stage held as Stage 2 Failed.,2026-09-28,2026-09-21,,watchlist,weekly_watchlist,watchlist,16.67,1.04,9.64,0.0,16.67,1.04,9.64,-1.38,15.79,1500579176.03,"Stage 1, Stage 1 - Base/Repair, volume_dryup, weekly_volume_dryup, stage1_not_actionable, stage1_needs_more_base | Stage 2 failed state applied from stage memory.",614,624,Stage 2 Failed,watchlist,weekly_watchlist,10.26,10,-0.6199999999999992,False,False,False,False,False
CHEMPLASTS.NS,Chemplast Sanmar Limited,Chemicals,Unknown,False,Cash,1,Stage 4,Stage 4,Stage 4 - Weak/Declining,Stage 4 - Weak/Declining,Stage 4 • Stage 4 - Weak/Declining,0.72,Price is below long-term support with weak trend evidence.,,,,,watchlist,weekly_watchlist,watchlist,5.07,4.0,4.59,5.0,5.07,4.0,9.59,-2.8,-21.33,302328660.49,"Stage 4, Stage 4 - Weak/Declining, downtrend",615,669,Stage 4,watchlist,weekly_watchlist,6.8,54,2.79,False,False,False,False,False
JISLJALEQS.NS,Jain Irrigation Systems Limited,Capital Goods,Unknown,False,Cash,1,Stage 4,Stage 4,Stage 4 - Confirmed Downtrend,Stage 4 - Confirmed Downtrend,Stage 4 • Stage 4 - Confirmed Downtrend,0.86,Price is below a bearish moving-average stack with falling trend signals.,,,,,watchlist,weekly_watchlist,watchlist,8.2,0.0,4.51,5.0,8.2,0.0,9.51,-12.64,0.22,158215720.17,"Stage 4, Stage 4 - Confirmed Downtrend, downtrend",616,635,Stage 4,watchlist,weekly_watchlist,9.51,19,0.0,False,False,False,False,False
TRITURBINE.NS,Triveni Turbine Limited,Capital Goods,Unknown,False,Cash,1,Stage 4,Stage 4,Stage 4 - Weak/Declining,Stage 4 - Weak/Declining,Stage 4 • Stage 4 - Weak/Declining,0.72,Price is below long-term support with weak trend evidence.,,,2026-08-06,,watchlist,weekly_watchlist,watchlist,7.97,0.0,4.38,5.0,7.97,0.0,9.38,-11.63,22.43,250607630.65,"Stage 4, Stage 4 - Weak/Declining, volume_dryup, weekly_volume_dryup, downtrend",617,664,Stage 4,watchlist,weekly_watchlist,7.22,47,2.160000000000001,False,False,False,False,False
HINDALCO.NS,Hindalco Industries Limited,Metals & Mining,Unknown,True,F&O,1,Stage 2 Failed,Stage 1,Failed Stage 2,Failed Stage 2,Stage 2 Failed • Failed Stage 2,0.72,"This stock was recently Stage 2, but the latest structure no longer satisfies Stage 2 rules. It is kept as Stage 2 Failed until a fresh base/repair structure forms.",Recent Stage 2 break; public stage held as Stage 2 Failed.,2026-09-28,2026-09-23,,watchlist,weekly_watchlist,watchlist,10.28,3.35,7.16,2.0,10.28,3.35,9.16,6.34,7.13,3153310098.62,"Stage 1, Stage 1 - Base/Repair, stage1_not_actionable, stage1_needs_more_base | Stage 2 failed state applied from stage memory.",618,632,Stage 2 Failed,watchlist,weekly_watchlist,9.93,14,-0.7699999999999996,False,False,False,False,False
LINDEINDIA.NS,Linde India Limited,Chemicals,Unknown,False,Cash,1,Stage 1,Stage 1,Stage 1 - Unclear/Repair,Stage 1 - Unclear/Repair,Stage 1 • Stage 1 - Unclear/Repair,0.58,Not enough evidence for Stage 2 or Stage 4; classified as repair/unclear structure.,,,2026-08-10,,watchlist,weekly_watchlist,watchlist,0.0,9.2,4.14,5.0,0.0,9.2,9.14,-8.65,-12.75,136056143.7,"Stage 1, Stage 1 - Unclear/Repair, volume_dryup, weekly_volume_dryup, stage1_not_actionable, stage1_needs_more_base",619,637,Stage 1,watchlist,weekly_watchlist,9.14,18,0.0,False,False,False,False,False
ADANIPOWER.NS,Adani Power Limited,Power,Unknown,True,F&O,1,Stage 3,Stage 3,Stage 3 - Distribution/Damage,Stage 3 - Distribution/Damage,Stage 3 • Stage 3 - Distribution/Damage,0.76,"Prior strength exists, but short-term and/or weekly structure is deteriorating.",,,2026-08-03,,watchlist,weekly_watchlist,watchlist,16.33,0.0,8.98,0.0,16.33,0.0,8.98,-7.55,24.87,3387749304.48,"Stage 3, Stage 3 - Distribution/Damage, volume_dryup, distribution_risk",620,603,Stage 3,watchlist,weekly_watchlist,12.31,-17,-3.33,False,False,False,False,False
OLECTRA.NS,Olectra Greentech Limited,Automobile and Auto Components,Unknown,False,Cash,1,Stage 4,Stage 4,Stage 4 - Weak/Declining,Stage 4 - Weak/Declining,Stage 4 • Stage 4 - Weak/Declining,0.72,Price is below long-term support with weak trend evidence.,,,2026-08-13,,watchlist,weekly_watchlist,watchlist,6.95,0.0,3.82,5.0,6.95,0.0,8.82,-18.53,17.38,457943559.49,"Stage 4, Stage 4 - Weak/Declining, downtrend",621,641,Stage 4,watchlist,weekly_watchlist,8.89,20,-0.07000000000000028,False,False,False,False,False
DMART.NS,Avenue Supermarts Limited,Consumer Services,Unknown,True,F&O,1,Stage 4,Stage 4,Stage 4 - Weak/Declining,Stage 4 - Weak/Declining,Stage 4 • Stage 4 - Weak/Declining,0.72,Price is below long-term support with weak trend evidence.,,,2025-10-23,,watchlist,weekly_watchlist,watchlist,9.1,3.2,6.45,2.0,9.1,3.2,8.45,-4.05,-10.55,1480612409.92,"Stage 4, Stage 4 - Weak/Declining, weekly_volume_dryup, downtrend",622,378,Stage 4,watchlist,weekly_watchlist,23.5,-244,-15.05,False,False,False,False,False
SUMICHEM.NS,Sumitomo Chemical India Limited,Chemicals,Unknown,False,Cash,1,Stage 2 Failed,Stage 1,Failed Stage 2,Failed Stage 2,Stage 2 Failed • Failed Stage 2,0.72,"This stock was recently Stage 2, but the latest structure no longer satisfies Stage 2 rules. It is kept as Stage 2 Failed until a fresh base/repair structure forms.",Recent Stage 2 break; public stage held as Stage 2 Failed.,2026-09-28,2026-09-23,,watchlist,weekly_watchlist,watchlist,0.0,7.53,3.39,5.0,0.0,7.53,8.39,3.65,15.69,124818195.11,"Stage 1, Stage 1 - Base/Repair, volume_dryup, weekly_volume_dryup, stage1_not_actionable, stage1_needs_more_base | Stage 2 failed state applied from stage memory.",623,648,Stage 2 Failed,watchlist,weekly_watchlist,8.54,25,-0.14999999999999858,False,False,False,False,False
NLCINDIA.NS,NLC India Ltd.,Power,Unknown,False,Cash,1,Stage 4,Stage 4,Stage 4 - Weak/Declining,Stage 4 - Weak/Declining,Stage 4 • Stage 4 - Weak/Declining,0.72,Price is below long-term support with weak trend evidence.,,,2026-07-17,,watchlist,weekly_watchlist,watchlist,11.88,4.0,8.33,0.0,11.88,4.0,8.33,-13.33,-5.52,388278004.73,"Stage 4, Stage 4 - Weak/Declining, volume_dryup, weekly_volume_dryup, downtrend",624,653,Stage 4,watchlist,weekly_watchlist,8.13,29,0.1999999999999993,False,False,False,False,False
GENUSPOWER.NS,Genus Power Infrastructures Limited,Capital Goods,Unknown,False,Cash,1,Stage 2 Failed,Stage 1,Failed Stage 2,Failed Stage 2,Stage 2 Failed • Failed Stage 2,0.72,"This stock was recently Stage 2, but the latest structure no longer satisfies Stage 2 rules. It is kept as Stage 2 Failed until a fresh base/repair structure forms.",Recent Stage 2 break; public stage held as Stage 2 Failed.,2026-09-28,2026-09-25,,watchlist,weekly_watchlist,watchlist,0.0,7.15,3.22,5.0,0.0,7.15,8.22,-0.93,28.4,550754411.4,"Stage 1, Stage 1 - Base/Repair, volume_dryup, weekly_volume_dryup, stage1_not_actionable, stage1_needs_more_base | Stage 2 failed state applied from stage memory.",625,195,Stage 2,watchlist,weekly_watchlist,37.13,-430,-28.910000000000004,False,False,False,False,False
IFCI.NS,IFCI Limited,Financial Services,Unknown,False,Cash,1,Stage 2 Failed,Stage 1,Failed Stage 2,Failed Stage 2,Stage 2 Failed • Failed Stage 2,0.72,"This stock was recently Stage 2, but the latest structure no longer satisfies Stage 2 rules. It is kept as Stage 2 Failed until a fresh base/repair structure forms.",Recent Stage 2 break; public stage held as Stage 2 Failed.,2026-09-28,2026-09-23,,watchlist,weekly_watchlist,watchlist,9.45,6.57,8.15,0.0,9.45,6.57,8.15,-3.04,36.79,11658591780.54,"Stage 1, Stage 1 - Base/Repair, weekly_volume_dryup, stage1_not_actionable, stage1_needs_more_base | Stage 2 failed state applied from stage memory.",626,642,Stage 2 Failed,watchlist,weekly_watchlist,8.83,16,-0.6799999999999997,False,False,False,False,False
GRINDWELL.NS,Grindwell Norton Limited,Capital Goods,Unknown,False,Cash,1,Stage 2 Failed,Stage 1,Failed Stage 2,Failed Stage 2,Stage 2 Failed • Failed Stage 2,0.72,"This stock was recently Stage 2, but the latest structure no longer satisfies Stage 2 rules. It is kept as Stage 2 Failed until a fresh base/repair structure forms.",Recent Stage 2 break; public stage held as Stage 2 Failed.,2026-09-28,2026-09-21,,watchlist,weekly_watchlist,watchlist,4.19,1.83,3.13,5.0,4.19,1.83,8.13,-5.79,40.04,47066474.2,"Stage 1, Stage 1 - Base/Repair, weekly_volume_dryup, stage1_not_actionable, stage1_needs_more_base | Stage 2 failed state applied from stage memory.",627,634,Stage 2 Failed,watchlist,weekly_watchlist,9.7,7,-1.5699999999999985,False,False,False,False,False
HCLTECH.NS,HCL Technologies Limited,Information Technology,Unknown,True,F&O,1,Stage 4,Stage 4,Stage 4 - Weak/Declining,Stage 4 - Weak/Declining,Stage 4 • Stage 4 - Weak/Declining,0.72,Price is below long-term support with weak trend evidence.,,,2026-02-05,,watchlist,weekly_watchlist,watchlist,11.02,0.0,6.06,2.0,11.02,0.0,8.06,22.48,-5.77,2915326332.63,"Stage 4, Stage 4 - Weak/Declining, weekly_volume_dryup, downtrend",628,324,Stage 4,watchlist,weekly_watchlist,26.05,-304,-17.990000000000002,False,False,False,False,False
BRITANNIA.NS,Britannia Industries Limited,Fast Moving Consumer Goods,Unknown,True,F&O,1,Stage 4,Stage 4,Stage 4 - Confirmed Downtrend,Stage 4 - Confirmed Downtrend,Stage 4 • Stage 4 - Confirmed Downtrend,0.86,Price is below a bearish moving-average stack with falling trend signals.,,,2026-03-06,,watchlist,weekly_watchlist,watchlist,9.11,6.2,7.8,0.0,9.11,6.2,7.8,-1.91,-5.92,1144495364.17,"Stage 4, Stage 4 - Confirmed Downtrend, volume_dryup, weekly_volume_dryup, downtrend",629,659,Stage 4,watchlist,weekly_watchlist,7.86,30,-0.0600000000000005,False,False,False,False,False
HYUNDAI.NS,Hyundai Motor India Ltd.,Automobile and Auto Components,Unknown,True,F&O,1,Stage 2 Failed,Stage 3,Failed Stage 2,Failed Stage 2,Stage 2 Failed • Failed Stage 2,0.72,"This stock was recently Stage 2, but the latest structure no longer satisfies Stage 2 rules. It is kept as Stage 2 Failed until a fresh base/repair structure forms.",Recent Stage 2 break; public stage held as Stage 2 Failed.,2026-09-28,2026-09-21,,watchlist,weekly_watchlist,watchlist,0.0,5.85,2.63,5.0,0.0,5.85,7.63,11.24,23.22,1316672096.09,"Stage 3, Stage 3 - Distribution/Damage, volume_dryup, weekly_volume_dryup, distribution_risk | Stage 2 failed state applied from stage memory.",630,486,Stage 2 Failed,watchlist,weekly_watchlist,18.89,-144,-11.260000000000002,False,False,False,False,False
ITDC.NS,India Tourism Development Corporation Limited,Consumer Services,Unknown,False,Cash,1,Stage 2 Failed,Stage 1,Failed Stage 2,Failed Stage 2,Stage 2 Failed • Failed Stage 2,0.72,"This stock was recently Stage 2, but the latest structure no longer satisfies Stage 2 rules. It is kept as Stage 2 Failed until a fresh base/repair structure forms.",Recent Stage 2 break; public stage held as Stage 2 Failed.,2026-09-28,2026-09-25,,watchlist,weekly_watchlist,watchlist,0.0,12.4,5.58,2.0,0.0,12.4,7.58,17.33,70.49,554076411.86,"Stage 1, Stage 1 - Unclear/Repair, volume_dryup, stage1_not_actionable, stage1_needs_more_base | Stage 2 failed state applied from stage memory.",631,148,Stage 2,watchlist,weekly_forming,42.27,-483,-34.690000000000005,False,False,False,False,False
VBL.NS,Varun Beverages Limited,Fast Moving Consumer Goods,Unknown,True,F&O,1,Stage 4,Stage 4,Stage 4 - Confirmed Downtrend,Stage 4 - Confirmed Downtrend,Stage 4 • Stage 4 - Confirmed Downtrend,0.86,Price is below a bearish moving-average stack with falling trend signals.,,,2026-07-10,,watchlist,weekly_watchlist,watchlist,10.45,4.0,7.55,0.0,10.45,4.0,7.55,-10.59,9.13,2200306284.26,"Stage 4, Stage 4 - Confirmed Downtrend, volume_dryup, weekly_volume_dryup, downtrend",632,650,Stage 4,watchlist,weekly_watchlist,8.48,18,-0.9300000000000006,False,False,False,False,False
ABSLAMC.NS,Aditya Birla Sun Life AMC Limited,Financial Services,Unknown,False,Cash,1,Stage 2 Failed,Stage 3,Failed Stage 2,Failed Stage 2,Stage 2 Failed • Failed Stage 2,0.72,"This stock was recently Stage 2, but the latest structure no longer satisfies Stage 2 rules. It is kept as Stage 2 Failed until a fresh base/repair structure forms.",Recent Stage 2 break; public stage held as Stage 2 Failed.,2026-09-28,2026-09-18,,watchlist,weekly_watchlist,watchlist,13.47,0.0,7.41,0.0,13.47,0.0,7.41,-9.91,12.65,214570460.34,"Stage 3, Stage 3 - Distribution/Damage, volume_dryup, weekly_volume_dryup, distribution_risk | Stage 2 failed state applied from stage memory.",633,640,Stage 2 Failed,watchlist,weekly_watchlist,9.05,7,-1.6400000000000006,False,False,False,False,False
DHANUKA.NS,Dhanuka Agritech Limited,Chemicals,Unknown,False,Cash,1,Stage 4,Stage 4,Stage 4 - Confirmed Downtrend,Stage 4 - Confirmed Downtrend,Stage 4 • Stage 4 - Confirmed Downtrend,0.86,Price is below a bearish moving-average stack with falling trend signals.,,,,,watchlist,weekly_watchlist,watchlist,1.41,3.2,2.22,5.0,1.41,3.2,7.22,-7.05,3.66,20497826.22,"Stage 4, Stage 4 - Confirmed Downtrend, volume_dryup, weekly_volume_dryup, downtrend",634,643,Stage 4,watchlist,weekly_watchlist,8.8,9,-1.580000000000001,False,False,False,False,False
KIRLOSBROS.NS,Kirloskar Brothers Limited,Capital Goods,Unknown,False,Cash,1,Stage 2 Failed,Stage 3,Failed Stage 2,Failed Stage 2,Stage 2 Failed • Failed Stage 2,0.72,"This stock was recently Stage 2, but the latest structure no longer satisfies Stage 2 rules. It is kept as Stage 2 Failed until a fresh base/repair structure forms.",Recent Stage 2 break; public stage held as Stage 2 Failed.,2026-09-28,2026-09-14,,watchlist,weekly_watchlist,watchlist,2.08,2.19,2.13,5.0,2.08,2.19,7.13,-4.24,26.12,50960498.72,"Stage 3, Stage 3 - Distribution/Damage, volume_dryup, weekly_volume_dryup, distribution_risk | Stage 2 failed state applied from stage memory.",635,596,Stage 2 Failed,watchlist,weekly_watchlist,13.44,-39,-6.31,False,False,False,False,False
NSLNISP.NS,NMDC Steel Limited,Metals & Mining,Unknown,False,Cash,1,Stage 2 Failed,Stage 1,Failed Stage 2,Failed Stage 2,Stage 2 Failed • Failed Stage 2,0.72,"This stock was recently Stage 2, but the latest structure no longer satisfies Stage 2 rules. It is kept as Stage 2 Failed until a fresh base/repair structure forms.",Recent Stage 2 break; public stage held as Stage 2 Failed.,2026-09-28,2026-09-23,,watchlist,weekly_watchlist,watchlist,0.0,11.21,5.04,2.0,0.0,11.21,7.04,0.21,19.91,204684531.39,"Stage 1, Stage 1 - Base/Repair, volume_dryup, weekly_volume_dryup, stage1_not_actionable, stage1_needs_more_base | Stage 2 failed state applied from stage memory.",636,662,Stage 2 Failed,watchlist,weekly_watchlist,7.45,26,-0.41000000000000014,False,False,False,False,False
INDIACEM.NS,The India Cements Limited,Construction Materials,Unknown,False,Cash,1,Stage 4,Stage 4,Stage 4 - Confirmed Downtrend,Stage 4 - Confirmed Downtrend,Stage 4 • Stage 4 - Confirmed Downtrend,0.86,Price is below a bearish moving-average stack with falling trend signals.,,,2026-02-26,,watchlist,weekly_watchlist,watchlist,7.69,6.2,7.02,0.0,7.69,6.2,7.02,-13.27,-10.71,57233246.32,"Stage 4, Stage 4 - Confirmed Downtrend, weekly_volume_dryup, downtrend",637,649,Stage 4,watchlist,weekly_watchlist,8.49,12,-1.4700000000000006,False,False,False,False,False
PREMIERENE.NS,Premier Energies Ltd.,Capital Goods,Unknown,True,F&O,1,Stage 1,Stage 1,Stage 1 - Unclear/Repair,Stage 1 - Unclear/Repair,Stage 1 • Stage 1 - Unclear/Repair,0.58,Not enough evidence for Stage 2 or Stage 4; classified as repair/unclear structure.,,,2026-08-14,,watchlist,weekly_watchlist,watchlist,0.0,4.4,1.98,5.0,0.0,4.4,6.98,-8.62,1.09,986000503.66,"Stage 1, Stage 1 - Unclear/Repair, weekly_volume_dryup, stage1_not_actionable, stage1_needs_more_base",638,666,Stage 1,watchlist,weekly_watchlist,6.98,28,0.0,False,False,False,False,False
NBCC.NS,NBCC (India) Ltd.,Construction,Unknown,True,F&O,1,Stage 4,Stage 4,Stage 4 - Confirmed Downtrend,Stage 4 - Confirmed Downtrend,Stage 4 • Stage 4 - Confirmed Downtrend,0.86,Price is below a bearish moving-average stack with falling trend signals.,,,2026-07-02,,watchlist,weekly_watchlist,watchlist,9.33,4.0,6.93,0.0,9.33,4.0,6.93,-16.53,-0.54,359654050.96,"Stage 4, Stage 4 - Confirmed Downtrend, downtrend",639,731,Stage 4,watchlist,weekly_watchlist,1.8,92,5.13,False,False,False,False,False
TATACONSUM.NS,TATA CONSUMER PRODUCTS LIMITED,Fast Moving Consumer Goods,Unknown,True,F&O,1,Stage 4,Stage 4,Stage 4 - Confirmed Downtrend,Stage 4 - Confirmed Downtrend,Stage 4 • Stage 4 - Confirmed Downtrend,0.86,Price is below a bearish moving-average stack with falling trend signals.,,,2026-05-20,,watchlist,weekly_watchlist,watchlist,7.43,6.2,6.88,0.0,7.43,6.2,6.88,-8.19,-4.83,1079704349.71,"Stage 4, Stage 4 - Confirmed Downtrend, weekly_volume_dryup, downtrend",640,665,Stage 4,watchlist,weekly_watchlist,6.98,25,-0.10000000000000053,False,False,False,False,False
ZENTEC.NS,Zen Technologies Ltd.,Capital Goods,Unknown,False,Cash,1,Stage 2 Failed,Stage 1,Failed Stage 2,Failed Stage 2,Stage 2 Failed • Failed Stage 2,0.72,"This stock was recently Stage 2, but the latest structure no longer satisfies Stage 2 rules. It is kept as Stage 2 Failed until a fresh base/repair structure forms.",Recent Stage 2 break; public stage held as Stage 2 Failed.,2026-09-28,2026-09-08,,watchlist,weekly_watchlist,watchlist,0.0,4.03,1.81,5.0,0.0,4.03,6.81,-2.2,22.48,488444127.39,"Stage 1, Stage 1 - Base/Repair, volume_dryup, weekly_volume_dryup, stage1_not_actionable, stage1_needs_more_base | Stage 2 failed state applied from stage memory.",641,668,Stage 2 Failed,watchlist,weekly_watchlist,6.92,27,-0.11000000000000032,False,False,False,False,False
ACI.NS,Archean Chemical Industries Limited,Chemicals,Unknown,False,Cash,1,Stage 4,Stage 4,Stage 4 - Confirmed Downtrend,Stage 4 - Confirmed Downtrend,Stage 4 • Stage 4 - Confirmed Downtrend,0.86,Price is below a bearish moving-average stack with falling trend signals.,,,,,watchlist,weekly_watchlist,watchlist,0.0,4.0,1.8,5.0,0.0,4.0,6.8,-4.1,-14.67,200639991.37,"Stage 4, Stage 4 - Confirmed Downtrend, volume_dryup, weekly_volume_dryup, downtrend",642,611,Stage 4,watchlist,weekly_watchlist,11.62,-31,-4.819999999999999,False,False,False,False,False
CIEINDIA.NS,CIE Automotive India Limited,Automobile and Auto Components,Unknown,False,Cash,1,Stage 4,Stage 4,Stage 4 - Weak/Declining,Stage 4 - Weak/Declining,Stage 4 • Stage 4 - Weak/Declining,0.72,Price is below long-term support with weak trend evidence.,,,2026-07-22,,watchlist,weekly_watchlist,watchlist,0.0,4.0,1.8,5.0,0.0,4.0,6.8,-14.04,-12.27,95280866.84,"Stage 4, Stage 4 - Weak/Declining, volume_dryup, weekly_volume_dryup, downtrend",643,601,Stage 4,watchlist,weekly_watchlist,12.68,-42,-5.88,False,False,False,False,False
WAAREEENER.NS,Waaree Energies Ltd.,Capital Goods,Unknown,True,F&O,1,Stage 4,Stage 4,Stage 4 - Weak/Declining,Stage 4 - Weak/Declining,Stage 4 • Stage 4 - Weak/Declining,0.72,Price is below long-term support with weak trend evidence.,,,,,watchlist,weekly_watchlist,watchlist,0.0,4.0,1.8,5.0,0.0,4.0,6.8,-9.57,-17.73,1444663727.78,"Stage 4, Stage 4 - Weak/Declining, downtrend",644,670,Stage 4,watchlist,weekly_watchlist,6.8,26,0.0,False,False,False,False,False
UBL.NS,United Breweries Limited,Fast Moving Consumer Goods,Unknown,False,Cash,1,Stage 4,Stage 4,Stage 4 - Confirmed Downtrend,Stage 4 - Confirmed Downtrend,Stage 4 • Stage 4 - Confirmed Downtrend,0.86,Price is below a bearish moving-average stack with falling trend signals.,,,,,watchlist,weekly_watchlist,watchlist,8.9,4.0,6.7,0.0,8.9,4.0,6.7,-4.56,-15.18,182804694.44,"Stage 4, Stage 4 - Confirmed Downtrend, volume_dryup, weekly_volume_dryup, downtrend",645,660,Stage 4,watchlist,weekly_watchlist,7.66,15,-0.96,False,False,False,False,False
GICRE.NS,General Insurance Corporation of India,Financial Services,Unknown,False,Cash,1,Stage 4,Stage 4,Stage 4 - Weak/Declining,Stage 4 - Weak/Declining,Stage 4 • Stage 4 - Weak/Declining,0.72,Price is below long-term support with weak trend evidence.,,,2026-06-05,,watchlist,weekly_watchlist,watchlist,11.32,0.8,6.59,0.0,11.32,0.8,6.59,0.2,-7.39,341479226.38,"Stage 4, Stage 4 - Weak/Declining, volume_dryup, weekly_volume_dryup, downtrend",646,622,Stage 4,watchlist,weekly_watchlist,10.54,-24,-3.9499999999999993,False,False,False,False,False
LICI.NS,Life Insurance Corporation Of India,Financial Services,Unknown,True,F&O,1,Stage 4,Stage 4,Stage 4 - Weak/Declining,Stage 4 - Weak/Declining,Stage 4 • Stage 4 - Weak/Declining,0.72,Price is below long-term support with weak trend evidence.,,,2026-08-03,,watchlist,weekly_watchlist,watchlist,9.68,2.77,6.57,0.0,9.68,2.77,6.57,-2.17,13.86,2620941987.4,"Stage 4, Stage 4 - Weak/Declining, volume_dryup, weekly_volume_dryup, downtrend",647,711,Stage 3,watchlist,weekly_watchlist,3.15,64,3.4200000000000004,False,False,False,False,False
SIS.NS,SIS LIMITED,Services,Unknown,False,Cash,1,Stage 3,Stage 3,Stage 3 - Distribution/Damage,Stage 3 - Distribution/Damage,Stage 3 • Stage 3 - Distribution/Damage,0.76,"Prior strength exists, but short-term and/or weekly structure is deteriorating.",,,2026-09-04,,watchlist,weekly_watchlist,watchlist,2.25,7.32,4.53,2.0,2.25,7.32,6.53,-2.24,39.42,171163972.88,"Stage 3, Stage 3 - Distribution/Damage, distribution_risk",648,602,Stage 2 Failed,watchlist,weekly_watchlist,12.51,-46,-5.9799999999999995,False,False,False,False,False
TITAGARH.NS,TITAGARH RAIL SYSTEMS LIMITED,Capital Goods,Unknown,False,Cash,1,Stage 2 Failed,Stage 3,Failed Stage 2,Failed Stage 2,Stage 2 Failed • Failed Stage 2,0.72,"This stock was recently Stage 2, but the latest structure no longer satisfies Stage 2 rules. It is kept as Stage 2 Failed until a fresh base/repair structure forms.",Recent Stage 2 break; public stage held as Stage 2 Failed.,2026-09-28,2026-09-21,,watchlist,weekly_watchlist,watchlist,0.0,3.34,1.5,5.0,0.0,3.34,6.5,-2.13,35.55,557699843.78,"Stage 3, Stage 3 - Distribution/Damage, weekly_volume_dryup, distribution_risk | Stage 2 failed state applied from stage memory.",649,538,Stage 2 Failed,watchlist,weekly_watchlist,16.54,-111,-10.04,False,False,False,False,False
KEC.NS,KEC International Limited,Capital Goods,Unknown,False,Cash,1,Stage 4,Stage 4,Stage 4 - Confirmed Downtrend,Stage 4 - Confirmed Downtrend,Stage 4 • Stage 4 - Confirmed Downtrend,0.86,Price is below a bearish moving-average stack with falling trend signals.,,,,,watchlist,weekly_watchlist,watchlist,0.0,3.2,1.44,5.0,0.0,3.2,6.44,-18.22,-23.12,421947303.44,"Stage 4, Stage 4 - Confirmed Downtrend, weekly_volume_dryup, downtrend",650,440,Stage 4,watchlist,weekly_watchlist,21.11,-210,-14.669999999999998,False,False,False,False,False
DCMSHRIRAM.NS,DCM Shriram Limited,Diversified,Unknown,False,Cash,1,Stage 4,Stage 4,Stage 4 - Confirmed Downtrend,Stage 4 - Confirmed Downtrend,Stage 4 • Stage 4 - Confirmed Downtrend,0.86,Price is below a bearish moving-average stack with falling trend signals.,,,2026-01-05,,watchlist,weekly_watchlist,watchlist,0.0,14.27,6.42,0.0,0.0,14.27,6.42,-1.91,-13.94,51360486.03,"Stage 4, Stage 4 - Confirmed Downtrend, volume_dryup, weekly_volume_dryup, downtrend",651,672,Stage 4,watchlist,weekly_watchlist,6.42,21,0.0,False,False,False,False,False
TCS.NS,Tata Consultancy Services Limited,Information Technology,Unknown,True,F&O,1,Stage 4,Stage 4,Stage 4 - Weak/Declining,Stage 4 - Weak/Declining,Stage 4 • Stage 4 - Weak/Declining,0.72,Price is below long-term support with weak trend evidence.,,,,,watchlist,weekly_watchlist,watchlist,7.95,0.0,4.37,2.0,7.95,0.0,6.37,5.78,-11.63,6214657443.45,"Stage 4, Stage 4 - Weak/Declining, weekly_volume_dryup, downtrend",652,667,Stage 4,watchlist,weekly_watchlist,6.94,15,-0.5700000000000003,False,False,False,False,False
ATGL.NS,Adani Total Gas Limited,"Oil, Gas & Consumable Fuels",Unknown,False,Cash,1,Stage 4,Stage 4,Stage 4 - Weak/Declining,Stage 4 - Weak/Declining,Stage 4 • Stage 4 - Weak/Declining,0.72,Price is below long-term support with weak trend evidence.,,,2026-08-10,,watchlist,weekly_watchlist,watchlist,2.18,0.0,1.2,5.0,2.18,0.0,6.2,-13.85,16.6,1748123280.12,"Stage 4, Stage 4 - Weak/Declining, weekly_volume_dryup, downtrend",653,710,Stage 4,watchlist,weekly_watchlist,3.2,57,3.0,False,False,False,False,False
TECHNOE.NS,Techno Electric & Engineering Company Limited,Construction,Unknown,False,Cash,1,Stage 4,Stage 4,Stage 4 - Weak/Declining,Stage 4 - Weak/Declining,Stage 4 • Stage 4 - Weak/Declining,0.72,Price is below long-term support with weak trend evidence.,,,,,watchlist,weekly_watchlist,watchlist,11.22,0.0,6.17,0.0,11.22,0.0,6.17,-3.85,-3.5,128728094.17,"Stage 4, Stage 4 - Weak/Declining, volume_dryup, weekly_volume_dryup, downtrend",654,682,Stage 4,watchlist,weekly_watchlist,5.16,28,1.0099999999999998,False,False,False,False,False
POWERINDIA.NS,Hitachi Energy India Limited,Capital Goods,Unknown,True,F&O,1,Stage 2 Failed,Stage 1,Failed Stage 2,Failed Stage 2,Stage 2 Failed • Failed Stage 2,0.72,"This stock was recently Stage 2, but the latest structure no longer satisfies Stage 2 rules. It is kept as Stage 2 Failed until a fresh base/repair structure forms.",Recent Stage 2 break; public stage held as Stage 2 Failed.,2026-09-28,2026-09-18,,watchlist,weekly_watchlist,watchlist,0.0,2.45,1.1,5.0,0.0,2.45,6.1,-5.28,21.77,2758669790.75,"Stage 1, Stage 1 - Base/Repair, volume_dryup, weekly_volume_dryup, stage1_not_actionable, stage1_needs_more_base | Stage 2 failed state applied from stage memory.",655,599,Stage 2 Failed,watchlist,weekly_watchlist,12.93,-56,-6.83,False,False,False,False,False
AARTIIND.NS,Aarti Industries Limited,Chemicals,Unknown,False,Cash,1,Stage 2 Failed,Stage 3,Failed Stage 2,Failed Stage 2,Stage 2 Failed • Failed Stage 2,0.72,"This stock was recently Stage 2, but the latest structure no longer satisfies Stage 2 rules. It is kept as Stage 2 Failed until a fresh base/repair structure forms.",Recent Stage 2 break; public stage held as Stage 2 Failed.,2026-09-28,2026-09-25,,watchlist,weekly_watchlist,watchlist,0.0,2.33,1.05,5.0,0.0,2.33,6.05,4.17,19.1,258946477.78,"Stage 3, Stage 3 - Transition, volume_dryup, weekly_volume_dryup, distribution_risk | Stage 2 failed state applied from stage memory.",656,189,Stage 2,watchlist,weekly_watchlist,37.91,-467,-31.859999999999996,False,False,False,False,False
DABUR.NS,Dabur India Limited,Fast Moving Consumer Goods,Unknown,True,F&O,1,Stage 4,Stage 4,Stage 4 - Confirmed Downtrend,Stage 4 - Confirmed Downtrend,Stage 4 • Stage 4 - Confirmed Downtrend,0.86,Price is below a bearish moving-average stack with falling trend signals.,,,2026-01-16,,watchlist,weekly_watchlist,watchlist,10.24,0.8,5.99,0.0,10.24,0.8,5.99,-7.48,-4.09,800754463.52,"Stage 4, Stage 4 - Confirmed Downtrend, weekly_volume_dryup, downtrend",657,455,Stage 4,watchlist,weekly_watchlist,20.62,-202,-14.63,False,False,False,False,False
MEDPLUS.NS,Medplus Health Services Limited,Consumer Services,Unknown,False,Cash,1,Stage 4,Stage 4,Stage 4 - Confirmed Downtrend,Stage 4 - Confirmed Downtrend,Stage 4 • Stage 4 - Confirmed Downtrend,0.86,Price is below a bearish moving-average stack with falling trend signals.,,,2026-06-05,,watchlist,weekly_watchlist,watchlist,0.0,8.8,3.96,2.0,0.0,8.8,5.96,-14.96,-18.87,65032757.65,"Stage 4, Stage 4 - Confirmed Downtrend, volume_dryup, weekly_volume_dryup, downtrend",658,674,Stage 4,watchlist,weekly_watchlist,5.96,16,0.0,False,False,False,False,False
POLYCAB.NS,Polycab India Limited,Capital Goods,Unknown,True,F&O,1,Stage 1,Stage 1,Stage 1 - Base/Repair,Stage 1 - Base/Repair,Stage 1 • Stage 1 - Base/Repair,0.7,Price is near long-term moving averages with no strong long-term downtrend signal.,,,2026-08-31,,watchlist,weekly_watchlist,watchlist,0.0,2.0,0.9,5.0,0.0,2.0,5.9,-9.88,21.91,3185257714.72,"Stage 1, Stage 1 - Base/Repair, volume_dryup, weekly_volume_dryup, stage1_not_actionable, stage1_needs_more_base",659,692,Not Sure,watchlist,weekly_watchlist,5.0,33,0.9000000000000004,False,False,False,False,False
POWERMECH.NS,Power Mech Projects Limited,Construction,Unknown,False,Cash,1,Stage 4,Stage 4,Stage 4,Stage 4,Stage 4,0.66,Declining structure detected.,,,2026-07-29,,watchlist,weekly_watchlist,watchlist,10.69,0.0,5.88,0.0,10.69,0.0,5.88,-8.53,27.21,106911464.16,"Stage 4, Stage 4, volume_dryup, weekly_volume_dryup, downtrend",660,654,Stage 3,watchlist,weekly_watchlist,8.07,-6,-2.1900000000000004,False,False,False,False,False
BHARATFORG.NS,Bharat Forge Limited,Capital Goods,Unknown,True,F&O,1,Stage 3,Stage 3,Stage 3 - Distribution/Damage,Stage 3 - Distribution/Damage,Stage 3 • Stage 3 - Distribution/Damage,0.76,"Prior strength exists, but short-term and/or weekly structure is deteriorating.",,,2026-09-03,,watchlist,weekly_watchlist,watchlist,0.0,1.82,0.82,5.0,0.0,1.82,5.82,-3.55,21.76,1802268235.69,"Stage 3, Stage 3 - Distribution/Damage, volume_dryup, weekly_volume_dryup, distribution_risk",661,578,Stage 3,watchlist,weekly_watchlist,16.08,-83,-10.259999999999998,False,False,False,False,False
ITCHOTELS.NS,ITC Hotels Ltd.,Consumer Services,Unknown,False,Cash,1,Stage 4,Stage 4,Stage 4 - Weak/Declining,Stage 4 - Weak/Declining,Stage 4 • Stage 4 - Weak/Declining,0.72,Price is below long-term support with weak trend evidence.,,,,,watchlist,weekly_watchlist,watchlist,6.67,0.0,3.67,2.0,6.67,0.0,5.67,-5.29,10.04,255501464.42,"Stage 4, Stage 4 - Weak/Declining, downtrend",662,721,Stage 4,watchlist,weekly_watchlist,2.36,59,3.31,False,False,False,False,False
ZFCVINDIA.NS,ZF Commercial Vehicle Control Systems India Limited,Automobile and Auto Components,Unknown,False,Cash,1,Stage 2 Failed,Stage 1,Failed Stage 2,Failed Stage 2,Stage 2 Failed • Failed Stage 2,0.72,"This stock was recently Stage 2, but the latest structure no longer satisfies Stage 2 rules. It is kept as Stage 2 Failed until a fresh base/repair structure forms.",Recent Stage 2 break; public stage held as Stage 2 Failed.,2026-09-28,2026-09-16,,watchlist,weekly_watchlist,watchlist,0.0,1.17,0.53,5.0,0.0,1.17,5.53,1.15,2.59,223895641.42,"Stage 1, Stage 1 - Base/Repair, stage1_not_actionable, stage1_needs_more_base | Stage 2 failed state applied from stage memory.",663,679,Stage 2 Failed,watchlist,weekly_watchlist,5.36,16,0.16999999999999993,False,False,False,False,False
KAYNES.NS,Kaynes Technology India Limited,Capital Goods,Unknown,True,F&O,1,Stage 1,Stage 1,Stage 1 - Early Turn,Stage 1 - Early Turn,Stage 1 • Stage 1 - Early Turn,0.66,The stock is improving from a repair/base area but has not confirmed a clean Stage 2 yet.,,,2025-11-13,,watchlist,weekly_watchlist,watchlist,0.0,1.06,0.48,5.0,0.0,1.06,5.48,20.92,5.65,3650692576.57,"Stage 1, Stage 1 - Early Turn, stage1_not_actionable, stage1_needs_more_base",664,681,Not Sure,watchlist,weekly_watchlist,5.22,17,0.2600000000000007,False,False,False,False,False
JAICORPLTD.NS,Jai Corp Limited,Capital Goods,Unknown,False,Cash,1,Stage 4,Stage 4,Stage 4 - Confirmed Downtrend,Stage 4 - Confirmed Downtrend,Stage 4 • Stage 4 - Confirmed Downtrend,0.86,Price is below a bearish moving-average stack with falling trend signals.,,,2025-11-04,,watchlist,weekly_watchlist,watchlist,0.84,0.0,0.46,5.0,0.84,0.0,5.46,-14.72,-1.43,24953329.94,"Stage 4, Stage 4 - Confirmed Downtrend, downtrend",665,689,Stage 4,watchlist,weekly_watchlist,5.0,24,0.45999999999999996,False,False,False,False,False
GODIGIT.NS,Go Digit General Insurance Ltd.,Financial Services,Unknown,False,Cash,1,Stage 4,Stage 4,Stage 4 - Weak/Declining,Stage 4 - Weak/Declining,Stage 4 • Stage 4 - Weak/Declining,0.72,Price is below long-term support with weak trend evidence.,,,,,watchlist,weekly_watchlist,watchlist,9.82,0.0,5.4,0.0,9.82,0.0,5.4,-10.86,-15.68,210615546.24,"Stage 4, Stage 4 - Weak/Declining, downtrend",666,716,Stage 4,watchlist,weekly_watchlist,2.65,50,2.7500000000000004,False,False,False,False,False
ISGEC.NS,Isgec Heavy Engineering Limited,Construction,Unknown,False,Cash,1,Not Sure,Not Sure,Not Sure,Not Sure,Not Sure,0.0,Stage rules did not identify a reliable structure.,No confident stage classification.,,,,watchlist,weekly_watchlist,watchlist,1.75,9.82,5.38,0.0,1.75,9.82,5.38,1.73,0.46,73885183.64,"Not Sure, Not Sure",667,612,Not Sure,watchlist,weekly_watchlist,11.6,-55,-6.22,False,False,False,False,False
FACT.NS,Fertilizers and Chemicals Travancore Limited,Chemicals,Unknown,False,Cash,1,Stage 4,Stage 4,Stage 4 - Weak/Declining,Stage 4 - Weak/Declining,Stage 4 • Stage 4 - Weak/Declining,0.72,Price is below long-term support with weak trend evidence.,,,2026-06-26,,watchlist,weekly_watchlist,watchlist,0.0,0.8,0.36,5.0,0.0,0.8,5.36,-7.4,1.45,140164195.49,"Stage 4, Stage 4 - Weak/Declining, volume_dryup, weekly_volume_dryup, downtrend",668,608,Stage 4,watchlist,weekly_watchlist,12.07,-60,-6.71,False,False,False,False,False
TARIL.NS,Transformers And Rectifiers (India) Ltd.,Capital Goods,Unknown,False,Cash,1,Not Sure,Stage 4,Pending Stage 4,Pending Stage 4,Not Sure • Pending Stage 4,0.55,Blocked public stage jump Stage 1 -> Stage 4; waiting for intermediate/confirmed structure.,Blocked public stage jump Stage 1 -> Stage 4; waiting for intermediate/confirmed structure.,,,Stage 4,watchlist,weekly_watchlist,watchlist,0.0,0.8,0.36,5.0,0.0,0.8,5.36,-19.12,1.38,244324010.45,"Stage 4, Stage 4 - Weak/Declining, volume_dryup, weekly_volume_dryup, downtrend | Blocked public stage jump Stage 1 -> Stage 4; waiting for intermediate/confirmed structure.",669,655,Stage 1,watchlist,weekly_watchlist,8.06,-14,-2.7,False,False,False,False,False
THERMAX.NS,Thermax Limited,Capital Goods,Unknown,False,Cash,1,Not Sure,Stage 4,Pending Stage 4,Pending Stage 4,Not Sure • Pending Stage 4,0.55,Blocked public stage jump Stage 1 -> Stage 4; waiting for intermediate/confirmed structure.,Blocked public stage jump Stage 1 -> Stage 4; waiting for intermediate/confirmed structure.,,2026-08-05,Stage 4,watchlist,weekly_watchlist,watchlist,0.0,0.8,0.36,5.0,0.0,0.8,5.36,-25.75,5.42,498007814.01,"Stage 4, Stage 4 - Weak/Declining, volume_dryup, weekly_volume_dryup, downtrend | Blocked public stage jump Stage 1 -> Stage 4; waiting for intermediate/confirmed structure.",670,656,Stage 1,watchlist,weekly_watchlist,8.06,-14,-2.7,False,False,False,False,False
INDIGO.NS,InterGlobe Aviation Limited,Services,Unknown,True,F&O,1,Not Sure,Not Sure,Not Sure,Not Sure,Not Sure,0.0,Stage rules did not identify a reliable structure.,No confident stage classification.,,2026-08-31,,watchlist,weekly_watchlist,watchlist,2.04,4.95,3.35,2.0,2.04,4.95,5.35,-5.36,18.85,3081252499.8,"Not Sure, Not Sure, weekly_volume_dryup",671,651,Not Sure,watchlist,weekly_watchlist,8.39,-20,-3.040000000000001,False,False,False,False,False
GVT&D.NS,GE Vernova T&D India Ltd.,Capital Goods,Unknown,False,Cash,1,Stage 2 Failed,Stage 3,Failed Stage 2,Failed Stage 2,Stage 2 Failed • Failed Stage 2,0.72,"This stock was recently Stage 2, but the latest structure no longer satisfies Stage 2 rules. It is kept as Stage 2 Failed until a fresh base/repair structure forms.",Recent Stage 2 break; public stage held as Stage 2 Failed.,2026-09-28,2026-09-23,,watchlist,weekly_watchlist,watchlist,0.0,0.5,0.23,5.0,0.0,0.5,5.23,-7.53,12.49,3466770097.67,"Stage 3, Stage 3 - Distribution/Damage, volume_dryup, weekly_volume_dryup, distribution_risk | Stage 2 failed state applied from stage memory.",672,684,Stage 2 Failed,watchlist,weekly_watchlist,5.12,12,0.11000000000000032,False,False,False,False,False
TVSSCS.NS,TVS Supply Chain Solutions Limited,Services,Unknown,False,Cash,1,Stage 2 Failed,Stage 3,Failed Stage 2,Failed Stage 2,Stage 2 Failed • Failed Stage 2,0.72,"This stock was recently Stage 2, but the latest structure no longer satisfies Stage 2 rules. It is kept as Stage 2 Failed until a fresh base/repair structure forms.",Recent Stage 2 break; public stage held as Stage 2 Failed.,2026-09-28,2026-09-24,,watchlist,weekly_watchlist,watchlist,1.81,4.76,3.14,2.0,1.81,4.76,5.14,-1.24,36.8,99892731.73,"Stage 3, Stage 3 - Distribution/Damage, volume_dryup, weekly_volume_dryup, distribution_risk | Stage 2 failed state applied from stage memory.",673,607,Stage 2 Failed,watchlist,weekly_watchlist,12.15,-66,-7.010000000000001,False,False,False,False,False
WIPRO.NS,Wipro Limited,Information Technology,Unknown,True,F&O,1,Stage 4,Stage 4,Stage 4 - Confirmed Downtrend,Stage 4 - Confirmed Downtrend,Stage 4 • Stage 4 - Confirmed Downtrend,0.86,Price is below a bearish moving-average stack with falling trend signals.,,,2026-01-16,,watchlist,weekly_watchlist,watchlist,5.65,0.0,3.11,2.0,5.65,0.0,5.11,-0.98,-13.91,1662510360.43,"Stage 4, Stage 4 - Confirmed Downtrend, downtrend",674,683,Stage 4,watchlist,weekly_watchlist,5.15,9,-0.040000000000000036,False,False,False,False,False
KEI.NS,KEI Industries Limited,Capital Goods,Unknown,True,F&O,1,Stage 1,Stage 1,Stage 1 - Unclear/Repair,Stage 1 - Unclear/Repair,Stage 1 • Stage 1 - Unclear/Repair,0.58,Not enough evidence for Stage 2 or Stage 4; classified as repair/unclear structure.,,,2026-09-03,,watchlist,weekly_watchlist,watchlist,0.0,0.05,0.02,5.0,0.0,0.05,5.02,-9.31,13.82,3036607947.75,"Stage 1, Stage 1 - Unclear/Repair, volume_dryup, weekly_volume_dryup, stage1_not_actionable, stage1_needs_more_base",675,365,Stage 1,watchlist,weekly_watchlist,23.99,-310,-18.97,False,False,False,False,False
CAMPUS.NS,Campus Activewear Limited,Consumer Durables,Unknown,False,Cash,1,Stage 4,Stage 4,Stage 4 - Confirmed Downtrend,Stage 4 - Confirmed Downtrend,Stage 4 • Stage 4 - Confirmed Downtrend,0.86,Price is below a bearish moving-average stack with falling trend signals.,,,2025-11-26,,watchlist,weekly_watchlist,watchlist,9.11,0.0,5.01,0.0,9.11,0.0,5.01,-4.16,-5.36,71740215.52,"Stage 4, Stage 4 - Confirmed Downtrend, volume_dryup, weekly_volume_dryup, downtrend",676,685,Stage 4,watchlist,weekly_watchlist,5.06,9,-0.04999999999999982,False,False,False,False,False
RTNPOWER.NS,RattanIndia Power Limited,Power,Unknown,False,Cash,1,Stage 4,Stage 4,Stage 4 - Confirmed Downtrend,Stage 4 - Confirmed Downtrend,Stage 4 • Stage 4 - Confirmed Downtrend,0.86,Price is below a bearish moving-average stack with falling trend signals.,,,,,watchlist,weekly_watchlist,watchlist,9.1,0.0,5.0,0.0,9.1,0.0,5.0,-20.49,-14.69,124176286.02,"Stage 4, Stage 4 - Confirmed Downtrend, weekly_volume_dryup, downtrend",677,680,Stage 4,watchlist,weekly_watchlist,5.28,3,-0.28000000000000025,False,False,False,False,False
BPCL.NS,Bharat Petroleum Corporation Limited,"Oil, Gas & Consumable Fuels",Unknown,True,F&O,1,Stage 4,Stage 4,Stage 4 - Weak/Declining,Stage 4 - Weak/Declining,Stage 4 • Stage 4 - Weak/Declining,0.72,Price is below long-term support with weak trend evidence.,,,2026-03-02,,watchlist,weekly_watchlist,watchlist,0.0,0.0,0.0,5.0,0.0,0.0,5.0,2.46,10.92,1309178625.27,"Stage 4, Stage 4 - Weak/Declining, weekly_volume_dryup, downtrend",678,394,Stage 4,watchlist,weekly_watchlist,22.79,-284,-17.79,False,False,False,False,False
DEEPAKFERT.NS,Deepak Fertilizers and Petrochemicals Corporation Limited,Chemicals,Unknown,False,Cash,1,Stage 3,Stage 3,Stage 3 - Distribution/Damage,Stage 3 - Distribution/Damage,Stage 3 • Stage 3 - Distribution/Damage,0.76,"Prior strength exists, but short-term and/or weekly structure is deteriorating.",,,2026-08-28,,watchlist,weekly_watchlist,watchlist,0.0,0.0,0.0,5.0,0.0,0.0,5.0,-13.2,39.22,297558976.64,"Stage 3, Stage 3 - Distribution/Damage, volume_dryup, weekly_volume_dryup, distribution_risk",679,686,Stage 3,watchlist,weekly_watchlist,5.0,7,0.0,False,False,False,False,False
EIDPARRY.NS,EID Parry India Limited,Chemicals,Unknown,False,Cash,1,Stage 4,Stage 4,Stage 4 - Confirmed Downtrend,Stage 4 - Confirmed Downtrend,Stage 4 • Stage 4 - Confirmed Downtrend,0.86,Price is below a bearish moving-average stack with falling trend signals.,,,,,watchlist,weekly_watchlist,watchlist,0.0,0.0,0.0,5.0,0.0,0.0,5.0,1.19,-10.97,240978123.88,"Stage 4, Stage 4 - Confirmed Downtrend, volume_dryup, weekly_volume_dryup, downtrend",680,687,Stage 4,watchlist,weekly_watchlist,5.0,7,0.0,False,False,False,False,False
NFL.NS,National Fertilizers Limited,Chemicals,Unknown,False,Cash,1,Stage 4,Stage 4,Stage 4 - Confirmed Downtrend,Stage 4 - Confirmed Downtrend,Stage 4 • Stage 4 - Confirmed Downtrend,0.86,Price is below a bearish moving-average stack with falling trend signals.,,,,,watchlist,weekly_watchlist,watchlist,0.0,0.0,0.0,5.0,0.0,0.0,5.0,-6.24,-1.49,29915369.26,"Stage 4, Stage 4 - Confirmed Downtrend, volume_dryup, weekly_volume_dryup, downtrend",681,691,Stage 4,watchlist,weekly_watchlist,5.0,10,0.0,False,False,False,False,False
PIIND.NS,PI Industries Limited,Chemicals,Unknown,True,F&O,1,Stage 4,Stage 4,Stage 4 - Confirmed Downtrend,Stage 4 - Confirmed Downtrend,Stage 4 • Stage 4 - Confirmed Downtrend,0.86,Price is below a bearish moving-average stack with falling trend signals.,,,,,watchlist,weekly_watchlist,watchlist,0.0,0.0,0.0,5.0,0.0,0.0,5.0,-4.52,-13.46,631012987.6,"Stage 4, Stage 4 - Confirmed Downtrend, downtrend",682,426,Stage 4,watchlist,weekly_watchlist,21.61,-256,-16.61,False,False,False,False,False
RALLIS.NS,Rallis India Limited,Chemicals,Unknown,False,Cash,1,Stage 4,Stage 4,Stage 4 - Confirmed Downtrend,Stage 4 - Confirmed Downtrend,Stage 4 • Stage 4 - Confirmed Downtrend,0.86,Price is below a bearish moving-average stack with falling trend signals.,,,,,watchlist,weekly_watchlist,watchlist,0.0,0.0,0.0,5.0,0.0,0.0,5.0,-7.15,-11.76,100011640.78,"Stage 4, Stage 4 - Confirmed Downtrend, volume_dryup, weekly_volume_dryup, downtrend",683,693,Stage 4,watchlist,weekly_watchlist,5.0,10,0.0,False,False,False,False,False
SUZLON.NS,Suzlon Energy Limited,Capital Goods,Unknown,True,F&O,1,Stage 4,Stage 4,Stage 4 - Weak/Declining,Stage 4 - Weak/Declining,Stage 4 • Stage 4 - Weak/Declining,0.72,Price is below long-term support with weak trend evidence.,,,2026-07-13,,watchlist,weekly_watchlist,watchlist,0.0,0.0,0.0,5.0,0.0,0.0,5.0,-26.12,-0.49,2168188483.72,"Stage 4, Stage 4 - Weak/Declining, downtrend",684,694,Stage 4,watchlist,weekly_watchlist,5.0,10,0.0,False,False,False,False,False
TIINDIA.NS,Tube Investments of India Limited,Automobile and Auto Components,Unknown,True,F&O,1,Stage 4,Stage 4,Stage 4 - Weak/Declining,Stage 4 - Weak/Declining,Stage 4 • Stage 4 - Weak/Declining,0.72,Price is below long-term support with weak trend evidence.,,,2026-08-28,,watchlist,weekly_watchlist,watchlist,0.0,0.0,0.0,5.0,0.0,0.0,5.0,-15.29,-1.91,462715454.47,"Stage 4, Stage 4 - Weak/Declining, volume_dryup, weekly_volume_dryup, downtrend",685,696,Stage 4,watchlist,weekly_watchlist,5.0,11,0.0,False,False,False,False,False
NIVABUPA.NS,Niva Bupa Health Insurance Company Ltd.,Financial Services,Unknown,False,Cash,1,Not Sure,Not Sure,Not Sure,Not Sure,Not Sure,0.0,Stage rules did not identify a reliable structure.,No confident stage classification.,,2026-08-25,,watchlist,weekly_watchlist,watchlist,2.02,8.4,4.89,0.0,2.02,8.4,4.89,-7.12,6.92,59594329.42,"Not Sure, Not Sure, weekly_volume_dryup",686,663,Not Sure,watchlist,weekly_watchlist,7.29,-23,-2.4000000000000004,False,False,False,False,False
RUSTOMJEE.NS,Keystone Realtors Limited,Realty,Unknown,False,Cash,1,Stage 4,Stage 4,Stage 4 - Confirmed Downtrend,Stage 4 - Confirmed Downtrend,Stage 4 • Stage 4 - Confirmed Downtrend,0.86,Price is below a bearish moving-average stack with falling trend signals.,,,,,watchlist,weekly_watchlist,watchlist,5.1,0.0,2.81,2.0,5.1,0.0,4.81,-11.51,-3.31,37535711.16,"Stage 4, Stage 4 - Confirmed Downtrend, volume_dryup, weekly_volume_dryup, downtrend",687,373,Stage 4,watchlist,weekly_watchlist,23.66,-314,-18.85,False,False,False,False,False
HAPPSTMNDS.NS,Happiest Minds Technologies Limited,Information Technology,Unknown,False,Cash,1,Stage 4,Stage 4,Stage 4 - Weak/Declining,Stage 4 - Weak/Declining,Stage 4 • Stage 4 - Weak/Declining,0.72,Price is below long-term support with weak trend evidence.,,,,,watchlist,weekly_watchlist,watchlist,5.02,0.0,2.76,2.0,5.02,0.0,4.76,-6.78,-18.86,624144107.42,"Stage 4, Stage 4 - Weak/Declining, volume_dryup, weekly_volume_dryup, downtrend",688,698,Stage 4,watchlist,weekly_watchlist,4.76,10,0.0,False,False,False,False,False
LTF.NS,L&T Finance Ltd.,Financial Services,Unknown,True,F&O,1,Stage 2 Failed,Stage 1,Failed Stage 2,Failed Stage 2,Stage 2 Failed • Failed Stage 2,0.72,"This stock was recently Stage 2, but the latest structure no longer satisfies Stage 2 rules. It is kept as Stage 2 Failed until a fresh base/repair structure forms.",Recent Stage 2 break; public stage held as Stage 2 Failed.,2026-09-28,2026-09-22,,watchlist,weekly_watchlist,watchlist,8.52,0.0,4.69,0.0,8.52,0.0,4.69,-5.81,20.31,1632823493.68,"Stage 1, Stage 1 - Base/Repair, stage1_not_actionable, stage1_needs_more_base | Stage 2 failed state applied from stage memory.",689,699,Stage 2 Failed,watchlist,weekly_watchlist,4.71,10,-0.019999999999999574,False,False,False,False,False
TCIEXP.NS,TCI Express Limited,Services,Unknown,False,Cash,1,Stage 4,Stage 4,Stage 4 - Weak/Declining,Stage 4 - Weak/Declining,Stage 4 • Stage 4 - Weak/Declining,0.72,Price is below long-term support with weak trend evidence.,,,2026-08-17,,watchlist,weekly_watchlist,watchlist,4.7,0.0,2.59,2.0,4.7,0.0,4.59,0.21,4.78,14996358.15,"Stage 4, Stage 4 - Weak/Declining, volume_dryup, weekly_volume_dryup, downtrend",690,695,Stage 4,watchlist,weekly_watchlist,5.0,5,-0.41000000000000014,False,False,False,False,False
INDUSINDBK.NS,IndusInd Bank Ltd.,Financial Services,Unknown,True,F&O,1,Stage 2 Failed,Stage 1,Failed Stage 2,Failed Stage 2,Stage 2 Failed • Failed Stage 2,0.72,"This stock was recently Stage 2, but the latest structure no longer satisfies Stage 2 rules. It is kept as Stage 2 Failed until a fresh base/repair structure forms.",Recent Stage 2 break; public stage held as Stage 2 Failed.,2026-09-28,2026-09-23,,watchlist,weekly_watchlist,watchlist,0.0,10.08,4.54,0.0,0.0,10.08,4.54,1.52,19.27,1989611034.67,"Stage 1, Stage 1 - Base/Repair, stage1_not_actionable, stage1_needs_more_base | Stage 2 failed state applied from stage memory.",691,700,Stage 2 Failed,watchlist,weekly_watchlist,4.28,9,0.2599999999999998,False,False,False,False,False
PATANJALI.NS,Patanjali Foods Ltd.,Fast Moving Consumer Goods,Unknown,True,F&O,1,Stage 4,Stage 4,Stage 4 - Weak/Declining,Stage 4 - Weak/Declining,Stage 4 • Stage 4 - Weak/Declining,0.72,Price is below long-term support with weak trend evidence.,,,,,watchlist,weekly_watchlist,watchlist,8.2,0.0,4.51,0.0,8.2,0.0,4.51,0.25,-13.18,1994456736.08,"Stage 4, Stage 4 - Weak/Declining, downtrend",692,657,Stage 4,watchlist,weekly_watchlist,7.93,-35,-3.42,False,False,False,False,False
ADANIGREEN.NS,Adani Green Energy Limited,Power,Unknown,True,F&O,1,Stage 1,Stage 1,Stage 1 - Base/Repair,Stage 1 - Base/Repair,Stage 1 • Stage 1 - Base/Repair,0.7,Price is near long-term moving averages with no strong long-term downtrend signal.,,,2026-08-28,,watchlist,weekly_watchlist,watchlist,2.06,7.5,4.51,0.0,2.06,7.5,4.51,-15.48,46.53,1717157548.66,"Stage 1, Stage 1 - Base/Repair, volume_dryup, weekly_volume_dryup, stage1_not_actionable, stage1_needs_more_base",693,697,Not Sure,watchlist,weekly_watchlist,4.96,4,-0.4500000000000002,False,False,False,False,False
PGHH.NS,Procter & Gamble Hygiene and Health Care Limited,Fast Moving Consumer Goods,Unknown,False,Cash,1,Stage 4,Stage 4,Stage 4 - Confirmed Downtrend,Stage 4 - Confirmed Downtrend,Stage 4 • Stage 4 - Confirmed Downtrend,0.86,Price is below a bearish moving-average stack with falling trend signals.,,,,,watchlist,weekly_watchlist,watchlist,4.77,4.0,4.42,0.0,4.77,4.0,4.42,-16.79,-26.61,141779414.82,"Stage 4, Stage 4 - Confirmed Downtrend, downtrend",694,707,Stage 4,watchlist,weekly_watchlist,3.5,13,0.9199999999999999,False,False,False,False,False
LLOYDSME.NS,Lloyds Metals And Energy Limited,Metals & Mining,Unknown,False,Cash,1,Stage 2 Failed,Stage 3,Failed Stage 2,Failed Stage 2,Stage 2 Failed • Failed Stage 2,0.72,"This stock was recently Stage 2, but the latest structure no longer satisfies Stage 2 rules. It is kept as Stage 2 Failed until a fresh base/repair structure forms.",Recent Stage 2 break; public stage held as Stage 2 Failed.,2026-09-28,2026-09-25,,watchlist,weekly_watchlist,watchlist,0.0,5.31,2.39,2.0,0.0,5.31,4.39,6.45,34.61,581539105.95,"Stage 3, Stage 3 - Transition, volume_dryup, weekly_volume_dryup, distribution_risk | Stage 2 failed state applied from stage memory.",695,280,Stage 2,watchlist,weekly_watchlist,28.11,-415,-23.72,False,False,False,False,False
GOCOLORS.NS,Go Fashion (India) Limited,Consumer Services,Unknown,False,Cash,1,Stage 4,Stage 4,Stage 4 - Weak/Declining,Stage 4 - Weak/Declining,Stage 4 • Stage 4 - Weak/Declining,0.72,Price is below long-term support with weak trend evidence.,,,,,watchlist,weekly_watchlist,watchlist,3.71,0.0,2.04,2.0,3.71,0.0,4.04,-10.23,16.55,23289007.2,"Stage 4, Stage 4 - Weak/Declining, volume_dryup, weekly_volume_dryup, downtrend",696,723,Stage 4,watchlist,weekly_watchlist,2.0,27,2.04,False,False,False,False,False
BANKBARODA.NS,Bank of Baroda,Financial Services,Unknown,True,F&O,1,Stage 4,Stage 4,Stage 4 - Confirmed Downtrend,Stage 4 - Confirmed Downtrend,Stage 4 • Stage 4 - Confirmed Downtrend,0.86,Price is below a bearish moving-average stack with falling trend signals.,,,2026-06-26,,watchlist,weekly_watchlist,watchlist,6.56,0.0,3.61,0.0,6.56,0.0,3.61,-7.48,-3.63,1569479860.77,"Stage 4, Stage 4 - Confirmed Downtrend, volume_dryup, weekly_volume_dryup, downtrend",697,676,Stage 4,watchlist,weekly_watchlist,5.83,-21,-2.22,False,False,False,False,False
MASFIN.NS,MAS Financial Services Limited,Financial Services,Unknown,False,Cash,1,Stage 4,Stage 4,Stage 4 - Confirmed Downtrend,Stage 4 - Confirmed Downtrend,Stage 4 • Stage 4 - Confirmed Downtrend,0.86,Price is below a bearish moving-average stack with falling trend signals.,,,2026-07-13,,watchlist,weekly_watchlist,watchlist,6.51,0.0,3.58,0.0,6.51,0.0,3.58,-7.1,-3.08,61203827.52,"Stage 4, Stage 4 - Confirmed Downtrend, downtrend",698,702,Stage 4,watchlist,weekly_watchlist,4.05,4,-0.46999999999999975,False,False,False,False,False
NTPC.NS,NTPC Limited,Power,Unknown,True,F&O,1,Stage 4,Stage 4,Stage 4 - Weak/Declining,Stage 4 - Weak/Declining,Stage 4 • Stage 4 - Weak/Declining,0.72,Price is below long-term support with weak trend evidence.,,,2026-05-28,,watchlist,weekly_watchlist,watchlist,3.14,4.0,3.53,0.0,3.14,4.0,3.53,-4.3,-7.5,2341199956.03,"Stage 4, Stage 4 - Weak/Declining, weekly_volume_dryup, downtrend",699,703,Stage 4,watchlist,weekly_watchlist,4.02,4,-0.48999999999999977,False,False,False,False,False
J&KBANK.NS,The Jammu & Kashmir Bank Limited,Financial Services,Unknown,False,Cash,1,Stage 3,Stage 3,Stage 3 - Distribution/Damage,Stage 3 - Distribution/Damage,Stage 3 • Stage 3 - Distribution/Damage,0.76,"Prior strength exists, but short-term and/or weekly structure is deteriorating.",,,2026-08-28,,watchlist,weekly_watchlist,watchlist,0.0,7.5,3.38,0.0,0.0,7.5,3.38,-8.53,27.52,266767378.09,"Stage 3, Stage 3 - Distribution/Damage, volume_dryup, weekly_volume_dryup, distribution_risk",700,747,Stage 3,watchlist,weekly_watchlist,0.0,47,3.38,False,False,False,False,False
STARHEALTH.NS,Star Health and Allied Insurance Company Limited,Financial Services,Unknown,False,Cash,1,Stage 2 Failed,Stage 3,Failed Stage 2,Failed Stage 2,Stage 2 Failed • Failed Stage 2,0.72,"This stock was recently Stage 2, but the latest structure no longer satisfies Stage 2 rules. It is kept as Stage 2 Failed until a fresh base/repair structure forms.",Recent Stage 2 break; public stage held as Stage 2 Failed.,2026-09-28,2026-09-15,,watchlist,weekly_watchlist,watchlist,0.0,7.48,3.37,0.0,0.0,7.48,3.37,-1.01,19.84,561552828.43,"Stage 3, Stage 3 - Distribution/Damage, distribution_risk | Stage 2 failed state applied from stage memory.",701,753,Stage 2 Failed,watchlist,weekly_watchlist,0.0,52,3.37,False,False,False,False,False
GENSOL.NS,Gensol Engineering Limited,Services,Unknown,False,Cash,1,Stage 4,Stage 4,Stage 4 - Confirmed Downtrend,Stage 4 - Confirmed Downtrend,Stage 4 • Stage 4 - Confirmed Downtrend,0.86,Price is below a bearish moving-average stack with falling trend signals.,,,,,watchlist,weekly_watchlist,watchlist,0.75,2.0,1.31,2.0,0.75,2.0,3.31,-20.39,-14.38,918648.82,"Stage 4, Stage 4 - Confirmed Downtrend, downtrend",702,675,Stage 4,watchlist,weekly_watchlist,5.9,-27,-2.5900000000000003,False,False,False,False,False
VAIBHAVGBL.NS,Vaibhav Global Limited,Consumer Durables,Unknown,False,Cash,1,Stage 4,Stage 4,Stage 4 - Weak/Declining,Stage 4 - Weak/Declining,Stage 4 • Stage 4 - Weak/Declining,0.72,Price is below long-term support with weak trend evidence.,,,2026-08-13,,watchlist,weekly_watchlist,watchlist,0.0,7.09,3.19,0.0,0.0,7.09,3.19,-8.69,17.59,43841678.78,"Stage 4, Stage 4 - Weak/Declining, volume_dryup, weekly_volume_dryup, downtrend",703,712,Stage 4,watchlist,weekly_watchlist,3.04,9,0.1499999999999999,False,False,False,False,False
IFBIND.NS,IFB Industries Limited,Consumer Durables,Unknown,False,Cash,1,Stage 4,Stage 4,Stage 4 - Weak/Declining,Stage 4 - Weak/Declining,Stage 4 • Stage 4 - Weak/Declining,0.72,Price is below long-term support with weak trend evidence.,,,2025-12-12,,watchlist,weekly_watchlist,watchlist,0.0,6.91,3.11,0.0,0.0,6.91,3.11,-0.79,29.93,39771902.17,"Stage 4, Stage 4 - Weak/Declining, volume_dryup, weekly_volume_dryup, downtrend",704,714,Stage 4,watchlist,weekly_watchlist,2.94,10,0.16999999999999993,False,False,False,False,False
RPOWER.NS,Reliance Power Limited,Power,Unknown,False,Cash,1,Stage 4,Stage 4,Stage 4 - Confirmed Downtrend,Stage 4 - Confirmed Downtrend,Stage 4 • Stage 4 - Confirmed Downtrend,0.86,Price is below a bearish moving-average stack with falling trend signals.,,,,,watchlist,weekly_watchlist,watchlist,5.36,0.0,2.95,0.0,5.36,0.0,2.95,-19.57,-9.58,381526612.24,"Stage 4, Stage 4 - Confirmed Downtrend, weekly_volume_dryup, downtrend",705,708,Stage 4,watchlist,weekly_watchlist,3.41,3,-0.45999999999999996,False,False,False,False,False
HEMIPROP.NS,Hemisphere Properties India Limited,Realty,Unknown,False,Cash,1,Stage 4,Stage 4,Stage 4 - Confirmed Downtrend,Stage 4 - Confirmed Downtrend,Stage 4 • Stage 4 - Confirmed Downtrend,0.86,Price is below a bearish moving-average stack with falling trend signals.,,,2026-07-03,,watchlist,weekly_watchlist,watchlist,0.0,2.0,0.9,2.0,0.0,2.0,2.9,-12.13,0.57,29705508.1,"Stage 4, Stage 4 - Confirmed Downtrend, volume_dryup, weekly_volume_dryup, downtrend",706,704,Stage 4,watchlist,weekly_watchlist,3.63,-2,-0.73,False,False,False,False,False
ZENSARTECH.NS,Zensar Technologies Limited,Information Technology,Unknown,False,Cash,1,Stage 4,Stage 4,Stage 4 - Confirmed Downtrend,Stage 4 - Confirmed Downtrend,Stage 4 • Stage 4 - Confirmed Downtrend,0.86,Price is below a bearish moving-average stack with falling trend signals.,,,,,watchlist,weekly_watchlist,watchlist,0.0,2.0,0.9,2.0,0.0,2.0,2.9,0.82,-15.47,1545317133.37,"Stage 4, Stage 4 - Confirmed Downtrend, weekly_volume_dryup, downtrend",707,715,Stage 4,watchlist,weekly_watchlist,2.9,8,0.0,False,False,False,False,False
IEX.NS,Indian Energy Exchange Limited,Financial Services,Unknown,True,F&O,1,Stage 4,Stage 4,Stage 4 - Confirmed Downtrend,Stage 4 - Confirmed Downtrend,Stage 4 • Stage 4 - Confirmed Downtrend,0.86,Price is below a bearish moving-average stack with falling trend signals.,,,,,watchlist,weekly_watchlist,watchlist,0.0,6.2,2.79,0.0,0.0,6.2,2.79,-4.73,-3.03,392036015.55,"Stage 4, Stage 4 - Confirmed Downtrend, volume_dryup, weekly_volume_dryup, downtrend",708,652,Stage 4,watchlist,weekly_watchlist,8.21,-56,-5.420000000000001,False,False,False,False,False
JKCEMENT.NS,J.K. Cement Ltd.,Construction Materials,Unknown,False,Cash,1,Stage 4,Stage 4,Stage 4 - Confirmed Downtrend,Stage 4 - Confirmed Downtrend,Stage 4 • Stage 4 - Confirmed Downtrend,0.86,Price is below a bearish moving-average stack with falling trend signals.,,,,,watchlist,weekly_watchlist,watchlist,0.0,6.2,2.79,0.0,0.0,6.2,2.79,-4.28,-0.81,214712067.12,"Stage 4, Stage 4 - Confirmed Downtrend, weekly_volume_dryup, downtrend",709,658,Stage 4,watchlist,weekly_watchlist,7.88,-51,-5.09,False,False,False,False,False
NIACL.NS,The New India Assurance Company Limited,Financial Services,Unknown,False,Cash,1,Stage 2 Failed,Stage 1,Failed Stage 2,Failed Stage 2,Stage 2 Failed • Failed Stage 2,0.72,"This stock was recently Stage 2, but the latest structure no longer satisfies Stage 2 rules. It is kept as Stage 2 Failed until a fresh base/repair structure forms.",Recent Stage 2 break; public stage held as Stage 2 Failed.,2026-09-28,2026-09-25,,watchlist,weekly_watchlist,watchlist,0.0,5.76,2.59,0.0,0.0,5.76,2.59,-3.65,41.22,2682845100.82,"Stage 1, Stage 1 - Base/Repair, weekly_volume_dryup, stage1_not_actionable, stage1_needs_more_base | Stage 2 failed state applied from stage memory.",710,514,Stage 2,watchlist,weekly_watchlist,18.07,-196,-15.48,False,False,False,False,False
CCL.NS,CCL Products (India) Limited,Fast Moving Consumer Goods,Unknown,False,Cash,1,Stage 1,Stage 1,Stage 1 - Base/Repair,Stage 1 - Base/Repair,Stage 1 • Stage 1 - Base/Repair,0.7,Price is near long-term moving averages with no strong long-term downtrend signal.,,,2026-09-03,,watchlist,weekly_watchlist,watchlist,0.0,5.6,2.52,0.0,0.0,5.6,2.52,-7.7,-3.1,145827767.28,"Stage 1, Stage 1 - Base/Repair, stage1_not_actionable, stage1_needs_more_base",711,719,Stage 1,watchlist,weekly_watchlist,2.52,8,0.0,False,False,False,False,False
RAMKY.NS,Ramky Infrastructure Limited,Construction,Unknown,False,Cash,1,Stage 4,Stage 4,Stage 4 - Confirmed Downtrend,Stage 4 - Confirmed Downtrend,Stage 4 • Stage 4 - Confirmed Downtrend,0.86,Price is below a bearish moving-average stack with falling trend signals.,,,2025-11-28,,watchlist,weekly_watchlist,watchlist,1.1,4.0,2.41,0.0,1.1,4.0,2.41,-19.48,-30.42,12340130.66,"Stage 4, Stage 4 - Confirmed Downtrend, downtrend",712,718,Stage 4,watchlist,weekly_watchlist,2.59,6,-0.17999999999999972,False,False,False,False,False
CERA.NS,Cera Sanitaryware Limited,Consumer Durables,Unknown,False,Cash,1,Stage 4,Stage 4,Stage 4,Stage 4,Stage 4,0.66,Declining structure detected.,,,2026-08-28,,watchlist,weekly_watchlist,watchlist,3.91,0.0,2.15,0.0,3.91,0.0,2.15,-13.73,14.63,40228550.8,"Stage 4, Stage 4, downtrend",713,709,Stage 4,watchlist,weekly_watchlist,3.33,-4,-1.1800000000000002,False,False,False,False,False
FSL.NS,Firstsource Solutions Limited,Services,Unknown,False,Cash,1,Stage 4,Stage 4,Stage 4 - Weak/Declining,Stage 4 - Weak/Declining,Stage 4 • Stage 4 - Weak/Declining,0.72,Price is below long-term support with weak trend evidence.,,,,,watchlist,weekly_watchlist,watchlist,0.0,0.0,0.0,2.0,0.0,0.0,2.0,12.33,19.81,688371585.22,"Stage 4, Stage 4 - Weak/Declining, weekly_volume_dryup, downtrend",714,397,Stage 4,watchlist,weekly_watchlist,22.72,-317,-20.72,False,False,False,False,False
HGS.NS,Hinduja Global Solutions Limited,Services,Unknown,False,Cash,1,Stage 4,Stage 4,Stage 4 - Weak/Declining,Stage 4 - Weak/Declining,Stage 4 • Stage 4 - Weak/Declining,0.72,Price is below long-term support with weak trend evidence.,,,,,watchlist,weekly_watchlist,watchlist,0.0,0.0,0.0,2.0,0.0,0.0,2.0,-4.94,4.86,5502605.48,"Stage 4, Stage 4 - Weak/Declining, volume_dryup, weekly_volume_dryup, downtrend",715,688,Stage 4,watchlist,weekly_watchlist,5.0,-27,-3.0,False,False,False,False,False
LATENTVIEW.NS,Latent View Analytics Limited,Information Technology,Unknown,False,Cash,1,Stage 4,Stage 4,Stage 4 - Confirmed Downtrend,Stage 4 - Confirmed Downtrend,Stage 4 • Stage 4 - Confirmed Downtrend,0.86,Price is below a bearish moving-average stack with falling trend signals.,,,2026-01-07,,watchlist,weekly_watchlist,watchlist,0.0,0.0,0.0,2.0,0.0,0.0,2.0,-8.28,-20.33,117114839.39,"Stage 4, Stage 4 - Confirmed Downtrend, volume_dryup, weekly_volume_dryup, downtrend",716,724,Stage 4,watchlist,weekly_watchlist,2.0,8,0.0,False,False,False,False,False
MMTC.NS,MMTC Limited,Services,Unknown,False,Cash,1,Stage 4,Stage 4,Stage 4 - Confirmed Downtrend,Stage 4 - Confirmed Downtrend,Stage 4 • Stage 4 - Confirmed Downtrend,0.86,Price is below a bearish moving-average stack with falling trend signals.,,,2026-07-13,,watchlist,weekly_watchlist,watchlist,0.0,0.0,0.0,2.0,0.0,0.0,2.0,-11.65,4.14,81782689.19,"Stage 4, Stage 4 - Confirmed Downtrend, volume_dryup, weekly_volume_dryup, downtrend",717,690,Stage 4,watchlist,weekly_watchlist,5.0,-27,-3.0,False,False,False,False,False
PERSISTENT.NS,Persistent Systems Limited,Information Technology,Unknown,True,F&O,1,Stage 4,Stage 4,Stage 4 - Weak/Declining,Stage 4 - Weak/Declining,Stage 4 • Stage 4 - Weak/Declining,0.72,Price is below long-term support with weak trend evidence.,,,2026-08-17,,watchlist,weekly_watchlist,watchlist,0.0,0.0,0.0,2.0,0.0,0.0,2.0,21.84,4.54,2279254739.62,"Stage 4, Stage 4 - Weak/Declining, volume_dryup, weekly_volume_dryup, downtrend",718,713,Stage 3,watchlist,weekly_watchlist,2.96,-5,-0.96,False,False,False,False,False
SAMHI.NS,Samhi Hotels Limited,Consumer Services,Unknown,False,Cash,1,Stage 4,Stage 4,Stage 4 - Weak/Declining,Stage 4 - Weak/Declining,Stage 4 • Stage 4 - Weak/Declining,0.72,Price is below long-term support with weak trend evidence.,,,,,watchlist,weekly_watchlist,watchlist,0.0,0.0,0.0,2.0,0.0,0.0,2.0,-9.39,12.08,280831746.07,"Stage 4, Stage 4 - Weak/Declining, weekly_volume_dryup, downtrend",719,725,Stage 4,watchlist,weekly_watchlist,2.0,6,0.0,False,False,False,False,False
TATAELXSI.NS,Tata Elxsi Limited,Information Technology,Unknown,True,F&O,1,Stage 4,Stage 4,Stage 4 - Confirmed Downtrend,Stage 4 - Confirmed Downtrend,Stage 4 • Stage 4 - Confirmed Downtrend,0.86,Price is below a bearish moving-average stack with falling trend signals.,,,,,watchlist,weekly_watchlist,watchlist,0.0,0.0,0.0,2.0,0.0,0.0,2.0,-7.97,-21.16,684018489.47,"Stage 4, Stage 4 - Confirmed Downtrend, downtrend",720,726,Stage 4,watchlist,weekly_watchlist,2.0,6,0.0,False,False,False,False,False
TRENT.NS,Trent Limited,Consumer Services,Unknown,True,F&O,1,Stage 4,Stage 4,Stage 4 - Weak/Declining,Stage 4 - Weak/Declining,Stage 4 • Stage 4 - Weak/Declining,0.72,Price is below long-term support with weak trend evidence.,,,,,watchlist,weekly_watchlist,watchlist,0.0,0.0,0.0,2.0,0.0,0.0,2.0,-15.75,13.36,1804254536.09,"Stage 4, Stage 4 - Weak/Declining, downtrend",721,728,Stage 4,watchlist,weekly_watchlist,2.0,7,0.0,False,False,False,False,False
VEDL.NS,Vedanta Limited,Metals & Mining,Unknown,True,F&O,1,Stage 4,Stage 4,Stage 4 - Confirmed Downtrend,Stage 4 - Confirmed Downtrend,Stage 4 • Stage 4 - Confirmed Downtrend,0.86,Price is below a bearish moving-average stack with falling trend signals.,,,2026-04-29,,watchlist,weekly_watchlist,watchlist,0.0,0.0,0.0,2.0,0.0,0.0,2.0,-1.09,-60.08,1728315428.72,"Stage 4, Stage 4 - Confirmed Downtrend, volume_dryup, weekly_volume_dryup, downtrend",722,636,Stage 4,watchlist,weekly_watchlist,9.21,-86,-7.210000000000001,False,False,False,False,False
CESC.NS,CESC Limited,Power,Unknown,False,Cash,1,Stage 4,Stage 4,Stage 4 - Weak/Declining,Stage 4 - Weak/Declining,Stage 4 • Stage 4 - Weak/Declining,0.72,Price is below long-term support with weak trend evidence.,,,2026-08-17,,watchlist,weekly_watchlist,watchlist,1.9,2.0,1.94,0.0,1.9,2.0,1.94,-11.92,-5.59,259300712.75,"Stage 4, Stage 4 - Weak/Declining, weekly_volume_dryup, downtrend",723,717,Stage 4,watchlist,weekly_watchlist,2.63,-6,-0.69,False,False,False,False,False
JYOTHYLAB.NS,Jyothy Labs Limited,Fast Moving Consumer Goods,Unknown,False,Cash,1,Stage 4,Stage 4,Stage 4 - Weak/Declining,Stage 4 - Weak/Declining,Stage 4 • Stage 4 - Weak/Declining,0.72,Price is below long-term support with weak trend evidence.,,,,,watchlist,weekly_watchlist,watchlist,0.0,4.0,1.8,0.0,0.0,4.0,1.8,2.91,-4.96,187863836.81,"Stage 4, Stage 4 - Weak/Declining, volume_dryup, weekly_volume_dryup, downtrend",724,730,Stage 4,watchlist,weekly_watchlist,1.8,6,0.0,False,False,False,False,False
TORNTPOWER.NS,Torrent Power Limited,Power,Unknown,False,Cash,1,Stage 4,Stage 4,Stage 4 - Weak/Declining,Stage 4 - Weak/Declining,Stage 4 • Stage 4 - Weak/Declining,0.72,Price is below long-term support with weak trend evidence.,,,2026-06-24,,watchlist,weekly_watchlist,watchlist,0.0,4.0,1.8,0.0,0.0,4.0,1.8,-6.16,-4.55,524838825.93,"Stage 4, Stage 4 - Weak/Declining, volume_dryup, weekly_volume_dryup, downtrend",725,732,Stage 4,watchlist,weekly_watchlist,1.8,7,0.0,False,False,False,False,False
VSTIND.NS,VST Industries Limited,Fast Moving Consumer Goods,Unknown,False,Cash,1,Stage 4,Stage 4,Stage 4 - Confirmed Downtrend,Stage 4 - Confirmed Downtrend,Stage 4 • Stage 4 - Confirmed Downtrend,0.86,Price is below a bearish moving-average stack with falling trend signals.,,,2026-07-10,,watchlist,weekly_watchlist,watchlist,0.0,4.0,1.8,0.0,0.0,4.0,1.8,-13.34,1.21,21805154.97,"Stage 4, Stage 4 - Confirmed Downtrend, volume_dryup, weekly_volume_dryup, downtrend",726,757,Stage 4,watchlist,weekly_watchlist,0.0,31,1.8,False,False,False,False,False
NUVAMA.NS,Nuvama Wealth Management Ltd.,Financial Services,Unknown,True,F&O,1,Stage 2 Failed,Stage 1,Failed Stage 2,Failed Stage 2,Stage 2 Failed • Failed Stage 2,0.72,"This stock was recently Stage 2, but the latest structure no longer satisfies Stage 2 rules. It is kept as Stage 2 Failed until a fresh base/repair structure forms.",Recent Stage 2 break; public stage held as Stage 2 Failed.,2026-09-28,2026-09-16,,watchlist,weekly_watchlist,watchlist,0.0,3.85,1.73,0.0,0.0,3.85,1.73,-4.71,47.22,567928592.77,"Stage 1, Stage 1 - Base/Repair, volume_dryup, weekly_volume_dryup, stage1_not_actionable, stage1_needs_more_base | Stage 2 failed state applied from stage memory.",727,705,Stage 2 Failed,watchlist,weekly_watchlist,3.58,-22,-1.85,False,False,False,False,False
ANGELONE.NS,Angel One Limited,Financial Services,Unknown,True,F&O,1,Stage 2 Failed,Stage 4,Failed Stage 2,Failed Stage 2,Stage 2 Failed • Failed Stage 2,0.72,"This stock was recently Stage 2, but the latest structure no longer satisfies Stage 2 rules. It is kept as Stage 2 Failed until a fresh base/repair structure forms.",Recent Stage 2 break; public stage held as Stage 2 Failed.,2026-09-28,2026-09-23,,watchlist,weekly_watchlist,watchlist,0.0,3.66,1.65,0.0,0.0,3.66,1.65,-13.99,18.54,1480172803.38,"Stage 4, Stage 4 - Weak/Declining, volume_dryup, weekly_volume_dryup, downtrend | Stage 2 failed state applied from stage memory.",728,706,Stage 2 Failed,watchlist,weekly_watchlist,3.56,-22,-1.9100000000000001,False,False,False,False,False
BAJAJCON.NS,Bajaj Consumer Care Limited,Fast Moving Consumer Goods,Unknown,False,Cash,1,Stage 3,Stage 3,Stage 3 - Distribution/Damage,Stage 3 - Distribution/Damage,Stage 3 • Stage 3 - Distribution/Damage,0.76,"Prior strength exists, but short-term and/or weekly structure is deteriorating.",,,2026-08-07,,watchlist,weekly_watchlist,watchlist,0.37,3.1,1.6,0.0,0.37,3.1,1.6,-16.45,35.44,421560346.83,"Stage 3, Stage 3 - Distribution/Damage, volume_dryup, weekly_volume_dryup, distribution_risk",729,677,Stage 3,watchlist,weekly_watchlist,5.82,-52,-4.220000000000001,False,False,False,False,False
IDBI.NS,IDBI Bank Limited,Financial Services,Unknown,False,Cash,1,Stage 4,Stage 4,Stage 4 - Weak/Declining,Stage 4 - Weak/Declining,Stage 4 • Stage 4 - Weak/Declining,0.72,Price is below long-term support with weak trend evidence.,,,2026-03-10,,watchlist,weekly_watchlist,watchlist,0.0,2.47,1.11,0.0,0.0,2.47,1.11,5.08,23.59,1319966611.96,"Stage 4, Stage 4 - Weak/Declining, weekly_volume_dryup, downtrend",730,519,Stage 4,watchlist,weekly_watchlist,17.43,-211,-16.32,False,False,False,False,False
SFL.NS,Sheela Foam Limited,Consumer Durables,Unknown,False,Cash,1,Stage 3,Stage 3,Stage 3 - Distribution/Damage,Stage 3 - Distribution/Damage,Stage 3 • Stage 3 - Distribution/Damage,0.76,"Prior strength exists, but short-term and/or weekly structure is deteriorating.",,,2026-08-31,,watchlist,weekly_watchlist,watchlist,1.63,0.43,1.09,0.0,1.63,0.43,1.09,-12.31,28.6,196474770.23,"Stage 3, Stage 3 - Distribution/Damage, volume_dryup, weekly_volume_dryup, distribution_risk",731,734,Stage 3,watchlist,weekly_watchlist,1.37,3,-0.28,False,False,False,False,False
GODREJIND.NS,Godrej Industries Limited,Diversified,Unknown,False,Cash,1,Stage 2 Failed,Stage 3,Failed Stage 2,Failed Stage 2,Stage 2 Failed • Failed Stage 2,0.72,"This stock was recently Stage 2, but the latest structure no longer satisfies Stage 2 rules. It is kept as Stage 2 Failed until a fresh base/repair structure forms.",Recent Stage 2 break; public stage held as Stage 2 Failed.,2026-09-28,2026-09-16,,watchlist,weekly_watchlist,watchlist,0.0,2.4,1.08,0.0,0.0,2.4,1.08,-6.09,30.08,120275457.47,"Stage 3, Stage 3 - Distribution/Damage, weekly_volume_dryup, distribution_risk | Stage 2 failed state applied from stage memory.",732,733,Stage 2 Failed,watchlist,weekly_watchlist,1.5,1,-0.41999999999999993,False,False,False,False,False
CROMPTON.NS,Crompton Greaves Consumer Electricals Limited,Consumer Durables,Unknown,True,F&O,1,Stage 4,Stage 4,Stage 4 - Weak/Declining,Stage 4 - Weak/Declining,Stage 4 • Stage 4 - Weak/Declining,0.72,Price is below long-term support with weak trend evidence.,,,2026-08-06,,watchlist,weekly_watchlist,watchlist,0.0,2.0,0.9,0.0,0.0,2.0,0.9,-14.12,-2.26,515384015.56,"Stage 4, Stage 4 - Weak/Declining, volume_dryup, weekly_volume_dryup, downtrend",733,737,Stage 4,watchlist,weekly_watchlist,0.9,4,0.0,False,False,False,False,False
LT.NS,Larsen & Toubro Limited,Construction,Unknown,True,F&O,1,Stage 2 Failed,Stage 1,Failed Stage 2,Failed Stage 2,Stage 2 Failed • Failed Stage 2,0.72,"This stock was recently Stage 2, but the latest structure no longer satisfies Stage 2 rules. It is kept as Stage 2 Failed until a fresh base/repair structure forms.",Recent Stage 2 break; public stage held as Stage 2 Failed.,2026-09-28,2026-09-07,,watchlist,weekly_watchlist,watchlist,0.0,1.34,0.6,0.0,0.0,1.34,0.6,-2.11,7.52,5215105610.21,"Stage 1, Stage 1 - Unclear/Repair, stage1_not_actionable, stage1_needs_more_base | Stage 2 failed state applied from stage memory.",734,701,Stage 2 Failed,watchlist,weekly_watchlist,4.2,-33,-3.6,False,False,False,False,False
AFCONS.NS,Afcons Infrastructure Ltd.,Construction,Unknown,False,Cash,1,Stage 4,Stage 4,Stage 4 - Confirmed Downtrend,Stage 4 - Confirmed Downtrend,Stage 4 • Stage 4 - Confirmed Downtrend,0.86,Price is below a bearish moving-average stack with falling trend signals.,,,,,watchlist,weekly_watchlist,watchlist,0.0,0.8,0.36,0.0,0.0,0.8,0.36,-14.3,-8.42,762401105.63,"Stage 4, Stage 4 - Confirmed Downtrend, weekly_volume_dryup, downtrend",735,738,Stage 4,watchlist,weekly_watchlist,0.36,3,0.0,False,False,False,False,False
HDFCBANK.NS,HDFC Bank Limited,Financial Services,Unknown,True,F&O,1,Stage 4,Stage 4,Stage 4 - Confirmed Downtrend,Stage 4 - Confirmed Downtrend,Stage 4 • Stage 4 - Confirmed Downtrend,0.86,Price is below a bearish moving-average stack with falling trend signals.,,,2026-01-02,,watchlist,weekly_watchlist,watchlist,0.0,0.8,0.36,0.0,0.0,0.8,0.36,-4.55,-0.4,19972377921.66,"Stage 4, Stage 4 - Confirmed Downtrend, downtrend",736,556,Stage 4,watchlist,weekly_watchlist,16.11,-180,-15.75,False,False,False,False,False
NAM-INDIA.NS,Nippon Life India Asset Management Limited,Financial Services,Unknown,True,F&O,1,Stage 2 Failed,Stage 3,Failed Stage 2,Failed Stage 2,Stage 2 Failed • Failed Stage 2,0.72,"This stock was recently Stage 2, but the latest structure no longer satisfies Stage 2 rules. It is kept as Stage 2 Failed until a fresh base/repair structure forms.",Recent Stage 2 break; public stage held as Stage 2 Failed.,2026-09-28,2026-09-18,,watchlist,weekly_watchlist,watchlist,0.0,0.68,0.31,0.0,0.0,0.68,0.31,-4.73,35.51,1195557386.51,"Stage 3, Stage 3 - Distribution/Damage, volume_dryup, weekly_volume_dryup, distribution_risk | Stage 2 failed state applied from stage memory.",737,735,Stage 2 Failed,watchlist,weekly_watchlist,1.35,-2,-1.04,False,False,False,False,False
3MINDIA.NS,3M India Limited,Diversified,Unknown,False,Cash,1,Stage 4,Stage 4,Stage 4 - Weak/Declining,Stage 4 - Weak/Declining,Stage 4 • Stage 4 - Weak/Declining,0.72,Price is below long-term support with weak trend evidence.,,,2026-08-28,,watchlist,weekly_watchlist,watchlist,0.0,0.53,0.24,0.0,0.0,0.53,0.24,6.49,14.8,136072536.5,"Stage 4, Stage 4 - Weak/Declining, weekly_volume_dryup, downtrend",738,729,Stage 3,watchlist,weekly_watchlist,1.9,-9,-1.66,False,False,False,False,False
AAVAS.NS,Aavas Financiers Ltd.,Financial Services,Unknown,False,Cash,1,Stage 4,Stage 4,Stage 4 - Confirmed Downtrend,Stage 4 - Confirmed Downtrend,Stage 4 • Stage 4 - Confirmed Downtrend,0.86,Price is below a bearish moving-average stack with falling trend signals.,,,,,watchlist,weekly_watchlist,watchlist,0.0,0.0,0.0,0.0,0.0,0.0,0.0,-9.62,14.89,122916896.24,"Stage 4, Stage 4 - Confirmed Downtrend, volume_dryup, weekly_volume_dryup, downtrend",739,740,Stage 4,watchlist,weekly_watchlist,0.0,1,0.0,False,False,False,False,False
ADANIENSOL.NS,Adani Energy Solutions Limited,Power,Unknown,True,F&O,1,Stage 2 Failed,Stage 3,Failed Stage 2,Failed Stage 2,Stage 2 Failed • Failed Stage 2,0.72,"This stock was recently Stage 2, but the latest structure no longer satisfies Stage 2 rules. It is kept as Stage 2 Failed until a fresh base/repair structure forms.",Recent Stage 2 break; public stage held as Stage 2 Failed.,2026-09-28,2026-09-07,,watchlist,weekly_watchlist,watchlist,0.0,0.0,0.0,0.0,0.0,0.0,0.0,-12.17,39.04,2574396558.7,"Stage 3, Stage 3 - Distribution/Damage, volume_dryup, weekly_volume_dryup, distribution_risk | Stage 2 failed state applied from stage memory.",740,741,Stage 2 Failed,watchlist,weekly_watchlist,0.0,1,0.0,False,False,False,False,False
BBTC.NS,Bombay Burmah Trading Corporation Limited,Fast Moving Consumer Goods,Unknown,False,Cash,1,Stage 4,Stage 4,Stage 4 - Confirmed Downtrend,Stage 4 - Confirmed Downtrend,Stage 4 • Stage 4 - Confirmed Downtrend,0.86,Price is below a bearish moving-average stack with falling trend signals.,,,2025-11-20,,watchlist,weekly_watchlist,watchlist,0.0,0.0,0.0,0.0,0.0,0.0,0.0,-2.92,3.06,275713595.92,"Stage 4, Stage 4 - Confirmed Downtrend, volume_dryup, weekly_volume_dryup, downtrend",741,742,Stage 4,watchlist,weekly_watchlist,0.0,1,0.0,False,False,False,False,False
BERGEPAINT.NS,Berger Paints (I) Limited,Consumer Durables,Unknown,False,Cash,1,Stage 4,Stage 4,Stage 4 - Weak/Declining,Stage 4 - Weak/Declining,Stage 4 • Stage 4 - Weak/Declining,0.72,Price is below long-term support with weak trend evidence.,,,2026-08-28,,watchlist,weekly_watchlist,watchlist,0.0,0.0,0.0,0.0,0.0,0.0,0.0,-7.28,10.31,166600909.51,"Stage 4, Stage 4 - Weak/Declining, downtrend",742,743,Stage 4,watchlist,weekly_watchlist,0.0,1,0.0,False,False,False,False,False
BSE.NS,BSE Ltd.,Financial Services,Unknown,True,F&O,1,Stage 4,Stage 4,Stage 4 - Weak/Declining,Stage 4 - Weak/Declining,Stage 4 • Stage 4 - Weak/Declining,0.72,Price is below long-term support with weak trend evidence.,,,2026-07-24,,watchlist,weekly_watchlist,watchlist,0.0,0.0,0.0,0.0,0.0,0.0,0.0,-13.91,11.17,13048048772.22,"Stage 4, Stage 4 - Weak/Declining, downtrend",743,744,Stage 4,watchlist,weekly_watchlist,0.0,1,0.0,False,False,False,False,False
CAMS.NS,Computer Age Management Services Limited,Financial Services,Unknown,True,F&O,1,Stage 4,Stage 4,Stage 4 - Weak/Declining,Stage 4 - Weak/Declining,Stage 4 • Stage 4 - Weak/Declining,0.72,Price is below long-term support with weak trend evidence.,,,2026-08-31,,watchlist,weekly_watchlist,watchlist,0.0,0.0,0.0,0.0,0.0,0.0,0.0,-7.52,7.77,728234257.06,"Stage 4, Stage 4 - Weak/Declining, weekly_volume_dryup, downtrend",744,584,Stage 4,watchlist,weekly_watchlist,15.25,-160,-15.25,False,False,False,False,False
COLPAL.NS,Colgate Palmolive (India) Limited,Fast Moving Consumer Goods,Unknown,True,F&O,1,Stage 4,Stage 4,Stage 4 - Confirmed Downtrend,Stage 4 - Confirmed Downtrend,Stage 4 • Stage 4 - Confirmed Downtrend,0.86,Price is below a bearish moving-average stack with falling trend signals.,,,,,watchlist,weekly_watchlist,watchlist,0.0,0.0,0.0,0.0,0.0,0.0,0.0,-5.35,4.34,785610145.87,"Stage 4, Stage 4 - Confirmed Downtrend, weekly_volume_dryup, downtrend",745,549,Stage 4,watchlist,weekly_watchlist,16.11,-196,-16.11,False,False,False,False,False
GILLETTE.NS,Gillette India Limited,Fast Moving Consumer Goods,Unknown,False,Cash,1,Stage 4,Stage 4,Stage 4 - Confirmed Downtrend,Stage 4 - Confirmed Downtrend,Stage 4 • Stage 4 - Confirmed Downtrend,0.86,Price is below a bearish moving-average stack with falling trend signals.,,,,,watchlist,weekly_watchlist,watchlist,0.0,0.0,0.0,0.0,0.0,0.0,0.0,-3.2,-5.49,140294196.65,"Stage 4, Stage 4 - Confirmed Downtrend, downtrend",746,745,Stage 4,watchlist,weekly_watchlist,0.0,-1,0.0,False,False,False,False,False
GODREJCP.NS,Godrej Consumer Products Ltd.,Fast Moving Consumer Goods,Unknown,True,F&O,1,Stage 4,Stage 4,Stage 4 - Confirmed Downtrend,Stage 4 - Confirmed Downtrend,Stage 4 • Stage 4 - Confirmed Downtrend,0.86,Price is below a bearish moving-average stack with falling trend signals.,,,2026-02-11,,watchlist,weekly_watchlist,watchlist,0.0,0.0,0.0,0.0,0.0,0.0,0.0,-13.87,-9.57,1155639579.12,"Stage 4, Stage 4 - Confirmed Downtrend, volume_dryup, weekly_volume_dryup, downtrend",747,553,Stage 4,watchlist,weekly_watchlist,16.11,-194,-16.11,False,False,False,False,False
ICICIGI.NS,ICICI Lombard General Insurance Company Limited,Financial Services,Unknown,True,F&O,1,Stage 4,Stage 4,Stage 4 - Confirmed Downtrend,Stage 4 - Confirmed Downtrend,Stage 4 • Stage 4 - Confirmed Downtrend,0.86,Price is below a bearish moving-average stack with falling trend signals.,,,2026-01-07,,watchlist,weekly_watchlist,watchlist,0.0,0.0,0.0,0.0,0.0,0.0,0.0,-7.44,-6.22,1145318362.67,"Stage 4, Stage 4 - Confirmed Downtrend, downtrend",748,746,Stage 4,watchlist,weekly_watchlist,0.0,-2,0.0,False,False,False,False,False
KFINTECH.NS,Kfin Technologies Limited,Financial Services,Unknown,True,F&O,1,Stage 4,Stage 4,Stage 4 - Weak/Declining,Stage 4 - Weak/Declining,Stage 4 • Stage 4 - Weak/Declining,0.72,Price is below long-term support with weak trend evidence.,,,,,watchlist,weekly_watchlist,watchlist,0.0,0.0,0.0,0.0,0.0,0.0,0.0,8.21,1.36,456844736.55,"Stage 4, Stage 4 - Weak/Declining, volume_dryup, weekly_volume_dryup, downtrend",749,722,Stage 4,watchlist,weekly_watchlist,2.02,-27,-2.02,False,False,False,False,False
KNRCON.NS,KNR Constructions Limited,Construction,Unknown,False,Cash,1,Stage 4,Stage 4,Stage 4 - Confirmed Downtrend,Stage 4 - Confirmed Downtrend,Stage 4 • Stage 4 - Confirmed Downtrend,0.86,Price is below a bearish moving-average stack with falling trend signals.,,,,,watchlist,weekly_watchlist,watchlist,0.0,0.0,0.0,0.0,0.0,0.0,0.0,-5.87,-0.6,196757822.35,"Stage 4, Stage 4 - Confirmed Downtrend, weekly_volume_dryup, downtrend",750,748,Stage 4,watchlist,weekly_watchlist,0.0,-2,0.0,False,False,False,False,False
NAVNETEDUL.NS,Navneet Education Limited,"Media, Entertainment & Publication",Unknown,False,Cash,1,Stage 4,Stage 4,Stage 4 - Confirmed Downtrend,Stage 4 - Confirmed Downtrend,Stage 4 • Stage 4 - Confirmed Downtrend,0.86,Price is below a bearish moving-average stack with falling trend signals.,,,2026-07-21,,watchlist,weekly_watchlist,watchlist,0.0,0.0,0.0,0.0,0.0,0.0,0.0,-12.88,-3.29,13691255.16,"Stage 4, Stage 4 - Confirmed Downtrend, volume_dryup, weekly_volume_dryup, downtrend",751,749,Stage 4,watchlist,weekly_watchlist,0.0,-2,0.0,False,False,False,False,False
PATELENG.NS,Patel Engineering Limited,Construction,Unknown,False,Cash,1,Stage 4,Stage 4,Stage 4 - Confirmed Downtrend,Stage 4 - Confirmed Downtrend,Stage 4 • Stage 4 - Confirmed Downtrend,0.86,Price is below a bearish moving-average stack with falling trend signals.,,,2026-07-13,,watchlist,weekly_watchlist,watchlist,0.0,0.0,0.0,0.0,0.0,0.0,0.0,-16.74,12.55,65241281.52,"Stage 4, Stage 4 - Confirmed Downtrend, downtrend",752,750,Stage 4,watchlist,weekly_watchlist,0.0,-2,0.0,False,False,False,False,False
PRSMJOHNSN.NS,Prism Johnson Limited,Construction Materials,Unknown,False,Cash,1,Stage 4,Stage 4,Stage 4 - Weak/Declining,Stage 4 - Weak/Declining,Stage 4 • Stage 4 - Weak/Declining,0.72,Price is below long-term support with weak trend evidence.,,,,,watchlist,weekly_watchlist,watchlist,0.0,0.0,0.0,0.0,0.0,0.0,0.0,4.44,-5.39,36668335.93,"Stage 4, Stage 4 - Weak/Declining, volume_dryup, weekly_volume_dryup, downtrend",753,751,Stage 4,watchlist,weekly_watchlist,0.0,-2,0.0,False,False,False,False,False
SENCO.NS,Senco Gold Limited,Consumer Durables,Unknown,False,Cash,1,Stage 2 Failed,Stage 4,Failed Stage 2,Failed Stage 2,Stage 2 Failed • Failed Stage 2,0.72,"This stock was recently Stage 2, but the latest structure no longer satisfies Stage 2 rules. It is kept as Stage 2 Failed until a fresh base/repair structure forms.",Recent Stage 2 break; public stage held as Stage 2 Failed.,2026-09-28,2026-09-23,,watchlist,weekly_watchlist,watchlist,0.0,0.0,0.0,0.0,0.0,0.0,0.0,1.32,12.79,255919467.11,"Stage 4, Stage 4, volume_dryup, weekly_volume_dryup, downtrend | Stage 2 failed state applied from stage memory.",754,752,Stage 2 Failed,watchlist,weekly_watchlist,0.0,-2,0.0,False,False,False,False,False
TRIVENI.NS,Triveni Engineering & Industries Limited,Fast Moving Consumer Goods,Unknown,False,Cash,1,Stage 4,Stage 4,Stage 4 - Confirmed Downtrend,Stage 4 - Confirmed Downtrend,Stage 4 • Stage 4 - Confirmed Downtrend,0.86,Price is below a bearish moving-average stack with falling trend signals.,,,2026-07-21,,watchlist,weekly_watchlist,watchlist,0.0,0.0,0.0,0.0,0.0,0.0,0.0,-41.0,-35.74,198600004.62,"Stage 4, Stage 4 - Confirmed Downtrend, volume_dryup, weekly_volume_dryup, downtrend",755,754,Stage 4,watchlist,weekly_watchlist,0.0,-1,0.0,False,False,False,False,False
TTKPRESTIG.NS,TTK Prestige Limited,Consumer Durables,Unknown,False,Cash,1,Stage 4,Stage 4,Stage 4 - Weak/Declining,Stage 4 - Weak/Declining,Stage 4 • Stage 4 - Weak/Declining,0.72,Price is below long-term support with weak trend evidence.,,,2026-08-18,,watchlist,weekly_watchlist,watchlist,0.0,0.0,0.0,0.0,0.0,0.0,0.0,-14.49,19.36,29998525.75,"Stage 4, Stage 4 - Weak/Declining, volume_dryup, weekly_volume_dryup, downtrend",756,755,Stage 4,watchlist,weekly_watchlist,0.0,-1,0.0,False,False,False,False,False
UCOBANK.NS,UCO Bank,Financial Services,Unknown,False,Cash,1,Stage 4,Stage 4,Stage 4 - Confirmed Downtrend,Stage 4 - Confirmed Downtrend,Stage 4 • Stage 4 - Confirmed Downtrend,0.86,Price is below a bearish moving-average stack with falling trend signals.,,,,,watchlist,weekly_watchlist,watchlist,0.0,0.0,0.0,0.0,0.0,0.0,0.0,-8.96,1.5,90066883.18,"Stage 4, Stage 4 - Confirmed Downtrend, volume_dryup, weekly_volume_dryup, downtrend",757,756,Stage 4,watchlist,weekly_watchlist,0.0,-1,0.0,False,False,False,False,False
