ticker,Company Name,Industry,sector,is_fo_stock,fo_category,Include,stage,stage_raw,stage_variant,stage_classification,stage_display,stage_confidence,stage_reason,stage_state_reason,stage_failed_since,last_stage2_date,stage_pending_raw,daily_setup_bucket,weekly_setup_bucket,combined_bucket,daily_score,weekly_score,combined_score,industry_boost,final_daily_score,final_weekly_score,final_combined_score,rs_3m_pct,rs_6m_pct,avg_turnover_inr,notes,current_rank,prev_rank,prev_stage,prev_daily_setup_bucket,prev_weekly_setup_bucket,prev_score,rank_change,combined_score_change,new_daily_breakout,new_weekly_breakout,entered_stage_2,new_top_10,new_top_20
KSL.NS,Kalyani Steels Limited,Capital Goods,Unknown,False,Cash,1,Stage 2,Stage 2,Clean Stage 2,Clean Stage 2,Stage 2 • Clean Stage 2,0.9,"Price is above rising key averages, weekly structure is supportive, and the stock is near its 52-week high.",,,2026-09-30,,watchlist,weekly_near_pivot,watchlist,40.73,71.35,54.51,10.0,40.73,71.35,64.51,15.14,40.34,159796573.36,"Stage 2, Clean Stage 2, trend_template_ok, weekly_vcp_ok, weekly_strong",10,30,Stage 2,watchlist,weekly_near_pivot,58.91,20,5.6000000000000085,False,False,False,True,True
SHILPAMED.NS,Shilpa Medicare Limited,Healthcare,Unknown,False,Cash,1,Stage 2,Stage 2,Extended Stage 2,Extended Stage 2,Stage 2 • Extended Stage 2,0.78,"Advancing structure remains intact, but price is stretched versus key moving averages or far above the 52-week low.",,,2026-09-30,,watchlist,weekly_breakout,watchlist,51.81,65.8,58.11,10.0,51.81,65.8,68.11,85.74,164.89,876396365.56,"Stage 2, Extended Stage 2, trend_template_ok, weekly_vcp_ok, volume_dryup, weekly_volume_dryup, weekly_strong",6,23,Stage 2,watchlist,weekly_breakout,61.54,17,6.57,False,False,False,True,True
SPLPETRO.NS,Supreme Petrochem Limited,Chemicals,Unknown,False,Cash,1,Stage 2,Stage 2,Stage 2,Stage 2,Stage 2,0.76,Advancing structure detected.,,,2026-09-30,,watchlist,weekly_near_pivot,watchlist,55.74,69.17,61.78,5.0,55.74,69.17,66.78,15.94,6.76,350547653.73,"Stage 2, Stage 2, trend_template_ok, weekly_vcp_ok, weekly_strong",7,12,Stage 2,watchlist,weekly_breakout,64.84,5,1.9399999999999977,False,False,False,True,False
PTCIL.NS,PTC Industries Limited,Capital Goods,Unknown,False,Cash,1,Stage 2,Stage 2,Clean Stage 2,Clean Stage 2,Stage 2 • Clean Stage 2,0.9,"Price is above rising key averages, weekly structure is supportive, and the stock is near its 52-week high.",,,2026-09-30,,watchlist,weekly_forming,watchlist,41.25,65.32,52.08,10.0,41.25,65.32,62.08,34.74,40.48,527184153.5,"Stage 2, Clean Stage 2, trend_template_ok, weekly_vcp_ok, volume_dryup, weekly_volume_dryup, weekly_strong",16,40,Stage 2,watchlist,weekly_forming,56.78,24,5.299999999999997,False,False,False,False,True
JYOTICNC.NS,Jyoti CNC Automation Ltd.,Capital Goods,Unknown,False,Cash,1,Stage 2,Stage 2,Early Stage 2,Early Stage 2,Stage 2 • Early Stage 2,0.72,"Price has moved above long-term structure, but the full moving-average stack is not clean yet.",,,2026-09-30,,watchlist,weekly_forming,watchlist,41.2,64.75,51.8,10.0,41.2,64.75,61.8,40.95,28.59,1229501272.14,"Stage 2, Early Stage 2, weekly_vcp_ok, weekly_volume_dryup, weekly_strong",17,37,Stage 2,watchlist,weekly_forming,57.09,20,4.709999999999994,False,False,False,False,True
BEML.NS,BEML Limited,Capital Goods,Unknown,False,Cash,1,Stage 2,Stage 2,Stage 2,Stage 2,Stage 2,0.76,Advancing structure detected.,,,2026-09-30,,watchlist,weekly_near_pivot,watchlist,34.86,71.07,51.15,10.0,34.86,71.07,61.15,15.93,25.76,819807840.7,"Stage 2, Stage 2, trend_template_ok, weekly_vcp_ok, volume_dryup, weekly_volume_dryup, weekly_strong",18,38,Stage 2,watchlist,weekly_near_pivot,57.09,20,4.059999999999995,False,False,False,False,True
TEXRAIL.NS,Texmaco Rail & Engineering Limited,Capital Goods,Unknown,False,Cash,1,Stage 2,Stage 2,Early Stage 2,Early Stage 2,Stage 2 • Early Stage 2,0.72,"Price has moved above long-term structure, but the full moving-average stack is not clean yet.",,,2026-09-30,,watchlist,weekly_near_pivot,watchlist,37.99,71.71,53.16,10.0,37.99,71.71,63.16,15.72,32.35,482270789.96,"Stage 2, Early Stage 2, weekly_vcp_ok, weekly_strong",13,22,Stage 2,watchlist,weekly_breakout,61.62,9,1.5399999999999991,False,False,False,False,True
HARSHA.NS,Harsha Engineers International Limited,Capital Goods,Unknown,False,Cash,1,Stage 2,Stage 2,Clean Stage 2,Clean Stage 2,Stage 2 • Clean Stage 2,0.9,"Price is above rising key averages, weekly structure is supportive, and the stock is near its 52-week high.",,,2026-09-30,,watchlist,weekly_breakout,watchlist,68.83,70.38,69.53,10.0,68.83,70.38,79.53,17.82,36.02,82431879.37,"Stage 2, Clean Stage 2, trend_template_ok, weekly_vcp_ok, weekly_strong",2,8,Stage 2,watchlist,weekly_near_pivot,66.12,6,13.409999999999997,False,True,False,False,False
KEI.NS,KEI Industries Limited,Capital Goods,Unknown,True,F&O,1,Stage 4,Stage 4,Stage 4,Stage 4,Stage 4,0.66,Declining structure detected.,,,2026-09-03,,watchlist,weekly_watchlist,watchlist,0.0,35.8,16.11,10.0,0.0,35.8,26.11,-3.61,1.02,2797363075.7,"Stage 4, Stage 4, weekly_vcp_ok, volume_dryup, weekly_volume_dryup, weekly_strong, downtrend",293,686,Not Sure,watchlist,weekly_watchlist,5.0,393,21.11,False,False,False,False,False
COFORGE.NS,Coforge Limited,Information Technology,Unknown,True,F&O,1,Stage 2 Failed,Stage 2,Failed Stage 2,Failed Stage 2,Stage 2 Failed • Failed Stage 2,0.7,Failed Stage 2 cooling period is still active; waiting for a fresh base or confirmed reclaim.,Failed Stage 2 hold period active.,,2026-09-25,,watchlist,weekly_watchlist,watchlist,23.62,26.61,24.97,2.0,23.62,26.61,26.97,28.93,45.2,4381977824.76,"Stage 2, Early Stage 2, volume_dryup, weekly_volume_dryup | Failed Stage 2 hold period active.",264,588,Stage 2 Failed,watchlist,weekly_watchlist,12.06,324,14.909999999999998,False,False,False,False,False
CGPOWER.NS,CG Power and Industrial Solutions Limited,Capital Goods,Unknown,True,F&O,1,Stage 2 Failed,Stage 1,Failed Stage 2,Failed Stage 2,Stage 2 Failed • Failed Stage 2,0.72,"This stock was recently Stage 2, but the latest structure no longer satisfies Stage 2 rules. It is kept as Stage 2 Failed until a fresh base/repair structure forms.",Recent Stage 2 break; public stage held as Stage 2 Failed.,2026-10-01,2026-09-25,,watchlist,weekly_watchlist,watchlist,24.99,11.49,18.91,10.0,24.99,11.49,28.91,4.76,22.16,2095201617.99,"Stage 1, Stage 1 - Base/Repair, volume_dryup, weekly_volume_dryup, stage1_not_actionable, stage1_needs_more_base | Stage 2 failed state applied from stage memory.",238,531,Stage 2 Failed,watchlist,weekly_watchlist,16.54,293,12.370000000000001,False,False,False,False,False
ENRIN.NS,Siemens Energy India Ltd.,Capital Goods,Unknown,False,Cash,1,Not Sure,Stage 1,Pending Stage 1,Pending Stage 1,Not Sure • Pending Stage 1,0.55,Blocked public stage jump Stage 3 -> Stage 1; waiting for intermediate/confirmed structure.,Blocked public stage jump Stage 3 -> Stage 1; waiting for intermediate/confirmed structure.,,,Stage 1,watchlist,weekly_watchlist,watchlist,24.71,12.97,19.43,10.0,24.71,12.97,29.43,7.18,24.54,1377067155.58,"Stage 1, Stage 1 - Base/Repair, stage1_base_ready, stage1_not_actionable | Blocked public stage jump Stage 3 -> Stage 1; waiting for intermediate/confirmed structure.",229,460,Stage 3,watchlist,weekly_watchlist,18.78,231,10.649999999999999,False,False,False,False,False
NYKAA.NS,FSN E-Commerce Ventures Limited,Consumer Services,Unknown,True,F&O,1,Stage 2,Stage 2,Early Stage 2,Early Stage 2,Stage 2 • Early Stage 2,0.72,"Price has moved above long-term structure, but the full moving-average stack is not clean yet.",,,2026-09-30,,watchlist,weekly_watchlist,watchlist,22.38,26.43,24.2,2.0,22.38,26.43,26.2,11.31,29.03,1255681623.19,"Stage 2, Early Stage 2, volume_dryup",282,441,Stage 2,watchlist,weekly_watchlist,20.27,159,5.93,False,False,False,False,False
PRESTIGE.NS,Prestige Estates Projects Ltd.,Realty,Unknown,True,F&O,1,Not Sure,Not Sure,Not Sure,Not Sure,Not Sure,0.0,Stage rules did not identify a reliable structure.,No confident stage classification.,,2026-08-31,,watchlist,weekly_watchlist,watchlist,4.34,46.89,23.49,2.0,4.34,46.89,25.49,-2.85,13.79,776874727.54,"Not Sure, Not Sure, weekly_vcp_ok, weekly_strong",307,461,Stage 4,watchlist,weekly_watchlist,18.74,154,6.75,False,False,False,False,False
HONAUT.NS,Honeywell Automation India Limited,Capital Goods,Unknown,False,Cash,1,Stage 4,Stage 4,Stage 4 - Weak/Declining,Stage 4 - Weak/Declining,Stage 4 • Stage 4 - Weak/Declining,0.72,Price is below long-term support with weak trend evidence.,,,2026-09-04,,watchlist,weekly_watchlist,watchlist,8.9,37.66,21.84,10.0,8.9,37.66,31.84,-4.63,23.25,155630238.25,"Stage 4, Stage 4 - Weak/Declining, weekly_vcp_ok, weekly_strong, downtrend",196,344,Stage 4,watchlist,weekly_watchlist,23.91,148,7.93,False,False,False,False,False
NIITMTS.NS,NIIT Learning Systems Limited,Consumer Services,Unknown,False,Cash,1,Stage 4,Stage 4,Stage 4 - Confirmed Downtrend,Stage 4 - Confirmed Downtrend,Stage 4 • Stage 4 - Confirmed Downtrend,0.86,Price is below a bearish moving-average stack with falling trend signals.,,,2026-02-17,,watchlist,weekly_watchlist,watchlist,13.2,35.8,23.37,2.0,13.2,35.8,25.37,-12.57,-35.29,50829659.87,"Stage 4, Stage 4 - Confirmed Downtrend, weekly_vcp_ok, weekly_strong, downtrend",311,451,Stage 4,watchlist,weekly_watchlist,19.46,140,5.91,False,False,False,False,False
GPIL.NS,Godawari Power And Ispat limited,Capital Goods,Unknown,False,Cash,1,Stage 4,Stage 4,Stage 4 - Weak/Declining,Stage 4 - Weak/Declining,Stage 4 • Stage 4 - Weak/Declining,0.72,Price is below long-term support with weak trend evidence.,,,2026-06-05,,watchlist,weekly_watchlist,watchlist,13.16,4.0,9.04,10.0,13.16,4.0,19.04,-5.24,-22.79,329431641.18,"Stage 4, Stage 4 - Weak/Declining, volume_dryup, weekly_volume_dryup, downtrend",441,581,Stage 4,watchlist,weekly_watchlist,13.17,140,5.869999999999999,False,False,False,False,False
CUMMINSIND.NS,Cummins India Limited,Capital Goods,Unknown,True,F&O,1,Stage 4,Stage 4,Stage 4 - Weak/Declining,Stage 4 - Weak/Declining,Stage 4 • Stage 4 - Weak/Declining,0.72,Price is below long-term support with weak trend evidence.,,,2026-08-11,,watchlist,weekly_watchlist,watchlist,0.0,35.91,16.16,10.0,0.0,35.91,26.16,-2.22,3.3,1914029605.38,"Stage 4, Stage 4 - Weak/Declining, weekly_vcp_ok, weekly_strong, downtrend",285,423,Stage 4,watchlist,weekly_watchlist,21.11,138,5.050000000000001,False,False,False,False,False
KIRLOSIND.NS,Kirloskar Industries Limited,Capital Goods,Unknown,False,Cash,1,Stage 2 Failed,Stage 3,Failed Stage 2,Failed Stage 2,Stage 2 Failed • Failed Stage 2,0.72,"This stock was recently Stage 2, but the latest structure no longer satisfies Stage 2 rules. It is kept as Stage 2 Failed until a fresh base/repair structure forms.",Recent Stage 2 break; public stage held as Stage 2 Failed.,2026-10-01,2026-09-14,,watchlist,weekly_watchlist,watchlist,13.18,4.38,9.22,10.0,13.18,4.38,19.22,-5.18,24.94,150097385.48,"Stage 3, Stage 3 - Distribution/Damage, volume_dryup, weekly_volume_dryup, distribution_risk | Stage 2 failed state applied from stage memory.",438,573,Stage 2 Failed,watchlist,weekly_watchlist,14.24,135,4.979999999999999,False,False,False,False,False
SPARC.NS,Sun Pharma Advanced Research Company Limited,Healthcare,Unknown,False,Cash,1,Not Sure,Not Sure,Not Sure,Not Sure,Not Sure,0.0,Stage rules did not identify a reliable structure.,No confident stage classification.,,2026-08-07,,watchlist,weekly_watchlist,watchlist,16.74,9.68,13.56,10.0,16.74,9.68,23.56,-18.89,43.71,191050995.97,"Not Sure, Not Sure",341,474,Stage 3,watchlist,weekly_watchlist,18.43,133,5.129999999999999,False,False,False,False,False
AIAENG.NS,AIA Engineering Limited,Capital Goods,Unknown,False,Cash,1,Stage 4,Stage 4,Stage 4,Stage 4,Stage 4,0.66,Declining structure detected.,,,2026-08-28,,watchlist,weekly_watchlist,watchlist,0.0,35.8,16.11,10.0,0.0,35.8,26.11,-12.02,5.44,254513975.11,"Stage 4, Stage 4, weekly_vcp_ok, weekly_volume_dryup, weekly_strong, downtrend",287,420,Stage 4,watchlist,weekly_watchlist,21.11,133,5.0,False,False,False,False,False
INOXWIND.NS,Inox Wind Limited,Capital Goods,Unknown,True,F&O,1,Stage 4,Stage 4,Stage 4 - Confirmed Downtrend,Stage 4 - Confirmed Downtrend,Stage 4 • Stage 4 - Confirmed Downtrend,0.86,Price is below a bearish moving-average stack with falling trend signals.,,,,,watchlist,weekly_watchlist,watchlist,3.45,22.1,11.84,10.0,3.45,22.1,21.84,-11.97,-19.39,774854739.44,"Stage 4, Stage 4 - Confirmed Downtrend, weekly_vcp_ok, volume_dryup, weekly_volume_dryup, downtrend",378,511,Stage 4,watchlist,weekly_watchlist,17.0,133,4.84,False,False,False,False,False
ESCORTS.NS,Escorts Kubota Limited,Capital Goods,Unknown,False,Cash,1,Stage 4,Stage 4,Stage 4 - Confirmed Downtrend,Stage 4 - Confirmed Downtrend,Stage 4 • Stage 4 - Confirmed Downtrend,0.86,Price is below a bearish moving-average stack with falling trend signals.,,,2026-02-10,,watchlist,weekly_watchlist,watchlist,10.57,35.8,21.92,10.0,10.57,35.8,31.92,-2.24,-10.7,219774847.21,"Stage 4, Stage 4 - Confirmed Downtrend, weekly_vcp_ok, weekly_strong, downtrend",195,327,Stage 4,watchlist,weekly_watchlist,24.44,132,7.48,False,False,False,False,False
BORORENEW.NS,BOROSIL RENEWABLES LIMITED,Capital Goods,Unknown,False,Cash,1,Stage 4,Stage 4,Stage 4 - Weak/Declining,Stage 4 - Weak/Declining,Stage 4 • Stage 4 - Weak/Declining,0.72,Price is below long-term support with weak trend evidence.,,,2026-08-04,,watchlist,weekly_watchlist,watchlist,0.0,35.8,16.11,10.0,0.0,35.8,26.11,-17.93,1.45,212247693.19,"Stage 4, Stage 4 - Weak/Declining, weekly_vcp_ok, weekly_strong, downtrend",290,422,Stage 4,watchlist,weekly_watchlist,21.11,132,5.0,False,False,False,False,False
KEC.NS,KEC International Limited,Capital Goods,Unknown,False,Cash,1,Stage 4,Stage 4,Stage 4 - Confirmed Downtrend,Stage 4 - Confirmed Downtrend,Stage 4 • Stage 4 - Confirmed Downtrend,0.86,Price is below a bearish moving-average stack with falling trend signals.,,,,,watchlist,weekly_watchlist,watchlist,0.0,35.8,16.11,10.0,0.0,35.8,26.11,-16.2,-32.5,425696256.41,"Stage 4, Stage 4 - Confirmed Downtrend, weekly_vcp_ok, volume_dryup, weekly_volume_dryup, weekly_strong, downtrend",292,424,Stage 4,watchlist,weekly_watchlist,21.11,132,5.0,False,False,False,False,False
SURYAROSNI.NS,Surya Roshni Limited,Capital Goods,Unknown,False,Cash,1,Stage 4,Stage 4,Stage 4 - Confirmed Downtrend,Stage 4 - Confirmed Downtrend,Stage 4 • Stage 4 - Confirmed Downtrend,0.86,Price is below a bearish moving-average stack with falling trend signals.,,,2026-07-10,,watchlist,weekly_watchlist,watchlist,0.0,35.8,16.11,10.0,0.0,35.8,26.11,-6.02,3.59,102566710.09,"Stage 4, Stage 4 - Confirmed Downtrend, weekly_vcp_ok, weekly_strong, downtrend",297,429,Stage 4,watchlist,weekly_watchlist,21.11,132,5.0,False,False,False,False,False
SALASAR.NS,Salasar Techno Engineering Limited,Capital Goods,Unknown,False,Cash,1,Stage 4,Stage 4,Stage 4 - Confirmed Downtrend,Stage 4 - Confirmed Downtrend,Stage 4 • Stage 4 - Confirmed Downtrend,0.86,Price is below a bearish moving-average stack with falling trend signals.,,,,,watchlist,weekly_watchlist,watchlist,0.0,35.8,16.11,10.0,0.0,35.8,26.11,-24.18,-41.02,32980716.92,"Stage 4, Stage 4 - Confirmed Downtrend, weekly_vcp_ok, weekly_strong, downtrend",295,426,Stage 4,watchlist,weekly_watchlist,21.11,131,5.0,False,False,False,False,False
BBL.NS,Bharat Bijlee Limited,Capital Goods,Unknown,False,Cash,1,Stage 4,Stage 4,Stage 4 - Confirmed Downtrend,Stage 4 - Confirmed Downtrend,Stage 4 • Stage 4 - Confirmed Downtrend,0.86,Price is below a bearish moving-average stack with falling trend signals.,,,,,watchlist,weekly_watchlist,watchlist,3.64,36.9,18.61,10.0,3.64,36.9,28.61,-14.34,-11.47,42442527.67,"Stage 4, Stage 4 - Confirmed Downtrend, weekly_vcp_ok, volume_dryup, weekly_volume_dryup, weekly_strong, downtrend",239,369,Stage 4,watchlist,weekly_watchlist,22.83,130,5.780000000000001,False,False,False,False,False
ESABINDIA.NS,Esab India Limited,Capital Goods,Unknown,False,Cash,1,Stage 2 Failed,Stage 1,Failed Stage 2,Failed Stage 2,Stage 2 Failed • Failed Stage 2,0.72,"This stock was recently Stage 2, but the latest structure no longer satisfies Stage 2 rules. It is kept as Stage 2 Failed until a fresh base/repair structure forms.",Recent Stage 2 break; public stage held as Stage 2 Failed.,2026-10-01,2026-09-14,,watchlist,weekly_watchlist,watchlist,6.72,11.27,8.77,10.0,6.72,11.27,18.77,5.23,7.46,21304555.27,"Stage 1, Stage 1 - Base/Repair, volume_dryup, weekly_volume_dryup, stage1_not_actionable, stage1_needs_more_base | Stage 2 failed state applied from stage memory.",448,577,Stage 2 Failed,watchlist,weekly_watchlist,13.48,129,5.289999999999999,False,False,False,False,False
ASTRAMICRO.NS,Astra Microwave Products Limited,Capital Goods,Unknown,False,Cash,1,Stage 2 Failed,Stage 3,Failed Stage 2,Failed Stage 2,Stage 2 Failed • Failed Stage 2,0.72,"This stock was recently Stage 2, but the latest structure no longer satisfies Stage 2 rules. It is kept as Stage 2 Failed until a fresh base/repair structure forms.",Recent Stage 2 break; public stage held as Stage 2 Failed.,2026-10-01,2026-09-15,,watchlist,weekly_watchlist,watchlist,20.79,3.8,13.14,10.0,20.79,3.8,23.14,-0.5,62.52,541118115.62,"Stage 3, Stage 3 - Distribution/Damage, volume_dryup, weekly_volume_dryup, distribution_risk | Stage 2 failed state applied from stage memory.",349,478,Stage 2 Failed,watchlist,weekly_watchlist,18.22,129,4.920000000000002,False,False,False,False,False
SKFINDIA.NS,SKF India Limited,Capital Goods,Unknown,False,Cash,1,Stage 4,Stage 4,Stage 4 - Confirmed Downtrend,Stage 4 - Confirmed Downtrend,Stage 4 • Stage 4 - Confirmed Downtrend,0.86,Price is below a bearish moving-average stack with falling trend signals.,,,,,watchlist,weekly_watchlist,watchlist,9.26,22.1,15.04,10.0,9.26,22.1,25.04,-0.09,-4.63,88130488.72,"Stage 4, Stage 4 - Confirmed Downtrend, weekly_vcp_ok, weekly_volume_dryup, downtrend",317,444,Stage 4,watchlist,weekly_watchlist,19.76,127,5.279999999999998,False,False,False,False,False
SANGHVIMOV.NS,Sanghvi Movers Limited,Capital Goods,Unknown,False,Cash,1,Stage 2 Failed,Stage 3,Failed Stage 2,Failed Stage 2,Stage 2 Failed • Failed Stage 2,0.72,"This stock was recently Stage 2, but the latest structure no longer satisfies Stage 2 rules. It is kept as Stage 2 Failed until a fresh base/repair structure forms.",Recent Stage 2 break; public stage held as Stage 2 Failed.,2026-10-01,2026-09-18,,watchlist,weekly_watchlist,watchlist,24.27,2.98,14.69,10.0,24.27,2.98,24.69,4.17,49.65,114400202.98,"Stage 3, Stage 3 - Distribution/Damage, volume_dryup, weekly_volume_dryup, distribution_risk | Stage 2 failed state applied from stage memory.",321,448,Stage 2 Failed,watchlist,weekly_watchlist,19.56,127,5.130000000000003,False,False,False,False,False
BDL.NS,Bharat Dynamics Limited,Capital Goods,Unknown,True,F&O,1,Stage 4,Stage 4,Stage 4 - Confirmed Downtrend,Stage 4 - Confirmed Downtrend,Stage 4 • Stage 4 - Confirmed Downtrend,0.86,Price is below a bearish moving-average stack with falling trend signals.,,,,,watchlist,weekly_watchlist,watchlist,0.0,32.13,14.46,10.0,0.0,32.13,24.46,-13.81,-14.59,1238314091.02,"Stage 4, Stage 4 - Confirmed Downtrend, weekly_vcp_ok, volume_dryup, weekly_volume_dryup, weekly_strong, downtrend",325,452,Stage 4,watchlist,weekly_watchlist,19.46,127,5.0,False,False,False,False,False
ELECTCAST.NS,Electrosteel Castings Limited,Capital Goods,Unknown,False,Cash,1,Stage 2 Failed,Stage 1,Failed Stage 2,Failed Stage 2,Stage 2 Failed • Failed Stage 2,0.72,"This stock was recently Stage 2, but the latest structure no longer satisfies Stage 2 rules. It is kept as Stage 2 Failed until a fresh base/repair structure forms.",Recent Stage 2 break; public stage held as Stage 2 Failed.,2026-10-01,2026-09-14,,watchlist,weekly_watchlist,watchlist,12.21,28.1,19.36,10.0,12.21,28.1,29.36,5.76,-7.33,288193196.06,"Stage 1, Stage 1 - Base/Repair, weekly_vcp_ok, stage1_not_actionable, stage1_needs_more_base | Stage 2 failed state applied from stage memory.",231,357,Stage 2 Failed,watchlist,weekly_watchlist,23.32,126,6.039999999999999,False,False,False,False,False
MARICO.NS,Marico Limited,Fast Moving Consumer Goods,Unknown,True,F&O,1,Not Sure,Not Sure,Not Sure,Not Sure,Not Sure,0.0,Stage rules did not identify a reliable structure.,No confident stage classification.,,2026-09-01,,watchlist,weekly_watchlist,watchlist,5.7,46.5,24.06,0.0,5.7,46.5,24.06,0.82,6.15,1232578494.03,"Not Sure, Not Sure, weekly_vcp_ok, weekly_volume_dryup, weekly_strong",331,457,Stage 1,watchlist,weekly_watchlist,19.01,126,5.049999999999997,False,False,False,False,False
COCHINSHIP.NS,Cochin Shipyard Limited,Capital Goods,Unknown,True,F&O,1,Stage 4,Stage 4,Stage 4 - Confirmed Downtrend,Stage 4 - Confirmed Downtrend,Stage 4 • Stage 4 - Confirmed Downtrend,0.86,Price is below a bearish moving-average stack with falling trend signals.,,,2025-10-17,,watchlist,weekly_watchlist,watchlist,0.0,36.9,16.61,10.0,0.0,36.9,26.61,-2.66,-5.49,1591355673.63,"Stage 4, Stage 4 - Confirmed Downtrend, weekly_vcp_ok, volume_dryup, weekly_volume_dryup, weekly_strong, downtrend",273,399,Stage 4,watchlist,weekly_watchlist,21.61,126,5.0,False,False,False,False,False
MAZDOCK.NS,Mazagon Dock Shipbuilders Limited,Capital Goods,Unknown,True,F&O,1,Stage 4,Stage 4,Stage 4 - Weak/Declining,Stage 4 - Weak/Declining,Stage 4 • Stage 4 - Weak/Declining,0.72,Price is below long-term support with weak trend evidence.,,,2026-09-08,,watchlist,weekly_watchlist,watchlist,0.0,36.9,16.61,10.0,0.0,36.9,26.61,-9.83,-12.53,1365052021.54,"Stage 4, Stage 4 - Weak/Declining, weekly_vcp_ok, volume_dryup, weekly_volume_dryup, weekly_strong, downtrend",275,400,Stage 4,watchlist,weekly_watchlist,21.61,125,5.0,False,False,False,False,False
PREMIERENE.NS,Premier Energies Ltd.,Capital Goods,Unknown,True,F&O,1,Not Sure,Stage 1,Pending Stage 1,Pending Stage 1,Not Sure • Pending Stage 1,0.55,Blocked public stage jump Stage 4 -> Stage 1; waiting for intermediate/confirmed structure.,Blocked public stage jump Stage 4 -> Stage 1; waiting for intermediate/confirmed structure.,,2026-08-14,Stage 1,watchlist,weekly_watchlist,watchlist,0.0,4.4,1.98,10.0,0.0,4.4,11.98,-6.07,-7.3,1129470826.16,"Stage 1, Stage 1 - Unclear/Repair, stage1_not_actionable, stage1_needs_more_base | Blocked public stage jump Stage 4 -> Stage 1; waiting for intermediate/confirmed structure.",584,689,Stage 4,watchlist,weekly_watchlist,5.0,105,6.98,False,False,False,False,False
INGERRAND.NS,Ingersoll Rand (India) Limited,Capital Goods,Unknown,False,Cash,1,Stage 2 Failed,Stage 1,Failed Stage 2,Failed Stage 2,Stage 2 Failed • Failed Stage 2,0.72,"This stock was recently Stage 2, but the latest structure no longer satisfies Stage 2 rules. It is kept as Stage 2 Failed until a fresh base/repair structure forms.",Recent Stage 2 break; public stage held as Stage 2 Failed.,2026-10-01,2026-09-16,,watchlist,weekly_watchlist,watchlist,0.0,43.33,19.5,10.0,0.0,43.33,29.5,4.25,11.06,84649553.7,"Stage 1, Stage 1 - Base/Repair, weekly_vcp_ok, volume_dryup, weekly_volume_dryup, weekly_strong, stage1_not_actionable, stage1_needs_more_base | Stage 2 failed state applied from stage memory.",227,331,Stage 2 Failed,watchlist,weekly_watchlist,24.3,104,5.199999999999999,False,False,False,False,False
GRINDWELL.NS,Grindwell Norton Limited,Capital Goods,Unknown,False,Cash,1,Stage 2 Failed,Stage 1,Failed Stage 2,Failed Stage 2,Stage 2 Failed • Failed Stage 2,0.72,"This stock was recently Stage 2, but the latest structure no longer satisfies Stage 2 rules. It is kept as Stage 2 Failed until a fresh base/repair structure forms.",Recent Stage 2 break; public stage held as Stage 2 Failed.,2026-10-01,2026-09-21,,watchlist,weekly_watchlist,watchlist,13.12,2.79,8.47,10.0,13.12,2.79,18.47,6.3,37.65,52319633.19,"Stage 1, Stage 1 - Base/Repair, weekly_volume_dryup, stage1_not_actionable, stage1_needs_more_base | Stage 2 failed state applied from stage memory.",461,565,Stage 2 Failed,watchlist,weekly_watchlist,15.95,104,2.5199999999999996,False,False,False,False,False
SIEMENS.NS,Siemens Ltd.,Capital Goods,Unknown,True,F&O,1,Stage 2,Stage 2,Early Stage 2,Early Stage 2,Stage 2 • Early Stage 2,0.72,"Price has moved above long-term structure, but the full moving-average stack is not clean yet.",,,2026-09-30,,watchlist,weekly_watchlist,watchlist,19.52,22.92,21.05,10.0,19.52,22.92,31.05,17.6,19.63,935043876.31,"Stage 2, Early Stage 2, volume_dryup, weekly_volume_dryup",206,304,Stage 2,watchlist,weekly_watchlist,25.34,98,5.710000000000001,False,False,False,False,False
RHIM.NS,RHI MAGNESITA INDIA LIMITED,Capital Goods,Unknown,False,Cash,1,Stage 4,Stage 4,Stage 4 - Weak/Declining,Stage 4 - Weak/Declining,Stage 4 • Stage 4 - Weak/Declining,0.72,Price is below long-term support with weak trend evidence.,,,,,watchlist,weekly_watchlist,watchlist,4.92,38.24,19.91,10.0,4.92,38.24,29.91,9.06,4.38,409016023.79,"Stage 4, Stage 4 - Weak/Declining, weekly_vcp_ok, weekly_volume_dryup, weekly_strong, downtrend",222,317,Stage 4,watchlist,weekly_watchlist,24.71,95,5.199999999999999,False,False,False,False,False
VSTTILLERS.NS,V.S.T Tillers Tractors Limited,Capital Goods,Unknown,False,Cash,1,Stage 4,Stage 4,Stage 4 - Weak/Declining,Stage 4 - Weak/Declining,Stage 4 • Stage 4 - Weak/Declining,0.72,Price is below long-term support with weak trend evidence.,,,2026-02-26,,watchlist,weekly_watchlist,watchlist,0.0,43.8,19.71,10.0,0.0,43.8,29.71,4.54,-15.3,48123168.23,"Stage 4, Stage 4 - Weak/Declining, weekly_vcp_ok, weekly_strong, downtrend",225,318,Stage 4,watchlist,weekly_watchlist,24.71,93,5.0,False,False,False,False,False
SKIPPER.NS,Skipper Limited,Capital Goods,Unknown,False,Cash,1,Stage 2,Stage 2,Early Stage 2,Early Stage 2,Stage 2 • Early Stage 2,0.72,"Price has moved above long-term structure, but the full moving-average stack is not clean yet.",,,2026-09-30,,watchlist,weekly_watchlist,watchlist,20.57,27.33,23.61,10.0,20.57,27.33,33.61,5.97,51.33,868973094.27,"Stage 2, Early Stage 2, volume_dryup, weekly_volume_dryup",178,269,Stage 2,watchlist,weekly_watchlist,26.77,91,6.84,False,False,False,False,False
FINPIPE.NS,Finolex Industries Limited,Capital Goods,Unknown,False,Cash,1,Stage 4,Stage 4,Stage 4 - Confirmed Downtrend,Stage 4 - Confirmed Downtrend,Stage 4 • Stage 4 - Confirmed Downtrend,0.86,Price is below a bearish moving-average stack with falling trend signals.,,,,,watchlist,weekly_watchlist,watchlist,7.23,35.8,20.09,10.0,7.23,35.8,30.09,-2.07,-2.49,50439097.58,"Stage 4, Stage 4 - Confirmed Downtrend, weekly_vcp_ok, volume_dryup, weekly_volume_dryup, weekly_strong, downtrend",218,306,Stage 4,watchlist,weekly_watchlist,25.21,88,4.879999999999999,False,False,False,False,False
BHEL.NS,Bharat Heavy Electricals Limited,Capital Goods,Unknown,True,F&O,1,Stage 2,Stage 2,Messy Stage 2,Messy Stage 2,Stage 2 • Messy Stage 2,0.64,"Long-term structure is still constructive, but the short-term/weekly structure is not clean.",,,2026-09-30,,watchlist,weekly_watchlist,watchlist,65.29,30.4,49.59,10.0,65.29,30.4,59.59,20.42,60.1,2675910170.05,"Stage 2, Messy Stage 2, trend_template_ok",25,110,Stage 2,watchlist,weekly_watchlist,43.26,85,16.330000000000005,False,False,False,False,False
HATSUN.NS,Hatsun Agro Product Limited,Fast Moving Consumer Goods,Unknown,False,Cash,1,Stage 2,Stage 2,Stage 2,Stage 2,Stage 2,0.76,Advancing structure detected.,,,2026-09-30,,watchlist,weekly_breakout,watchlist,37.94,64.95,50.09,0.0,37.94,64.95,50.09,32.94,27.52,118192513.02,"Stage 2, Stage 2, trend_template_ok, weekly_vcp_ok, volume_dryup, weekly_volume_dryup, weekly_strong",69,150,Stage 2,watchlist,weekly_breakout,38.45,81,11.64,False,False,False,False,False
PRAJIND.NS,Praj Industries Limited,Capital Goods,Unknown,False,Cash,1,Stage 4,Stage 4,Stage 4 - Weak/Declining,Stage 4 - Weak/Declining,Stage 4 • Stage 4 - Weak/Declining,0.72,Price is below long-term support with weak trend evidence.,,,2026-08-31,,watchlist,weekly_watchlist,watchlist,9.2,35.8,21.17,10.0,9.2,35.8,31.17,-6.81,-9.28,121235459.64,"Stage 4, Stage 4 - Weak/Declining, weekly_vcp_ok, volume_dryup, weekly_volume_dryup, weekly_strong, downtrend",204,284,Not Sure,watchlist,weekly_watchlist,26.17,80,5.0,False,False,False,False,False
SCHNEIDER.NS,Schneider Electric Infrastructure Limited,Capital Goods,Unknown,False,Cash,1,Stage 2,Stage 2,Stage 2,Stage 2,Stage 2,0.76,Advancing structure detected.,Stage 2 reclaimed after 3 confirmation runs.,,2026-09-30,,watchlist,weekly_watchlist,watchlist,32.61,28.58,30.8,10.0,32.61,28.58,40.8,-6.33,32.11,326986191.11,"Stage 2, Stage 2",120,199,Stage 2 Failed,watchlist,weekly_watchlist,33.5,79,7.299999999999997,False,False,True,False,False
GRSE.NS,Garden Reach Shipbuilders & Engineers Limited,Capital Goods,Unknown,False,Cash,1,Stage 4,Stage 4,Stage 4 - Weak/Declining,Stage 4 - Weak/Declining,Stage 4 • Stage 4 - Weak/Declining,0.72,Price is below long-term support with weak trend evidence.,,,2026-07-08,,watchlist,weekly_watchlist,watchlist,12.12,35.8,22.78,10.0,12.12,35.8,32.78,-13.23,-13.41,774872177.32,"Stage 4, Stage 4 - Weak/Declining, weekly_vcp_ok, weekly_strong, downtrend",189,267,Stage 4,watchlist,weekly_watchlist,26.81,78,5.970000000000002,False,False,False,False,False
DATAPATTNS.NS,Data Patterns (India) Limited,Capital Goods,Unknown,False,Cash,1,Stage 2,Stage 2,Early Stage 2,Early Stage 2,Stage 2 • Early Stage 2,0.72,"Price has moved above long-term structure, but the full moving-average stack is not clean yet.",,,2026-09-30,,watchlist,weekly_watchlist,watchlist,15.43,28.81,21.45,10.0,15.43,28.81,31.45,5.12,31.0,2736129539.81,"Stage 2, Early Stage 2, volume_dryup, weekly_volume_dryup",200,278,Stage 2,watchlist,weekly_watchlist,26.49,78,4.960000000000001,False,False,False,False,False
HBLENGINE.NS,HBL Engineering Ltd.,Capital Goods,Unknown,False,Cash,1,Not Sure,Not Sure,Not Sure,Not Sure,Not Sure,0.0,Stage rules did not identify a reliable structure.,No confident stage classification.,,2026-06-26,,watchlist,weekly_watchlist,watchlist,20.11,21.78,20.86,10.0,20.11,21.78,30.86,8.03,9.78,2161271365.83,"Not Sure, Not Sure",207,283,Not Sure,watchlist,weekly_watchlist,26.17,76,4.689999999999998,False,False,False,False,False
GALLANTT.NS,Gallantt Ispat Limited,Capital Goods,Unknown,False,Cash,1,Stage 4,Stage 4,Stage 4 - Weak/Declining,Stage 4 - Weak/Declining,Stage 4 • Stage 4 - Weak/Declining,0.72,Price is below long-term support with weak trend evidence.,,,2026-06-26,,watchlist,weekly_watchlist,watchlist,10.72,33.8,21.11,10.0,10.72,33.8,31.11,-11.64,-19.57,51412313.8,"Stage 4, Stage 4 - Weak/Declining, weekly_vcp_ok, weekly_volume_dryup, weekly_strong, downtrend",205,279,Stage 4,watchlist,weekly_watchlist,26.46,74,4.649999999999999,False,False,False,False,False
NETWEB.NS,Netweb Technologies India Limited,Information Technology,Unknown,False,Cash,1,Stage 2,Stage 2,Early Stage 2,Early Stage 2,Stage 2 • Early Stage 2,0.72,"Price has moved above long-term structure, but the full moving-average stack is not clean yet.",,,2026-09-30,,watchlist,weekly_watchlist,watchlist,17.41,23.29,20.06,2.0,17.41,23.29,22.06,15.13,37.73,4794400725.92,"Stage 2, Early Stage 2, volume_dryup, weekly_volume_dryup",372,446,Stage 2,watchlist,weekly_watchlist,19.68,74,2.379999999999999,False,False,False,False,False
ZAGGLE.NS,Zaggle Prepaid Ocean Services Limited,Information Technology,Unknown,False,Cash,1,Stage 4,Stage 4,Stage 4 - Confirmed Downtrend,Stage 4 - Confirmed Downtrend,Stage 4 • Stage 4 - Confirmed Downtrend,0.86,Price is below a bearish moving-average stack with falling trend signals.,,,,,watchlist,weekly_watchlist,watchlist,0.0,36.9,16.61,2.0,0.0,36.9,18.61,-8.19,-30.43,165161705.73,"Stage 4, Stage 4 - Confirmed Downtrend, weekly_vcp_ok, volume_dryup, weekly_volume_dryup, weekly_strong, downtrend",456,530,Stage 4,watchlist,weekly_watchlist,16.61,74,2.0,False,False,False,False,False
GVT&D.NS,GE Vernova T&D India Ltd.,Capital Goods,Unknown,False,Cash,1,Stage 2 Failed,Stage 3,Failed Stage 2,Failed Stage 2,Stage 2 Failed • Failed Stage 2,0.72,"This stock was recently Stage 2, but the latest structure no longer satisfies Stage 2 rules. It is kept as Stage 2 Failed until a fresh base/repair structure forms.",Recent Stage 2 break; public stage held as Stage 2 Failed.,2026-10-01,2026-09-23,,watchlist,weekly_watchlist,watchlist,0.0,1.98,0.89,10.0,0.0,1.98,10.89,4.23,15.59,3417663156.82,"Stage 3, Stage 3 - Distribution/Damage, volume_dryup, weekly_volume_dryup, distribution_risk | Stage 2 failed state applied from stage memory.",598,671,Stage 2 Failed,watchlist,weekly_watchlist,5.57,73,5.32,False,False,False,False,False
COHANCE.NS,Cohance Lifesciences Ltd.,Healthcare,Unknown,False,Cash,1,Not Sure,Not Sure,Not Sure,Not Sure,Not Sure,0.0,Stage rules did not identify a reliable structure.,No confident stage classification.,,,,watchlist,weekly_watchlist,watchlist,19.24,18.52,18.92,10.0,19.24,18.52,28.92,10.24,46.95,558623674.87,"Not Sure, Not Sure, weekly_volume_dryup",237,310,Not Sure,watchlist,weekly_watchlist,25.1,73,3.8200000000000003,False,False,False,False,False
NUCLEUS.NS,Nucleus Software Exports Limited,Information Technology,Unknown,False,Cash,1,Stage 4,Stage 4,Stage 4 - Confirmed Downtrend,Stage 4 - Confirmed Downtrend,Stage 4 • Stage 4 - Confirmed Downtrend,0.86,Price is below a bearish moving-average stack with falling trend signals.,,,,,watchlist,weekly_watchlist,watchlist,0.0,36.9,16.61,2.0,0.0,36.9,18.61,-5.36,-20.02,11256468.38,"Stage 4, Stage 4 - Confirmed Downtrend, weekly_vcp_ok, volume_dryup, weekly_volume_dryup, weekly_strong, downtrend",455,528,Stage 4,watchlist,weekly_watchlist,16.61,73,2.0,False,False,False,False,False
ZEEL.NS,Zee Entertainment Enterprises Limited,"Media, Entertainment & Publication",Unknown,False,Cash,1,Stage 4,Stage 4,Stage 4 - Weak/Declining,Stage 4 - Weak/Declining,Stage 4 • Stage 4 - Weak/Declining,0.72,Price is below long-term support with weak trend evidence.,,,2026-08-21,,watchlist,weekly_watchlist,watchlist,0.0,35.8,16.11,2.0,0.0,35.8,18.11,-19.85,-5.4,1286379921.16,"Stage 4, Stage 4 - Weak/Declining, weekly_vcp_ok, volume_dryup, weekly_volume_dryup, weekly_strong, downtrend",491,564,Stage 4,watchlist,weekly_watchlist,16.11,73,2.0,False,False,False,False,False
SUZLON.NS,Suzlon Energy Limited,Capital Goods,Unknown,True,F&O,1,Stage 4,Stage 4,Stage 4 - Weak/Declining,Stage 4 - Weak/Declining,Stage 4 • Stage 4 - Weak/Declining,0.72,Price is below long-term support with weak trend evidence.,,,2026-07-13,,watchlist,weekly_watchlist,watchlist,0.0,0.0,0.0,10.0,0.0,0.0,10.0,-20.23,-10.89,2199091077.55,"Stage 4, Stage 4 - Weak/Declining, downtrend",619,691,Stage 4,watchlist,weekly_watchlist,5.0,72,5.0,False,False,False,False,False
HEXT.NS,Hexaware Technologies Ltd.,Information Technology,Unknown,False,Cash,1,Stage 4,Stage 4,Stage 4 - Weak/Declining,Stage 4 - Weak/Declining,Stage 4 • Stage 4 - Weak/Declining,0.72,Price is below long-term support with weak trend evidence.,,,,,watchlist,weekly_watchlist,watchlist,0.0,36.57,16.46,2.0,0.0,36.57,18.46,-1.12,8.78,84901945.64,"Stage 4, Stage 4 - Weak/Declining, weekly_vcp_ok, volume_dryup, weekly_volume_dryup, weekly_strong, downtrend",462,534,Stage 4,watchlist,weekly_watchlist,16.44,72,2.0199999999999996,False,False,False,False,False
SAKSOFT.NS,Saksoft Limited,Information Technology,Unknown,False,Cash,1,Stage 4,Stage 4,Stage 4 - Weak/Declining,Stage 4 - Weak/Declining,Stage 4 • Stage 4 - Weak/Declining,0.72,Price is below long-term support with weak trend evidence.,,,2025-11-20,,watchlist,weekly_watchlist,watchlist,0.0,35.8,16.11,2.0,0.0,35.8,18.11,-12.62,2.48,33735431.92,"Stage 4, Stage 4 - Weak/Declining, weekly_vcp_ok, volume_dryup, weekly_volume_dryup, weekly_strong, downtrend",488,560,Stage 4,watchlist,weekly_watchlist,16.11,72,2.0,False,False,False,False,False
SJVN.NS,SJVN Limited,Power,Unknown,False,Cash,1,Stage 4,Stage 4,Stage 4 - Confirmed Downtrend,Stage 4 - Confirmed Downtrend,Stage 4 • Stage 4 - Confirmed Downtrend,0.86,Price is below a bearish moving-average stack with falling trend signals.,,,,,watchlist,weekly_watchlist,watchlist,10.44,36.9,22.35,0.0,10.44,36.9,22.35,-10.69,-16.34,174168675.46,"Stage 4, Stage 4 - Confirmed Downtrend, weekly_vcp_ok, weekly_strong, downtrend",365,437,Stage 4,watchlist,weekly_watchlist,20.64,72,1.7100000000000009,False,False,False,False,False
ABB.NS,ABB India Limited,Capital Goods,Unknown,True,F&O,1,Stage 2 Failed,Stage 1,Failed Stage 2,Failed Stage 2,Stage 2 Failed • Failed Stage 2,0.72,"This stock was recently Stage 2, but the latest structure no longer satisfies Stage 2 rules. It is kept as Stage 2 Failed until a fresh base/repair structure forms.",Recent Stage 2 break; public stage held as Stage 2 Failed.,2026-10-01,2026-09-28,,watchlist,weekly_watchlist,watchlist,3.48,8.42,5.7,10.0,3.48,8.42,15.7,8.27,7.91,1244282775.35,"Stage 1, Stage 1 - Base/Repair, weekly_volume_dryup, stage1_not_actionable, stage1_needs_more_base | Stage 2 failed state applied from stage memory.",553,623,Stage 2 Failed,watchlist,weekly_watchlist,9.4,70,6.299999999999999,False,False,False,False,False
TARIL.NS,Transformers And Rectifiers (India) Ltd.,Capital Goods,Unknown,False,Cash,1,Stage 4,Stage 4,Stage 4 - Weak/Declining,Stage 4 - Weak/Declining,Stage 4 • Stage 4 - Weak/Declining,0.72,Price is below long-term support with weak trend evidence.,,,,,watchlist,weekly_watchlist,watchlist,0.0,0.8,0.36,10.0,0.0,0.8,10.36,-7.61,0.98,1026898392.49,"Stage 4, Stage 4 - Weak/Declining, downtrend",607,677,Stage 4,watchlist,weekly_watchlist,5.36,70,4.999999999999999,False,False,False,False,False
THERMAX.NS,Thermax Limited,Capital Goods,Unknown,False,Cash,1,Stage 4,Stage 4,Stage 4 - Weak/Declining,Stage 4 - Weak/Declining,Stage 4 • Stage 4 - Weak/Declining,0.72,Price is below long-term support with weak trend evidence.,,,2026-08-05,,watchlist,weekly_watchlist,watchlist,0.0,0.8,0.36,10.0,0.0,0.8,10.36,-20.41,3.65,577807047.07,"Stage 4, Stage 4 - Weak/Declining, volume_dryup, weekly_volume_dryup, downtrend",608,678,Stage 4,watchlist,weekly_watchlist,5.36,70,4.999999999999999,False,False,False,False,False
MPHASIS.NS,MphasiS Limited,Information Technology,Unknown,True,F&O,1,Stage 4,Stage 4,Stage 4 - Weak/Declining,Stage 4 - Weak/Declining,Stage 4 • Stage 4 - Weak/Declining,0.72,Price is below long-term support with weak trend evidence.,,,2026-01-19,,watchlist,weekly_watchlist,watchlist,13.5,37.39,24.25,2.0,13.5,37.39,26.25,5.52,-0.58,908568749.81,"Stage 4, Stage 4 - Weak/Declining, weekly_vcp_ok, weekly_strong, downtrend",280,350,Stage 4,watchlist,weekly_watchlist,23.73,70,2.5199999999999996,False,False,False,False,False
POWERINDIA.NS,Hitachi Energy India Limited,Capital Goods,Unknown,True,F&O,1,Stage 2 Failed,Stage 1,Failed Stage 2,Failed Stage 2,Stage 2 Failed • Failed Stage 2,0.72,"This stock was recently Stage 2, but the latest structure no longer satisfies Stage 2 rules. It is kept as Stage 2 Failed until a fresh base/repair structure forms.",Recent Stage 2 break; public stage held as Stage 2 Failed.,2026-10-01,2026-09-18,,watchlist,weekly_watchlist,watchlist,0.0,3.62,1.63,10.0,0.0,3.62,11.63,6.29,21.9,3312557156.75,"Stage 1, Stage 1 - Base/Repair, stage1_not_actionable, stage1_needs_more_base | Stage 2 failed state applied from stage memory.",590,659,Stage 2 Failed,watchlist,weekly_watchlist,6.38,69,5.250000000000001,False,False,False,False,False
POLYCAB.NS,Polycab India Limited,Capital Goods,Unknown,True,F&O,1,Stage 1,Stage 1,Stage 1 - Base/Repair,Stage 1 - Base/Repair,Stage 1 • Stage 1 - Base/Repair,0.7,Price is near long-term moving averages with no strong long-term downtrend signal.,,,2026-08-31,,watchlist,weekly_watchlist,watchlist,0.0,0.8,0.36,10.0,0.0,0.8,10.36,-6.79,6.76,3664809901.97,"Stage 1, Stage 1 - Base/Repair, stage1_not_actionable, stage1_needs_more_base",606,675,Stage 1,watchlist,weekly_watchlist,5.4,69,4.959999999999999,False,False,False,False,False
PNC.NS,Pritish Nandy Communications Limited,"Media, Entertainment & Publication",Unknown,False,Cash,1,Stage 4,Stage 4,Stage 4 - Weak/Declining,Stage 4 - Weak/Declining,Stage 4 • Stage 4 - Weak/Declining,0.72,Price is below long-term support with weak trend evidence.,,,,,watchlist,weekly_watchlist,watchlist,0.0,35.8,16.11,2.0,0.0,35.8,18.11,-4.18,-14.41,376630.43,"Stage 4, Stage 4 - Weak/Declining, weekly_vcp_ok, weekly_volume_dryup, weekly_strong, downtrend",487,556,Stage 4,watchlist,weekly_watchlist,16.11,69,2.0,False,False,False,False,False
TITAGARH.NS,TITAGARH RAIL SYSTEMS LIMITED,Capital Goods,Unknown,False,Cash,1,Stage 2 Failed,Stage 3,Failed Stage 2,Failed Stage 2,Stage 2 Failed • Failed Stage 2,0.72,"This stock was recently Stage 2, but the latest structure no longer satisfies Stage 2 rules. It is kept as Stage 2 Failed until a fresh base/repair structure forms.",Recent Stage 2 break; public stage held as Stage 2 Failed.,2026-10-01,2026-09-21,,watchlist,weekly_watchlist,watchlist,0.0,1.78,0.8,10.0,0.0,1.78,10.8,2.9,14.88,572377762.9,"Stage 3, Stage 3 - Distribution/Damage, distribution_risk | Stage 2 failed state applied from stage memory.",600,668,Stage 2 Failed,watchlist,weekly_watchlist,5.8,68,5.000000000000001,False,False,False,False,False
KAYNES.NS,Kaynes Technology India Limited,Capital Goods,Unknown,True,F&O,1,Stage 4,Stage 4,Stage 4 - Weak/Declining,Stage 4 - Weak/Declining,Stage 4 • Stage 4 - Weak/Declining,0.72,Price is below long-term support with weak trend evidence.,,,2025-11-13,,watchlist,weekly_watchlist,watchlist,0.0,0.0,0.0,10.0,0.0,0.0,10.0,10.83,-11.96,3662292478.9,"Stage 4, Stage 4 - Weak/Declining, weekly_volume_dryup, downtrend",617,685,Stage 4,watchlist,weekly_watchlist,5.0,68,5.0,False,False,False,False,False
JAICORPLTD.NS,Jai Corp Limited,Capital Goods,Unknown,False,Cash,1,Stage 4,Stage 4,Stage 4 - Confirmed Downtrend,Stage 4 - Confirmed Downtrend,Stage 4 • Stage 4 - Confirmed Downtrend,0.86,Price is below a bearish moving-average stack with falling trend signals.,,,2025-11-04,,watchlist,weekly_watchlist,watchlist,0.93,0.0,0.51,10.0,0.93,0.0,10.51,-11.18,-12.45,24575151.42,"Stage 4, Stage 4 - Confirmed Downtrend, weekly_volume_dryup, downtrend",602,670,Stage 4,watchlist,weekly_watchlist,5.59,68,4.92,False,False,False,False,False
KPITTECH.NS,KPIT Technologies Limited,Information Technology,Unknown,True,F&O,1,Stage 4,Stage 4,Stage 4 - Confirmed Downtrend,Stage 4 - Confirmed Downtrend,Stage 4 • Stage 4 - Confirmed Downtrend,0.86,Price is below a bearish moving-average stack with falling trend signals.,,,,,watchlist,weekly_watchlist,watchlist,0.0,35.8,16.11,2.0,0.0,35.8,18.11,-3.56,-30.06,853740181.32,"Stage 4, Stage 4 - Confirmed Downtrend, weekly_vcp_ok, volume_dryup, weekly_volume_dryup, weekly_strong, downtrend",485,553,Stage 4,watchlist,weekly_watchlist,16.11,68,2.0,False,False,False,False,False
MAPMYINDIA.NS,C.E. Info Systems Limited,Information Technology,Unknown,False,Cash,1,Stage 4,Stage 4,Stage 4 - Weak/Declining,Stage 4 - Weak/Declining,Stage 4 • Stage 4 - Weak/Declining,0.72,Price is below long-term support with weak trend evidence.,,,,,watchlist,weekly_watchlist,watchlist,0.0,35.8,16.11,2.0,0.0,35.8,18.11,-3.03,-2.87,176388404.26,"Stage 4, Stage 4 - Weak/Declining, weekly_vcp_ok, weekly_volume_dryup, weekly_strong, downtrend",486,554,Stage 4,watchlist,weekly_watchlist,16.11,68,2.0,False,False,False,False,False
DODLA.NS,Dodla Dairy Limited,Fast Moving Consumer Goods,Unknown,False,Cash,1,Stage 4,Stage 4,Stage 4 - Confirmed Downtrend,Stage 4 - Confirmed Downtrend,Stage 4 • Stage 4 - Confirmed Downtrend,0.86,Price is below a bearish moving-average stack with falling trend signals.,,,,,watchlist,weekly_watchlist,watchlist,3.89,36.9,18.74,0.0,3.89,36.9,18.74,-4.25,0.01,24214813.17,"Stage 4, Stage 4 - Confirmed Downtrend, weekly_vcp_ok, weekly_strong, downtrend",449,516,Stage 4,watchlist,weekly_watchlist,16.8,67,1.9399999999999977,False,False,False,False,False
ZENTEC.NS,Zen Technologies Ltd.,Capital Goods,Unknown,False,Cash,1,Stage 1,Stage 1,Stage 1 - Base/Repair,Stage 1 - Base/Repair,Stage 1 • Stage 1 - Base/Repair,0.7,Price is near long-term moving averages with no strong long-term downtrend signal.,,,2026-09-08,,watchlist,weekly_watchlist,watchlist,0.0,2.27,1.02,10.0,0.0,2.27,11.02,-7.15,9.86,457970427.57,"Stage 1, Stage 1 - Base/Repair, volume_dryup, weekly_volume_dryup, stage1_not_actionable, stage1_needs_more_base",597,663,Stage 1,watchlist,weekly_watchlist,6.12,66,4.8999999999999995,False,False,False,False,False
MASTEK.NS,Mastek Limited,Information Technology,Unknown,False,Cash,1,Stage 4,Stage 4,Stage 4 - Weak/Declining,Stage 4 - Weak/Declining,Stage 4 • Stage 4 - Weak/Declining,0.72,Price is below long-term support with weak trend evidence.,,,,,watchlist,weekly_watchlist,watchlist,0.0,37.3,16.79,2.0,0.0,37.3,18.79,3.88,0.08,161347044.35,"Stage 4, Stage 4 - Weak/Declining, weekly_vcp_ok, volume_dryup, weekly_volume_dryup, weekly_strong, downtrend",447,513,Stage 4,watchlist,weekly_watchlist,16.93,66,1.8599999999999994,False,False,False,False,False
MIDHANI.NS,Mishra Dhatu Nigam Limited,Capital Goods,Unknown,False,Cash,1,Stage 2,Stage 2,Clean Stage 2,Clean Stage 2,Stage 2 • Clean Stage 2,0.9,"Price is above rising key averages, weekly structure is supportive, and the stock is near its 52-week high.",,,2026-09-30,,watchlist,weekly_watchlist,watchlist,20.72,24.17,22.27,10.0,20.72,24.17,32.27,12.96,36.71,1430902457.81,"Stage 2, Clean Stage 2, volume_dryup, weekly_volume_dryup",193,258,Stage 2,watchlist,weekly_watchlist,27.07,65,5.200000000000003,False,False,False,False,False
SHANTIGEAR.NS,Shanthi Gears Limited,Capital Goods,Unknown,False,Cash,1,Stage 2,Stage 2,Stage 2,Stage 2,Stage 2,0.76,Advancing structure detected.,,,2026-09-30,,watchlist,weekly_watchlist,watchlist,23.38,34.72,28.48,10.0,23.38,34.72,38.48,38.01,27.23,171396146.32,"Stage 2, Stage 2, volume_dryup, weekly_volume_dryup",135,200,Stage 2,watchlist,weekly_watchlist,33.4,65,5.079999999999998,False,False,False,False,False
PRINCEPIPE.NS,Prince Pipes And Fittings Limited,Capital Goods,Unknown,False,Cash,1,Stage 2 Failed,Stage 1,Failed Stage 2,Failed Stage 2,Stage 2 Failed • Failed Stage 2,0.72,"This stock was recently Stage 2, but the latest structure no longer satisfies Stage 2 rules. It is kept as Stage 2 Failed until a fresh base/repair structure forms.",Recent Stage 2 break; public stage held as Stage 2 Failed.,2026-10-01,2026-09-10,,watchlist,weekly_watchlist,watchlist,8.15,42.75,23.72,10.0,8.15,42.75,33.72,-0.15,9.61,36204142.9,"Stage 1, Stage 1 - Unclear/Repair, weekly_vcp_ok, volume_dryup, weekly_volume_dryup, weekly_strong, stage1_not_actionable, stage1_needs_more_base | Stage 2 failed state applied from stage memory.",176,241,Stage 2 Failed,watchlist,weekly_watchlist,28.77,65,4.949999999999999,False,False,False,False,False
BSOFT.NS,BIRLASOFT LIMITED,Information Technology,Unknown,False,Cash,1,Stage 4,Stage 4,Stage 4 - Weak/Declining,Stage 4 - Weak/Declining,Stage 4 • Stage 4 - Weak/Declining,0.72,Price is below long-term support with weak trend evidence.,,,2026-01-30,,watchlist,weekly_watchlist,watchlist,0.0,35.8,16.11,2.0,0.0,35.8,18.11,5.41,-24.99,418979289.07,"Stage 4, Stage 4 - Weak/Declining, weekly_vcp_ok, volume_dryup, weekly_volume_dryup, weekly_strong, downtrend",475,540,Stage 4,watchlist,weekly_watchlist,16.11,65,2.0,False,False,False,False,False
DISHTV.NS,Dish TV India Limited,"Media, Entertainment & Publication",Unknown,False,Cash,1,Stage 4,Stage 4,Stage 4 - Confirmed Downtrend,Stage 4 - Confirmed Downtrend,Stage 4 • Stage 4 - Confirmed Downtrend,0.86,Price is below a bearish moving-average stack with falling trend signals.,,,,,watchlist,weekly_watchlist,watchlist,0.0,35.8,16.11,2.0,0.0,35.8,18.11,-17.64,-28.14,5346782.55,"Stage 4, Stage 4 - Confirmed Downtrend, weekly_vcp_ok, weekly_strong, downtrend",478,543,Stage 4,watchlist,weekly_watchlist,16.11,65,2.0,False,False,False,False,False
BEL.NS,Bharat Electronics Limited,Capital Goods,Unknown,True,F&O,1,Stage 1,Stage 1,Stage 1 - Unclear/Repair,Stage 1 - Unclear/Repair,Stage 1 • Stage 1 - Unclear/Repair,0.58,Not enough evidence for Stage 2 or Stage 4; classified as repair/unclear structure.,,,2026-04-29,,watchlist,weekly_watchlist,watchlist,6.7,42.9,22.99,10.0,6.7,42.9,32.99,-0.26,-10.29,3827772196.45,"Stage 1, Stage 1 - Unclear/Repair, weekly_vcp_ok, weekly_strong, stage1_not_actionable, stage1_needs_more_base",185,248,Stage 1,watchlist,weekly_watchlist,27.97,63,5.020000000000003,False,False,False,False,False
DCXINDIA.NS,DCX Systems Limited,Capital Goods,Unknown,False,Cash,1,Stage 4,Stage 4,Stage 4 - Weak/Declining,Stage 4 - Weak/Declining,Stage 4 • Stage 4 - Weak/Declining,0.72,Price is below long-term support with weak trend evidence.,,,,,watchlist,weekly_watchlist,watchlist,11.29,38.0,23.31,10.0,11.29,38.0,33.31,-13.38,-7.55,61907599.47,"Stage 4, Stage 4 - Weak/Declining, weekly_vcp_ok, volume_dryup, weekly_volume_dryup, weekly_strong, downtrend",180,243,Stage 4,watchlist,weekly_watchlist,28.46,63,4.850000000000001,False,False,False,False,False
BHARATFORG.NS,Bharat Forge Limited,Capital Goods,Unknown,True,F&O,1,Stage 3,Stage 3,Stage 3 - Distribution/Damage,Stage 3 - Distribution/Damage,Stage 3 • Stage 3 - Distribution/Damage,0.76,"Prior strength exists, but short-term and/or weekly structure is deteriorating.",,,2026-09-03,,watchlist,weekly_watchlist,watchlist,0.0,0.37,0.17,10.0,0.0,0.37,10.17,-2.98,6.71,1692192856.85,"Stage 3, Stage 3 - Distribution/Damage, weekly_volume_dryup, distribution_risk",611,674,Stage 3,watchlist,weekly_watchlist,5.5,63,4.67,False,False,False,False,False
ASHOKLEY.NS,Ashok Leyland Limited,Capital Goods,Unknown,True,F&O,1,Stage 1,Stage 1,Stage 1 - Unclear/Repair,Stage 1 - Unclear/Repair,Stage 1 • Stage 1 - Unclear/Repair,0.58,Not enough evidence for Stage 2 or Stage 4; classified as repair/unclear structure.,,,2026-09-07,,watchlist,weekly_watchlist,watchlist,9.17,42.9,24.35,10.0,9.17,42.9,34.35,-0.11,-10.13,1864688884.66,"Stage 1, Stage 1 - Unclear/Repair, weekly_vcp_ok, volume_dryup, weekly_strong, stage1_not_actionable, stage1_needs_more_base",172,234,Stage 1,watchlist,weekly_watchlist,29.33,62,5.020000000000003,False,False,False,False,False
WAAREEENER.NS,Waaree Energies Ltd.,Capital Goods,Unknown,True,F&O,1,Stage 4,Stage 4,Stage 4 - Weak/Declining,Stage 4 - Weak/Declining,Stage 4 • Stage 4 - Weak/Declining,0.72,Price is below long-term support with weak trend evidence.,,,,,watchlist,weekly_watchlist,watchlist,0.0,4.0,1.8,10.0,0.0,4.0,11.8,-9.35,-23.93,1485520259.71,"Stage 4, Stage 4 - Weak/Declining, downtrend",588,650,Stage 4,watchlist,weekly_watchlist,6.8,62,5.000000000000001,False,False,False,False,False
JISLJALEQS.NS,Jain Irrigation Systems Limited,Capital Goods,Unknown,False,Cash,1,Stage 4,Stage 4,Stage 4 - Confirmed Downtrend,Stage 4 - Confirmed Downtrend,Stage 4 • Stage 4 - Confirmed Downtrend,0.86,Price is below a bearish moving-average stack with falling trend signals.,,,,,watchlist,weekly_watchlist,watchlist,9.43,0.0,5.19,10.0,9.43,0.0,15.19,-9.13,-12.93,159581905.82,"Stage 4, Stage 4 - Confirmed Downtrend, weekly_volume_dryup, downtrend",560,620,Stage 4,watchlist,weekly_watchlist,9.51,60,5.68,False,False,False,False,False
RRKABEL.NS,R R Kabel Limited,Capital Goods,Unknown,False,Cash,1,Stage 2,Stage 2,Early Stage 2,Early Stage 2,Stage 2 • Early Stage 2,0.72,"Price has moved above long-term structure, but the full moving-average stack is not clean yet.",,,2026-09-30,,watchlist,weekly_watchlist,watchlist,19.12,36.2,26.81,10.0,19.12,36.2,36.81,23.18,81.49,1157135988.12,"Stage 2, Early Stage 2, volume_dryup, weekly_volume_dryup",149,209,Stage 2,watchlist,weekly_watchlist,31.81,60,5.0000000000000036,False,False,False,False,False
NCC.NS,NCC Limited,Construction,Unknown,False,Cash,1,Stage 4,Stage 4,Stage 4 - Confirmed Downtrend,Stage 4 - Confirmed Downtrend,Stage 4 • Stage 4 - Confirmed Downtrend,0.86,Price is below a bearish moving-average stack with falling trend signals.,,,,,watchlist,weekly_watchlist,watchlist,8.73,36.9,21.41,0.0,8.73,36.9,21.41,-2.81,-9.07,487686679.03,"Stage 4, Stage 4 - Confirmed Downtrend, weekly_vcp_ok, weekly_strong, downtrend",390,450,Stage 4,watchlist,weekly_watchlist,19.53,60,1.879999999999999,False,False,False,False,False
HLEGLAS.NS,HLE Glascoat Limited,Capital Goods,Unknown,False,Cash,1,Stage 1,Stage 1,Stage 1 - Early Turn,Stage 1 - Early Turn,Stage 1 • Stage 1 - Early Turn,0.66,The stock is improving from a repair/base area but has not confirmed a clean Stage 2 yet.,,,2025-11-11,,watchlist,weekly_watchlist,watchlist,1.26,48.55,22.54,10.0,1.26,48.55,32.54,17.81,49.67,201271332.36,"Stage 1, Stage 1 - Early Turn, weekly_vcp_ok, volume_dryup, weekly_volume_dryup, weekly_strong, stage1_not_actionable, stage1_needs_more_base",191,250,Stage 1,watchlist,weekly_watchlist,27.88,59,4.66,False,False,False,False,False
GENUSPOWER.NS,Genus Power Infrastructures Limited,Capital Goods,Unknown,False,Cash,1,Stage 2 Failed,Stage 1,Failed Stage 2,Failed Stage 2,Stage 2 Failed • Failed Stage 2,0.72,"This stock was recently Stage 2, but the latest structure no longer satisfies Stage 2 rules. It is kept as Stage 2 Failed until a fresh base/repair structure forms.",Recent Stage 2 break; public stage held as Stage 2 Failed.,2026-10-01,2026-09-25,,watchlist,weekly_watchlist,watchlist,0.0,5.29,2.38,10.0,0.0,5.29,12.38,-1.16,10.06,500201629.94,"Stage 1, Stage 1 - Base/Repair, volume_dryup, weekly_volume_dryup, stage1_not_actionable, stage1_needs_more_base | Stage 2 failed state applied from stage memory.",582,641,Stage 2 Failed,watchlist,weekly_watchlist,7.74,59,4.640000000000001,False,False,False,False,False
BIRLACORPN.NS,Birla Corporation Limited,Construction Materials,Unknown,False,Cash,1,Stage 4,Stage 4,Stage 4 - Confirmed Downtrend,Stage 4 - Confirmed Downtrend,Stage 4 • Stage 4 - Confirmed Downtrend,0.86,Price is below a bearish moving-average stack with falling trend signals.,,,,,watchlist,weekly_watchlist,watchlist,3.64,36.9,18.61,0.0,3.64,36.9,18.61,-5.03,-8.62,43886476.71,"Stage 4, Stage 4 - Confirmed Downtrend, weekly_vcp_ok, volume_dryup, weekly_volume_dryup, weekly_strong, downtrend",451,510,Stage 4,watchlist,weekly_watchlist,17.13,59,1.4800000000000004,False,False,False,False,False
ASTRAL.NS,Astral Limited,Capital Goods,Unknown,True,F&O,1,Not Sure,Stage 4,Pending Stage 4,Pending Stage 4,Not Sure • Pending Stage 4,0.55,Blocked public stage jump Stage 1 -> Stage 4; waiting for intermediate/confirmed structure.,Blocked public stage jump Stage 1 -> Stage 4; waiting for intermediate/confirmed structure.,,2026-05-06,Stage 4,watchlist,weekly_watchlist,watchlist,0.0,35.8,16.11,10.0,0.0,35.8,26.11,7.24,-10.62,787806385.7,"Stage 4, Stage 4 - Weak/Declining, weekly_vcp_ok, volume_dryup, weekly_volume_dryup, weekly_strong, downtrend | Blocked public stage jump Stage 1 -> Stage 4; waiting for intermediate/confirmed structure.",289,347,Stage 1,watchlist,weekly_watchlist,23.81,58,2.3000000000000007,False,False,False,False,False
KIRLOSBROS.NS,Kirloskar Brothers Limited,Capital Goods,Unknown,False,Cash,1,Stage 2 Failed,Stage 3,Failed Stage 2,Failed Stage 2,Stage 2 Failed • Failed Stage 2,0.72,"This stock was recently Stage 2, but the latest structure no longer satisfies Stage 2 rules. It is kept as Stage 2 Failed until a fresh base/repair structure forms.",Recent Stage 2 break; public stage held as Stage 2 Failed.,2026-10-01,2026-09-14,,watchlist,weekly_watchlist,watchlist,3.69,2.11,2.98,10.0,3.69,2.11,12.98,3.81,17.26,125757482.97,"Stage 3, Stage 3 - Distribution/Damage, distribution_risk | Stage 2 failed state applied from stage memory.",576,633,Stage 2 Failed,watchlist,weekly_watchlist,8.54,57,4.440000000000001,False,False,False,False,False
SONATSOFTW.NS,Sonata Software Limited,Information Technology,Unknown,False,Cash,1,Stage 4,Stage 4,Stage 4 - Weak/Declining,Stage 4 - Weak/Declining,Stage 4 • Stage 4 - Weak/Declining,0.72,Price is below long-term support with weak trend evidence.,,,,,watchlist,weekly_watchlist,watchlist,0.0,36.48,16.42,2.0,0.0,36.48,18.42,0.58,6.24,336915761.12,"Stage 4, Stage 4 - Weak/Declining, weekly_vcp_ok, volume_dryup, weekly_volume_dryup, weekly_strong, downtrend",465,522,Stage 4,watchlist,weekly_watchlist,16.64,57,1.7800000000000011,False,False,False,False,False
AFFLE.NS,Affle (India) Limited,Information Technology,Unknown,False,Cash,1,Stage 4,Stage 4,Stage 4 - Weak/Declining,Stage 4 - Weak/Declining,Stage 4 • Stage 4 - Weak/Declining,0.72,Price is below long-term support with weak trend evidence.,,,2026-09-07,,watchlist,weekly_watchlist,watchlist,0.0,36.82,16.57,2.0,0.0,36.82,18.57,6.65,3.59,487893008.79,"Stage 4, Stage 4 - Weak/Declining, weekly_vcp_ok, volume_dryup, weekly_volume_dryup, weekly_strong, downtrend",457,514,Stage 4,watchlist,weekly_watchlist,16.89,57,1.6799999999999997,False,False,False,False,False
BECTORFOOD.NS,Mrs. Bectors Food Specialities Limited,Fast Moving Consumer Goods,Unknown,False,Cash,1,Stage 2 Failed,Not Sure,Failed Stage 2,Failed Stage 2,Stage 2 Failed • Failed Stage 2,0.72,"This stock was recently Stage 2, but the latest structure no longer satisfies Stage 2 rules. It is kept as Stage 2 Failed until a fresh base/repair structure forms.",Recent Stage 2 break; public stage held as Stage 2 Failed.,2026-10-01,2026-09-21,,watchlist,weekly_watchlist,watchlist,7.51,50.37,26.8,0.0,7.51,50.37,26.8,31.62,14.06,236933010.26,"Not Sure, Not Sure, weekly_vcp_ok, volume_dryup, weekly_volume_dryup, weekly_strong | Stage 2 failed state applied from stage memory.",268,322,Stage 2 Failed,watchlist,weekly_watchlist,24.54,54,2.2600000000000016,False,False,False,False,False
M&M.NS,Mahindra & Mahindra Limited,Automobile and Auto Components,Unknown,True,F&O,1,Stage 4,Stage 4,Stage 4 - Weak/Declining,Stage 4 - Weak/Declining,Stage 4 • Stage 4 - Weak/Declining,0.72,Price is below long-term support with weak trend evidence.,,,2026-01-13,,watchlist,weekly_watchlist,watchlist,11.32,35.8,22.34,5.0,11.32,35.8,27.34,-2.3,-8.84,6264000609.93,"Stage 4, Stage 4 - Weak/Declining, weekly_vcp_ok, weekly_strong, downtrend",254,308,Stage 4,watchlist,weekly_watchlist,25.19,54,2.1499999999999986,False,False,False,False,False
TVSHLTD.NS,TVS Holdings Limited,Automobile and Auto Components,Unknown,False,Cash,1,Stage 4,Stage 4,Stage 4 - Confirmed Downtrend,Stage 4 - Confirmed Downtrend,Stage 4 • Stage 4 - Confirmed Downtrend,0.86,Price is below a bearish moving-average stack with falling trend signals.,,,2026-08-13,,watchlist,weekly_watchlist,watchlist,9.07,38.0,22.09,5.0,9.07,38.0,27.09,-8.92,-13.67,116362949.25,"Stage 4, Stage 4 - Confirmed Downtrend, weekly_vcp_ok, weekly_strong, downtrend",261,314,Stage 4,watchlist,weekly_watchlist,24.93,53,2.16,False,False,False,False,False
SAGILITY.NS,Sagility Ltd.,Information Technology,Unknown,False,Cash,1,Stage 4,Stage 4,Stage 4 - Weak/Declining,Stage 4 - Weak/Declining,Stage 4 • Stage 4 - Weak/Declining,0.72,Price is below long-term support with weak trend evidence.,,,,,watchlist,weekly_watchlist,watchlist,14.58,37.28,24.8,2.0,14.58,37.28,26.8,12.63,2.14,543772506.87,"Stage 4, Stage 4 - Weak/Declining, weekly_vcp_ok, volume_dryup, weekly_volume_dryup, weekly_strong, downtrend",269,321,Stage 4,watchlist,weekly_watchlist,24.56,52,2.240000000000002,False,False,False,False,False
LTM.NS,LTIMindtree Ltd.,Information Technology,Unknown,True,F&O,1,Stage 4,Stage 4,Stage 4 - Weak/Declining,Stage 4 - Weak/Declining,Stage 4 • Stage 4 - Weak/Declining,0.72,Price is below long-term support with weak trend evidence.,,,,,watchlist,weekly_watchlist,watchlist,9.94,37.2,22.21,2.0,9.94,37.2,24.21,12.07,-9.09,1848279782.27,"Stage 4, Stage 4 - Weak/Declining, weekly_vcp_ok, weekly_strong, downtrend",327,379,Stage 4,watchlist,weekly_watchlist,22.45,52,1.7600000000000016,False,False,False,False,False
TATATECH.NS,Tata Technologies Ltd.,Information Technology,Unknown,False,Cash,1,Stage 2,Stage 2,Early Stage 2,Early Stage 2,Stage 2 • Early Stage 2,0.72,"Price has moved above long-term structure, but the full moving-average stack is not clean yet.",,,2026-09-30,,watchlist,weekly_watchlist,watchlist,14.44,18.79,16.4,2.0,14.44,18.79,18.4,4.4,27.53,631333547.27,"Stage 2, Early Stage 2, volume_dryup, weekly_volume_dryup",466,518,Stage 2,watchlist,weekly_watchlist,16.76,52,1.639999999999997,False,False,False,False,False
CYIENTDLM.NS,Cyient DLM Limited,Capital Goods,Unknown,False,Cash,1,Stage 2,Stage 2,Extended Stage 2,Extended Stage 2,Stage 2 • Extended Stage 2,0.78,"Advancing structure remains intact, but price is stretched versus key moving averages or far above the 52-week low.",,,2026-09-30,,watchlist,weekly_watchlist,watchlist,39.75,22.4,31.94,10.0,39.75,22.4,41.94,74.74,192.74,566260025.48,"Stage 2, Extended Stage 2, trend_template_ok, volume_dryup, weekly_volume_dryup",114,165,Stage 2,watchlist,weekly_watchlist,36.55,51,5.390000000000001,False,False,False,False,False
NEWGEN.NS,Newgen Software Technologies Limited,Information Technology,Unknown,False,Cash,1,Stage 4,Stage 4,Stage 4 - Weak/Declining,Stage 4 - Weak/Declining,Stage 4 • Stage 4 - Weak/Declining,0.72,Price is below long-term support with weak trend evidence.,,,,,watchlist,weekly_watchlist,watchlist,8.15,37.47,21.34,2.0,8.15,37.47,23.34,4.36,1.37,350159105.99,"Stage 4, Stage 4 - Weak/Declining, weekly_vcp_ok, volume_dryup, weekly_volume_dryup, weekly_strong, downtrend",343,394,Stage 4,watchlist,weekly_watchlist,21.75,51,1.5899999999999999,False,False,False,False,False
ASIANPAINT.NS,Asian Paints Limited,Consumer Durables,Unknown,True,F&O,1,Stage 4,Stage 4,Stage 4 - Weak/Declining,Stage 4 - Weak/Declining,Stage 4 • Stage 4 - Weak/Declining,0.72,Price is below long-term support with weak trend evidence.,,,2026-08-19,,watchlist,weekly_watchlist,watchlist,13.05,36.19,23.46,0.0,13.05,36.19,23.46,-3.66,7.51,1294534422.35,"Stage 4, Stage 4 - Weak/Declining, weekly_vcp_ok, weekly_strong, downtrend",342,393,Stage 4,watchlist,weekly_watchlist,21.89,51,1.5700000000000003,False,False,False,False,False
INFY.NS,Infosys Limited,Information Technology,Unknown,True,F&O,1,Stage 4,Stage 4,Stage 4 - Confirmed Downtrend,Stage 4 - Confirmed Downtrend,Stage 4 • Stage 4 - Confirmed Downtrend,0.86,Price is below a bearish moving-average stack with falling trend signals.,,,2026-02-03,,watchlist,weekly_watchlist,watchlist,12.03,36.9,23.22,2.0,12.03,36.9,25.22,4.79,-20.32,9614574720.5,"Stage 4, Stage 4 - Confirmed Downtrend, weekly_vcp_ok, weekly_strong, downtrend",314,364,Stage 4,watchlist,weekly_watchlist,23.13,50,2.09,False,False,False,False,False
PAISALO.NS,Paisalo Digital Limited,Financial Services,Unknown,False,Cash,1,Stage 2,Stage 2,Extended Stage 2,Extended Stage 2,Stage 2 • Extended Stage 2,0.78,"Advancing structure remains intact, but price is stretched versus key moving averages or far above the 52-week low.",,,2026-09-30,,watchlist,weekly_watchlist,watchlist,52.12,26.0,40.37,0.0,52.12,26.0,40.37,23.26,110.33,1602800245.81,"Stage 2, Extended Stage 2, trend_template_ok",124,172,Stage 2,watchlist,weekly_watchlist,35.77,48,4.599999999999994,False,False,False,False,False
JWL.NS,Jupiter Wagons Limited,Capital Goods,Unknown,False,Cash,1,Stage 4,Stage 4,Stage 4 - Confirmed Downtrend,Stage 4 - Confirmed Downtrend,Stage 4 • Stage 4 - Confirmed Downtrend,0.86,Price is below a bearish moving-average stack with falling trend signals.,,,,,watchlist,weekly_watchlist,watchlist,7.55,36.9,20.76,10.0,7.55,36.9,30.76,-3.62,-16.73,441685008.3,"Stage 4, Stage 4 - Confirmed Downtrend, weekly_vcp_ok, weekly_strong, downtrend",208,256,Stage 4,watchlist,weekly_watchlist,27.21,48,3.5500000000000007,False,False,False,False,False
NETWORK18.NS,Network18 Media & Investments Limited,"Media, Entertainment & Publication",Unknown,False,Cash,1,Stage 4,Stage 4,Stage 4 - Confirmed Downtrend,Stage 4 - Confirmed Downtrend,Stage 4 • Stage 4 - Confirmed Downtrend,0.86,Price is below a bearish moving-average stack with falling trend signals.,,,,,watchlist,weekly_watchlist,watchlist,12.41,36.9,23.43,2.0,12.41,36.9,25.43,-12.09,-19.67,87360394.53,"Stage 4, Stage 4 - Confirmed Downtrend, weekly_vcp_ok, volume_dryup, weekly_volume_dryup, weekly_strong, downtrend",309,356,Stage 4,watchlist,weekly_watchlist,23.34,47,2.09,False,False,False,False,False
TRITURBINE.NS,Triveni Turbine Limited,Capital Goods,Unknown,False,Cash,1,Stage 4,Stage 4,Stage 4 - Weak/Declining,Stage 4 - Weak/Declining,Stage 4 • Stage 4 - Weak/Declining,0.72,Price is below long-term support with weak trend evidence.,,,2026-08-06,,watchlist,weekly_watchlist,watchlist,9.95,0.0,5.47,10.0,9.95,0.0,15.47,-8.23,15.57,263699359.41,"Stage 4, Stage 4 - Weak/Declining, volume_dryup, weekly_volume_dryup, downtrend",555,601,Stage 4,watchlist,weekly_watchlist,10.42,46,5.050000000000001,False,False,False,False,False
OFSS.NS,Oracle Financial Services Software Limited,Information Technology,Unknown,True,F&O,1,Stage 2,Stage 2,Early Stage 2,Early Stage 2,Stage 2 • Early Stage 2,0.72,"Price has moved above long-term structure, but the full moving-average stack is not clean yet.",,,2026-09-30,,watchlist,weekly_watchlist,watchlist,13.63,26.85,19.58,2.0,13.63,26.85,21.58,2.12,50.42,2403079558.1,"Stage 2, Early Stage 2",386,432,Stage 2,watchlist,weekly_watchlist,20.86,46,0.7199999999999989,False,False,False,False,False
TIMETECHNO.NS,Time Technoplast Limited,Capital Goods,Unknown,False,Cash,1,Stage 4,Stage 4,Stage 4 - Weak/Declining,Stage 4 - Weak/Declining,Stage 4 • Stage 4 - Weak/Declining,0.72,Price is below long-term support with weak trend evidence.,,,2026-08-20,,watchlist,weekly_watchlist,watchlist,5.85,38.18,20.4,10.0,5.85,38.18,30.4,11.1,1.68,434510879.94,"Stage 4, Stage 4 - Weak/Declining, weekly_vcp_ok, weekly_strong, downtrend",214,259,Stage 4,watchlist,weekly_watchlist,27.07,45,3.3299999999999983,False,False,False,False,False
WHIRLPOOL.NS,Whirlpool of India Limited,Consumer Durables,Unknown,False,Cash,1,Not Sure,Not Sure,Not Sure,Not Sure,Not Sure,0.0,Stage rules did not identify a reliable structure.,No confident stage classification.,,2025-11-07,,watchlist,weekly_watchlist,watchlist,0.0,55.79,25.11,0.0,0.0,55.79,25.11,16.27,3.64,2679604899.88,"Not Sure, Not Sure, weekly_vcp_ok, weekly_strong",315,360,Not Sure,watchlist,weekly_watchlist,23.23,45,1.879999999999999,False,False,False,False,False
BLUEDART.NS,Blue Dart Express Limited,Services,Unknown,False,Cash,1,Stage 4,Stage 4,Stage 4 - Confirmed Downtrend,Stage 4 - Confirmed Downtrend,Stage 4 • Stage 4 - Confirmed Downtrend,0.86,Price is below a bearish moving-average stack with falling trend signals.,,,,,watchlist,weekly_watchlist,watchlist,9.7,36.9,21.94,2.0,9.7,36.9,23.94,-1.35,-7.26,60880206.86,"Stage 4, Stage 4 - Confirmed Downtrend, weekly_vcp_ok, volume_dryup, weekly_strong, downtrend",332,377,Stage 4,watchlist,weekly_watchlist,22.68,45,1.2600000000000016,False,False,False,False,False
LGBBROSLTD.NS,LG Balakrishnan & Bros Limited,Automobile and Auto Components,Unknown,False,Cash,1,Stage 1,Stage 1,Stage 1 - Early Turn,Stage 1 - Early Turn,Stage 1 • Stage 1 - Early Turn,0.66,The stock is improving from a repair/base area but has not confirmed a clean Stage 2 yet.,,,2026-09-03,,watchlist,weekly_watchlist,watchlist,11.65,22.05,16.33,5.0,11.65,22.05,21.33,16.58,1.28,43583818.34,"Stage 1, Stage 1 - Early Turn, stage1_not_actionable, stage1_needs_more_base",393,438,Stage 1,watchlist,weekly_watchlist,20.54,45,0.7899999999999991,False,False,False,False,False
INOXINDIA.NS,INOX India Ltd.,Capital Goods,Unknown,False,Cash,1,Stage 2,Stage 2,Clean Stage 2,Clean Stage 2,Stage 2 • Clean Stage 2,0.9,"Price is above rising key averages, weekly structure is supportive, and the stock is near its 52-week high.",,,2026-09-30,,forming_vcp,weekly_watchlist,watchlist,60.51,31.6,47.5,10.0,60.51,31.6,57.5,28.26,77.4,750512770.73,"Stage 2, Clean Stage 2, trend_template_ok, daily_vcp_ok, volume_dryup",34,78,Stage 2,forming_vcp,weekly_watchlist,48.02,44,9.479999999999997,False,False,False,False,False
LEMONTREE.NS,Lemon Tree Hotels Limited,Consumer Services,Unknown,False,Cash,1,Stage 4,Stage 4,Stage 4 - Confirmed Downtrend,Stage 4 - Confirmed Downtrend,Stage 4 • Stage 4 - Confirmed Downtrend,0.86,Price is below a bearish moving-average stack with falling trend signals.,,,2025-11-17,,watchlist,weekly_watchlist,watchlist,15.0,35.8,24.36,2.0,15.0,35.8,26.36,-2.52,-4.31,391892382.59,"Stage 4, Stage 4 - Confirmed Downtrend, weekly_vcp_ok, weekly_strong, downtrend",277,320,Stage 4,watchlist,weekly_watchlist,24.62,43,1.7399999999999984,False,False,False,False,False
TDPOWERSYS.NS,TD Power Systems Limited,Capital Goods,Unknown,False,Cash,1,Stage 2,Stage 2,Extended Stage 2,Extended Stage 2,Stage 2 • Extended Stage 2,0.78,"Advancing structure remains intact, but price is stretched versus key moving averages or far above the 52-week low.",,,2026-09-30,,watchlist,weekly_watchlist,watchlist,41.8,34.0,38.29,10.0,41.8,34.0,48.29,49.73,80.41,1977936991.23,"Stage 2, Extended Stage 2, trend_template_ok",81,123,Stage 2,watchlist,weekly_watchlist,41.38,42,6.909999999999997,False,False,False,False,False
RBLBANK.NS,RBL Bank Limited,Financial Services,Unknown,True,F&O,1,Stage 2,Stage 2,Clean Stage 2,Clean Stage 2,Stage 2 • Clean Stage 2,0.9,"Price is above rising key averages, weekly structure is supportive, and the stock is near its 52-week high.",,,2026-09-30,,watchlist,weekly_watchlist,watchlist,46.28,40.91,43.86,0.0,46.28,40.91,43.86,18.18,28.89,1495917283.62,"Stage 2, Clean Stage 2, trend_template_ok",104,146,Stage 2,watchlist,weekly_watchlist,39.24,42,4.619999999999997,False,False,False,False,False
SSWL.NS,Steel Strips Wheels Limited,Automobile and Auto Components,Unknown,False,Cash,1,Stage 2,Stage 2,Extended Stage 2,Extended Stage 2,Stage 2 • Extended Stage 2,0.78,"Advancing structure remains intact, but price is stretched versus key moving averages or far above the 52-week low.",,,2026-09-30,,watchlist,weekly_watchlist,watchlist,39.36,31.6,35.87,5.0,39.36,31.6,40.87,70.35,95.88,533630773.26,"Stage 2, Extended Stage 2, trend_template_ok",119,161,Stage 2,watchlist,weekly_watchlist,36.71,42,4.159999999999997,False,False,False,False,False
GUJALKALI.NS,Gujarat Alkalies and Chemicals Limited,Chemicals,Unknown,False,Cash,1,Stage 2 Failed,Stage 1,Failed Stage 2,Failed Stage 2,Stage 2 Failed • Failed Stage 2,0.72,"This stock was recently Stage 2, but the latest structure no longer satisfies Stage 2 rules. It is kept as Stage 2 Failed until a fresh base/repair structure forms.",Recent Stage 2 break; public stage held as Stage 2 Failed.,2026-10-01,2026-09-25,,watchlist,weekly_watchlist,watchlist,16.55,9.91,13.56,5.0,16.55,9.91,18.56,12.44,6.63,59810206.95,"Stage 1, Stage 1 - Base/Repair, volume_dryup, weekly_volume_dryup, stage1_not_actionable, stage1_needs_more_base | Stage 2 failed state applied from stage memory.",458,500,Stage 2 Failed,watchlist,weekly_watchlist,18.04,42,0.5199999999999996,False,False,False,False,False
CARBORUNIV.NS,Carborundum Universal Limited,Capital Goods,Unknown,False,Cash,1,Stage 2,Stage 2,Clean Stage 2,Clean Stage 2,Stage 2 • Clean Stage 2,0.9,"Price is above rising key averages, weekly structure is supportive, and the stock is near its 52-week high.",,,2026-09-30,,watchlist,weekly_watchlist,watchlist,59.2,32.61,47.23,10.0,59.2,32.61,57.23,20.57,45.51,771988444.61,"Stage 2, Clean Stage 2, trend_template_ok",35,75,Stage 2,watchlist,weekly_watchlist,48.45,40,8.779999999999994,False,False,False,False,False
PERSISTENT.NS,Persistent Systems Limited,Information Technology,Unknown,True,F&O,1,Stage 3,Stage 3,Stage 3 - Transition,Stage 3 - Transition,Stage 3 • Stage 3 - Transition,0.62,"The structure is transitioning after prior strength, but it is not yet a confirmed Stage 4 decline.",,,2026-08-17,,watchlist,weekly_watchlist,watchlist,0.0,0.78,0.35,2.0,0.0,0.78,2.35,18.47,1.35,2164822768.18,"Stage 3, Stage 3 - Transition, volume_dryup, weekly_volume_dryup, distribution_risk",712,752,Stage 4,watchlist,weekly_watchlist,0.0,40,2.35,False,False,False,False,False
MINDACORP.NS,Minda Corporation Limited,Automobile and Auto Components,Unknown,False,Cash,1,Stage 2,Stage 2,Early Stage 2,Early Stage 2,Stage 2 • Early Stage 2,0.72,"Price has moved above long-term structure, but the full moving-average stack is not clean yet.",,,2026-09-30,,watchlist,weekly_watchlist,watchlist,25.92,19.5,23.03,5.0,25.92,19.5,28.03,5.58,33.38,117953561.85,"Stage 2, Early Stage 2, volume_dryup, weekly_volume_dryup",242,282,Stage 2,watchlist,weekly_watchlist,26.17,40,1.8599999999999994,False,False,False,False,False
IPCALAB.NS,IPCA Laboratories Limited,Healthcare,Unknown,False,Cash,1,Stage 2,Stage 2,Clean Stage 2,Clean Stage 2,Stage 2 • Clean Stage 2,0.9,"Price is above rising key averages, weekly structure is supportive, and the stock is near its 52-week high.",,,2026-09-30,,watchlist,weekly_watchlist,watchlist,51.45,30.1,41.84,10.0,51.45,30.1,51.84,16.97,36.08,450288580.49,"Stage 2, Clean Stage 2, trend_template_ok, volume_dryup, weekly_volume_dryup",58,97,Stage 2,watchlist,weekly_watchlist,45.24,39,6.600000000000001,False,False,False,False,False
J&KBANK.NS,The Jammu & Kashmir Bank Limited,Financial Services,Unknown,False,Cash,1,Stage 3,Stage 3,Stage 3 - Distribution/Damage,Stage 3 - Distribution/Damage,Stage 3 • Stage 3 - Distribution/Damage,0.76,"Prior strength exists, but short-term and/or weekly structure is deteriorating.",,,2026-08-28,,watchlist,weekly_watchlist,watchlist,3.06,6.43,4.58,0.0,3.06,6.43,4.58,-6.27,14.58,262057859.6,"Stage 3, Stage 3 - Distribution/Damage, volume_dryup, weekly_volume_dryup, distribution_risk",686,725,Stage 3,watchlist,weekly_watchlist,2.0,39,2.58,False,False,False,False,False
INTELLECT.NS,Intellect Design Arena Limited,Information Technology,Unknown,False,Cash,1,Stage 4,Stage 4,Stage 4 - Confirmed Downtrend,Stage 4 - Confirmed Downtrend,Stage 4 • Stage 4 - Confirmed Downtrend,0.86,Price is below a bearish moving-average stack with falling trend signals.,,,2025-12-05,,watchlist,weekly_watchlist,watchlist,7.24,35.8,20.09,2.0,7.24,35.8,22.09,-12.69,-8.86,194611350.27,"Stage 4, Stage 4 - Confirmed Downtrend, weekly_vcp_ok, volume_dryup, weekly_volume_dryup, weekly_strong, downtrend",371,410,Stage 4,watchlist,weekly_watchlist,21.32,39,0.7699999999999996,False,False,False,False,False
KSB.NS,Ksb Limited,Capital Goods,Unknown,False,Cash,1,Stage 1,Stage 1,Stage 1 - Base/Repair,Stage 1 - Base/Repair,Stage 1 • Stage 1 - Base/Repair,0.7,Price is near long-term moving averages with no strong long-term downtrend signal.,,,2026-08-04,,watchlist,weekly_watchlist,watchlist,12.79,41.8,25.84,10.0,12.79,41.8,35.84,-4.74,-3.77,355977136.63,"Stage 1, Stage 1 - Base/Repair, weekly_vcp_ok, weekly_strong, stage1_not_actionable, stage1_needs_more_base",158,196,Stage 1,watchlist,weekly_watchlist,33.82,38,2.020000000000003,False,False,False,False,False
DYNAMATECH.NS,Dynamatic Technologies Limited,Capital Goods,Unknown,False,Cash,1,Stage 2,Stage 2,Extended Stage 2,Extended Stage 2,Stage 2 • Extended Stage 2,0.78,"Advancing structure remains intact, but price is stretched versus key moving averages or far above the 52-week low.",,,2026-09-30,,watchlist,weekly_watchlist,watchlist,41.38,26.0,34.46,10.0,41.38,26.0,44.46,36.1,45.95,333585049.55,"Stage 2, Extended Stage 2, trend_template_ok",99,136,Stage 2,watchlist,weekly_watchlist,39.82,37,4.640000000000001,False,False,False,False,False
RAJESHEXPO.NS,Rajesh Exports Limited,Consumer Durables,Unknown,False,Cash,1,Stage 4,Stage 4,Stage 4 - Confirmed Downtrend,Stage 4 - Confirmed Downtrend,Stage 4 • Stage 4 - Confirmed Downtrend,0.86,Price is below a bearish moving-average stack with falling trend signals.,,,2025-12-30,,watchlist,weekly_watchlist,watchlist,2.85,35.8,17.68,0.0,2.85,35.8,17.68,-26.11,-35.45,18510039.54,"Stage 4, Stage 4 - Confirmed Downtrend, weekly_vcp_ok, weekly_strong, downtrend",496,533,Stage 4,watchlist,weekly_watchlist,16.46,37,1.2199999999999989,False,False,False,False,False
TEGA.NS,Tega Industries Limited,Capital Goods,Unknown,False,Cash,1,Stage 2,Stage 2,Extended Stage 2,Extended Stage 2,Stage 2 • Extended Stage 2,0.78,"Advancing structure remains intact, but price is stretched versus key moving averages or far above the 52-week low.",,,2026-09-30,,watchlist,weekly_watchlist,watchlist,33.4,27.89,30.92,10.0,33.4,27.89,40.92,37.7,25.25,1854785661.65,"Stage 2, Extended Stage 2",118,154,Stage 2,watchlist,weekly_watchlist,38.06,36,2.8599999999999994,False,False,False,False,False
ZENSARTECH.NS,Zensar Technologies Limited,Information Technology,Unknown,False,Cash,1,Stage 4,Stage 4,Stage 4 - Confirmed Downtrend,Stage 4 - Confirmed Downtrend,Stage 4 • Stage 4 - Confirmed Downtrend,0.86,Price is below a bearish moving-average stack with falling trend signals.,,,,,watchlist,weekly_watchlist,watchlist,0.0,2.0,0.9,2.0,0.0,2.0,2.9,3.35,-17.94,1561760328.34,"Stage 4, Stage 4 - Confirmed Downtrend, volume_dryup, weekly_volume_dryup, downtrend",704,740,Stage 4,watchlist,weekly_watchlist,0.9,36,2.0,False,False,False,False,False
ORIENTELEC.NS,Orient Electric Limited,Consumer Durables,Unknown,False,Cash,1,Stage 4,Stage 4,Stage 4 - Weak/Declining,Stage 4 - Weak/Declining,Stage 4 • Stage 4 - Weak/Declining,0.72,Price is below long-term support with weak trend evidence.,,,2026-09-04,,watchlist,weekly_watchlist,watchlist,3.17,36.9,18.35,0.0,3.17,36.9,18.35,-4.13,1.25,22498105.62,"Stage 4, Stage 4 - Weak/Declining, weekly_vcp_ok, volume_dryup, weekly_volume_dryup, weekly_strong, downtrend",469,505,Stage 4,watchlist,weekly_watchlist,17.54,36,0.8100000000000023,False,False,False,False,False
TECHM.NS,Tech Mahindra Limited,Information Technology,Unknown,True,F&O,1,Stage 2,Stage 2,Early Stage 2,Early Stage 2,Stage 2 • Early Stage 2,0.72,"Price has moved above long-term structure, but the full moving-average stack is not clean yet.",,,2026-09-30,,watchlist,weekly_forming,watchlist,16.74,60.16,36.28,2.0,16.74,60.16,38.28,14.13,9.5,2689856485.91,"Stage 2, Early Stage 2, weekly_vcp_ok, volume_dryup, weekly_strong",136,171,Stage 2,watchlist,weekly_forming,35.83,35,2.450000000000003,False,False,False,False,False
TATVA.NS,Tatva Chintan Pharma Chem Limited,Chemicals,Unknown,False,Cash,1,Stage 2,Stage 2,Clean Stage 2,Clean Stage 2,Stage 2 • Clean Stage 2,0.9,"Price is above rising key averages, weekly structure is supportive, and the stock is near its 52-week high.",,,2026-09-30,,watchlist,weekly_watchlist,watchlist,49.09,34.0,42.3,5.0,49.09,34.0,47.3,48.94,46.3,126036638.5,"Stage 2, Clean Stage 2, trend_template_ok, weekly_volume_dryup",87,121,Stage 2,watchlist,weekly_watchlist,41.75,34,5.549999999999997,False,False,False,False,False
AEGISLOG.NS,Aegis Logistics Ltd.,"Oil, Gas & Consumable Fuels",Unknown,False,Cash,1,Stage 2,Stage 2,Extended Stage 2,Extended Stage 2,Stage 2 • Extended Stage 2,0.78,"Advancing structure remains intact, but price is stretched versus key moving averages or far above the 52-week low.",,,2026-09-30,,watchlist,weekly_watchlist,watchlist,40.12,32.8,36.83,5.0,40.12,32.8,41.83,10.02,131.95,1282515688.94,"Stage 2, Extended Stage 2, trend_template_ok, weekly_volume_dryup",115,149,Stage 2,watchlist,weekly_watchlist,38.72,34,3.1099999999999994,False,False,False,False,False
JINDALSAW.NS,Jindal Saw Limited,Capital Goods,Unknown,False,Cash,1,Stage 2,Stage 2,Early Stage 2,Early Stage 2,Stage 2 • Early Stage 2,0.72,"Price has moved above long-term structure, but the full moving-average stack is not clean yet.",,,2026-09-30,,watchlist,weekly_watchlist,watchlist,35.88,20.51,28.96,10.0,35.88,20.51,38.96,11.57,37.5,472076489.61,"Stage 2, Early Stage 2, volume_dryup, weekly_volume_dryup",133,167,Stage 2,watchlist,weekly_watchlist,36.32,34,2.6400000000000006,False,False,False,False,False
WIPRO.NS,Wipro Limited,Information Technology,Unknown,True,F&O,1,Stage 4,Stage 4,Stage 4 - Confirmed Downtrend,Stage 4 - Confirmed Downtrend,Stage 4 • Stage 4 - Confirmed Downtrend,0.86,Price is below a bearish moving-average stack with falling trend signals.,,,2026-01-16,,watchlist,weekly_watchlist,watchlist,6.13,0.0,3.37,2.0,6.13,0.0,5.37,1.38,-19.63,3000231649.68,"Stage 4, Stage 4 - Confirmed Downtrend, downtrend",671,705,Stage 4,watchlist,weekly_watchlist,3.05,34,2.3200000000000003,False,False,False,False,False
IKS.NS,Inventurus Knowledge Solutions Ltd.,Information Technology,Unknown,False,Cash,1,Stage 2 Failed,Stage 1,Failed Stage 2,Failed Stage 2,Stage 2 Failed • Failed Stage 2,0.72,"This stock was recently Stage 2, but the latest structure no longer satisfies Stage 2 rules. It is kept as Stage 2 Failed until a fresh base/repair structure forms.",Recent Stage 2 break; public stage held as Stage 2 Failed.,2026-10-01,2026-09-25,,watchlist,weekly_watchlist,watchlist,17.73,44.31,29.69,2.0,17.73,44.31,31.69,2.19,22.87,415718207.87,"Stage 1, Stage 1 - Base/Repair, weekly_vcp_ok, weekly_strong, stage1_not_actionable, stage1_needs_more_base | Stage 2 failed state applied from stage memory.",197,231,Stage 2 Failed,watchlist,weekly_watchlist,29.42,34,2.2699999999999996,False,False,False,False,False
TATAELXSI.NS,Tata Elxsi Limited,Information Technology,Unknown,True,F&O,1,Stage 4,Stage 4,Stage 4 - Confirmed Downtrend,Stage 4 - Confirmed Downtrend,Stage 4 • Stage 4 - Confirmed Downtrend,0.86,Price is below a bearish moving-average stack with falling trend signals.,,,,,watchlist,weekly_watchlist,watchlist,0.0,0.0,0.0,2.0,0.0,0.0,2.0,-8.35,-27.87,795988773.37,"Stage 4, Stage 4 - Confirmed Downtrend, downtrend",721,755,Stage 4,watchlist,weekly_watchlist,0.0,34,2.0,False,False,False,False,False
LXCHEM.NS,Laxmi Organic Industries Limited,Chemicals,Unknown,False,Cash,1,Stage 2,Stage 2,Stage 2,Stage 2,Stage 2,0.76,Advancing structure detected.,,,2026-09-30,,watchlist,weekly_watchlist,watchlist,64.33,33.09,50.27,5.0,64.33,33.09,55.27,24.93,46.01,224829567.24,"Stage 2, Stage 2, trend_template_ok, volume_dryup, weekly_volume_dryup",41,73,Stage 2,watchlist,weekly_watchlist,48.59,32,6.68,False,False,False,False,False
RKFORGE.NS,Ramkrishna Forgings Limited,Capital Goods,Unknown,False,Cash,1,Stage 2,Stage 2,Early Stage 2,Early Stage 2,Stage 2 • Early Stage 2,0.72,"Price has moved above long-term structure, but the full moving-average stack is not clean yet.",,,2026-09-30,,watchlist,weekly_forming,watchlist,24.9,65.14,43.01,10.0,24.9,65.14,53.01,30.98,31.46,409016253.62,"Stage 2, Early Stage 2, weekly_vcp_ok, volume_dryup, weekly_volume_dryup, weekly_strong",50,82,Stage 2,watchlist,weekly_forming,47.43,32,5.579999999999998,False,False,False,False,False
TIIL.NS,Technocraft Industries (India) Limited,Capital Goods,Unknown,False,Cash,1,Stage 2,Stage 2,Early Stage 2,Early Stage 2,Stage 2 • Early Stage 2,0.72,"Price has moved above long-term structure, but the full moving-average stack is not clean yet.",,,2026-09-30,,watchlist,weekly_forming,watchlist,17.29,64.19,38.4,10.0,17.29,64.19,48.4,22.36,30.55,98155864.58,"Stage 2, Early Stage 2, weekly_vcp_ok, volume_dryup, weekly_volume_dryup, weekly_strong",79,111,Stage 2,watchlist,weekly_forming,43.14,32,5.259999999999998,False,False,False,False,False
SUDARSCHEM.NS,Sudarshan Chemical Industries Limited,Chemicals,Unknown,False,Cash,1,Stage 2,Stage 2,Clean Stage 2,Clean Stage 2,Stage 2 • Clean Stage 2,0.9,"Price is above rising key averages, weekly structure is supportive, and the stock is near its 52-week high.",,,2026-09-30,,watchlist,weekly_watchlist,watchlist,41.16,36.4,39.02,5.0,41.16,36.4,44.02,43.2,62.97,251391081.83,"Stage 2, Clean Stage 2, trend_template_ok, volume_dryup, weekly_volume_dryup",103,135,Stage 2,watchlist,weekly_watchlist,39.92,32,4.100000000000001,False,False,False,False,False
TCS.NS,Tata Consultancy Services Limited,Information Technology,Unknown,True,F&O,1,Stage 4,Stage 4,Stage 4 - Weak/Declining,Stage 4 - Weak/Declining,Stage 4 • Stage 4 - Weak/Declining,0.72,Price is below long-term support with weak trend evidence.,,,,,watchlist,weekly_watchlist,watchlist,8.86,0.0,4.87,2.0,8.86,0.0,6.87,7.76,-16.23,6562021677.2,"Stage 4, Stage 4 - Weak/Declining, downtrend",650,682,Stage 4,watchlist,weekly_watchlist,5.06,32,1.8100000000000005,False,False,False,False,False
SANSERA.NS,Sansera Engineering Limited,Automobile and Auto Components,Unknown,False,Cash,1,Stage 2,Stage 2,Extended Stage 2,Extended Stage 2,Stage 2 • Extended Stage 2,0.78,"Advancing structure remains intact, but price is stretched versus key moving averages or far above the 52-week low.",,,2026-09-30,,watchlist,weekly_watchlist,watchlist,39.82,22.4,31.98,5.0,39.82,22.4,36.98,44.06,91.56,1428686658.4,"Stage 2, Extended Stage 2, trend_template_ok",148,180,Stage 2,watchlist,weekly_watchlist,35.22,32,1.759999999999998,False,False,False,False,False
MTARTECH.NS,Mtar Technologies Limited,Capital Goods,Unknown,False,Cash,1,Stage 2,Stage 2,Clean Stage 2,Clean Stage 2,Stage 2 • Clean Stage 2,0.9,"Price is above rising key averages, weekly structure is supportive, and the stock is near its 52-week high.",,,2026-09-30,,watchlist,weekly_watchlist,watchlist,40.62,35.2,38.18,10.0,40.62,35.2,48.18,19.5,89.45,994202938.05,"Stage 2, Clean Stage 2, trend_template_ok",83,114,Stage 2,watchlist,weekly_watchlist,42.9,31,5.280000000000001,False,False,False,False,False
VENUSPIPES.NS,Venus Pipes & Tubes Limited,Capital Goods,Unknown,False,Cash,1,Stage 2,Stage 2,Extended Stage 2,Extended Stage 2,Stage 2 • Extended Stage 2,0.78,"Advancing structure remains intact, but price is stretched versus key moving averages or far above the 52-week low.",,,2026-09-30,,watchlist,weekly_watchlist,watchlist,54.83,27.2,42.4,10.0,54.83,27.2,52.4,27.74,110.9,758726903.59,"Stage 2, Extended Stage 2, trend_template_ok, weekly_volume_dryup",52,83,Stage 2,watchlist,weekly_watchlist,47.4,31,5.0,False,False,False,False,False
MARUTI.NS,Maruti Suzuki India Limited,Automobile and Auto Components,Unknown,True,F&O,1,Stage 4,Stage 4,Stage 4 - Confirmed Downtrend,Stage 4 - Confirmed Downtrend,Stage 4 • Stage 4 - Confirmed Downtrend,0.86,Price is below a bearish moving-average stack with falling trend signals.,,,2026-01-13,,watchlist,weekly_watchlist,watchlist,12.57,0.0,6.91,5.0,12.57,0.0,11.91,-12.67,-14.32,4632318476.25,"Stage 4, Stage 4 - Confirmed Downtrend, downtrend",586,617,Stage 4,watchlist,weekly_watchlist,9.72,31,2.1899999999999995,False,False,False,False,False
LATENTVIEW.NS,Latent View Analytics Limited,Information Technology,Unknown,False,Cash,1,Stage 4,Stage 4,Stage 4 - Confirmed Downtrend,Stage 4 - Confirmed Downtrend,Stage 4 • Stage 4 - Confirmed Downtrend,0.86,Price is below a bearish moving-average stack with falling trend signals.,,,2026-01-07,,watchlist,weekly_watchlist,watchlist,0.0,0.0,0.0,2.0,0.0,0.0,2.0,-13.89,-21.0,122408581.72,"Stage 4, Stage 4 - Confirmed Downtrend, volume_dryup, weekly_volume_dryup, downtrend",717,748,Stage 4,watchlist,weekly_watchlist,0.0,31,2.0,False,False,False,False,False
NAVNETEDUL.NS,Navneet Education Limited,"Media, Entertainment & Publication",Unknown,False,Cash,1,Stage 4,Stage 4,Stage 4 - Confirmed Downtrend,Stage 4 - Confirmed Downtrend,Stage 4 • Stage 4 - Confirmed Downtrend,0.86,Price is below a bearish moving-average stack with falling trend signals.,,,2026-07-21,,watchlist,weekly_watchlist,watchlist,0.0,0.0,0.0,2.0,0.0,0.0,2.0,-8.72,-1.23,12250008.28,"Stage 4, Stage 4 - Confirmed Downtrend, volume_dryup, weekly_volume_dryup, downtrend",719,750,Stage 4,watchlist,weekly_watchlist,0.0,31,2.0,False,False,False,False,False
DBCORP.NS,D.B.Corp Limited,"Media, Entertainment & Publication",Unknown,False,Cash,1,Stage 4,Stage 4,Stage 4 - Confirmed Downtrend,Stage 4 - Confirmed Downtrend,Stage 4 • Stage 4 - Confirmed Downtrend,0.86,Price is below a bearish moving-average stack with falling trend signals.,,,,,watchlist,weekly_watchlist,watchlist,0.0,35.8,16.11,2.0,0.0,35.8,18.11,-2.91,-13.31,12826189.32,"Stage 4, Stage 4 - Confirmed Downtrend, weekly_vcp_ok, weekly_strong, downtrend",476,506,Stage 4,watchlist,weekly_watchlist,17.51,30,0.5999999999999979,False,False,False,False,False
GMMPFAUDLR.NS,GMM Pfaudler Limited,Capital Goods,Unknown,False,Cash,1,Stage 2,Stage 2,Extended Stage 2,Extended Stage 2,Stage 2 • Extended Stage 2,0.78,"Advancing structure remains intact, but price is stretched versus key moving averages or far above the 52-week low.",,,2026-09-30,,watchlist,weekly_breakout,watchlist,18.01,66.9,40.01,10.0,18.01,66.9,50.01,96.55,60.92,796897855.93,"Stage 2, Extended Stage 2, weekly_vcp_ok, weekly_volume_dryup, weekly_strong",70,99,Stage 2,watchlist,weekly_breakout,44.87,29,5.140000000000001,False,False,False,False,False
FINCABLES.NS,Finolex Cables Limited,Capital Goods,Unknown,False,Cash,1,Stage 2,Stage 2,Extended Stage 2,Extended Stage 2,Stage 2 • Extended Stage 2,0.78,"Advancing structure remains intact, but price is stretched versus key moving averages or far above the 52-week low.",,,2026-09-30,,watchlist,weekly_watchlist,watchlist,40.88,37.6,39.4,10.0,40.88,37.6,49.4,48.41,74.37,1629628964.02,"Stage 2, Extended Stage 2, trend_template_ok, volume_dryup, weekly_volume_dryup",73,102,Stage 2,watchlist,weekly_watchlist,44.4,29,5.0,False,False,False,False,False
VESUVIUS.NS,Vesuvius India Limited,Capital Goods,Unknown,False,Cash,1,Stage 4,Stage 4,Stage 4 - Confirmed Downtrend,Stage 4 - Confirmed Downtrend,Stage 4 • Stage 4 - Confirmed Downtrend,0.86,Price is below a bearish moving-average stack with falling trend signals.,,,,,watchlist,weekly_watchlist,watchlist,5.45,35.8,19.11,10.0,5.45,35.8,29.11,-4.29,-11.36,257913829.72,"Stage 4, Stage 4 - Confirmed Downtrend, weekly_vcp_ok, weekly_strong, downtrend",235,263,Stage 4,watchlist,weekly_watchlist,26.86,28,2.25,False,False,False,False,False
HATHWAY.NS,Hathway Cable & Datacom Limited,"Media, Entertainment & Publication",Unknown,False,Cash,1,Stage 4,Stage 4,Stage 4 - Confirmed Downtrend,Stage 4 - Confirmed Downtrend,Stage 4 • Stage 4 - Confirmed Downtrend,0.86,Price is below a bearish moving-average stack with falling trend signals.,,,,,watchlist,weekly_watchlist,watchlist,0.0,22.1,9.95,2.0,0.0,22.1,11.95,-7.74,-11.02,15275164.98,"Stage 4, Stage 4 - Confirmed Downtrend, weekly_vcp_ok, downtrend",585,613,Stage 4,watchlist,weekly_watchlist,9.95,28,2.0,False,False,False,False,False
KIRLOSENG.NS,Kirloskar Oil Engines Limited,Capital Goods,Unknown,False,Cash,1,Stage 2,Stage 2,Stage 2,Stage 2,Stage 2,0.76,Advancing structure detected.,,,2026-09-30,,watchlist,weekly_watchlist,watchlist,15.96,33.37,23.79,10.0,15.96,33.37,33.79,7.23,54.5,1598289378.79,"Stage 2, Stage 2",175,203,Stage 2,watchlist,weekly_watchlist,32.95,28,0.8399999999999963,False,False,False,False,False
JSWINFRA.NS,JSW Infrastructure Ltd.,Services,Unknown,False,Cash,1,Stage 2,Stage 2,Clean Stage 2,Clean Stage 2,Stage 2 • Clean Stage 2,0.9,"Price is above rising key averages, weekly structure is supportive, and the stock is near its 52-week high.",,,2026-09-30,,watchlist,weekly_watchlist,watchlist,67.08,28.49,49.71,2.0,67.08,28.49,51.71,19.08,41.78,1663410297.18,"Stage 2, Clean Stage 2, trend_template_ok, weekly_volume_dryup",60,87,Stage 2,watchlist,weekly_watchlist,46.54,27,5.170000000000002,False,False,False,False,False
AGI.NS,AGI Greenpac Limited,Capital Goods,Unknown,False,Cash,1,Stage 2,Stage 2,Early Stage 2,Early Stage 2,Stage 2 • Early Stage 2,0.72,"Price has moved above long-term structure, but the full moving-average stack is not clean yet.",,,2026-09-30,,watchlist,weekly_breakout,watchlist,18.5,64.81,39.34,10.0,18.5,64.81,49.34,20.77,49.33,161666320.83,"Stage 2, Early Stage 2, weekly_vcp_ok, weekly_volume_dryup, weekly_strong",74,101,Stage 2,watchlist,weekly_breakout,44.78,27,4.560000000000002,False,False,False,False,False
HAPPSTMNDS.NS,Happiest Minds Technologies Limited,Information Technology,Unknown,False,Cash,1,Stage 4,Stage 4,Stage 4 - Weak/Declining,Stage 4 - Weak/Declining,Stage 4 • Stage 4 - Weak/Declining,0.72,Price is below long-term support with weak trend evidence.,,,,,watchlist,weekly_watchlist,watchlist,5.02,0.0,2.76,2.0,5.02,0.0,4.76,-3.75,-18.41,241320483.83,"Stage 4, Stage 4 - Weak/Declining, volume_dryup, weekly_volume_dryup, downtrend",685,712,Stage 4,watchlist,weekly_watchlist,2.76,27,2.0,False,False,False,False,False
PURVA.NS,Puravankara Limited,Realty,Unknown,False,Cash,1,Stage 4,Stage 4,Stage 4 - Weak/Declining,Stage 4 - Weak/Declining,Stage 4 • Stage 4 - Weak/Declining,0.72,Price is below long-term support with weak trend evidence.,,,,,watchlist,weekly_watchlist,watchlist,14.2,24.1,18.66,2.0,14.2,24.1,20.66,1.38,18.66,256290039.1,"Stage 4, Stage 4 - Weak/Declining, weekly_vcp_ok, volume_dryup, weekly_volume_dryup, downtrend",415,442,Stage 4,watchlist,weekly_watchlist,20.25,27,0.41000000000000014,False,False,False,False,False
CAMPUS.NS,Campus Activewear Limited,Consumer Durables,Unknown,False,Cash,1,Stage 4,Stage 4,Stage 4 - Confirmed Downtrend,Stage 4 - Confirmed Downtrend,Stage 4 • Stage 4 - Confirmed Downtrend,0.86,Price is below a bearish moving-average stack with falling trend signals.,,,2025-11-26,,watchlist,weekly_watchlist,watchlist,11.74,0.0,6.46,0.0,11.74,0.0,6.46,-2.22,-13.79,71715336.67,"Stage 4, Stage 4 - Confirmed Downtrend, volume_dryup, weekly_volume_dryup, downtrend",655,681,Stage 4,watchlist,weekly_watchlist,5.06,26,1.4000000000000004,False,False,False,False,False
VIJAYA.NS,Vijaya Diagnostic Centre Limited,Healthcare,Unknown,False,Cash,1,Stage 2,Stage 2,Early Stage 2,Early Stage 2,Stage 2 • Early Stage 2,0.72,"Price has moved above long-term structure, but the full moving-average stack is not clean yet.",,,2026-09-30,,watchlist,weekly_watchlist,watchlist,21.48,25.66,23.36,10.0,21.48,25.66,33.36,14.98,49.66,209835249.48,"Stage 2, Early Stage 2, volume_dryup, weekly_volume_dryup",179,205,Stage 2,watchlist,weekly_watchlist,32.53,26,0.8299999999999983,False,False,False,False,False
BRIGADE.NS,Brigade Enterprises Limited,Realty,Unknown,False,Cash,1,Stage 2 Failed,Not Sure,Failed Stage 2,Failed Stage 2,Stage 2 Failed • Failed Stage 2,0.72,"This stock was recently Stage 2, but the latest structure no longer satisfies Stage 2 rules. It is kept as Stage 2 Failed until a fresh base/repair structure forms.",Recent Stage 2 break; public stage held as Stage 2 Failed.,2026-10-01,2026-09-23,,watchlist,weekly_watchlist,watchlist,20.52,48.42,33.08,2.0,20.52,48.42,35.08,18.89,7.26,254592473.72,"Not Sure, Not Sure, weekly_vcp_ok, volume_dryup, weekly_volume_dryup, weekly_strong | Stage 2 failed state applied from stage memory.",161,187,Stage 2 Failed,watchlist,weekly_watchlist,34.88,26,0.19999999999999574,False,False,False,False,False
USHAMART.NS,Usha Martin Limited,Capital Goods,Unknown,False,Cash,1,Stage 2,Stage 2,Early Stage 2,Early Stage 2,Stage 2 • Early Stage 2,0.72,"Price has moved above long-term structure, but the full moving-average stack is not clean yet.",,,2026-09-30,,watchlist,weekly_near_pivot,watchlist,14.4,67.4,38.25,10.0,14.4,67.4,48.25,5.9,18.08,523862096.6,"Stage 2, Early Stage 2, weekly_vcp_ok, weekly_volume_dryup, weekly_strong",82,107,Stage 2,watchlist,weekly_near_pivot,43.55,25,4.700000000000003,False,False,False,False,False
GRAPHITE.NS,Graphite India Limited,Capital Goods,Unknown,False,Cash,1,Stage 2,Stage 2,Clean Stage 2,Clean Stage 2,Stage 2 • Clean Stage 2,0.9,"Price is above rising key averages, weekly structure is supportive, and the stock is near its 52-week high.",,,2026-09-30,,watchlist,weekly_watchlist,watchlist,62.88,34.66,50.18,10.0,62.88,34.66,60.18,39.92,24.72,3216485733.95,"Stage 2, Clean Stage 2, trend_template_ok, volume_dryup, weekly_volume_dryup",24,48,Stage 2,watchlist,weekly_watchlist,54.09,24,6.089999999999996,False,False,False,False,False
PRIVISCL.NS,Privi Speciality Chemicals Limited,Chemicals,Unknown,False,Cash,1,Stage 2,Stage 2,Stage 2,Stage 2,Stage 2,0.76,Advancing structure detected.,,,2026-09-30,,watchlist,weekly_watchlist,watchlist,28.63,36.79,32.3,5.0,28.63,36.79,37.3,6.42,21.44,381731952.8,"Stage 2, Stage 2",145,169,Stage 2,watchlist,weekly_watchlist,36.11,24,1.1899999999999977,False,False,False,False,False
GESHIP.NS,The Great Eastern Shipping Company Limited,Services,Unknown,False,Cash,1,Stage 2,Stage 2,Early Stage 2,Early Stage 2,Stage 2 • Early Stage 2,0.72,"Price has moved above long-term structure, but the full moving-average stack is not clean yet.",,,2026-09-30,,watchlist,weekly_watchlist,watchlist,38.48,25.72,32.74,2.0,38.48,25.72,34.74,19.93,13.23,1407288812.25,"Stage 2, Early Stage 2",166,190,Stage 2,watchlist,weekly_watchlist,34.32,24,0.4200000000000017,False,False,False,False,False
ABREL.NS,Aditya Birla Real Estate Ltd.,Forest Materials,Unknown,False,Cash,1,Stage 4,Stage 4,Stage 4 - Weak/Declining,Stage 4 - Weak/Declining,Stage 4 • Stage 4 - Weak/Declining,0.72,Price is below long-term support with weak trend evidence.,,,,,watchlist,weekly_watchlist,watchlist,11.6,35.8,22.49,10.0,11.6,35.8,32.49,-13.58,-11.6,222772843.78,"Stage 4, Stage 4 - Weak/Declining, weekly_vcp_ok, weekly_strong, downtrend",192,215,Stage 4,watchlist,weekly_watchlist,30.91,23,1.5800000000000018,False,False,False,False,False
DCAL.NS,Dishman Carbogen Amcis Limited,Healthcare,Unknown,False,Cash,1,Stage 4,Stage 4,Stage 4 - Confirmed Downtrend,Stage 4 - Confirmed Downtrend,Stage 4 • Stage 4 - Confirmed Downtrend,0.86,Price is below a bearish moving-average stack with falling trend signals.,,,2025-11-12,,watchlist,weekly_watchlist,watchlist,3.44,35.8,18.0,10.0,3.44,35.8,28.0,-15.71,0.89,35506296.89,"Stage 4, Stage 4 - Confirmed Downtrend, weekly_vcp_ok, volume_dryup, weekly_volume_dryup, weekly_strong, downtrend",243,266,Stage 4,watchlist,weekly_watchlist,26.84,23,1.1600000000000001,False,False,False,False,False
ABFRL.NS,Aditya Birla Fashion and Retail Limited,Consumer Services,Unknown,False,Cash,1,Stage 4,Stage 4,Stage 4 - Confirmed Downtrend,Stage 4 - Confirmed Downtrend,Stage 4 • Stage 4 - Confirmed Downtrend,0.86,Price is below a bearish moving-average stack with falling trend signals.,,,,,watchlist,weekly_watchlist,watchlist,8.68,35.8,20.88,2.0,8.68,35.8,22.88,-17.1,-23.99,237378009.24,"Stage 4, Stage 4 - Confirmed Downtrend, weekly_vcp_ok, volume_dryup, weekly_strong, downtrend",355,378,Stage 4,watchlist,weekly_watchlist,22.55,23,0.3299999999999983,False,False,False,False,False
BAJAJHIND.NS,Bajaj Hindusthan Sugar Limited,Fast Moving Consumer Goods,Unknown,False,Cash,1,Stage 2,Stage 2,Early Stage 2,Early Stage 2,Stage 2 • Early Stage 2,0.72,"Price has moved above long-term structure, but the full moving-average stack is not clean yet.",,,2026-09-30,,watchlist,weekly_forming,watchlist,14.07,60.07,34.77,0.0,14.07,60.07,34.77,18.0,12.7,378237583.95,"Stage 2, Early Stage 2, weekly_vcp_ok, volume_dryup, weekly_volume_dryup, weekly_strong",165,188,Stage 2,watchlist,weekly_forming,34.6,23,0.1700000000000017,False,False,False,False,False
ZYDUSLIFE.NS,Zydus Lifesciences Limited,Healthcare,Unknown,True,F&O,1,Stage 2,Stage 2,Stage 2,Stage 2,Stage 2,0.76,Advancing structure detected.,,,2026-09-30,,watchlist,weekly_watchlist,watchlist,29.51,29.74,29.61,10.0,29.51,29.74,39.61,7.68,29.76,1779902289.02,"Stage 2, Stage 2",129,151,Stage 2,watchlist,weekly_watchlist,38.45,22,1.1599999999999966,False,False,False,False,False
INDUSTOWER.NS,Indus Towers Limited,Telecommunication,Unknown,True,F&O,1,Stage 4,Stage 4,Stage 4 - Weak/Declining,Stage 4 - Weak/Declining,Stage 4 • Stage 4 - Weak/Declining,0.72,Price is below long-term support with weak trend evidence.,,,2026-03-27,,watchlist,weekly_watchlist,watchlist,9.58,35.8,21.38,10.0,9.58,35.8,31.38,10.21,-10.33,1790317410.96,"Stage 4, Stage 4 - Weak/Declining, weekly_vcp_ok, weekly_strong, downtrend",201,223,Stage 4,watchlist,weekly_watchlist,30.25,22,1.129999999999999,False,False,False,False,False
AWL.NS,Adani Wilmar Limited,Fast Moving Consumer Goods,Unknown,False,Cash,1,Stage 4,Stage 4,Stage 4 - Weak/Declining,Stage 4 - Weak/Declining,Stage 4 • Stage 4 - Weak/Declining,0.72,Price is below long-term support with weak trend evidence.,,,2025-11-25,,watchlist,weekly_watchlist,watchlist,7.13,36.05,20.14,0.0,7.13,36.05,20.14,2.86,-0.34,354767848.46,"Stage 4, Stage 4 - Weak/Declining, weekly_vcp_ok, weekly_strong, downtrend",421,443,Stage 4,watchlist,weekly_watchlist,19.81,22,0.33000000000000185,False,False,False,False,False
POWERGRID.NS,Power Grid Corporation of India Limited,Power,Unknown,True,F&O,1,Stage 1,Stage 1,Stage 1 - Unclear/Repair,Stage 1 - Unclear/Repair,Stage 1 • Stage 1 - Unclear/Repair,0.58,Not enough evidence for Stage 2 or Stage 4; classified as repair/unclear structure.,,,2026-07-23,,watchlist,weekly_watchlist,watchlist,6.49,41.8,22.38,0.0,6.49,41.8,22.38,-1.84,-12.13,2539250376.97,"Stage 1, Stage 1 - Unclear/Repair, weekly_vcp_ok, weekly_strong, stage1_not_actionable, stage1_needs_more_base",364,386,Stage 1,watchlist,weekly_watchlist,22.09,22,0.28999999999999915,False,False,False,False,False
HSCL.NS,Himadri Speciality Chemical Limited,Chemicals,Unknown,False,Cash,1,Stage 2 Failed,Stage 3,Failed Stage 2,Failed Stage 2,Stage 2 Failed • Failed Stage 2,0.72,"This stock was recently Stage 2, but the latest structure no longer satisfies Stage 2 rules. It is kept as Stage 2 Failed until a fresh base/repair structure forms.",Recent Stage 2 break; public stage held as Stage 2 Failed.,2026-10-01,2026-09-14,,watchlist,weekly_watchlist,watchlist,16.42,45.27,29.4,5.0,16.42,45.27,34.4,11.58,43.14,1445836199.75,"Stage 3, Stage 3 - Distribution/Damage, weekly_vcp_ok, volume_dryup, weekly_volume_dryup, weekly_strong, distribution_risk | Stage 2 failed state applied from stage memory.",170,192,Stage 2 Failed,watchlist,weekly_watchlist,34.27,22,0.12999999999999545,False,False,False,False,False
BALMLAWRIE.NS,Balmer Lawrie & Company Limited,Diversified,Unknown,False,Cash,1,Stage 4,Stage 4,Stage 4 - Weak/Declining,Stage 4 - Weak/Declining,Stage 4 • Stage 4 - Weak/Declining,0.72,Price is below long-term support with weak trend evidence.,,,2026-09-07,,watchlist,weekly_watchlist,watchlist,0.0,35.8,16.11,0.0,0.0,35.8,16.11,-1.21,-1.42,21270083.79,"Stage 4, Stage 4 - Weak/Declining, weekly_vcp_ok, volume_dryup, weekly_volume_dryup, weekly_strong, downtrend",516,538,Stage 4,watchlist,weekly_watchlist,16.11,22,0.0,False,False,False,False,False
BIKAJI.NS,Bikaji Foods International Limited,Fast Moving Consumer Goods,Unknown,False,Cash,1,Stage 4,Stage 4,Stage 4 - Confirmed Downtrend,Stage 4 - Confirmed Downtrend,Stage 4 • Stage 4 - Confirmed Downtrend,0.86,Price is below a bearish moving-average stack with falling trend signals.,,,,,watchlist,weekly_watchlist,watchlist,0.0,35.8,16.11,0.0,0.0,35.8,16.11,-13.21,-18.49,225392017.75,"Stage 4, Stage 4 - Confirmed Downtrend, weekly_vcp_ok, weekly_strong, downtrend",517,539,Stage 4,watchlist,weekly_watchlist,16.11,22,0.0,False,False,False,False,False
CENTURYPLY.NS,Century Plyboards (India) Limited,Consumer Durables,Unknown,False,Cash,1,Stage 4,Stage 4,Stage 4 - Confirmed Downtrend,Stage 4 - Confirmed Downtrend,Stage 4 • Stage 4 - Confirmed Downtrend,0.86,Price is below a bearish moving-average stack with falling trend signals.,,,2026-08-11,,watchlist,weekly_watchlist,watchlist,0.0,35.8,16.11,0.0,0.0,35.8,16.11,-5.36,-8.9,66508035.81,"Stage 4, Stage 4 - Confirmed Downtrend, weekly_vcp_ok, weekly_strong, downtrend",519,541,Stage 4,watchlist,weekly_watchlist,16.11,22,0.0,False,False,False,False,False
COLPAL.NS,Colgate Palmolive (India) Limited,Fast Moving Consumer Goods,Unknown,True,F&O,1,Stage 4,Stage 4,Stage 4 - Confirmed Downtrend,Stage 4 - Confirmed Downtrend,Stage 4 • Stage 4 - Confirmed Downtrend,0.86,Price is below a bearish moving-average stack with falling trend signals.,,,,,watchlist,weekly_watchlist,watchlist,0.0,35.8,16.11,0.0,0.0,35.8,16.11,-8.25,-6.81,777511399.92,"Stage 4, Stage 4 - Confirmed Downtrend, weekly_vcp_ok, weekly_volume_dryup, weekly_strong, downtrend",520,542,Stage 4,watchlist,weekly_watchlist,16.11,22,0.0,False,False,False,False,False
GODFRYPHLP.NS,Godfrey Phillips India Limited,Fast Moving Consumer Goods,Unknown,True,F&O,1,Stage 4,Stage 4,Stage 4 - Confirmed Downtrend,Stage 4 - Confirmed Downtrend,Stage 4 • Stage 4 - Confirmed Downtrend,0.86,Price is below a bearish moving-average stack with falling trend signals.,,,2025-10-20,,watchlist,weekly_watchlist,watchlist,0.0,35.8,16.11,0.0,0.0,35.8,16.11,-3.85,-5.29,327319455.47,"Stage 4, Stage 4 - Confirmed Downtrend, weekly_vcp_ok, volume_dryup, weekly_volume_dryup, weekly_strong, downtrend",522,544,Stage 4,watchlist,weekly_watchlist,16.11,22,0.0,False,False,False,False,False
GODREJCP.NS,Godrej Consumer Products Ltd.,Fast Moving Consumer Goods,Unknown,True,F&O,1,Stage 4,Stage 4,Stage 4 - Confirmed Downtrend,Stage 4 - Confirmed Downtrend,Stage 4 • Stage 4 - Confirmed Downtrend,0.86,Price is below a bearish moving-average stack with falling trend signals.,,,2026-02-11,,watchlist,weekly_watchlist,watchlist,0.0,35.8,16.11,0.0,0.0,35.8,16.11,-14.8,-19.91,915938707.57,"Stage 4, Stage 4 - Confirmed Downtrend, weekly_vcp_ok, volume_dryup, weekly_volume_dryup, weekly_strong, downtrend",523,545,Stage 4,watchlist,weekly_watchlist,16.11,22,0.0,False,False,False,False,False
GREENLAM.NS,Greenlam Industries Limited,Consumer Durables,Unknown,False,Cash,1,Stage 4,Stage 4,Stage 4 - Weak/Declining,Stage 4 - Weak/Declining,Stage 4 • Stage 4 - Weak/Declining,0.72,Price is below long-term support with weak trend evidence.,,,2026-08-27,,watchlist,weekly_watchlist,watchlist,0.0,35.8,16.11,0.0,0.0,35.8,16.11,-9.32,-1.38,11416628.89,"Stage 4, Stage 4 - Weak/Declining, weekly_vcp_ok, volume_dryup, weekly_volume_dryup, weekly_strong, downtrend",524,546,Stage 4,watchlist,weekly_watchlist,16.11,22,0.0,False,False,False,False,False
HAVELLS.NS,Havells India Limited,Consumer Durables,Unknown,True,F&O,1,Stage 4,Stage 4,Stage 4 - Confirmed Downtrend,Stage 4 - Confirmed Downtrend,Stage 4 • Stage 4 - Confirmed Downtrend,0.86,Price is below a bearish moving-average stack with falling trend signals.,,,,,watchlist,weekly_watchlist,watchlist,0.0,35.8,16.11,0.0,0.0,35.8,16.11,-6.88,-15.01,959902844.01,"Stage 4, Stage 4 - Confirmed Downtrend, weekly_vcp_ok, weekly_strong, downtrend",525,547,Stage 4,watchlist,weekly_watchlist,16.11,22,0.0,False,False,False,False,False
HGINFRA.NS,H.G. Infra Engineering Limited,Construction,Unknown,False,Cash,1,Stage 4,Stage 4,Stage 4 - Confirmed Downtrend,Stage 4 - Confirmed Downtrend,Stage 4 • Stage 4 - Confirmed Downtrend,0.86,Price is below a bearish moving-average stack with falling trend signals.,,,,,watchlist,weekly_watchlist,watchlist,0.0,35.8,16.11,0.0,0.0,35.8,16.11,-16.72,-17.22,348887863.52,"Stage 4, Stage 4 - Confirmed Downtrend, weekly_vcp_ok, weekly_volume_dryup, weekly_strong, downtrend",526,548,Stage 4,watchlist,weekly_watchlist,16.11,22,0.0,False,False,False,False,False
JSWENERGY.NS,JSW Energy Limited,Power,Unknown,True,F&O,1,Stage 4,Stage 4,Stage 4 - Weak/Declining,Stage 4 - Weak/Declining,Stage 4 • Stage 4 - Weak/Declining,0.72,Price is below long-term support with weak trend evidence.,,,2026-08-27,,watchlist,weekly_watchlist,watchlist,10.0,33.8,20.71,0.0,10.0,33.8,20.71,-2.66,-1.93,852964929.72,"Stage 4, Stage 4 - Weak/Declining, weekly_vcp_ok, weekly_strong, downtrend",414,436,Stage 4,watchlist,weekly_watchlist,20.78,22,-0.07000000000000028,False,False,False,False,False
MARKSANS.NS,Marksans Pharma Limited,Healthcare,Unknown,False,Cash,1,Stage 2,Stage 2,Clean Stage 2,Clean Stage 2,Stage 2 • Clean Stage 2,0.9,"Price is above rising key averages, weekly structure is supportive, and the stock is near its 52-week high.",,,2026-09-30,,watchlist,weekly_watchlist,watchlist,38.88,30.4,35.06,10.0,38.88,30.4,45.06,33.22,88.13,754500415.12,"Stage 2, Clean Stage 2, trend_template_ok, volume_dryup, weekly_volume_dryup",95,116,Stage 2,watchlist,weekly_watchlist,42.45,21,2.6099999999999994,False,False,False,False,False
ALKEM.NS,Alkem Laboratories Limited,Healthcare,Unknown,True,F&O,1,Stage 4,Stage 4,Stage 4 - Confirmed Downtrend,Stage 4 - Confirmed Downtrend,Stage 4 • Stage 4 - Confirmed Downtrend,0.86,Price is below a bearish moving-average stack with falling trend signals.,,,2026-08-11,,watchlist,weekly_watchlist,watchlist,1.33,35.93,16.9,10.0,1.33,35.93,26.9,0.49,0.82,809670092.55,"Stage 4, Stage 4 - Confirmed Downtrend, weekly_vcp_ok, weekly_strong, downtrend",265,286,Stage 4,watchlist,weekly_watchlist,26.11,21,0.7899999999999991,False,False,False,False,False
SANDUMA.NS,Sandur Manganese & Iron Ores Limited,"Oil, Gas & Consumable Fuels",Unknown,False,Cash,1,Stage 4,Stage 4,Stage 4 - Confirmed Downtrend,Stage 4 - Confirmed Downtrend,Stage 4 • Stage 4 - Confirmed Downtrend,0.86,Price is below a bearish moving-average stack with falling trend signals.,,,2026-06-05,,watchlist,weekly_watchlist,watchlist,0.0,35.8,16.11,5.0,0.0,35.8,21.11,-4.57,-7.17,93821667.45,"Stage 4, Stage 4 - Confirmed Downtrend, weekly_vcp_ok, volume_dryup, weekly_volume_dryup, weekly_strong, downtrend",406,427,Stage 4,watchlist,weekly_watchlist,21.11,21,0.0,False,False,False,False,False
SUBROS.NS,Subros Limited,Automobile and Auto Components,Unknown,False,Cash,1,Stage 4,Stage 4,Stage 4 - Confirmed Downtrend,Stage 4 - Confirmed Downtrend,Stage 4 • Stage 4 - Confirmed Downtrend,0.86,Price is below a bearish moving-average stack with falling trend signals.,,,2025-11-10,,watchlist,weekly_watchlist,watchlist,0.0,35.8,16.11,5.0,0.0,35.8,21.11,-8.57,-4.17,24956853.29,"Stage 4, Stage 4 - Confirmed Downtrend, weekly_vcp_ok, volume_dryup, weekly_volume_dryup, weekly_strong, downtrend",407,428,Stage 4,watchlist,weekly_watchlist,21.11,21,0.0,False,False,False,False,False
BLUESTARCO.NS,Blue Star Limited,Consumer Durables,Unknown,True,F&O,1,Stage 4,Stage 4,Stage 4 - Confirmed Downtrend,Stage 4 - Confirmed Downtrend,Stage 4 • Stage 4 - Confirmed Downtrend,0.86,Price is below a bearish moving-average stack with falling trend signals.,,,2026-03-12,,watchlist,weekly_watchlist,watchlist,0.0,36.9,16.61,0.0,0.0,36.9,16.61,-0.42,-8.29,1048591677.92,"Stage 4, Stage 4 - Confirmed Downtrend, weekly_vcp_ok, weekly_strong, downtrend",503,524,Stage 4,watchlist,weekly_watchlist,16.61,21,0.0,False,False,False,False,False
HINDUNILVR.NS,Hindustan Unilever Limited,Fast Moving Consumer Goods,Unknown,True,F&O,1,Stage 4,Stage 4,Stage 4 - Confirmed Downtrend,Stage 4 - Confirmed Downtrend,Stage 4 • Stage 4 - Confirmed Downtrend,0.86,Price is below a bearish moving-average stack with falling trend signals.,,,2025-10-23,,watchlist,weekly_watchlist,watchlist,0.0,35.8,16.11,0.0,0.0,35.8,16.11,-8.66,-12.42,2439944474.8,"Stage 4, Stage 4 - Confirmed Downtrend, weekly_vcp_ok, weekly_strong, downtrend",528,549,Stage 4,watchlist,weekly_watchlist,16.11,21,0.0,False,False,False,False,False
APARINDS.NS,Apar Industries Limited,Capital Goods,Unknown,False,Cash,1,Stage 2,Stage 2,Extended Stage 2,Extended Stage 2,Stage 2 • Extended Stage 2,0.78,"Advancing structure remains intact, but price is stretched versus key moving averages or far above the 52-week low.",,,2026-09-30,,watchlist,weekly_watchlist,watchlist,59.9,32.8,47.7,10.0,59.9,32.8,57.7,33.34,69.97,2269200597.12,"Stage 2, Extended Stage 2, trend_template_ok, weekly_volume_dryup",33,53,Stage 2,watchlist,weekly_watchlist,52.24,20,5.460000000000001,False,False,False,False,False
CEATLTD.NS,Ceat Ltd.,Automobile and Auto Components,Unknown,False,Cash,1,Stage 4,Stage 4,Stage 4 - Weak/Declining,Stage 4 - Weak/Declining,Stage 4 • Stage 4 - Weak/Declining,0.72,Price is below long-term support with weak trend evidence.,,,2026-08-06,,watchlist,weekly_watchlist,watchlist,8.53,36.9,21.3,5.0,8.53,36.9,26.3,-6.97,-5.12,175283651.09,"Stage 4, Stage 4 - Weak/Declining, weekly_vcp_ok, volume_dryup, weekly_volume_dryup, weekly_strong, downtrend",279,299,Stage 4,watchlist,weekly_watchlist,25.81,20,0.490000000000002,False,False,False,False,False
CESC.NS,CESC Limited,Power,Unknown,False,Cash,1,Stage 4,Stage 4,Stage 4 - Weak/Declining,Stage 4 - Weak/Declining,Stage 4 • Stage 4 - Weak/Declining,0.72,Price is below long-term support with weak trend evidence.,,,2026-08-17,,watchlist,weekly_watchlist,watchlist,2.01,2.0,2.01,0.0,2.01,2.0,2.01,-9.9,-11.38,280054879.63,"Stage 4, Stage 4 - Weak/Declining, downtrend",713,733,Stage 4,watchlist,weekly_watchlist,1.94,20,0.06999999999999984,False,False,False,False,False
RESPONIND.NS,Responsive Industries Limited,Consumer Durables,Unknown,False,Cash,1,Stage 4,Stage 4,Stage 4 - Confirmed Downtrend,Stage 4 - Confirmed Downtrend,Stage 4 • Stage 4 - Confirmed Downtrend,0.86,Price is below a bearish moving-average stack with falling trend signals.,,,2026-07-20,,watchlist,weekly_watchlist,watchlist,0.0,36.66,16.5,0.0,0.0,36.66,16.5,-15.05,23.6,540570744.49,"Stage 4, Stage 4 - Confirmed Downtrend, weekly_vcp_ok, volume_dryup, weekly_volume_dryup, weekly_strong, downtrend",512,532,Stage 4,watchlist,weekly_watchlist,16.47,20,0.030000000000001137,False,False,False,False,False
RCF.NS,Rashtriya Chemicals and Fertilizers Limited,Chemicals,Unknown,False,Cash,1,Stage 4,Stage 4,Stage 4 - Confirmed Downtrend,Stage 4 - Confirmed Downtrend,Stage 4 • Stage 4 - Confirmed Downtrend,0.86,Price is below a bearish moving-average stack with falling trend signals.,,,,,watchlist,weekly_watchlist,watchlist,0.0,35.8,16.11,5.0,0.0,35.8,21.11,-9.18,-12.72,115848838.2,"Stage 4, Stage 4 - Confirmed Downtrend, weekly_vcp_ok, weekly_strong, downtrend",405,425,Stage 4,watchlist,weekly_watchlist,21.11,20,0.0,False,False,False,False,False
HEIDELBERG.NS,HeidelbergCement India Limited,Construction Materials,Unknown,False,Cash,1,Stage 4,Stage 4,Stage 4 - Confirmed Downtrend,Stage 4 - Confirmed Downtrend,Stage 4 • Stage 4 - Confirmed Downtrend,0.86,Price is below a bearish moving-average stack with falling trend signals.,,,,,watchlist,weekly_watchlist,watchlist,0.0,36.9,16.61,0.0,0.0,36.9,16.61,-6.33,-8.96,32053053.14,"Stage 4, Stage 4 - Confirmed Downtrend, weekly_vcp_ok, weekly_strong, downtrend",505,525,Stage 4,watchlist,weekly_watchlist,16.61,20,0.0,False,False,False,False,False
HINDWAREAP.NS,Hindware Home Innovation Limited,Consumer Durables,Unknown,False,Cash,1,Stage 4,Stage 4,Stage 4 - Confirmed Downtrend,Stage 4 - Confirmed Downtrend,Stage 4 • Stage 4 - Confirmed Downtrend,0.86,Price is below a bearish moving-average stack with falling trend signals.,,,2025-11-28,,watchlist,weekly_watchlist,watchlist,0.0,36.9,16.61,0.0,0.0,36.9,16.61,-23.35,-12.32,17510915.6,"Stage 4, Stage 4 - Confirmed Downtrend, weekly_vcp_ok, volume_dryup, weekly_volume_dryup, weekly_strong, downtrend",506,526,Stage 4,watchlist,weekly_watchlist,16.61,20,0.0,False,False,False,False,False
METROBRAND.NS,Metro Brands Limited,Consumer Durables,Unknown,False,Cash,1,Stage 4,Stage 4,Stage 4 - Confirmed Downtrend,Stage 4 - Confirmed Downtrend,Stage 4 • Stage 4 - Confirmed Downtrend,0.86,Price is below a bearish moving-average stack with falling trend signals.,,,,,watchlist,weekly_watchlist,watchlist,0.0,35.8,16.11,0.0,0.0,35.8,16.11,-12.74,-12.1,98225299.27,"Stage 4, Stage 4 - Confirmed Downtrend, weekly_vcp_ok, weekly_volume_dryup, weekly_strong, downtrend",535,555,Stage 4,watchlist,weekly_watchlist,16.11,20,0.0,False,False,False,False,False
TANLA.NS,Tanla Platforms Limited,Information Technology,Unknown,False,Cash,1,Stage 4,Stage 4,Stage 4 - Weak/Declining,Stage 4 - Weak/Declining,Stage 4 • Stage 4 - Weak/Declining,0.72,Price is below long-term support with weak trend evidence.,,,2026-08-21,,watchlist,weekly_watchlist,watchlist,11.41,0.0,6.28,2.0,11.41,0.0,8.28,-2.62,9.44,172456973.57,"Stage 4, Stage 4 - Weak/Declining, volume_dryup, weekly_volume_dryup, downtrend",633,652,Stage 4,watchlist,weekly_watchlist,6.59,19,1.6899999999999995,False,False,False,False,False
FCL.NS,Fineotex Chemical Limited,Chemicals,Unknown,False,Cash,1,Stage 2,Stage 2,Extended Stage 2,Extended Stage 2,Stage 2 • Extended Stage 2,0.78,"Advancing structure remains intact, but price is stretched versus key moving averages or far above the 52-week low.",,,2026-09-30,,watchlist,weekly_watchlist,watchlist,40.36,23.6,32.82,5.0,40.36,23.6,37.82,57.96,143.75,1566429595.76,"Stage 2, Extended Stage 2, trend_template_ok",141,160,Stage 2,watchlist,weekly_watchlist,36.86,19,0.9600000000000009,False,False,False,False,False
TARC.NS,TARC Limited,Realty,Unknown,False,Cash,1,Stage 4,Stage 4,Stage 4 - Weak/Declining,Stage 4 - Weak/Declining,Stage 4 • Stage 4 - Weak/Declining,0.72,Price is below long-term support with weak trend evidence.,,,,,watchlist,weekly_watchlist,watchlist,10.93,37.65,22.95,2.0,10.93,37.65,24.95,9.06,9.47,66507585.27,"Stage 4, Stage 4 - Weak/Declining, weekly_vcp_ok, volume_dryup, weekly_volume_dryup, weekly_strong, downtrend",318,337,Stage 4,watchlist,weekly_watchlist,24.13,19,0.8200000000000003,False,False,False,False,False
DABUR.NS,Dabur India Limited,Fast Moving Consumer Goods,Unknown,True,F&O,1,Stage 4,Stage 4,Stage 4 - Confirmed Downtrend,Stage 4 - Confirmed Downtrend,Stage 4 • Stage 4 - Confirmed Downtrend,0.86,Price is below a bearish moving-average stack with falling trend signals.,,,2026-01-16,,watchlist,weekly_watchlist,watchlist,8.84,0.8,5.22,0.0,8.84,0.8,5.22,-8.18,-10.13,905226519.92,"Stage 4, Stage 4 - Confirmed Downtrend, downtrend",674,693,Stage 4,watchlist,weekly_watchlist,4.88,19,0.33999999999999986,False,False,False,False,False
EMAMILTD.NS,Emami Limited,Fast Moving Consumer Goods,Unknown,False,Cash,1,Stage 4,Stage 4,Stage 4 - Confirmed Downtrend,Stage 4 - Confirmed Downtrend,Stage 4 • Stage 4 - Confirmed Downtrend,0.86,Price is below a bearish moving-average stack with falling trend signals.,,,,,watchlist,weekly_watchlist,watchlist,8.29,36.9,21.16,0.0,8.29,36.9,21.16,-2.28,-9.56,1003338198.81,"Stage 4, Stage 4 - Confirmed Downtrend, weekly_vcp_ok, weekly_strong, downtrend",398,417,Stage 4,watchlist,weekly_watchlist,21.12,19,0.03999999999999915,False,False,False,False,False
KSCL.NS,Kaveri Seed Company Limited,Fast Moving Consumer Goods,Unknown,False,Cash,1,Stage 4,Stage 4,Stage 4 - Confirmed Downtrend,Stage 4 - Confirmed Downtrend,Stage 4 • Stage 4 - Confirmed Downtrend,0.86,Price is below a bearish moving-average stack with falling trend signals.,,,,,watchlist,weekly_watchlist,watchlist,8.2,36.9,21.12,0.0,8.2,36.9,21.12,-12.88,-16.35,1230087016.38,"Stage 4, Stage 4 - Confirmed Downtrend, weekly_vcp_ok, weekly_strong, downtrend",399,418,Stage 4,watchlist,weekly_watchlist,21.12,19,0.0,False,False,False,False,False
JKLAKSHMI.NS,JK Lakshmi Cement Limited,Construction Materials,Unknown,False,Cash,1,Stage 4,Stage 4,Stage 4 - Confirmed Downtrend,Stage 4 - Confirmed Downtrend,Stage 4 • Stage 4 - Confirmed Downtrend,0.86,Price is below a bearish moving-average stack with falling trend signals.,,,,,watchlist,weekly_watchlist,watchlist,0.0,36.9,16.61,0.0,0.0,36.9,16.61,-7.69,-21.74,72562244.5,"Stage 4, Stage 4 - Confirmed Downtrend, weekly_vcp_ok, volume_dryup, weekly_strong, downtrend",508,527,Stage 4,watchlist,weekly_watchlist,16.61,19,0.0,False,False,False,False,False
IMAGICAA.NS,Imagicaaworld Entertainment Limited,Consumer Services,Unknown,False,Cash,1,Stage 2,Stage 2,Early Stage 2,Early Stage 2,Stage 2 • Early Stage 2,0.72,"Price has moved above long-term structure, but the full moving-average stack is not clean yet.",,,2026-09-30,,watchlist,weekly_forming,watchlist,6.76,60.93,31.14,2.0,6.76,60.93,33.14,17.14,14.2,48127845.94,"Stage 2, Early Stage 2, weekly_vcp_ok, volume_dryup, weekly_volume_dryup, weekly_strong",183,202,Stage 2,watchlist,weekly_forming,33.18,19,-0.03999999999999915,False,False,False,False,False
MSTCLTD.NS,Mstc Limited,Services,Unknown,False,Cash,1,Stage 2,Stage 2,Clean Stage 2,Clean Stage 2,Stage 2 • Clean Stage 2,0.9,"Price is above rising key averages, weekly structure is supportive, and the stock is near its 52-week high.",,,2026-09-30,,watchlist,weekly_watchlist,watchlist,38.84,26.0,33.06,2.0,38.84,26.0,35.06,13.03,75.07,208017902.32,"Stage 2, Clean Stage 2, trend_template_ok, volume_dryup, weekly_volume_dryup",162,181,Stage 2,watchlist,weekly_watchlist,35.11,19,-0.04999999999999716,False,False,False,False,False
OLECTRA.NS,Olectra Greentech Limited,Automobile and Auto Components,Unknown,False,Cash,1,Stage 4,Stage 4,Stage 4 - Weak/Declining,Stage 4 - Weak/Declining,Stage 4 • Stage 4 - Weak/Declining,0.72,Price is below long-term support with weak trend evidence.,,,2026-08-13,,watchlist,weekly_watchlist,watchlist,9.2,0.0,5.06,5.0,9.2,0.0,10.06,-14.31,2.13,453331688.8,"Stage 4, Stage 4 - Weak/Declining, downtrend",612,630,Stage 4,watchlist,weekly_watchlist,8.82,18,1.2400000000000002,False,False,False,False,False
NEOGEN.NS,Neogen Chemicals Limited,Chemicals,Unknown,False,Cash,1,Stage 2,Stage 2,Clean Stage 2,Clean Stage 2,Stage 2 • Clean Stage 2,0.9,"Price is above rising key averages, weekly structure is supportive, and the stock is near its 52-week high.",,,2026-09-30,,watchlist,weekly_watchlist,watchlist,36.77,31.6,34.44,5.0,36.77,31.6,39.44,31.37,82.38,536154156.2,"Stage 2, Clean Stage 2, trend_template_ok, weekly_volume_dryup",130,148,Stage 2,watchlist,weekly_watchlist,39.16,18,0.28000000000000114,False,False,False,False,False
AHLUCONT.NS,Ahluwalia Contracts (India) Limited,Construction,Unknown,False,Cash,1,Stage 4,Stage 4,Stage 4 - Confirmed Downtrend,Stage 4 - Confirmed Downtrend,Stage 4 • Stage 4 - Confirmed Downtrend,0.86,Price is below a bearish moving-average stack with falling trend signals.,,,2025-12-05,,watchlist,weekly_watchlist,watchlist,1.33,35.8,16.84,0.0,1.33,35.8,16.84,-26.52,-26.77,41770779.33,"Stage 4, Stage 4 - Confirmed Downtrend, weekly_vcp_ok, volume_dryup, weekly_strong, downtrend",501,519,Stage 4,watchlist,weekly_watchlist,16.71,18,0.129999999999999,False,False,False,False,False
MAXHEALTH.NS,Max Healthcare Institute Limited,Healthcare,Unknown,True,F&O,1,Stage 2 Failed,Stage 4,Failed Stage 2,Failed Stage 2,Stage 2 Failed • Failed Stage 2,0.72,"This stock was recently Stage 2, but the latest structure no longer satisfies Stage 2 rules. It is kept as Stage 2 Failed until a fresh base/repair structure forms.",Recent Stage 2 break; public stage held as Stage 2 Failed.,2026-10-01,2026-09-24,,watchlist,weekly_watchlist,watchlist,14.1,36.9,24.36,10.0,14.1,36.9,34.36,-7.65,1.29,2701499783.73,"Stage 4, Stage 4 - Weak/Declining, weekly_vcp_ok, weekly_strong, downtrend | Stage 2 failed state applied from stage memory.",171,189,Stage 2 Failed,watchlist,weekly_watchlist,34.36,18,0.0,False,False,False,False,False
ANURAS.NS,Anupam Rasayan India Limited,Chemicals,Unknown,False,Cash,1,Stage 4,Stage 4,Stage 4 - Confirmed Downtrend,Stage 4 - Confirmed Downtrend,Stage 4 • Stage 4 - Confirmed Downtrend,0.86,Price is below a bearish moving-average stack with falling trend signals.,,,2026-06-05,,watchlist,weekly_watchlist,watchlist,0.0,35.8,16.11,5.0,0.0,35.8,21.11,-0.12,-5.21,678305185.26,"Stage 4, Stage 4 - Confirmed Downtrend, weekly_vcp_ok, weekly_volume_dryup, weekly_strong, downtrend",403,421,Stage 4,watchlist,weekly_watchlist,21.11,18,0.0,False,False,False,False,False
SULA.NS,Sula Vineyards Limited,Fast Moving Consumer Goods,Unknown,False,Cash,1,Stage 4,Stage 4,Stage 4 - Confirmed Downtrend,Stage 4 - Confirmed Downtrend,Stage 4 • Stage 4 - Confirmed Downtrend,0.86,Price is below a bearish moving-average stack with falling trend signals.,,,,,watchlist,weekly_watchlist,watchlist,0.0,36.9,16.61,0.0,0.0,36.9,16.61,-5.13,-18.12,56293633.95,"Stage 4, Stage 4 - Confirmed Downtrend, weekly_vcp_ok, volume_dryup, weekly_volume_dryup, weekly_strong, downtrend",511,529,Stage 4,watchlist,weekly_watchlist,16.61,18,0.0,False,False,False,False,False
JPPOWER.NS,Jaiprakash Power Ventures Limited,Power,Unknown,False,Cash,1,Stage 4,Stage 4,Stage 4 - Weak/Declining,Stage 4 - Weak/Declining,Stage 4 • Stage 4 - Weak/Declining,0.72,Price is below long-term support with weak trend evidence.,,,2026-08-12,,watchlist,weekly_watchlist,watchlist,0.0,35.8,16.11,0.0,0.0,35.8,16.11,-7.5,-8.84,1098073141.57,"Stage 4, Stage 4 - Weak/Declining, weekly_vcp_ok, weekly_volume_dryup, weekly_strong, downtrend",532,550,Stage 4,watchlist,weekly_watchlist,16.11,18,0.0,False,False,False,False,False
KANSAINER.NS,Kansai Nerolac Paints Limited,Consumer Durables,Unknown,False,Cash,1,Stage 4,Stage 4,Stage 4 - Confirmed Downtrend,Stage 4 - Confirmed Downtrend,Stage 4 • Stage 4 - Confirmed Downtrend,0.86,Price is below a bearish moving-average stack with falling trend signals.,,,2025-11-17,,watchlist,weekly_watchlist,watchlist,0.0,35.8,16.11,0.0,0.0,35.8,16.11,-7.45,0.57,61039858.1,"Stage 4, Stage 4 - Confirmed Downtrend, weekly_vcp_ok, volume_dryup, weekly_volume_dryup, weekly_strong, downtrend",533,551,Stage 4,watchlist,weekly_watchlist,16.11,18,0.0,False,False,False,False,False
KPIGREEN.NS,KPI Green Energy Limited,Power,Unknown,False,Cash,1,Stage 4,Stage 4,Stage 4 - Weak/Declining,Stage 4 - Weak/Declining,Stage 4 • Stage 4 - Weak/Declining,0.72,Price is below long-term support with weak trend evidence.,,,,,watchlist,weekly_watchlist,watchlist,0.0,35.8,16.11,0.0,0.0,35.8,16.11,-5.49,-13.87,1057744867.28,"Stage 4, Stage 4 - Weak/Declining, weekly_vcp_ok, weekly_strong, downtrend",534,552,Stage 4,watchlist,weekly_watchlist,16.11,18,0.0,False,False,False,False,False
ALKYLAMINE.NS,Alkyl Amines Chemicals Limited,Chemicals,Unknown,False,Cash,1,Stage 2,Stage 2,Early Stage 2,Early Stage 2,Stage 2 • Early Stage 2,0.72,"Price has moved above long-term structure, but the full moving-average stack is not clean yet.",,,2026-09-30,,watchlist,weekly_watchlist,watchlist,34.52,23.72,29.66,5.0,34.52,23.72,34.66,5.2,27.96,90760051.79,"Stage 2, Early Stage 2, volume_dryup, weekly_volume_dryup",167,185,Stage 2,watchlist,weekly_watchlist,34.96,18,-0.30000000000000426,False,False,False,False,False
FORCEMOT.NS,FORCE MOTORS LTD,Automobile and Auto Components,Unknown,True,F&O,1,Stage 4,Stage 4,Stage 4 - Confirmed Downtrend,Stage 4 - Confirmed Downtrend,Stage 4 • Stage 4 - Confirmed Downtrend,0.86,Price is below a bearish moving-average stack with falling trend signals.,,,2026-05-06,,watchlist,weekly_watchlist,watchlist,14.28,36.9,24.46,5.0,14.28,36.9,29.46,-2.06,-22.54,1130468569.87,"Stage 4, Stage 4 - Confirmed Downtrend, weekly_vcp_ok, volume_dryup, weekly_strong, downtrend",228,245,Stage 4,watchlist,weekly_watchlist,28.03,17,1.4299999999999997,False,False,False,False,False
MSUMI.NS,Motherson Sumi Wiring India Limited,Automobile and Auto Components,Unknown,False,Cash,1,Stage 4,Stage 4,Stage 4 - Confirmed Downtrend,Stage 4 - Confirmed Downtrend,Stage 4 • Stage 4 - Confirmed Downtrend,0.86,Price is below a bearish moving-average stack with falling trend signals.,,,2026-01-09,,watchlist,weekly_watchlist,watchlist,8.19,35.8,20.61,5.0,8.19,35.8,25.61,-9.43,-11.1,401672879.13,"Stage 4, Stage 4 - Confirmed Downtrend, weekly_vcp_ok, weekly_strong, downtrend",306,323,Stage 4,watchlist,weekly_watchlist,24.52,17,1.0899999999999999,False,False,False,False,False
EMUDHRA.NS,eMudhra Limited,Information Technology,Unknown,False,Cash,1,Stage 2,Stage 2,Early Stage 2,Early Stage 2,Stage 2 • Early Stage 2,0.72,"Price has moved above long-term structure, but the full moving-average stack is not clean yet.",,,2026-09-30,,watchlist,weekly_breakout,watchlist,15.61,65.94,38.26,2.0,15.61,65.94,40.26,40.02,30.35,1480073280.83,"Stage 2, Early Stage 2, weekly_vcp_ok, weekly_volume_dryup, weekly_strong",126,143,Stage 2,watchlist,weekly_breakout,39.33,17,0.9299999999999997,False,False,False,False,False
JUBLPHARMA.NS,Jubilant Pharmova Limited,Healthcare,Unknown,False,Cash,1,Stage 2,Stage 2,Early Stage 2,Early Stage 2,Stage 2 • Early Stage 2,0.72,"Price has moved above long-term structure, but the full moving-average stack is not clean yet.",,,2026-09-30,,watchlist,weekly_watchlist,watchlist,12.99,28.75,20.08,10.0,12.99,28.75,30.08,10.84,16.67,337334061.87,"Stage 2, Early Stage 2",219,236,Stage 2,watchlist,weekly_watchlist,29.19,17,0.889999999999997,False,False,False,False,False
RPOWER.NS,Reliance Power Limited,Power,Unknown,False,Cash,1,Stage 4,Stage 4,Stage 4 - Confirmed Downtrend,Stage 4 - Confirmed Downtrend,Stage 4 • Stage 4 - Confirmed Downtrend,0.86,Price is below a bearish moving-average stack with falling trend signals.,,,,,watchlist,weekly_watchlist,watchlist,6.44,0.0,3.54,0.0,6.44,0.0,3.54,-14.01,-20.47,420645015.16,"Stage 4, Stage 4 - Confirmed Downtrend, downtrend",696,713,Stage 4,watchlist,weekly_watchlist,2.66,17,0.8799999999999999,False,False,False,False,False
RBA.NS,Restaurant Brands Asia Limited,Consumer Services,Unknown,False,Cash,1,Stage 2,Stage 2,Early Stage 2,Early Stage 2,Stage 2 • Early Stage 2,0.72,"Price has moved above long-term structure, but the full moving-average stack is not clean yet.",,,2026-09-30,,watchlist,weekly_watchlist,watchlist,20.62,24.8,22.5,2.0,20.62,24.8,24.5,34.97,52.46,285698029.33,"Stage 2, Early Stage 2, volume_dryup, weekly_volume_dryup",324,341,Stage 2,watchlist,weekly_watchlist,23.93,17,0.5700000000000003,False,False,False,False,False
NESCO.NS,Nesco Limited,Services,Unknown,False,Cash,1,Stage 4,Stage 4,Stage 4 - Weak/Declining,Stage 4 - Weak/Declining,Stage 4 • Stage 4 - Weak/Declining,0.72,Price is below long-term support with weak trend evidence.,,,2025-10-29,,watchlist,weekly_watchlist,watchlist,4.95,36.9,19.33,2.0,4.95,36.9,21.33,-1.28,-3.17,64196541.79,"Stage 4, Stage 4 - Weak/Declining, weekly_vcp_ok, weekly_strong, downtrend",392,409,Stage 4,watchlist,weekly_watchlist,21.33,17,0.0,False,False,False,False,False
PNCINFRA.NS,PNC Infratech Limited,Construction,Unknown,False,Cash,1,Stage 4,Stage 4,Stage 4 - Confirmed Downtrend,Stage 4 - Confirmed Downtrend,Stage 4 • Stage 4 - Confirmed Downtrend,0.86,Price is below a bearish moving-average stack with falling trend signals.,,,,,watchlist,weekly_watchlist,watchlist,0.0,35.8,16.11,0.0,0.0,35.8,16.11,-33.83,-23.24,318705678.81,"Stage 4, Stage 4 - Confirmed Downtrend, weekly_vcp_ok, weekly_strong, downtrend",540,557,Stage 4,watchlist,weekly_watchlist,16.11,17,0.0,False,False,False,False,False
RELAXO.NS,Relaxo Footwears Limited,Consumer Durables,Unknown,False,Cash,1,Stage 4,Stage 4,Stage 4 - Weak/Declining,Stage 4 - Weak/Declining,Stage 4 • Stage 4 - Weak/Declining,0.72,Price is below long-term support with weak trend evidence.,,,2026-08-17,,watchlist,weekly_watchlist,watchlist,0.0,35.8,16.11,0.0,0.0,35.8,16.11,-18.25,8.07,77602413.65,"Stage 4, Stage 4 - Weak/Declining, weekly_vcp_ok, weekly_volume_dryup, weekly_strong, downtrend",541,558,Stage 4,watchlist,weekly_watchlist,16.11,17,0.0,False,False,False,False,False
RELIANCE.NS,Reliance Industries Limited,"Oil, Gas & Consumable Fuels",Unknown,True,F&O,1,Stage 4,Stage 4,Stage 4 - Confirmed Downtrend,Stage 4 - Confirmed Downtrend,Stage 4 • Stage 4 - Confirmed Downtrend,0.86,Price is below a bearish moving-average stack with falling trend signals.,,,2026-01-14,,watchlist,weekly_watchlist,watchlist,7.83,22.1,14.25,5.0,7.83,22.1,19.25,-2.53,-11.83,14617627175.5,"Stage 4, Stage 4 - Confirmed Downtrend, weekly_vcp_ok, downtrend",437,454,Stage 4,watchlist,weekly_watchlist,19.28,17,-0.030000000000001137,False,False,False,False,False
PVRINOX.NS,PVR INOX Limited,"Media, Entertainment & Publication",Unknown,False,Cash,1,Stage 2,Stage 2,Messy Stage 2,Messy Stage 2,Stage 2 • Messy Stage 2,0.64,"Long-term structure is still constructive, but the short-term/weekly structure is not clean.",,,2026-09-30,,watchlist,weekly_forming,watchlist,36.57,49.89,42.56,2.0,36.57,49.89,44.56,29.51,28.39,880515756.69,"Stage 2, Messy Stage 2, trend_template_ok, weekly_vcp_ok, weekly_volume_dryup",97,113,Stage 2,watchlist,weekly_forming,43.02,16,1.5399999999999991,False,False,False,False,False
SHARDACROP.NS,Sharda Cropchem Limited,Chemicals,Unknown,False,Cash,1,Stage 4,Stage 4,Stage 4 - Confirmed Downtrend,Stage 4 - Confirmed Downtrend,Stage 4 • Stage 4 - Confirmed Downtrend,0.86,Price is below a bearish moving-average stack with falling trend signals.,,,2026-05-06,,watchlist,weekly_watchlist,watchlist,0.0,36.9,16.61,5.0,0.0,36.9,21.61,-13.41,-25.52,76670921.32,"Stage 4, Stage 4 - Confirmed Downtrend, weekly_vcp_ok, volume_dryup, weekly_volume_dryup, weekly_strong, downtrend",385,401,Stage 4,watchlist,weekly_watchlist,21.61,16,0.0,False,False,False,False,False
TCI.NS,Transport Corporation of India Limited,Services,Unknown,False,Cash,1,Stage 4,Stage 4,Stage 4 - Confirmed Downtrend,Stage 4 - Confirmed Downtrend,Stage 4 • Stage 4 - Confirmed Downtrend,0.86,Price is below a bearish moving-average stack with falling trend signals.,,,2025-11-04,,watchlist,weekly_watchlist,watchlist,5.2,36.9,19.46,2.0,5.2,36.9,21.46,0.2,-11.76,305574445.31,"Stage 4, Stage 4 - Confirmed Downtrend, weekly_vcp_ok, weekly_strong, downtrend",389,405,Stage 4,watchlist,weekly_watchlist,21.46,16,0.0,False,False,False,False,False
IGIL.NS,International Gemmological Institute (India) Ltd.,Services,Unknown,False,Cash,1,Stage 1,Stage 1,Stage 1 - Unclear/Repair,Stage 1 - Unclear/Repair,Stage 1 • Stage 1 - Unclear/Repair,0.58,Not enough evidence for Stage 2 or Stage 4; classified as repair/unclear structure.,,,2026-07-09,,watchlist,weekly_watchlist,watchlist,0.0,42.9,19.3,2.0,0.0,42.9,21.3,-1.9,-5.15,174801692.74,"Stage 1, Stage 1 - Unclear/Repair, weekly_vcp_ok, weekly_volume_dryup, weekly_strong, stage1_not_actionable, stage1_needs_more_base",396,412,Stage 1,watchlist,weekly_watchlist,21.3,16,0.0,False,False,False,False,False
RVNL.NS,Rail Vikas Nigam Limited,Construction,Unknown,True,F&O,1,Stage 4,Stage 4,Stage 4 - Confirmed Downtrend,Stage 4 - Confirmed Downtrend,Stage 4 • Stage 4 - Confirmed Downtrend,0.86,Price is below a bearish moving-average stack with falling trend signals.,,,,,watchlist,weekly_watchlist,watchlist,0.0,35.8,16.11,0.0,0.0,35.8,16.11,-6.84,-26.99,1106972991.02,"Stage 4, Stage 4 - Confirmed Downtrend, weekly_vcp_ok, weekly_strong, downtrend",543,559,Stage 4,watchlist,weekly_watchlist,16.11,16,0.0,False,False,False,False,False
SHREECEM.NS,SHREE CEMENT LIMITED,Construction Materials,Unknown,True,F&O,1,Stage 4,Stage 4,Stage 4 - Confirmed Downtrend,Stage 4 - Confirmed Downtrend,Stage 4 • Stage 4 - Confirmed Downtrend,0.86,Price is below a bearish moving-average stack with falling trend signals.,,,2026-08-10,,watchlist,weekly_watchlist,watchlist,0.0,35.8,16.11,0.0,0.0,35.8,16.11,-9.57,-8.73,913250747.0,"Stage 4, Stage 4 - Confirmed Downtrend, weekly_vcp_ok, weekly_strong, downtrend",545,561,Stage 4,watchlist,weekly_watchlist,16.11,16,0.0,False,False,False,False,False
SUPREMEIND.NS,Supreme Industries Limited,Capital Goods,Unknown,True,F&O,1,Stage 1,Stage 1,Stage 1 - Base/Repair,Stage 1 - Base/Repair,Stage 1 • Stage 1 - Base/Repair,0.7,Price is near long-term moving averages with no strong long-term downtrend signal.,,,,,watchlist,weekly_watchlist,watchlist,0.0,10.55,4.75,10.0,0.0,10.55,14.75,14.46,-9.0,516733249.9,"Stage 1, Stage 1 - Base/Repair, weekly_volume_dryup, stage1_not_actionable, stage1_needs_more_base",565,580,Stage 1,watchlist,weekly_watchlist,13.29,15,1.4600000000000009,False,False,False,False,False
ISGEC.NS,Isgec Heavy Engineering Limited,Construction,Unknown,False,Cash,1,Stage 1,Stage 1,Stage 1 - Base/Repair,Stage 1 - Base/Repair,Stage 1 • Stage 1 - Base/Repair,0.7,Price is near long-term moving averages with no strong long-term downtrend signal.,,,,,watchlist,weekly_watchlist,watchlist,0.0,6.67,3.0,0.0,0.0,6.67,3.0,8.09,2.62,85201188.26,"Stage 1, Stage 1 - Base/Repair, stage1_not_actionable, stage1_needs_more_base",700,715,Stage 1,watchlist,weekly_watchlist,2.52,15,0.48,False,False,False,False,False
ELECON.NS,Elecon Engineering Company Limited,Capital Goods,Unknown,False,Cash,1,Stage 4,Stage 4,Stage 4 - Weak/Declining,Stage 4 - Weak/Declining,Stage 4 • Stage 4 - Weak/Declining,0.72,Price is below long-term support with weak trend evidence.,,,2026-07-06,,watchlist,weekly_watchlist,watchlist,8.29,5.29,6.94,10.0,8.29,5.29,16.94,-5.38,6.3,1076437015.85,"Stage 4, Stage 4 - Weak/Declining, downtrend",500,515,Stage 3,watchlist,weekly_watchlist,16.82,15,0.120000000000001,False,False,False,False,False
VIPIND.NS,VIP Industries Limited,Consumer Durables,Unknown,False,Cash,1,Stage 4,Stage 4,Stage 4 - Weak/Declining,Stage 4 - Weak/Declining,Stage 4 • Stage 4 - Weak/Declining,0.72,Price is below long-term support with weak trend evidence.,,,,,watchlist,weekly_watchlist,watchlist,9.25,36.9,21.69,0.0,9.25,36.9,21.69,0.94,-12.8,98649022.78,"Stage 4, Stage 4 - Weak/Declining, weekly_vcp_ok, weekly_volume_dryup, weekly_strong, downtrend",383,398,Stage 4,watchlist,weekly_watchlist,21.61,15,0.08000000000000185,False,False,False,False,False
STARCEMENT.NS,Star Cement Limited,Construction Materials,Unknown,False,Cash,1,Stage 4,Stage 4,Stage 4 - Confirmed Downtrend,Stage 4 - Confirmed Downtrend,Stage 4 • Stage 4 - Confirmed Downtrend,0.86,Price is below a bearish moving-average stack with falling trend signals.,,,2025-11-03,,watchlist,weekly_watchlist,watchlist,0.0,35.8,16.11,0.0,0.0,35.8,16.11,-4.88,-15.7,38352006.27,"Stage 4, Stage 4 - Confirmed Downtrend, weekly_vcp_ok, volume_dryup, weekly_volume_dryup, weekly_strong, downtrend",547,562,Stage 4,watchlist,weekly_watchlist,16.11,15,0.0,False,False,False,False,False
TATAPOWER.NS,Tata Power Company Limited,Power,Unknown,True,F&O,1,Stage 4,Stage 4,Stage 4 - Weak/Declining,Stage 4 - Weak/Declining,Stage 4 • Stage 4 - Weak/Declining,0.72,Price is below long-term support with weak trend evidence.,,,2026-06-05,,watchlist,weekly_watchlist,watchlist,0.0,35.8,16.11,0.0,0.0,35.8,16.11,1.05,-9.66,1305836438.71,"Stage 4, Stage 4 - Weak/Declining, weekly_vcp_ok, weekly_strong, downtrend",548,563,Stage 4,watchlist,weekly_watchlist,16.11,15,0.0,False,False,False,False,False
BALKRISIND.NS,Balkrishna Industries Limited,Automobile and Auto Components,Unknown,False,Cash,1,Stage 4,Stage 4,Stage 4 - Weak/Declining,Stage 4 - Weak/Declining,Stage 4 • Stage 4 - Weak/Declining,0.72,Price is below long-term support with weak trend evidence.,,,2026-09-07,,watchlist,weekly_watchlist,watchlist,0.0,31.43,14.14,5.0,0.0,31.43,19.14,0.94,-0.59,488367363.23,"Stage 4, Stage 4 - Weak/Declining, weekly_vcp_ok, volume_dryup, weekly_volume_dryup, weekly_strong, downtrend",440,455,Stage 4,watchlist,weekly_watchlist,19.19,15,-0.05000000000000071,False,False,False,False,False
DHANUKA.NS,Dhanuka Agritech Limited,Chemicals,Unknown,False,Cash,1,Stage 4,Stage 4,Stage 4 - Confirmed Downtrend,Stage 4 - Confirmed Downtrend,Stage 4 • Stage 4 - Confirmed Downtrend,0.86,Price is below a bearish moving-average stack with falling trend signals.,,,,,watchlist,weekly_watchlist,watchlist,2.15,3.2,2.62,5.0,2.15,3.2,7.62,-4.48,-5.71,20553713.39,"Stage 4, Stage 4 - Confirmed Downtrend, volume_dryup, weekly_volume_dryup, downtrend",641,655,Stage 4,watchlist,weekly_watchlist,6.44,14,1.1799999999999997,False,False,False,False,False
ARVIND.NS,Arvind Limited,Textiles,Unknown,False,Cash,1,Stage 2,Stage 2,Early Stage 2,Early Stage 2,Stage 2 • Early Stage 2,0.72,"Price has moved above long-term structure, but the full moving-average stack is not clean yet.",,,2026-09-30,,watchlist,weekly_watchlist,watchlist,21.52,21.84,21.66,10.0,21.52,21.84,31.66,8.08,42.3,352046227.31,"Stage 2, Early Stage 2, volume_dryup, weekly_volume_dryup",198,212,Stage 2,watchlist,weekly_watchlist,31.4,14,0.26000000000000156,False,False,False,False,False
WONDERLA.NS,Wonderla Holidays Limited,Consumer Services,Unknown,False,Cash,1,Stage 2 Failed,Stage 4,Failed Stage 2,Failed Stage 2,Stage 2 Failed • Failed Stage 2,0.72,"This stock was recently Stage 2, but the latest structure no longer satisfies Stage 2 rules. It is kept as Stage 2 Failed until a fresh base/repair structure forms.",Recent Stage 2 break; public stage held as Stage 2 Failed.,2026-10-01,2026-09-25,,watchlist,weekly_watchlist,watchlist,0.19,36.29,16.44,2.0,0.19,36.29,18.44,9.12,-4.26,25820410.26,"Stage 4, Stage 4 - Weak/Declining, weekly_vcp_ok, volume_dryup, weekly_volume_dryup, weekly_strong, downtrend | Stage 2 failed state applied from stage memory.",463,477,Stage 2 Failed,watchlist,weekly_watchlist,18.25,14,0.19000000000000128,False,False,False,False,False
RAMCOCEM.NS,The Ramco Cements Limited,Construction Materials,Unknown,False,Cash,1,Stage 4,Stage 4,Stage 4 - Confirmed Downtrend,Stage 4 - Confirmed Downtrend,Stage 4 • Stage 4 - Confirmed Downtrend,0.86,Price is below a bearish moving-average stack with falling trend signals.,,,2026-03-04,,watchlist,weekly_watchlist,watchlist,10.23,35.8,21.74,0.0,10.23,35.8,21.74,-3.0,-10.67,187999892.76,"Stage 4, Stage 4 - Confirmed Downtrend, weekly_vcp_ok, weekly_volume_dryup, weekly_strong, downtrend",381,395,Stage 4,watchlist,weekly_watchlist,21.7,14,0.03999999999999915,False,False,False,False,False
INDIAMART.NS,Indiamart Intermesh Limited,Consumer Services,Unknown,False,Cash,1,Stage 4,Stage 4,Stage 4 - Confirmed Downtrend,Stage 4 - Confirmed Downtrend,Stage 4 • Stage 4 - Confirmed Downtrend,0.86,Price is below a bearish moving-average stack with falling trend signals.,,,,,watchlist,weekly_watchlist,watchlist,0.0,36.9,16.61,2.0,0.0,36.9,18.61,-7.54,-19.3,191109042.71,"Stage 4, Stage 4 - Confirmed Downtrend, weekly_vcp_ok, weekly_volume_dryup, weekly_strong, downtrend",453,467,Stage 4,watchlist,weekly_watchlist,18.61,14,0.0,False,False,False,False,False
MHRIL.NS,Mahindra Holidays & Resorts India Limited,Consumer Services,Unknown,False,Cash,1,Stage 4,Stage 4,Stage 4 - Confirmed Downtrend,Stage 4 - Confirmed Downtrend,Stage 4 • Stage 4 - Confirmed Downtrend,0.86,Price is below a bearish moving-average stack with falling trend signals.,,,,,watchlist,weekly_watchlist,watchlist,0.0,36.9,16.61,2.0,0.0,36.9,18.61,-8.18,-22.45,24459715.93,"Stage 4, Stage 4 - Confirmed Downtrend, weekly_vcp_ok, weekly_volume_dryup, weekly_strong, downtrend",454,468,Stage 4,watchlist,weekly_watchlist,18.61,14,0.0,False,False,False,False,False
NAUKRI.NS,Info Edge (India) Limited,Consumer Services,Unknown,True,F&O,1,Stage 2 Failed,Stage 3,Failed Stage 2,Failed Stage 2,Stage 2 Failed • Failed Stage 2,0.72,"This stock was recently Stage 2, but the latest structure no longer satisfies Stage 2 rules. It is kept as Stage 2 Failed until a fresh base/repair structure forms.",Recent Stage 2 break; public stage held as Stage 2 Failed.,2026-10-01,2026-09-23,,watchlist,weekly_watchlist,watchlist,0.0,44.45,20.0,2.0,0.0,44.45,22.0,25.64,20.82,1697844855.68,"Stage 3, Stage 3 - Transition, weekly_vcp_ok, weekly_volume_dryup, weekly_strong, distribution_risk | Stage 2 failed state applied from stage memory.",374,388,Stage 2 Failed,watchlist,weekly_watchlist,22.02,14,-0.019999999999999574,False,False,False,False,False
CONCOR.NS,Container Corporation of India Limited,Services,Unknown,True,F&O,1,Stage 2 Failed,Stage 4,Failed Stage 2,Failed Stage 2,Stage 2 Failed • Failed Stage 2,0.72,"This stock was recently Stage 2, but the latest structure no longer satisfies Stage 2 rules. It is kept as Stage 2 Failed until a fresh base/repair structure forms.",Recent Stage 2 break; public stage held as Stage 2 Failed.,2026-10-01,2026-09-18,,watchlist,weekly_watchlist,watchlist,9.15,35.8,21.14,2.0,9.15,35.8,23.14,2.19,-5.09,540067925.65,"Stage 4, Stage 4 - Weak/Declining, weekly_vcp_ok, weekly_volume_dryup, weekly_strong, downtrend | Stage 2 failed state applied from stage memory.",348,362,Stage 2 Failed,watchlist,weekly_watchlist,23.17,14,-0.030000000000001137,False,False,False,False,False
IRB.NS,IRB Infrastructure Developers Limited,Construction,Unknown,False,Cash,1,Stage 4,Stage 4,Stage 4 - Confirmed Downtrend,Stage 4 - Confirmed Downtrend,Stage 4 • Stage 4 - Confirmed Downtrend,0.86,Price is below a bearish moving-average stack with falling trend signals.,,,,,watchlist,weekly_watchlist,watchlist,9.1,35.8,21.11,0.0,9.1,35.8,21.11,-8.56,-17.29,280377104.66,"Stage 4, Stage 4 - Confirmed Downtrend, weekly_vcp_ok, weekly_strong, downtrend",401,415,Stage 4,watchlist,weekly_watchlist,21.17,14,-0.060000000000002274,False,False,False,False,False
HAL.NS,Hindustan Aeronautics Limited,Capital Goods,Unknown,True,F&O,1,Stage 2,Stage 2,Early Stage 2,Early Stage 2,Stage 2 • Early Stage 2,0.72,"Price has moved above long-term structure, but the full moving-average stack is not clean yet.",,,2026-09-30,,watchlist,weekly_forming,watchlist,33.99,61.01,46.15,10.0,33.99,61.01,56.15,12.99,19.12,4115638058.71,"Stage 2, Early Stage 2, weekly_vcp_ok, volume_dryup, weekly_strong",39,52,Stage 2,watchlist,weekly_forming,52.99,13,3.1599999999999966,False,False,False,False,False
APOLLO.NS,Apollo Micro Systems Limited,Capital Goods,Unknown,False,Cash,1,Stage 2 Failed,Stage 3,Failed Stage 2,Failed Stage 2,Stage 2 Failed • Failed Stage 2,0.72,"This stock was recently Stage 2, but the latest structure no longer satisfies Stage 2 rules. It is kept as Stage 2 Failed until a fresh base/repair structure forms.",Recent Stage 2 break; public stage held as Stage 2 Failed.,2026-10-01,2026-09-22,,watchlist,weekly_watchlist,watchlist,0.0,11.6,5.22,10.0,0.0,11.6,15.22,6.45,90.63,3185589371.64,"Stage 3, Stage 3 - Transition, distribution_risk | Stage 2 failed state applied from stage memory.",557,570,Stage 2 Failed,watchlist,weekly_watchlist,14.72,13,0.5,False,False,False,False,False
ONGC.NS,Oil & Natural Gas Corporation Limited,"Oil, Gas & Consumable Fuels",Unknown,True,F&O,1,Stage 4,Stage 4,Stage 4 - Weak/Declining,Stage 4 - Weak/Declining,Stage 4 • Stage 4 - Weak/Declining,0.72,Price is below long-term support with weak trend evidence.,,,2026-05-22,,watchlist,weekly_watchlist,watchlist,10.95,35.8,22.13,5.0,10.95,35.8,27.13,-0.32,-20.65,2342098971.35,"Stage 4, Stage 4 - Weak/Declining, weekly_vcp_ok, volume_dryup, weekly_strong, downtrend",257,270,Not Sure,watchlist,weekly_watchlist,26.72,13,0.41000000000000014,False,False,False,False,False
BAJAJCON.NS,Bajaj Consumer Care Limited,Fast Moving Consumer Goods,Unknown,False,Cash,1,Stage 3,Stage 3,Stage 3 - Distribution/Damage,Stage 3 - Distribution/Damage,Stage 3 • Stage 3 - Distribution/Damage,0.76,"Prior strength exists, but short-term and/or weekly structure is deteriorating.",,,2026-08-07,,watchlist,weekly_watchlist,watchlist,0.0,10.91,4.91,0.0,0.0,10.91,4.91,-11.64,28.76,336921395.27,"Stage 3, Stage 3 - Distribution/Damage, volume_dryup, weekly_volume_dryup, distribution_risk",683,696,Stage 3,watchlist,weekly_watchlist,4.73,13,0.17999999999999972,False,False,False,False,False
HNDFDS.NS,Hindustan Foods Limited,Fast Moving Consumer Goods,Unknown,False,Cash,1,Stage 2,Stage 2,Early Stage 2,Early Stage 2,Stage 2 • Early Stage 2,0.72,"Price has moved above long-term structure, but the full moving-average stack is not clean yet.",,,2026-09-30,,watchlist,weekly_forming,watchlist,15.75,62.23,36.67,0.0,15.75,62.23,36.67,14.32,18.97,50480074.61,"Stage 2, Early Stage 2, weekly_vcp_ok, volume_dryup, weekly_strong",151,164,Stage 2,watchlist,weekly_forming,36.56,13,0.10999999999999943,False,False,False,False,False
TORNTPHARM.NS,Torrent Pharmaceuticals Limited,Healthcare,Unknown,True,F&O,1,Stage 2,Stage 2,Early Stage 2,Early Stage 2,Stage 2 • Early Stage 2,0.72,"Price has moved above long-term structure, but the full moving-average stack is not clean yet.",,,2026-09-30,,watchlist,weekly_watchlist,watchlist,39.38,17.01,29.31,10.0,39.38,17.01,39.31,6.38,19.69,1665102144.15,"Stage 2, Early Stage 2",131,144,Stage 2,watchlist,weekly_watchlist,39.3,13,0.010000000000005116,False,False,False,False,False
DALBHARAT.NS,Dalmia Bharat Limited,Construction Materials,Unknown,True,F&O,1,Stage 4,Stage 4,Stage 4 - Confirmed Downtrend,Stage 4 - Confirmed Downtrend,Stage 4 • Stage 4 - Confirmed Downtrend,0.86,Price is below a bearish moving-average stack with falling trend signals.,,,,,watchlist,weekly_watchlist,watchlist,13.1,35.8,23.31,0.0,13.1,35.8,23.31,2.26,-6.96,153384732.13,"Stage 4, Stage 4 - Confirmed Downtrend, weekly_vcp_ok, volume_dryup, weekly_volume_dryup, weekly_strong, downtrend",345,358,Stage 4,watchlist,weekly_watchlist,23.31,13,0.0,False,False,False,False,False
SYMPHONY.NS,Symphony Limited,Consumer Durables,Unknown,False,Cash,1,Stage 4,Stage 4,Stage 4 - Confirmed Downtrend,Stage 4 - Confirmed Downtrend,Stage 4 • Stage 4 - Confirmed Downtrend,0.86,Price is below a bearish moving-average stack with falling trend signals.,,,,,watchlist,weekly_watchlist,watchlist,13.1,35.8,23.31,0.0,13.1,35.8,23.31,-9.0,-21.98,189361485.94,"Stage 4, Stage 4 - Confirmed Downtrend, weekly_vcp_ok, volume_dryup, weekly_volume_dryup, weekly_strong, downtrend",346,359,Stage 4,watchlist,weekly_watchlist,23.31,13,0.0,False,False,False,False,False
BATAINDIA.NS,Bata India Limited,Consumer Durables,Unknown,False,Cash,1,Stage 4,Stage 4,Stage 4 - Weak/Declining,Stage 4 - Weak/Declining,Stage 4 • Stage 4 - Weak/Declining,0.72,Price is below long-term support with weak trend evidence.,,,,,watchlist,weekly_watchlist,watchlist,11.07,36.9,22.69,0.0,11.07,36.9,22.69,1.95,-7.65,97530614.76,"Stage 4, Stage 4 - Weak/Declining, weekly_vcp_ok, volume_dryup, weekly_volume_dryup, weekly_strong, downtrend",361,374,Stage 4,watchlist,weekly_watchlist,22.69,13,0.0,False,False,False,False,False
VTL.NS,Vardhman Textiles Limited,Textiles,Unknown,False,Cash,1,Stage 4,Stage 4,Stage 4 - Weak/Declining,Stage 4 - Weak/Declining,Stage 4 • Stage 4 - Weak/Declining,0.72,Price is below long-term support with weak trend evidence.,,,2026-08-14,,watchlist,weekly_watchlist,watchlist,12.2,4.0,8.51,10.0,12.2,4.0,18.51,-9.04,-2.06,201120375.57,"Stage 4, Stage 4 - Weak/Declining, volume_dryup, weekly_volume_dryup, downtrend",460,473,Stage 4,watchlist,weekly_watchlist,18.51,13,0.0,False,False,False,False,False
HIKAL.NS,Hikal Limited,Healthcare,Unknown,False,Cash,1,Stage 2 Failed,Not Sure,Failed Stage 2,Failed Stage 2,Stage 2 Failed • Failed Stage 2,0.72,"This stock was recently Stage 2, but the latest structure no longer satisfies Stage 2 rules. It is kept as Stage 2 Failed until a fresh base/repair structure forms.",Recent Stage 2 break; public stage held as Stage 2 Failed.,2026-10-01,2026-09-23,,watchlist,weekly_watchlist,watchlist,12.45,11.89,12.2,10.0,12.45,11.89,22.2,8.73,26.2,676833276.55,"Not Sure, Not Sure, volume_dryup, weekly_volume_dryup | Stage 2 failed state applied from stage memory.",368,381,Stage 2 Failed,watchlist,weekly_watchlist,22.33,13,-0.129999999999999,False,False,False,False,False
KDDL.NS,KDDL Limited,Consumer Durables,Unknown,False,Cash,1,Stage 2,Stage 2,Clean Stage 2,Clean Stage 2,Stage 2 • Clean Stage 2,0.9,"Price is above rising key averages, weekly structure is supportive, and the stock is near its 52-week high.",,,2026-09-30,,watchlist,weekly_watchlist,watchlist,38.39,36.4,37.49,0.0,38.39,36.4,37.49,33.53,77.44,148011938.7,"Stage 2, Clean Stage 2, trend_template_ok, weekly_volume_dryup",143,156,Stage 2,watchlist,weekly_watchlist,37.71,13,-0.21999999999999886,False,False,False,False,False
JKIL.NS,J.Kumar Infraprojects Limited,Construction,Unknown,False,Cash,1,Stage 4,Stage 4,Stage 4 - Confirmed Downtrend,Stage 4 - Confirmed Downtrend,Stage 4 • Stage 4 - Confirmed Downtrend,0.86,Price is below a bearish moving-average stack with falling trend signals.,,,,,watchlist,weekly_watchlist,watchlist,5.68,36.9,19.73,0.0,5.68,36.9,19.73,0.41,-0.68,22557310.15,"Stage 4, Stage 4 - Confirmed Downtrend, weekly_vcp_ok, volume_dryup, weekly_strong, downtrend",426,439,Stage 4,watchlist,weekly_watchlist,20.48,13,-0.75,False,False,False,False,False
MGL.NS,Mahanagar Gas Limited,"Oil, Gas & Consumable Fuels",Unknown,False,Cash,1,Stage 2 Failed,Stage 4,Failed Stage 2,Failed Stage 2,Stage 2 Failed • Failed Stage 2,0.72,"This stock was recently Stage 2, but the latest structure no longer satisfies Stage 2 rules. It is kept as Stage 2 Failed until a fresh base/repair structure forms.",Recent Stage 2 break; public stage held as Stage 2 Failed.,2026-10-01,2026-09-23,,watchlist,weekly_watchlist,watchlist,13.66,37.23,24.27,5.0,13.66,37.23,29.27,1.93,12.37,149631726.48,"Stage 4, Stage 4 - Weak/Declining, weekly_vcp_ok, volume_dryup, weekly_volume_dryup, weekly_strong, downtrend | Stage 2 failed state applied from stage memory.",232,244,Stage 2 Failed,watchlist,weekly_watchlist,28.38,12,0.8900000000000006,False,False,False,False,False
ACC.NS,ACC Limited,Construction Materials,Unknown,False,Cash,1,Stage 4,Stage 4,Stage 4 - Confirmed Downtrend,Stage 4 - Confirmed Downtrend,Stage 4 • Stage 4 - Confirmed Downtrend,0.86,Price is below a bearish moving-average stack with falling trend signals.,,,,,watchlist,weekly_watchlist,watchlist,2.32,36.9,17.88,0.0,2.32,36.9,17.88,-6.34,-14.55,174097942.32,"Stage 4, Stage 4 - Confirmed Downtrend, weekly_vcp_ok, weekly_strong, downtrend",492,504,Stage 4,watchlist,weekly_watchlist,17.65,12,0.23000000000000043,False,False,False,False,False
BLUEJET.NS,Blue Jet Healthcare Ltd.,Healthcare,Unknown,False,Cash,1,Stage 2 Failed,Stage 3,Failed Stage 2,Failed Stage 2,Stage 2 Failed • Failed Stage 2,0.72,"This stock was recently Stage 2, but the latest structure no longer satisfies Stage 2 rules. It is kept as Stage 2 Failed until a fresh base/repair structure forms.",Recent Stage 2 break; public stage held as Stage 2 Failed.,2026-10-01,2026-09-25,,watchlist,weekly_watchlist,watchlist,5.4,12.81,8.73,10.0,5.4,12.81,18.73,1.97,46.11,245310979.87,"Stage 3, Stage 3 - Distribution/Damage, volume_dryup, weekly_volume_dryup, distribution_risk | Stage 2 failed state applied from stage memory.",450,462,Stage 2 Failed,watchlist,weekly_watchlist,18.67,12,0.05999999999999872,False,False,False,False,False
COALINDIA.NS,Coal India Limited,"Oil, Gas & Consumable Fuels",Unknown,True,F&O,1,Stage 1,Stage 1,Stage 1 - Base/Repair,Stage 1 - Base/Repair,Stage 1 • Stage 1 - Base/Repair,0.7,Price is near long-term moving averages with no strong long-term downtrend signal.,,,2026-07-03,,watchlist,weekly_watchlist,watchlist,17.95,17.8,17.88,5.0,17.95,17.8,22.88,8.79,-2.84,3156453975.09,"Stage 1, Stage 1 - Base/Repair, volume_dryup, weekly_volume_dryup, stage1_not_actionable, stage1_needs_more_base",356,368,Stage 1,watchlist,weekly_watchlist,22.84,12,0.03999999999999915,False,False,False,False,False
IRCON.NS,Ircon International Limited,Construction,Unknown,False,Cash,1,Stage 4,Stage 4,Stage 4 - Confirmed Downtrend,Stage 4 - Confirmed Downtrend,Stage 4 • Stage 4 - Confirmed Downtrend,0.86,Price is below a bearish moving-average stack with falling trend signals.,,,,,watchlist,weekly_watchlist,watchlist,14.1,35.8,23.87,0.0,14.1,35.8,23.87,-8.43,-16.24,733774216.01,"Stage 4, Stage 4 - Confirmed Downtrend, weekly_vcp_ok, weekly_strong, downtrend",334,346,Stage 4,watchlist,weekly_watchlist,23.87,12,0.0,False,False,False,False,False
GODREJPROP.NS,Godrej Properties Limited,Realty,Unknown,True,F&O,1,Stage 4,Stage 4,Stage 4 - Weak/Declining,Stage 4 - Weak/Declining,Stage 4 • Stage 4 - Weak/Declining,0.72,Price is below long-term support with weak trend evidence.,,,2026-08-28,,watchlist,weekly_watchlist,watchlist,0.0,36.9,16.61,2.0,0.0,36.9,18.61,-13.29,-4.66,1097824905.11,"Stage 4, Stage 4 - Weak/Declining, weekly_vcp_ok, volume_dryup, weekly_volume_dryup, weekly_strong, downtrend",452,464,Stage 4,watchlist,weekly_watchlist,18.61,12,0.0,False,False,False,False,False
PETRONET.NS,Petronet LNG Limited,"Oil, Gas & Consumable Fuels",Unknown,True,F&O,1,Stage 2 Failed,Stage 1,Failed Stage 2,Failed Stage 2,Stage 2 Failed • Failed Stage 2,0.72,"This stock was recently Stage 2, but the latest structure no longer satisfies Stage 2 rules. It is kept as Stage 2 Failed until a fresh base/repair structure forms.",Recent Stage 2 break; public stage held as Stage 2 Failed.,2026-10-01,2026-09-28,,watchlist,weekly_watchlist,watchlist,11.05,52.73,29.81,5.0,11.05,52.73,34.81,10.33,7.93,451210412.46,"Stage 1, Stage 1 - Early Turn, weekly_vcp_ok, weekly_strong, stage1_not_actionable, stage1_needs_more_base | Stage 2 failed state applied from stage memory.",163,175,Stage 2 Failed,watchlist,weekly_watchlist,35.42,12,-0.6099999999999994,False,False,False,False,False
HCLTECH.NS,HCL Technologies Limited,Information Technology,Unknown,True,F&O,1,Stage 4,Stage 4,Stage 4 - Weak/Declining,Stage 4 - Weak/Declining,Stage 4 • Stage 4 - Weak/Declining,0.72,Price is below long-term support with weak trend evidence.,,,2026-02-05,,watchlist,weekly_watchlist,watchlist,11.38,0.0,6.26,2.0,11.38,0.0,8.26,15.72,-11.27,3177168431.5,"Stage 4, Stage 4 - Weak/Declining, downtrend",634,645,Stage 4,watchlist,weekly_watchlist,7.08,11,1.1799999999999997,False,False,False,False,False
JLHL.NS,Jupiter Life Line Hospitals Limited,Healthcare,Unknown,False,Cash,1,Stage 2 Failed,Stage 4,Failed Stage 2,Failed Stage 2,Stage 2 Failed • Failed Stage 2,0.72,"This stock was recently Stage 2, but the latest structure no longer satisfies Stage 2 rules. It is kept as Stage 2 Failed until a fresh base/repair structure forms.",Recent Stage 2 break; public stage held as Stage 2 Failed.,2026-10-01,2026-09-18,,watchlist,weekly_watchlist,watchlist,0.0,36.3,16.34,10.0,0.0,36.3,26.34,-2.85,7.81,47493754.71,"Stage 4, Stage 4 - Weak/Declining, weekly_vcp_ok, weekly_strong, downtrend | Stage 2 failed state applied from stage memory.",278,289,Stage 2 Failed,watchlist,weekly_watchlist,26.11,11,0.23000000000000043,False,False,False,False,False
ATUL.NS,Atul Limited,Chemicals,Unknown,False,Cash,1,Stage 1,Stage 1,Stage 1 - Unclear/Repair,Stage 1 - Unclear/Repair,Stage 1 • Stage 1 - Unclear/Repair,0.58,Not enough evidence for Stage 2 or Stage 4; classified as repair/unclear structure.,,,2026-07-03,,watchlist,weekly_watchlist,watchlist,0.0,41.8,18.81,5.0,0.0,41.8,23.81,-0.21,-6.66,164544473.75,"Stage 1, Stage 1 - Unclear/Repair, weekly_vcp_ok, volume_dryup, weekly_volume_dryup, weekly_strong, stage1_not_actionable, stage1_needs_more_base",337,348,Stage 1,watchlist,weekly_watchlist,23.81,11,0.0,False,False,False,False,False
LAOPALA.NS,La Opala RG Limited,Consumer Durables,Unknown,False,Cash,1,Stage 4,Stage 4,Stage 4 - Confirmed Downtrend,Stage 4 - Confirmed Downtrend,Stage 4 • Stage 4 - Confirmed Downtrend,0.86,Price is below a bearish moving-average stack with falling trend signals.,,,,,watchlist,weekly_watchlist,watchlist,4.2,35.8,18.42,0.0,4.2,35.8,18.42,-2.71,-6.71,23018892.29,"Stage 4, Stage 4 - Confirmed Downtrend, weekly_vcp_ok, volume_dryup, weekly_volume_dryup, weekly_strong, downtrend",464,475,Stage 4,watchlist,weekly_watchlist,18.42,11,0.0,False,False,False,False,False
POLYMED.NS,Poly Medicure Limited,Healthcare,Unknown,False,Cash,1,Stage 2 Failed,Stage 3,Failed Stage 2,Failed Stage 2,Stage 2 Failed • Failed Stage 2,0.72,"This stock was recently Stage 2, but the latest structure no longer satisfies Stage 2 rules. It is kept as Stage 2 Failed until a fresh base/repair structure forms.",Recent Stage 2 break; public stage held as Stage 2 Failed.,2026-10-01,2026-09-25,,watchlist,weekly_watchlist,watchlist,18.29,41.96,28.94,10.0,18.29,41.96,38.94,6.53,15.09,178717708.11,"Stage 3, Stage 3 - Transition, weekly_vcp_ok, volume_dryup, weekly_volume_dryup, weekly_strong, distribution_risk | Stage 2 failed state applied from stage memory.",134,145,Stage 2 Failed,watchlist,weekly_watchlist,39.3,11,-0.35999999999999943,False,False,False,False,False
DIXON.NS,Dixon Technologies (India) Limited,Consumer Durables,Unknown,True,F&O,1,Stage 3,Stage 3,Stage 3 - Transition,Stage 3 - Transition,Stage 3 • Stage 3 - Transition,0.62,"The structure is transitioning after prior strength, but it is not yet a confirmed Stage 4 decline.",,,2026-09-08,,watchlist,weekly_watchlist,watchlist,0.0,42.28,19.03,0.0,0.0,42.28,19.03,4.2,20.63,4385112382.23,"Stage 3, Stage 3 - Transition, weekly_vcp_ok, weekly_strong, distribution_risk",442,453,Stage 3,watchlist,weekly_watchlist,19.42,11,-0.39000000000000057,False,False,False,False,False
TVSSRICHAK.NS,TVS Srichakra Limited,Automobile and Auto Components,Unknown,False,Cash,1,Stage 2,Stage 2,Early Stage 2,Early Stage 2,Stage 2 • Early Stage 2,0.72,"Price has moved above long-term structure, but the full moving-average stack is not clean yet.",,,2026-09-30,,watchlist,weekly_forming,watchlist,7.91,62.31,32.39,5.0,7.91,62.31,37.39,12.31,21.83,42762939.11,"Stage 2, Early Stage 2, weekly_vcp_ok, volume_dryup, weekly_volume_dryup, weekly_strong",144,155,Stage 2,watchlist,weekly_forming,37.82,11,-0.4299999999999997,False,False,False,False,False
PRICOLLTD.NS,Pricol Limited,Automobile and Auto Components,Unknown,False,Cash,1,Stage 2,Stage 2,Early Stage 2,Early Stage 2,Stage 2 • Early Stage 2,0.72,"Price has moved above long-term structure, but the full moving-average stack is not clean yet.",,,2026-09-30,,watchlist,weekly_forming,watchlist,28.01,63.43,43.95,5.0,28.01,63.43,48.95,26.17,30.14,224662634.28,"Stage 2, Early Stage 2, weekly_vcp_ok, volume_dryup, weekly_volume_dryup, weekly_strong",75,85,Stage 2,watchlist,weekly_forming,46.74,10,2.210000000000001,False,False,False,False,False
NAZARA.NS,Nazara Technologies Limited,"Media, Entertainment & Publication",Unknown,False,Cash,1,Stage 2,Stage 2,Clean Stage 2,Clean Stage 2,Stage 2 • Clean Stage 2,0.9,"Price is above rising key averages, weekly structure is supportive, and the stock is near its 52-week high.",,,2026-09-30,,watchlist,weekly_breakout,watchlist,38.95,65.8,51.03,2.0,38.95,65.8,53.03,35.92,56.56,532227394.87,"Stage 2, Clean Stage 2, trend_template_ok, weekly_vcp_ok, volume_dryup, weekly_strong",49,59,Stage 2,watchlist,weekly_breakout,51.53,10,1.5,False,False,False,False,False
TMPV.NS,Tata Motors Passenger Vehicles Ltd.,Automobile and Auto Components,Unknown,True,F&O,1,Stage 4,Stage 4,Stage 4 - Confirmed Downtrend,Stage 4 - Confirmed Downtrend,Stage 4 • Stage 4 - Confirmed Downtrend,0.86,Price is below a bearish moving-average stack with falling trend signals.,,,,,watchlist,weekly_watchlist,watchlist,10.54,0.0,5.8,5.0,10.54,0.0,10.8,-10.15,-14.71,3142704704.94,"Stage 4, Stage 4 - Confirmed Downtrend, downtrend",599,609,Stage 4,watchlist,weekly_watchlist,10.0,10,0.8000000000000007,False,False,False,False,False
TIINDIA.NS,Tube Investments of India Limited,Automobile and Auto Components,Unknown,True,F&O,1,Stage 4,Stage 4,Stage 4 - Weak/Declining,Stage 4 - Weak/Declining,Stage 4 • Stage 4 - Weak/Declining,0.72,Price is below long-term support with weak trend evidence.,,,2026-08-28,,watchlist,weekly_watchlist,watchlist,0.0,0.0,0.0,5.0,0.0,0.0,5.0,-13.18,-13.01,567182402.84,"Stage 4, Stage 4 - Weak/Declining, volume_dryup, downtrend",682,692,Stage 4,watchlist,weekly_watchlist,5.0,10,0.0,False,False,False,False,False
RUSTOMJEE.NS,Keystone Realtors Limited,Realty,Unknown,False,Cash,1,Stage 4,Stage 4,Stage 4 - Confirmed Downtrend,Stage 4 - Confirmed Downtrend,Stage 4 • Stage 4 - Confirmed Downtrend,0.86,Price is below a bearish moving-average stack with falling trend signals.,,,,,watchlist,weekly_watchlist,watchlist,5.1,0.0,2.81,2.0,5.1,0.0,4.81,-5.31,-7.25,38821691.99,"Stage 4, Stage 4 - Confirmed Downtrend, volume_dryup, weekly_volume_dryup, downtrend",684,694,Stage 4,watchlist,weekly_watchlist,4.81,10,0.0,False,False,False,False,False
PAGEIND.NS,Page Industries Limited,Textiles,Unknown,True,F&O,1,Stage 3,Stage 3,Stage 3 - Distribution/Damage,Stage 3 - Distribution/Damage,Stage 3 • Stage 3 - Distribution/Damage,0.76,"Prior strength exists, but short-term and/or weekly structure is deteriorating.",,,2026-08-05,,watchlist,weekly_watchlist,watchlist,12.02,40.12,24.66,10.0,12.02,40.12,34.66,-3.55,6.75,821838559.5,"Stage 3, Stage 3 - Distribution/Damage, weekly_vcp_ok, weekly_strong, distribution_risk",168,178,Stage 3,watchlist,weekly_watchlist,35.31,10,-0.6500000000000057,False,False,False,False,False
SCHAEFFLER.NS,Schaeffler India Limited,Automobile and Auto Components,Unknown,False,Cash,1,Stage 1,Stage 1,Stage 1 - Base/Repair,Stage 1 - Base/Repair,Stage 1 • Stage 1 - Base/Repair,0.7,Price is near long-term moving averages with no strong long-term downtrend signal.,,,2026-07-29,,watchlist,weekly_watchlist,watchlist,17.78,44.47,29.79,5.0,17.78,44.47,34.79,2.75,1.98,200904222.7,"Stage 1, Stage 1 - Base/Repair, weekly_vcp_ok, weekly_volume_dryup, weekly_strong, stage1_not_actionable, stage1_needs_more_base",164,174,Stage 1,watchlist,weekly_watchlist,35.54,10,-0.75,False,False,False,False,False
NTPC.NS,NTPC Limited,Power,Unknown,True,F&O,1,Stage 4,Stage 4,Stage 4 - Weak/Declining,Stage 4 - Weak/Declining,Stage 4 • Stage 4 - Weak/Declining,0.72,Price is below long-term support with weak trend evidence.,,,2026-05-28,,watchlist,weekly_watchlist,watchlist,3.6,4.0,3.78,0.0,3.6,4.0,3.78,-1.86,-13.74,2353642415.31,"Stage 4, Stage 4 - Weak/Declining, downtrend",694,703,Stage 4,watchlist,weekly_watchlist,3.31,9,0.46999999999999975,False,False,False,False,False
TRIVENI.NS,Triveni Engineering & Industries Limited,Fast Moving Consumer Goods,Unknown,False,Cash,1,Stage 4,Stage 4,Stage 4 - Confirmed Downtrend,Stage 4 - Confirmed Downtrend,Stage 4 • Stage 4 - Confirmed Downtrend,0.86,Price is below a bearish moving-average stack with falling trend signals.,,,2026-07-21,,watchlist,weekly_watchlist,watchlist,9.95,0.0,5.47,0.0,9.95,0.0,5.47,-41.73,-39.29,162265867.88,"Stage 4, Stage 4 - Confirmed Downtrend, volume_dryup, weekly_volume_dryup, downtrend",670,679,Stage 4,watchlist,weekly_watchlist,5.23,9,0.23999999999999932,False,False,False,False,False
SUNPHARMA.NS,Sun Pharmaceutical Industries Limited,Healthcare,Unknown,True,F&O,1,Stage 2 Failed,Stage 1,Failed Stage 2,Failed Stage 2,Stage 2 Failed • Failed Stage 2,0.72,"This stock was recently Stage 2, but the latest structure no longer satisfies Stage 2 rules. It is kept as Stage 2 Failed until a fresh base/repair structure forms.",Recent Stage 2 break; public stage held as Stage 2 Failed.,2026-10-01,2026-09-10,,watchlist,weekly_watchlist,watchlist,21.14,43.83,31.35,10.0,21.14,43.83,41.35,2.84,6.45,2827245748.56,"Stage 1, Stage 1 - Base/Repair, weekly_vcp_ok, weekly_strong, stage1_not_actionable, stage1_needs_more_base | Stage 2 failed state applied from stage memory.",117,126,Stage 2 Failed,watchlist,weekly_watchlist,41.2,9,0.14999999999999858,False,False,False,False,False
VENTIVE.NS,Ventive Hospitality Ltd.,Consumer Services,Unknown,False,Cash,1,Stage 4,Stage 4,Stage 4 - Confirmed Downtrend,Stage 4 - Confirmed Downtrend,Stage 4 • Stage 4 - Confirmed Downtrend,0.86,Price is below a bearish moving-average stack with falling trend signals.,,,,,watchlist,weekly_watchlist,watchlist,0.49,35.8,16.38,2.0,0.49,35.8,18.38,-4.47,-2.7,19692152.42,"Stage 4, Stage 4 - Confirmed Downtrend, weekly_vcp_ok, weekly_volume_dryup, weekly_strong, downtrend",467,476,Stage 4,watchlist,weekly_watchlist,18.35,9,0.029999999999997584,False,False,False,False,False
TEAMLEASE.NS,Teamlease Services Limited,Services,Unknown,False,Cash,1,Stage 4,Stage 4,Stage 4 - Confirmed Downtrend,Stage 4 - Confirmed Downtrend,Stage 4 • Stage 4 - Confirmed Downtrend,0.86,Price is below a bearish moving-average stack with falling trend signals.,,,,,watchlist,weekly_watchlist,watchlist,0.0,35.8,16.11,2.0,0.0,35.8,18.11,-7.68,-0.09,19815998.71,"Stage 4, Stage 4 - Confirmed Downtrend, weekly_vcp_ok, volume_dryup, weekly_volume_dryup, weekly_strong, downtrend",490,499,Stage 4,watchlist,weekly_watchlist,18.11,9,0.0,False,False,False,False,False
GRINFRA.NS,G R Infraprojects Limited,Construction,Unknown,False,Cash,1,Stage 4,Stage 4,Stage 4 - Confirmed Downtrend,Stage 4 - Confirmed Downtrend,Stage 4 • Stage 4 - Confirmed Downtrend,0.86,Price is below a bearish moving-average stack with falling trend signals.,,,,,watchlist,weekly_watchlist,watchlist,1.1,36.9,17.21,0.0,1.1,36.9,17.21,-3.65,-5.12,24118048.6,"Stage 4, Stage 4 - Confirmed Downtrend, weekly_vcp_ok, weekly_volume_dryup, weekly_strong, downtrend",498,507,Stage 4,watchlist,weekly_watchlist,17.21,9,0.0,False,False,False,False,False
ASHOKA.NS,Ashoka Buildcon Limited,Construction,Unknown,False,Cash,1,Stage 4,Stage 4,Stage 4 - Confirmed Downtrend,Stage 4 - Confirmed Downtrend,Stage 4 • Stage 4 - Confirmed Downtrend,0.86,Price is below a bearish moving-average stack with falling trend signals.,,,,,watchlist,weekly_watchlist,watchlist,12.2,14.27,13.13,0.0,12.2,14.27,13.13,-9.93,-12.42,63963316.97,"Stage 4, Stage 4 - Confirmed Downtrend, volume_dryup, weekly_volume_dryup, downtrend",574,583,Stage 4,watchlist,weekly_watchlist,13.13,9,0.0,False,False,False,False,False
RALLIS.NS,Rallis India Limited,Chemicals,Unknown,False,Cash,1,Stage 4,Stage 4,Stage 4 - Confirmed Downtrend,Stage 4 - Confirmed Downtrend,Stage 4 • Stage 4 - Confirmed Downtrend,0.86,Price is below a bearish moving-average stack with falling trend signals.,,,,,watchlist,weekly_watchlist,watchlist,0.0,0.0,0.0,5.0,0.0,0.0,5.0,-5.29,-20.7,100881075.63,"Stage 4, Stage 4 - Confirmed Downtrend, volume_dryup, weekly_volume_dryup, downtrend",681,690,Stage 4,watchlist,weekly_watchlist,5.0,9,0.0,False,False,False,False,False
MMTC.NS,MMTC Limited,Services,Unknown,False,Cash,1,Stage 4,Stage 4,Stage 4 - Confirmed Downtrend,Stage 4 - Confirmed Downtrend,Stage 4 • Stage 4 - Confirmed Downtrend,0.86,Price is below a bearish moving-average stack with falling trend signals.,,,2026-07-13,,watchlist,weekly_watchlist,watchlist,0.0,0.0,0.0,2.0,0.0,0.0,2.0,-5.48,-2.95,82079452.44,"Stage 4, Stage 4 - Confirmed Downtrend, volume_dryup, weekly_volume_dryup, downtrend",718,727,Stage 4,watchlist,weekly_watchlist,2.0,9,0.0,False,False,False,False,False
JYOTHYLAB.NS,Jyothy Labs Limited,Fast Moving Consumer Goods,Unknown,False,Cash,1,Stage 4,Stage 4,Stage 4 - Confirmed Downtrend,Stage 4 - Confirmed Downtrend,Stage 4 • Stage 4 - Confirmed Downtrend,0.86,Price is below a bearish moving-average stack with falling trend signals.,,,,,watchlist,weekly_watchlist,watchlist,0.0,4.0,1.8,0.0,0.0,4.0,1.8,4.53,-16.05,76327021.69,"Stage 4, Stage 4 - Confirmed Downtrend, volume_dryup, weekly_volume_dryup, downtrend",726,735,Stage 4,watchlist,weekly_watchlist,1.8,9,0.0,False,False,False,False,False
TORNTPOWER.NS,Torrent Power Limited,Power,Unknown,False,Cash,1,Stage 4,Stage 4,Stage 4 - Weak/Declining,Stage 4 - Weak/Declining,Stage 4 • Stage 4 - Weak/Declining,0.72,Price is below long-term support with weak trend evidence.,,,2026-06-24,,watchlist,weekly_watchlist,watchlist,0.0,4.0,1.8,0.0,0.0,4.0,1.8,-2.98,-12.76,286264539.73,"Stage 4, Stage 4 - Weak/Declining, volume_dryup, weekly_volume_dryup, downtrend",727,736,Stage 4,watchlist,weekly_watchlist,1.8,9,0.0,False,False,False,False,False
VSTIND.NS,VST Industries Limited,Fast Moving Consumer Goods,Unknown,False,Cash,1,Stage 4,Stage 4,Stage 4 - Confirmed Downtrend,Stage 4 - Confirmed Downtrend,Stage 4 • Stage 4 - Confirmed Downtrend,0.86,Price is below a bearish moving-average stack with falling trend signals.,,,2026-07-10,,watchlist,weekly_watchlist,watchlist,0.0,4.0,1.8,0.0,0.0,4.0,1.8,-13.02,-3.1,22130723.48,"Stage 4, Stage 4 - Confirmed Downtrend, volume_dryup, weekly_volume_dryup, downtrend",728,737,Stage 4,watchlist,weekly_watchlist,1.8,9,0.0,False,False,False,False,False
DEEPAKNTR.NS,Deepak Nitrite Limited,Chemicals,Unknown,False,Cash,1,Stage 2 Failed,Stage 4,Failed Stage 2,Failed Stage 2,Stage 2 Failed • Failed Stage 2,0.72,"This stock was recently Stage 2, but the latest structure no longer satisfies Stage 2 rules. It is kept as Stage 2 Failed until a fresh base/repair structure forms.",Recent Stage 2 break; public stage held as Stage 2 Failed.,2026-10-01,2026-09-23,,watchlist,weekly_watchlist,watchlist,0.0,36.82,16.57,5.0,0.0,36.82,21.57,1.19,9.06,345532190.62,"Stage 4, Stage 4, weekly_vcp_ok, volume_dryup, weekly_volume_dryup, weekly_strong, downtrend | Stage 2 failed state applied from stage memory.",387,396,Stage 2 Failed,watchlist,weekly_watchlist,21.65,9,-0.0799999999999983,False,False,False,False,False
GSFC.NS,Gujarat State Fertilizers & Chemicals Limited,Chemicals,Unknown,False,Cash,1,Stage 4,Stage 4,Stage 4 - Weak/Declining,Stage 4 - Weak/Declining,Stage 4 • Stage 4 - Weak/Declining,0.72,Price is below long-term support with weak trend evidence.,,,,,watchlist,weekly_watchlist,watchlist,0.0,35.8,16.11,5.0,0.0,35.8,21.11,2.38,-4.56,148366264.92,"Stage 4, Stage 4 - Weak/Declining, weekly_vcp_ok, weekly_volume_dryup, weekly_strong, downtrend",404,413,Stage 4,watchlist,weekly_watchlist,21.25,9,-0.14000000000000057,False,False,False,False,False
AADHARHFC.NS,Aadhar Housing Finance Ltd.,Financial Services,Unknown,False,Cash,1,Stage 4,Stage 4,Stage 4 - Weak/Declining,Stage 4 - Weak/Declining,Stage 4 • Stage 4 - Weak/Declining,0.72,Price is below long-term support with weak trend evidence.,,,2026-08-17,,watchlist,weekly_watchlist,watchlist,7.88,36.9,20.94,0.0,7.88,36.9,20.94,-9.62,-3.72,165319325.27,"Stage 4, Stage 4 - Weak/Declining, weekly_vcp_ok, weekly_strong, downtrend",410,419,Stage 4,watchlist,weekly_watchlist,21.12,9,-0.17999999999999972,False,False,False,False,False
HEROMOTOCO.NS,Hero MotoCorp Limited,Automobile and Auto Components,Unknown,True,F&O,1,Stage 4,Stage 4,Stage 4 - Weak/Declining,Stage 4 - Weak/Declining,Stage 4 • Stage 4 - Weak/Declining,0.72,Price is below long-term support with weak trend evidence.,,,2026-09-08,,watchlist,weekly_watchlist,watchlist,0.0,37.15,16.72,5.0,0.0,37.15,21.72,13.2,0.31,2471137214.3,"Stage 4, Stage 4 - Weak/Declining, weekly_vcp_ok, volume_dryup, weekly_volume_dryup, weekly_strong, downtrend",382,391,Stage 4,watchlist,weekly_watchlist,21.94,9,-0.22000000000000242,False,False,False,False,False
NAVA.NS,NAVA LIMITED,Power,Unknown,False,Cash,1,Stage 4,Stage 4,Stage 4 - Weak/Declining,Stage 4 - Weak/Declining,Stage 4 • Stage 4 - Weak/Declining,0.72,Price is below long-term support with weak trend evidence.,,,2026-05-28,,watchlist,weekly_watchlist,watchlist,11.37,35.0,22.0,0.0,11.37,35.0,22.0,0.59,-2.73,137477125.24,"Stage 4, Stage 4 - Weak/Declining, weekly_vcp_ok, weekly_strong, downtrend",373,382,Stage 4,watchlist,weekly_watchlist,22.32,9,-0.3200000000000003,False,False,False,False,False
KRBL.NS,KRBL Limited,Fast Moving Consumer Goods,Unknown,False,Cash,1,Stage 2,Stage 2,Early Stage 2,Early Stage 2,Stage 2 • Early Stage 2,0.72,"Price has moved above long-term structure, but the full moving-average stack is not clean yet.",,,2026-09-30,,watchlist,weekly_forming,watchlist,14.0,62.28,35.73,0.0,14.0,62.28,35.73,10.57,23.22,163726249.23,"Stage 2, Early Stage 2, weekly_vcp_ok, volume_dryup, weekly_volume_dryup, weekly_strong",159,168,Stage 2,watchlist,weekly_forming,36.3,9,-0.5700000000000003,False,False,False,False,False
RSYSTEMS.NS,R Systems International Limited,Information Technology,Unknown,False,Cash,1,Stage 1,Stage 1,Stage 1 - Early Turn,Stage 1 - Early Turn,Stage 1 • Stage 1 - Early Turn,0.66,The stock is improving from a repair/base area but has not confirmed a clean Stage 2 yet.,,,,,watchlist,weekly_watchlist,watchlist,13.49,52.93,31.24,2.0,13.49,52.93,33.24,28.68,2.65,2070417878.97,"Stage 1, Stage 1 - Early Turn, weekly_vcp_ok, weekly_strong, stage1_not_actionable, stage1_needs_more_base",182,191,Stage 1,watchlist,weekly_watchlist,34.31,9,-1.0700000000000003,False,False,False,False,False
NESTLEIND.NS,Nestle India Limited,Fast Moving Consumer Goods,Unknown,True,F&O,1,Stage 2 Failed,Stage 1,Failed Stage 2,Failed Stage 2,Stage 2 Failed • Failed Stage 2,0.72,"This stock was recently Stage 2, but the latest structure no longer satisfies Stage 2 rules. It is kept as Stage 2 Failed until a fresh base/repair structure forms.",Recent Stage 2 break; public stage held as Stage 2 Failed.,2026-10-01,2026-09-21,,watchlist,weekly_watchlist,watchlist,14.21,0.29,7.95,0.0,14.21,0.29,7.95,-2.5,9.4,1515449232.19,"Stage 1, Stage 1 - Base/Repair, volume_dryup, weekly_volume_dryup, stage1_not_actionable, stage1_needs_more_base | Stage 2 failed state applied from stage memory.",636,644,Stage 2 Failed,watchlist,weekly_watchlist,7.16,8,0.79,False,False,False,False,False
AETHER.NS,Aether Industries Limited,Chemicals,Unknown,False,Cash,1,Stage 2,Stage 2,Extended Stage 2,Extended Stage 2,Stage 2 • Extended Stage 2,0.78,"Advancing structure remains intact, but price is stretched versus key moving averages or far above the 52-week low.",,,2026-09-30,,watchlist,weekly_watchlist,watchlist,38.16,37.6,37.91,5.0,38.16,37.6,42.91,33.78,48.3,496152640.61,"Stage 2, Extended Stage 2, trend_template_ok",109,117,Stage 2,watchlist,weekly_watchlist,42.3,8,0.6099999999999994,False,False,False,False,False
HONASA.NS,Honasa Consumer Ltd.,Fast Moving Consumer Goods,Unknown,False,Cash,1,Stage 2,Stage 2,Early Stage 2,Early Stage 2,Stage 2 • Early Stage 2,0.72,"Price has moved above long-term structure, but the full moving-average stack is not clean yet.",,,2026-09-30,,watchlist,weekly_watchlist,watchlist,34.01,19.94,27.68,0.0,34.01,19.94,27.68,0.05,43.4,835687052.88,"Stage 2, Early Stage 2",247,255,Stage 2,watchlist,weekly_watchlist,27.37,8,0.3099999999999987,False,False,False,False,False
GOCOLORS.NS,Go Fashion (India) Limited,Consumer Services,Unknown,False,Cash,1,Stage 4,Stage 4,Stage 4 - Weak/Declining,Stage 4 - Weak/Declining,Stage 4 • Stage 4 - Weak/Declining,0.72,Price is below long-term support with weak trend evidence.,,,,,watchlist,weekly_watchlist,watchlist,3.62,0.0,1.99,2.0,3.62,0.0,3.99,-7.05,11.27,23572258.42,"Stage 4, Stage 4 - Weak/Declining, volume_dryup, weekly_volume_dryup, downtrend",691,699,Stage 4,watchlist,weekly_watchlist,3.75,8,0.2400000000000002,False,False,False,False,False
KOLTEPATIL.NS,Kolte - Patil Developers Limited,Realty,Unknown,False,Cash,1,Stage 2,Stage 2,Early Stage 2,Early Stage 2,Stage 2 • Early Stage 2,0.72,"Price has moved above long-term structure, but the full moving-average stack is not clean yet.",,,2026-09-30,,watchlist,weekly_forming,watchlist,10.0,50.22,28.1,2.0,10.0,50.22,30.1,22.29,38.92,48542241.66,"Stage 2, Early Stage 2, weekly_vcp_ok, volume_dryup, weekly_volume_dryup",217,225,Stage 2,watchlist,weekly_forming,29.88,8,0.22000000000000242,False,False,False,False,False
IRCTC.NS,Indian Railway Catering And Tourism Corporation Ltd.,Consumer Services,Unknown,False,Cash,1,Stage 4,Stage 4,Stage 4 - Confirmed Downtrend,Stage 4 - Confirmed Downtrend,Stage 4 • Stage 4 - Confirmed Downtrend,0.86,Price is below a bearish moving-average stack with falling trend signals.,,,,,watchlist,weekly_watchlist,watchlist,0.0,35.8,16.11,2.0,0.0,35.8,18.11,-0.99,-14.13,313578728.63,"Stage 4, Stage 4 - Confirmed Downtrend, weekly_vcp_ok, weekly_strong, downtrend",484,492,Stage 4,watchlist,weekly_watchlist,18.11,8,0.0,False,False,False,False,False
SOBHA.NS,Sobha Limited,Realty,Unknown,False,Cash,1,Stage 4,Stage 4,Stage 4 - Confirmed Downtrend,Stage 4 - Confirmed Downtrend,Stage 4 • Stage 4 - Confirmed Downtrend,0.86,Price is below a bearish moving-average stack with falling trend signals.,,,2026-01-12,,watchlist,weekly_watchlist,watchlist,0.0,35.8,16.11,2.0,0.0,35.8,18.11,-8.02,-4.62,92386288.02,"Stage 4, Stage 4 - Confirmed Downtrend, weekly_vcp_ok, weekly_volume_dryup, weekly_strong, downtrend",489,497,Stage 4,watchlist,weekly_watchlist,18.11,8,0.0,False,False,False,False,False
NFL.NS,National Fertilizers Limited,Chemicals,Unknown,False,Cash,1,Stage 4,Stage 4,Stage 4 - Confirmed Downtrend,Stage 4 - Confirmed Downtrend,Stage 4 • Stage 4 - Confirmed Downtrend,0.86,Price is below a bearish moving-average stack with falling trend signals.,,,,,watchlist,weekly_watchlist,watchlist,0.0,0.0,0.0,5.0,0.0,0.0,5.0,-4.68,-11.1,32191090.47,"Stage 4, Stage 4 - Confirmed Downtrend, volume_dryup, downtrend",679,687,Stage 4,watchlist,weekly_watchlist,5.0,8,0.0,False,False,False,False,False
PIIND.NS,PI Industries Limited,Chemicals,Unknown,True,F&O,1,Stage 4,Stage 4,Stage 4 - Confirmed Downtrend,Stage 4 - Confirmed Downtrend,Stage 4 • Stage 4 - Confirmed Downtrend,0.86,Price is below a bearish moving-average stack with falling trend signals.,,,,,watchlist,weekly_watchlist,watchlist,0.0,0.0,0.0,5.0,0.0,0.0,5.0,-7.17,-20.87,636980566.91,"Stage 4, Stage 4 - Confirmed Downtrend, weekly_volume_dryup, downtrend",680,688,Stage 4,watchlist,weekly_watchlist,5.0,8,0.0,False,False,False,False,False
INDIGO.NS,InterGlobe Aviation Limited,Services,Unknown,True,F&O,1,Stage 3,Stage 3,Stage 3 - Distribution/Damage,Stage 3 - Distribution/Damage,Stage 3 • Stage 3 - Distribution/Damage,0.76,"Prior strength exists, but short-term and/or weekly structure is deteriorating.",,,2026-08-31,,watchlist,weekly_watchlist,watchlist,0.0,0.0,0.0,2.0,0.0,0.0,2.0,-0.4,16.62,2722981477.65,"Stage 3, Stage 3 - Distribution/Damage, weekly_volume_dryup, distribution_risk",716,724,Stage 3,watchlist,weekly_watchlist,2.0,8,0.0,False,False,False,False,False
SAMHI.NS,Samhi Hotels Limited,Consumer Services,Unknown,False,Cash,1,Stage 4,Stage 4,Stage 4 - Weak/Declining,Stage 4 - Weak/Declining,Stage 4 • Stage 4 - Weak/Declining,0.72,Price is below long-term support with weak trend evidence.,,,,,watchlist,weekly_watchlist,watchlist,0.0,0.0,0.0,2.0,0.0,0.0,2.0,-2.93,-1.95,283082522.97,"Stage 4, Stage 4 - Weak/Declining, volume_dryup, weekly_volume_dryup, downtrend",720,728,Stage 4,watchlist,weekly_watchlist,2.0,8,0.0,False,False,False,False,False
TRENT.NS,Trent Limited,Consumer Services,Unknown,True,F&O,1,Stage 4,Stage 4,Stage 4 - Weak/Declining,Stage 4 - Weak/Declining,Stage 4 • Stage 4 - Weak/Declining,0.72,Price is below long-term support with weak trend evidence.,,,,,watchlist,weekly_watchlist,watchlist,0.0,0.0,0.0,2.0,0.0,0.0,2.0,-3.66,0.39,1935873939.51,"Stage 4, Stage 4 - Weak/Declining, downtrend",722,730,Stage 4,watchlist,weekly_watchlist,2.0,8,0.0,False,False,False,False,False
AFCONS.NS,Afcons Infrastructure Ltd.,Construction,Unknown,False,Cash,1,Stage 4,Stage 4,Stage 4 - Confirmed Downtrend,Stage 4 - Confirmed Downtrend,Stage 4 • Stage 4 - Confirmed Downtrend,0.86,Price is below a bearish moving-average stack with falling trend signals.,,,,,watchlist,weekly_watchlist,watchlist,0.0,0.8,0.36,0.0,0.0,0.8,0.36,-13.11,-18.52,754364037.05,"Stage 4, Stage 4 - Confirmed Downtrend, volume_dryup, weekly_volume_dryup, downtrend",733,741,Stage 4,watchlist,weekly_watchlist,0.36,8,0.0,False,False,False,False,False
AMBUJACEM.NS,Ambuja Cements Limited,Construction Materials,Unknown,True,F&O,1,Stage 4,Stage 4,Stage 4 - Confirmed Downtrend,Stage 4 - Confirmed Downtrend,Stage 4 • Stage 4 - Confirmed Downtrend,0.86,Price is below a bearish moving-average stack with falling trend signals.,,,,,watchlist,weekly_watchlist,watchlist,12.06,35.8,22.74,0.0,12.06,35.8,22.74,-8.68,-17.38,534729343.61,"Stage 4, Stage 4 - Confirmed Downtrend, weekly_vcp_ok, volume_dryup, weekly_strong, downtrend",359,367,Stage 4,watchlist,weekly_watchlist,22.85,8,-0.11000000000000298,False,False,False,False,False
TEJASNET.NS,Tejas Networks Limited,Telecommunication,Unknown,False,Cash,1,Stage 2 Failed,Stage 1,Failed Stage 2,Failed Stage 2,Stage 2 Failed • Failed Stage 2,0.72,"This stock was recently Stage 2, but the latest structure no longer satisfies Stage 2 rules. It is kept as Stage 2 Failed until a fresh base/repair structure forms.",Recent Stage 2 break; public stage held as Stage 2 Failed.,2026-10-01,2026-09-25,,watchlist,weekly_watchlist,watchlist,14.45,41.8,26.76,10.0,14.45,41.8,36.76,-6.8,6.6,1710130362.58,"Stage 1, Stage 1 - Base/Repair, weekly_vcp_ok, volume_dryup, weekly_volume_dryup, weekly_strong, stage1_not_actionable, stage1_needs_more_base | Stage 2 failed state applied from stage memory.",150,158,Stage 2 Failed,watchlist,weekly_watchlist,37.45,8,-0.6900000000000048,False,False,False,False,False
GODREJAGRO.NS,Godrej Agrovet Limited,Fast Moving Consumer Goods,Unknown,False,Cash,1,Stage 2,Stage 2,Clean Stage 2,Clean Stage 2,Stage 2 • Clean Stage 2,0.9,"Price is above rising key averages, weekly structure is supportive, and the stock is near its 52-week high.",,,2026-09-30,,watchlist,weekly_breakout,watchlist,19.69,70.21,42.42,0.0,19.69,70.21,42.42,23.05,10.06,149897806.84,"Stage 2, Clean Stage 2, weekly_vcp_ok, volume_dryup, weekly_volume_dryup, weekly_strong",111,118,Stage 2,watchlist,weekly_breakout,41.92,7,0.5,False,False,False,False,False
APOLLOHOSP.NS,Apollo Hospitals Enterprise Limited,Healthcare,Unknown,True,F&O,1,Stage 2 Failed,Stage 1,Failed Stage 2,Failed Stage 2,Stage 2 Failed • Failed Stage 2,0.72,"This stock was recently Stage 2, but the latest structure no longer satisfies Stage 2 rules. It is kept as Stage 2 Failed until a fresh base/repair structure forms.",Recent Stage 2 break; public stage held as Stage 2 Failed.,2026-10-01,2026-09-28,,watchlist,weekly_watchlist,watchlist,21.16,42.15,30.61,10.0,21.16,42.15,40.61,0.37,11.15,3755106310.5,"Stage 1, Stage 1 - Base/Repair, weekly_vcp_ok, weekly_strong, stage1_not_actionable, stage1_needs_more_base | Stage 2 failed state applied from stage memory.",123,130,Stage 2 Failed,watchlist,weekly_watchlist,40.54,7,0.07000000000000028,False,False,False,False,False
VMM.NS,Vishal Mega Mart Ltd.,Consumer Services,Unknown,True,F&O,1,Stage 4,Stage 4,Stage 4 - Confirmed Downtrend,Stage 4 - Confirmed Downtrend,Stage 4 • Stage 4 - Confirmed Downtrend,0.86,Price is below a bearish moving-average stack with falling trend signals.,,,,,watchlist,weekly_watchlist,watchlist,0.0,35.0,15.75,2.0,0.0,35.0,17.75,-6.94,-13.52,1064235101.94,"Stage 4, Stage 4 - Confirmed Downtrend, weekly_vcp_ok, weekly_strong, downtrend",495,502,Stage 4,watchlist,weekly_watchlist,17.75,7,0.0,False,False,False,False,False
BPCL.NS,Bharat Petroleum Corporation Limited,"Oil, Gas & Consumable Fuels",Unknown,True,F&O,1,Stage 4,Stage 4,Stage 4 - Weak/Declining,Stage 4 - Weak/Declining,Stage 4 • Stage 4 - Weak/Declining,0.72,Price is below long-term support with weak trend evidence.,,,2026-03-02,,watchlist,weekly_watchlist,watchlist,0.0,0.0,0.0,5.0,0.0,0.0,5.0,3.97,1.97,1241681897.18,"Stage 4, Stage 4 - Weak/Declining, weekly_volume_dryup, downtrend",676,683,Stage 4,watchlist,weekly_watchlist,5.0,7,0.0,False,False,False,False,False
FSL.NS,Firstsource Solutions Limited,Services,Unknown,False,Cash,1,Stage 4,Stage 4,Stage 4 - Weak/Declining,Stage 4 - Weak/Declining,Stage 4 • Stage 4 - Weak/Declining,0.72,Price is below long-term support with weak trend evidence.,,,,,watchlist,weekly_watchlist,watchlist,0.0,0.0,0.0,2.0,0.0,0.0,2.0,10.95,13.73,749434311.64,"Stage 4, Stage 4 - Weak/Declining, volume_dryup, weekly_volume_dryup, downtrend",714,721,Stage 4,watchlist,weekly_watchlist,2.0,7,0.0,False,False,False,False,False
HGS.NS,Hinduja Global Solutions Limited,Services,Unknown,False,Cash,1,Stage 4,Stage 4,Stage 4 - Confirmed Downtrend,Stage 4 - Confirmed Downtrend,Stage 4 • Stage 4 - Confirmed Downtrend,0.86,Price is below a bearish moving-average stack with falling trend signals.,,,,,watchlist,weekly_watchlist,watchlist,0.0,0.0,0.0,2.0,0.0,0.0,2.0,-1.37,1.35,4227401.44,"Stage 4, Stage 4 - Confirmed Downtrend, volume_dryup, weekly_volume_dryup, downtrend",715,722,Stage 4,watchlist,weekly_watchlist,2.0,7,0.0,False,False,False,False,False
CROMPTON.NS,Crompton Greaves Consumer Electricals Limited,Consumer Durables,Unknown,True,F&O,1,Stage 4,Stage 4,Stage 4 - Weak/Declining,Stage 4 - Weak/Declining,Stage 4 • Stage 4 - Weak/Declining,0.72,Price is below long-term support with weak trend evidence.,,,2026-08-06,,watchlist,weekly_watchlist,watchlist,0.0,2.0,0.9,0.0,0.0,2.0,0.9,-15.38,-15.49,548534226.0,"Stage 4, Stage 4 - Weak/Declining, volume_dryup, downtrend",732,739,Stage 4,watchlist,weekly_watchlist,0.9,7,0.0,False,False,False,False,False
3MINDIA.NS,3M India Limited,Diversified,Unknown,False,Cash,1,Stage 4,Stage 4,Stage 4 - Weak/Declining,Stage 4 - Weak/Declining,Stage 4 • Stage 4 - Weak/Declining,0.72,Price is below long-term support with weak trend evidence.,,,2026-08-28,,watchlist,weekly_watchlist,watchlist,0.0,0.0,0.0,0.0,0.0,0.0,0.0,-3.05,7.45,177492730.75,"Stage 4, Stage 4 - Weak/Declining, downtrend",735,742,Stage 4,watchlist,weekly_watchlist,0.0,7,0.0,False,False,False,False,False
CMSINFO.NS,CMS Info Systems Limited,Services,Unknown,False,Cash,1,Stage 4,Stage 4,Stage 4 - Confirmed Downtrend,Stage 4 - Confirmed Downtrend,Stage 4 • Stage 4 - Confirmed Downtrend,0.86,Price is below a bearish moving-average stack with falling trend signals.,,,,,watchlist,weekly_watchlist,watchlist,10.98,35.8,22.15,2.0,10.98,35.8,24.15,-8.17,-23.49,208999846.37,"Stage 4, Stage 4 - Confirmed Downtrend, weekly_vcp_ok, volume_dryup, weekly_volume_dryup, weekly_strong, downtrend",329,336,Stage 4,watchlist,weekly_watchlist,24.16,7,-0.010000000000001563,False,False,False,False,False
UNITDSPR.NS,United Spirits Ltd.,Fast Moving Consumer Goods,Unknown,True,F&O,1,Stage 2 Failed,Stage 1,Failed Stage 2,Failed Stage 2,Stage 2 Failed • Failed Stage 2,0.72,"This stock was recently Stage 2, but the latest structure no longer satisfies Stage 2 rules. It is kept as Stage 2 Failed until a fresh base/repair structure forms.",Recent Stage 2 break; public stage held as Stage 2 Failed.,2026-10-01,2026-09-28,,watchlist,weekly_watchlist,watchlist,0.0,29.16,13.12,0.0,0.0,29.16,13.12,1.69,8.87,1241266896.24,"Stage 1, Stage 1 - Unclear/Repair, weekly_vcp_ok, stage1_not_actionable, stage1_needs_more_base | Stage 2 failed state applied from stage memory.",575,582,Stage 2 Failed,watchlist,weekly_watchlist,13.15,7,-0.030000000000001137,False,False,False,False,False
SWIGGY.NS,Swiggy Ltd.,Consumer Services,Unknown,True,F&O,1,Stage 4,Stage 4,Stage 4 - Weak/Declining,Stage 4 - Weak/Declining,Stage 4 • Stage 4 - Weak/Declining,0.72,Price is below long-term support with weak trend evidence.,,,,,watchlist,weekly_watchlist,watchlist,8.57,38.0,21.81,2.0,8.57,38.0,23.81,-2.4,-13.15,6608607940.51,"Stage 4, Stage 4 - Weak/Declining, weekly_vcp_ok, volume_dryup, weekly_volume_dryup, weekly_strong, downtrend",336,343,Stage 4,watchlist,weekly_watchlist,23.91,7,-0.10000000000000142,False,False,False,False,False
DBL.NS,Dilip Buildcon Limited,Construction,Unknown,False,Cash,1,Stage 4,Stage 4,Stage 4 - Confirmed Downtrend,Stage 4 - Confirmed Downtrend,Stage 4 • Stage 4 - Confirmed Downtrend,0.86,Price is below a bearish moving-average stack with falling trend signals.,,,2025-11-04,,watchlist,weekly_watchlist,watchlist,5.94,32.18,17.75,0.0,5.94,32.18,17.75,1.43,-0.98,216075939.3,"Stage 4, Stage 4 - Confirmed Downtrend, weekly_vcp_ok, volume_dryup, weekly_volume_dryup, weekly_strong, downtrend",494,501,Stage 4,watchlist,weekly_watchlist,17.86,7,-0.10999999999999943,False,False,False,False,False
GPPL.NS,Gujarat Pipavav Port Limited,Services,Unknown,False,Cash,1,Stage 1,Stage 1,Stage 1 - Early Turn,Stage 1 - Early Turn,Stage 1 • Stage 1 - Early Turn,0.66,The stock is improving from a repair/base area but has not confirmed a clean Stage 2 yet.,,,2026-02-10,,watchlist,weekly_watchlist,watchlist,30.83,39.27,34.63,2.0,30.83,39.27,36.63,19.1,12.63,216956080.61,"Stage 1, Stage 1 - Early Turn, daily_vcp_ok, weekly_vcp_ok, volume_dryup, weekly_volume_dryup, stage1_needs_more_base",152,159,Stage 1,watchlist,weekly_watchlist,36.95,7,-0.3200000000000003,False,False,False,False,False
GRANULES.NS,Granules India Limited,Healthcare,Unknown,False,Cash,1,Stage 2,Stage 2,Early Stage 2,Early Stage 2,Stage 2 • Early Stage 2,0.72,"Price has moved above long-term structure, but the full moving-average stack is not clean yet.",,,2026-09-30,,watchlist,weekly_watchlist,watchlist,37.57,18.85,29.15,10.0,37.57,18.85,39.15,3.58,28.94,1221325493.94,"Stage 2, Early Stage 2, daily_vcp_ok, volume_dryup, weekly_volume_dryup",132,139,Stage 2,watchlist,weekly_watchlist,39.57,7,-0.4200000000000017,False,False,False,False,False
AGARWALEYE.NS,Dr. Agarwal's Health Care Ltd.,Healthcare,Unknown,False,Cash,1,Stage 2,Stage 2,Early Stage 2,Early Stage 2,Stage 2 • Early Stage 2,0.72,"Price has moved above long-term structure, but the full moving-average stack is not clean yet.",,,2026-09-30,,watchlist,weekly_forming,watchlist,33.73,60.16,45.62,10.0,33.73,60.16,55.62,9.31,14.26,150886940.81,"Stage 2, Early Stage 2, weekly_vcp_ok, volume_dryup, weekly_volume_dryup, weekly_strong",40,46,Stage 2,watchlist,weekly_forming,54.49,6,1.1299999999999955,False,False,False,False,False
SRF.NS,SRF Limited,Chemicals,Unknown,True,F&O,1,Stage 4,Stage 4,Stage 4 - Confirmed Downtrend,Stage 4 - Confirmed Downtrend,Stage 4 • Stage 4 - Confirmed Downtrend,0.86,Price is below a bearish moving-average stack with falling trend signals.,,,2026-01-05,,watchlist,weekly_watchlist,watchlist,10.99,0.83,6.42,5.0,10.99,0.83,11.42,-3.15,3.43,549631910.4,"Stage 4, Stage 4 - Confirmed Downtrend, volume_dryup, weekly_volume_dryup, downtrend",594,600,Stage 4,watchlist,weekly_watchlist,10.51,6,0.9100000000000001,False,False,False,False,False
IOC.NS,Indian Oil Corporation Ltd.,"Oil, Gas & Consumable Fuels",Unknown,True,F&O,1,Stage 4,Stage 4,Stage 4 - Confirmed Downtrend,Stage 4 - Confirmed Downtrend,Stage 4 • Stage 4 - Confirmed Downtrend,0.86,Price is below a bearish moving-average stack with falling trend signals.,,,2026-03-06,,watchlist,weekly_watchlist,watchlist,12.52,36.9,23.49,5.0,12.52,36.9,28.49,1.42,-6.43,1033498653.95,"Stage 4, Stage 4 - Confirmed Downtrend, weekly_vcp_ok, weekly_strong, downtrend",241,247,Stage 4,watchlist,weekly_watchlist,28.0,6,0.48999999999999844,False,False,False,False,False
CYIENT.NS,Cyient Limited,Information Technology,Unknown,False,Cash,1,Stage 2,Stage 2,Early Stage 2,Early Stage 2,Stage 2 • Early Stage 2,0.72,"Price has moved above long-term structure, but the full moving-average stack is not clean yet.",,,2026-09-30,,watchlist,weekly_breakout,watchlist,22.38,64.62,41.39,2.0,22.38,64.62,43.39,38.46,29.69,508034605.36,"Stage 2, Early Stage 2, weekly_vcp_ok, volume_dryup, weekly_volume_dryup, weekly_strong",106,112,Stage 2,watchlist,weekly_breakout,43.07,6,0.3200000000000003,False,False,False,False,False
CONCORDBIO.NS,Concord Biotech Limited,Healthcare,Unknown,False,Cash,1,Stage 2,Stage 2,Early Stage 2,Early Stage 2,Stage 2 • Early Stage 2,0.72,"Price has moved above long-term structure, but the full moving-average stack is not clean yet.",,,2026-09-30,,watchlist,weekly_watchlist,watchlist,12.36,22.97,17.13,10.0,12.36,22.97,27.13,16.84,32.81,240368407.02,"Stage 2, Early Stage 2, weekly_volume_dryup",259,265,Stage 2,watchlist,weekly_watchlist,26.85,6,0.2799999999999976,False,False,False,False,False
SUPRAJIT.NS,Suprajit Engineering Limited,Automobile and Auto Components,Unknown,False,Cash,1,Stage 2,Stage 2,Early Stage 2,Early Stage 2,Stage 2 • Early Stage 2,0.72,"Price has moved above long-term structure, but the full moving-average stack is not clean yet.",,,2026-09-30,,watchlist,weekly_watchlist,watchlist,12.35,28.6,19.66,5.0,12.35,28.6,24.66,8.01,17.96,43875852.52,"Stage 2, Early Stage 2, volume_dryup, weekly_volume_dryup",322,328,Stage 2,watchlist,weekly_watchlist,24.39,6,0.2699999999999996,False,False,False,False,False
CCL.NS,CCL Products (India) Limited,Fast Moving Consumer Goods,Unknown,False,Cash,1,Stage 1,Stage 1,Stage 1 - Base/Repair,Stage 1 - Base/Repair,Stage 1 • Stage 1 - Base/Repair,0.7,Price is near long-term moving averages with no strong long-term downtrend signal.,,,2026-09-03,,watchlist,weekly_watchlist,watchlist,0.41,5.6,2.75,0.0,0.41,5.6,2.75,-2.91,-4.53,158494604.2,"Stage 1, Stage 1 - Base/Repair, stage1_not_actionable, stage1_needs_more_base",708,714,Stage 1,watchlist,weekly_watchlist,2.52,6,0.22999999999999998,False,False,False,False,False
TECHNOE.NS,Techno Electric & Engineering Company Limited,Construction,Unknown,False,Cash,1,Stage 4,Stage 4,Stage 4 - Weak/Declining,Stage 4 - Weak/Declining,Stage 4 • Stage 4 - Weak/Declining,0.72,Price is below long-term support with weak trend evidence.,,,,,watchlist,weekly_watchlist,watchlist,11.1,0.4,6.29,0.0,11.1,0.4,6.29,0.9,-5.58,139817294.09,"Stage 4, Stage 4 - Weak/Declining, volume_dryup, weekly_volume_dryup, downtrend",658,664,Stage 4,watchlist,weekly_watchlist,6.1,6,0.1900000000000004,False,False,False,False,False
TATACOMM.NS,Tata Communications Limited,Telecommunication,Unknown,False,Cash,1,Stage 2 Failed,Stage 4,Failed Stage 2,Failed Stage 2,Stage 2 Failed • Failed Stage 2,0.72,"This stock was recently Stage 2, but the latest structure no longer satisfies Stage 2 rules. It is kept as Stage 2 Failed until a fresh base/repair structure forms.",Recent Stage 2 break; public stage held as Stage 2 Failed.,2026-10-01,2026-09-18,,watchlist,weekly_watchlist,watchlist,0.0,5.33,2.4,10.0,0.0,5.33,12.4,-3.52,16.78,365166514.13,"Stage 4, Stage 4 - Weak/Declining, volume_dryup, weekly_volume_dryup, downtrend | Stage 2 failed state applied from stage memory.",581,587,Stage 2 Failed,watchlist,weekly_watchlist,12.37,6,0.030000000000001137,False,False,False,False,False
JINDWORLD.NS,Jindal Worldwide Limited,Textiles,Unknown,False,Cash,1,Stage 2,Stage 2,Extended Stage 2,Extended Stage 2,Stage 2 • Extended Stage 2,0.78,"Advancing structure remains intact, but price is stretched versus key moving averages or far above the 52-week low.",,,2026-09-30,,watchlist,weekly_watchlist,watchlist,18.12,23.6,20.59,10.0,18.12,23.6,30.59,63.39,91.02,1432336146.02,"Stage 2, Extended Stage 2, volume_dryup, weekly_volume_dryup",211,217,Stage 2,watchlist,weekly_watchlist,30.59,6,0.0,False,False,False,False,False
ARVINDFASN.NS,Arvind Fashions Limited,Consumer Services,Unknown,False,Cash,1,Stage 4,Stage 4,Stage 4 - Confirmed Downtrend,Stage 4 - Confirmed Downtrend,Stage 4 • Stage 4 - Confirmed Downtrend,0.86,Price is below a bearish moving-average stack with falling trend signals.,,,,,watchlist,weekly_watchlist,watchlist,0.0,35.8,16.11,2.0,0.0,35.8,18.11,-10.39,-9.99,90155429.39,"Stage 4, Stage 4 - Confirmed Downtrend, weekly_vcp_ok, weekly_strong, downtrend",474,480,Stage 4,watchlist,weekly_watchlist,18.11,6,0.0,False,False,False,False,False
DBREALTY.NS,D B Realty Limited,Realty,Unknown,False,Cash,1,Stage 4,Stage 4,Stage 4 - Confirmed Downtrend,Stage 4 - Confirmed Downtrend,Stage 4 • Stage 4 - Confirmed Downtrend,0.86,Price is below a bearish moving-average stack with falling trend signals.,,,,,watchlist,weekly_watchlist,watchlist,0.0,35.8,16.11,2.0,0.0,35.8,18.11,-10.5,-7.46,99480752.38,"Stage 4, Stage 4 - Confirmed Downtrend, weekly_vcp_ok, weekly_strong, downtrend",477,483,Stage 4,watchlist,weekly_watchlist,18.11,6,0.0,False,False,False,False,False
EIDPARRY.NS,EID Parry India Limited,Chemicals,Unknown,False,Cash,1,Stage 4,Stage 4,Stage 4 - Confirmed Downtrend,Stage 4 - Confirmed Downtrend,Stage 4 • Stage 4 - Confirmed Downtrend,0.86,Price is below a bearish moving-average stack with falling trend signals.,,,,,watchlist,weekly_watchlist,watchlist,0.0,0.0,0.0,5.0,0.0,0.0,5.0,-1.89,-16.72,218353192.39,"Stage 4, Stage 4 - Confirmed Downtrend, volume_dryup, weekly_volume_dryup, downtrend",678,684,Stage 4,watchlist,weekly_watchlist,5.0,6,0.0,False,False,False,False,False
ADANIENSOL.NS,Adani Energy Solutions Limited,Power,Unknown,True,F&O,1,Stage 3,Stage 3,Stage 3 - Distribution/Damage,Stage 3 - Distribution/Damage,Stage 3 • Stage 3 - Distribution/Damage,0.76,"Prior strength exists, but short-term and/or weekly structure is deteriorating.",,,2026-09-07,,watchlist,weekly_watchlist,watchlist,0.0,0.0,0.0,0.0,0.0,0.0,0.0,-11.44,24.72,2308725289.83,"Stage 3, Stage 3 - Distribution/Damage, volume_dryup, distribution_risk",737,743,Stage 3,watchlist,weekly_watchlist,0.0,6,0.0,False,False,False,False,False
BBTC.NS,Bombay Burmah Trading Corporation Limited,Fast Moving Consumer Goods,Unknown,False,Cash,1,Stage 4,Stage 4,Stage 4 - Confirmed Downtrend,Stage 4 - Confirmed Downtrend,Stage 4 • Stage 4 - Confirmed Downtrend,0.86,Price is below a bearish moving-average stack with falling trend signals.,,,2025-11-20,,watchlist,weekly_watchlist,watchlist,0.0,0.0,0.0,0.0,0.0,0.0,0.0,-5.69,-5.64,260975021.17,"Stage 4, Stage 4 - Confirmed Downtrend, volume_dryup, weekly_volume_dryup, downtrend",738,744,Stage 4,watchlist,weekly_watchlist,0.0,6,0.0,False,False,False,False,False
BERGEPAINT.NS,Berger Paints (I) Limited,Consumer Durables,Unknown,False,Cash,1,Stage 4,Stage 4,Stage 4 - Weak/Declining,Stage 4 - Weak/Declining,Stage 4 • Stage 4 - Weak/Declining,0.72,Price is below long-term support with weak trend evidence.,,,2026-08-28,,watchlist,weekly_watchlist,watchlist,0.0,0.0,0.0,0.0,0.0,0.0,0.0,-2.18,5.75,182481026.65,"Stage 4, Stage 4 - Weak/Declining, downtrend",739,745,Stage 4,watchlist,weekly_watchlist,0.0,6,0.0,False,False,False,False,False
BALAMINES.NS,Balaji Amines Limited,Chemicals,Unknown,False,Cash,1,Stage 2,Stage 2,Messy Stage 2,Messy Stage 2,Stage 2 • Messy Stage 2,0.64,"Long-term structure is still constructive, but the short-term/weekly structure is not clean.",,,2026-09-30,,watchlist,weekly_watchlist,watchlist,26.45,23.6,25.17,5.0,26.45,23.6,30.17,7.47,93.85,439487995.19,"Stage 2, Messy Stage 2, volume_dryup, weekly_volume_dryup",216,222,Stage 2,watchlist,weekly_watchlist,30.3,6,-0.129999999999999,False,False,False,False,False
OLAELEC.NS,Ola Electric Mobility Ltd.,Automobile and Auto Components,Unknown,False,Cash,1,Stage 1,Stage 1,Stage 1 - Base/Repair,Stage 1 - Base/Repair,Stage 1 • Stage 1 - Base/Repair,0.7,Price is near long-term moving averages with no strong long-term downtrend signal.,,,,,watchlist,weekly_watchlist,watchlist,10.13,5.13,7.88,5.0,10.13,5.13,12.88,-4.33,23.63,3799663832.63,"Stage 1, Stage 1 - Base/Repair, stage1_not_actionable, stage1_needs_more_base",578,584,Stage 1,watchlist,weekly_watchlist,13.02,6,-0.1399999999999988,False,False,False,False,False
RENUKA.NS,Shree Renuka Sugars Limited,Fast Moving Consumer Goods,Unknown,False,Cash,1,Stage 2 Failed,Stage 4,Failed Stage 2,Failed Stage 2,Stage 2 Failed • Failed Stage 2,0.72,"This stock was recently Stage 2, but the latest structure no longer satisfies Stage 2 rules. It is kept as Stage 2 Failed until a fresh base/repair structure forms.",Recent Stage 2 break; public stage held as Stage 2 Failed.,2026-10-01,2026-09-14,,watchlist,weekly_watchlist,watchlist,12.62,35.0,22.69,0.0,12.62,35.0,22.69,-0.23,-21.88,321291503.99,"Stage 4, Stage 4 - Weak/Declining, weekly_vcp_ok, volume_dryup, weekly_volume_dryup, weekly_strong, downtrend | Stage 2 failed state applied from stage memory.",360,366,Stage 2 Failed,watchlist,weekly_watchlist,22.95,6,-0.259999999999998,False,False,False,False,False
SIGNATURE.NS,Signatureglobal (India) Ltd.,Realty,Unknown,False,Cash,1,Stage 4,Stage 4,Stage 4 - Confirmed Downtrend,Stage 4 - Confirmed Downtrend,Stage 4 • Stage 4 - Confirmed Downtrend,0.86,Price is below a bearish moving-average stack with falling trend signals.,,,,,watchlist,weekly_watchlist,watchlist,10.0,22.1,15.45,2.0,10.0,22.1,17.45,1.72,-4.36,264329071.73,"Stage 4, Stage 4 - Confirmed Downtrend, weekly_vcp_ok, downtrend",497,503,Stage 4,watchlist,weekly_watchlist,17.74,6,-0.28999999999999915,False,False,False,False,False
BBOX.NS,Black Box Limited,Information Technology,Unknown,False,Cash,1,Stage 3,Stage 3,Stage 3 - Transition,Stage 3 - Transition,Stage 3 • Stage 3 - Transition,0.62,"The structure is transitioning after prior strength, but it is not yet a confirmed Stage 4 decline.",,,2026-07-21,,watchlist,weekly_watchlist,watchlist,17.51,21.22,19.18,2.0,17.51,21.22,21.18,-8.35,60.58,549434818.11,"Stage 3, Stage 3 - Transition, distribution_risk",397,403,Stage 3,watchlist,weekly_watchlist,21.58,6,-0.3999999999999986,False,False,False,False,False
JUBLFOOD.NS,Jubilant Foodworks Limited,Consumer Services,Unknown,True,F&O,1,Stage 4,Stage 4,Stage 4 - Weak/Declining,Stage 4 - Weak/Declining,Stage 4 • Stage 4 - Weak/Declining,0.72,Price is below long-term support with weak trend evidence.,,,,,watchlist,weekly_watchlist,watchlist,0.0,37.81,17.01,2.0,0.0,37.81,19.01,5.96,3.18,493802243.33,"Stage 4, Stage 4 - Weak/Declining, weekly_vcp_ok, volume_dryup, weekly_volume_dryup, weekly_strong, downtrend",443,449,Stage 4,watchlist,weekly_watchlist,19.55,6,-0.5399999999999991,False,False,False,False,False
WELCORP.NS,Welspun Corp Limited,Capital Goods,Unknown,False,Cash,1,Stage 2,Stage 2,Extended Stage 2,Extended Stage 2,Stage 2 • Extended Stage 2,0.78,"Advancing structure remains intact, but price is stretched versus key moving averages or far above the 52-week low.",,,2026-09-30,,watchlist,weekly_forming,watchlist,35.88,65.8,49.34,10.0,35.88,65.8,59.34,77.32,180.14,5407635910.64,"Stage 2, Extended Stage 2, trend_template_ok, weekly_vcp_ok, weekly_strong",27,32,Stage 2,watchlist,weekly_near_pivot,57.94,5,1.4000000000000057,False,False,False,False,False
CUB.NS,City Union Bank Limited,Financial Services,Unknown,False,Cash,1,Stage 2,Stage 2,Early Stage 2,Early Stage 2,Stage 2 • Early Stage 2,0.72,"Price has moved above long-term structure, but the full moving-average stack is not clean yet.",,,2026-09-30,,watchlist,weekly_near_pivot,watchlist,42.73,69.06,54.58,0.0,42.73,69.06,54.58,10.07,22.48,579925714.56,"Stage 2, Early Stage 2, weekly_vcp_ok, weekly_strong",45,50,Stage 2,watchlist,weekly_forming,53.63,5,0.9499999999999957,False,False,False,False,False
ENGINERSIN.NS,Engineers India Limited,Construction,Unknown,False,Cash,1,Stage 2,Stage 2,Extended Stage 2,Extended Stage 2,Stage 2 • Extended Stage 2,0.78,"Advancing structure remains intact, but price is stretched versus key moving averages or far above the 52-week low.",,,2026-09-30,,watchlist,weekly_breakout,watchlist,60.67,65.0,62.62,0.0,60.67,65.0,62.62,38.41,53.86,1767697320.56,"Stage 2, Extended Stage 2, trend_template_ok, weekly_vcp_ok, weekly_strong",14,19,Stage 2,watchlist,weekly_breakout,62.31,5,0.30999999999999517,False,False,False,False,False
ONESOURCE.NS,Onesource Specialty Pharma Ltd.,Healthcare,Unknown,False,Cash,1,Stage 2 Failed,Stage 4,Failed Stage 2,Failed Stage 2,Stage 2 Failed • Failed Stage 2,0.72,"This stock was recently Stage 2, but the latest structure no longer satisfies Stage 2 rules. It is kept as Stage 2 Failed until a fresh base/repair structure forms.",Recent Stage 2 break; public stage held as Stage 2 Failed.,2026-10-01,2026-09-16,,watchlist,weekly_watchlist,watchlist,0.0,38.33,17.25,10.0,0.0,38.33,27.25,0.92,13.38,652909105.29,"Stage 4, Stage 4 - Weak/Declining, weekly_vcp_ok, weekly_strong, downtrend | Stage 2 failed state applied from stage memory.",255,260,Stage 2 Failed,watchlist,weekly_watchlist,26.95,5,0.3000000000000007,False,False,False,False,False
ADANIGREEN.NS,Adani Green Energy Limited,Power,Unknown,True,F&O,1,Stage 1,Stage 1,Stage 1 - Base/Repair,Stage 1 - Base/Repair,Stage 1 • Stage 1 - Base/Repair,0.7,Price is near long-term moving averages with no strong long-term downtrend signal.,,,2026-08-28,,watchlist,weekly_watchlist,watchlist,1.11,6.13,3.37,0.0,1.11,6.13,3.37,-7.77,25.07,1801219200.9,"Stage 1, Stage 1 - Base/Repair, stage1_not_actionable, stage1_needs_more_base",699,704,Stage 1,watchlist,weekly_watchlist,3.15,5,0.2200000000000002,False,False,False,False,False
BIOCON.NS,Biocon Ltd.,Healthcare,Unknown,True,F&O,1,Stage 4,Stage 4,Stage 4 - Weak/Declining,Stage 4 - Weak/Declining,Stage 4 • Stage 4 - Weak/Declining,0.72,Price is below long-term support with weak trend evidence.,,,2026-08-14,,watchlist,weekly_watchlist,watchlist,0.0,37.56,16.9,10.0,0.0,37.56,26.9,-0.68,7.24,1251343427.15,"Stage 4, Stage 4 - Weak/Declining, weekly_vcp_ok, weekly_volume_dryup, weekly_strong, downtrend",266,271,Stage 4,watchlist,weekly_watchlist,26.69,5,0.2099999999999973,False,False,False,False,False
NOCIL.NS,NOCIL Limited,Chemicals,Unknown,False,Cash,1,Stage 2 Failed,Stage 1,Failed Stage 2,Failed Stage 2,Stage 2 Failed • Failed Stage 2,0.72,"This stock was recently Stage 2, but the latest structure no longer satisfies Stage 2 rules. It is kept as Stage 2 Failed until a fresh base/repair structure forms.",Recent Stage 2 break; public stage held as Stage 2 Failed.,2026-10-01,2026-09-28,,watchlist,weekly_watchlist,watchlist,5.83,12.33,8.75,5.0,5.83,12.33,13.75,4.96,4.35,445257222.76,"Stage 1, Stage 1 - Base/Repair, stage1_not_actionable, stage1_needs_more_base | Stage 2 failed state applied from stage memory.",570,575,Stage 2 Failed,watchlist,weekly_watchlist,13.62,5,0.13000000000000078,False,False,False,False,False
VAIBHAVGBL.NS,Vaibhav Global Limited,Consumer Durables,Unknown,False,Cash,1,Stage 4,Stage 4,Stage 4 - Weak/Declining,Stage 4 - Weak/Declining,Stage 4 • Stage 4 - Weak/Declining,0.72,Price is below long-term support with weak trend evidence.,,,2026-08-13,,watchlist,weekly_watchlist,watchlist,0.0,6.61,2.97,0.0,0.0,6.61,2.97,-4.42,8.54,43618358.66,"Stage 4, Stage 4 - Weak/Declining, volume_dryup, weekly_volume_dryup, downtrend",701,706,Stage 4,watchlist,weekly_watchlist,2.9,5,0.07000000000000028,False,False,False,False,False
AKUMS.NS,Akums Drugs and Pharmaceuticals Ltd.,Healthcare,Unknown,False,Cash,1,Stage 2,Stage 2,Clean Stage 2,Clean Stage 2,Stage 2 • Clean Stage 2,0.9,"Price is above rising key averages, weekly structure is supportive, and the stock is near its 52-week high.",,,2026-09-30,,watchlist,weekly_breakout,watchlist,36.99,73.0,53.19,10.0,36.99,73.0,63.19,33.34,68.01,217850399.86,"Stage 2, Clean Stage 2, trend_template_ok, weekly_vcp_ok, weekly_volume_dryup, weekly_strong",12,17,Stage 2,watchlist,weekly_breakout,63.16,5,0.030000000000001137,False,False,False,False,False
VARROC.NS,Varroc Engineering Limited,Automobile and Auto Components,Unknown,False,Cash,1,Stage 2,Stage 2,Clean Stage 2,Clean Stage 2,Stage 2 • Clean Stage 2,0.9,"Price is above rising key averages, weekly structure is supportive, and the stock is near its 52-week high.",,,2026-09-30,,watchlist,weekly_near_pivot,watchlist,43.55,73.8,57.16,5.0,43.55,73.8,62.16,36.04,77.04,282063272.88,"Stage 2, Clean Stage 2, trend_template_ok, weekly_vcp_ok, volume_dryup, weekly_volume_dryup, weekly_strong",15,20,Stage 2,watchlist,weekly_near_pivot,62.16,5,0.0,False,False,False,False,False
EASEMYTRIP.NS,Easy Trip Planners Limited,Consumer Services,Unknown,False,Cash,1,Stage 4,Stage 4,Stage 4 - Confirmed Downtrend,Stage 4 - Confirmed Downtrend,Stage 4 • Stage 4 - Confirmed Downtrend,0.86,Price is below a bearish moving-average stack with falling trend signals.,,,,,watchlist,weekly_watchlist,watchlist,0.0,35.8,16.11,2.0,0.0,35.8,18.11,-10.65,-25.86,83887876.9,"Stage 4, Stage 4 - Confirmed Downtrend, weekly_vcp_ok, volume_dryup, weekly_volume_dryup, weekly_strong, downtrend",479,484,Stage 4,watchlist,weekly_watchlist,18.11,5,0.0,False,False,False,False,False
EIHOTEL.NS,EIH Limited,Consumer Services,Unknown,False,Cash,1,Stage 4,Stage 4,Stage 4 - Confirmed Downtrend,Stage 4 - Confirmed Downtrend,Stage 4 • Stage 4 - Confirmed Downtrend,0.86,Price is below a bearish moving-average stack with falling trend signals.,,,2025-11-07,,watchlist,weekly_watchlist,watchlist,0.0,35.8,16.11,2.0,0.0,35.8,18.11,-2.98,-1.5,125179013.11,"Stage 4, Stage 4 - Confirmed Downtrend, weekly_vcp_ok, weekly_strong, downtrend",480,485,Stage 4,watchlist,weekly_watchlist,18.11,5,0.0,False,False,False,False,False
FIRSTCRY.NS,Brainbees Solutions Ltd.,Consumer Services,Unknown,False,Cash,1,Stage 4,Stage 4,Stage 4 - Confirmed Downtrend,Stage 4 - Confirmed Downtrend,Stage 4 • Stage 4 - Confirmed Downtrend,0.86,Price is below a bearish moving-average stack with falling trend signals.,,,,,watchlist,weekly_watchlist,watchlist,0.0,35.8,16.11,2.0,0.0,35.8,18.11,-9.56,-27.92,1554392319.22,"Stage 4, Stage 4 - Confirmed Downtrend, weekly_vcp_ok, weekly_strong, downtrend",481,486,Stage 4,watchlist,weekly_watchlist,18.11,5,0.0,False,False,False,False,False
GATEWAY.NS,Gateway Distriparks Limited,Services,Unknown,False,Cash,1,Stage 4,Stage 4,Stage 4 - Confirmed Downtrend,Stage 4 - Confirmed Downtrend,Stage 4 • Stage 4 - Confirmed Downtrend,0.86,Price is below a bearish moving-average stack with falling trend signals.,,,2026-07-15,,watchlist,weekly_watchlist,watchlist,0.0,35.8,16.11,2.0,0.0,35.8,18.11,-4.08,-5.15,26852983.87,"Stage 4, Stage 4 - Confirmed Downtrend, weekly_vcp_ok, volume_dryup, weekly_volume_dryup, weekly_strong, downtrend",482,487,Stage 4,watchlist,weekly_watchlist,18.11,5,0.0,False,False,False,False,False
GMRAIRPORT.NS,GMR Airports Ltd.,Services,Unknown,True,F&O,1,Stage 4,Stage 4,Stage 4 - Weak/Declining,Stage 4 - Weak/Declining,Stage 4 • Stage 4 - Weak/Declining,0.72,Price is below long-term support with weak trend evidence.,,,2026-08-19,,watchlist,weekly_watchlist,watchlist,0.0,35.8,16.11,2.0,0.0,35.8,18.11,-10.76,-1.64,1072272019.03,"Stage 4, Stage 4 - Weak/Declining, weekly_vcp_ok, weekly_strong, downtrend",483,488,Stage 4,watchlist,weekly_watchlist,18.11,5,0.0,False,False,False,False,False
ROSSARI.NS,Rossari Biotech Limited,Chemicals,Unknown,False,Cash,1,Stage 4,Stage 4,Stage 4 - Confirmed Downtrend,Stage 4 - Confirmed Downtrend,Stage 4 • Stage 4 - Confirmed Downtrend,0.86,Price is below a bearish moving-average stack with falling trend signals.,,,,,watchlist,weekly_watchlist,watchlist,0.0,22.1,9.95,5.0,0.0,22.1,14.95,-8.91,-4.22,24331570.77,"Stage 4, Stage 4 - Confirmed Downtrend, weekly_vcp_ok, volume_dryup, weekly_volume_dryup, downtrend",564,569,Stage 4,watchlist,weekly_watchlist,14.95,5,0.0,False,False,False,False,False
ITC.NS,ITC Limited,Fast Moving Consumer Goods,Unknown,True,F&O,1,Stage 4,Stage 4,Stage 4 - Confirmed Downtrend,Stage 4 - Confirmed Downtrend,Stage 4 • Stage 4 - Confirmed Downtrend,0.86,Price is below a bearish moving-average stack with falling trend signals.,,,,,watchlist,weekly_watchlist,watchlist,0.0,32.13,14.46,0.0,0.0,32.13,14.46,-3.16,-11.95,2800860632.68,"Stage 4, Stage 4 - Confirmed Downtrend, weekly_vcp_ok, volume_dryup, weekly_volume_dryup, weekly_strong, downtrend",567,572,Stage 4,watchlist,weekly_watchlist,14.46,5,0.0,False,False,False,False,False
RAMKY.NS,Ramky Infrastructure Limited,Construction,Unknown,False,Cash,1,Stage 4,Stage 4,Stage 4 - Confirmed Downtrend,Stage 4 - Confirmed Downtrend,Stage 4 • Stage 4 - Confirmed Downtrend,0.86,Price is below a bearish moving-average stack with falling trend signals.,,,2025-11-28,,watchlist,weekly_watchlist,watchlist,6.1,4.0,5.16,0.0,6.1,4.0,5.16,-22.54,-39.99,15197659.44,"Stage 4, Stage 4 - Confirmed Downtrend, downtrend",675,680,Stage 4,watchlist,weekly_watchlist,5.16,5,0.0,False,False,False,False,False
GENSOL.NS,Gensol Engineering Limited,Services,Unknown,False,Cash,1,Stage 4,Stage 4,Stage 4 - Confirmed Downtrend,Stage 4 - Confirmed Downtrend,Stage 4 • Stage 4 - Confirmed Downtrend,0.86,Price is below a bearish moving-average stack with falling trend signals.,,,,,watchlist,weekly_watchlist,watchlist,0.0,2.0,0.9,2.0,0.0,2.0,2.9,-24.46,-30.84,1192061.29,"Stage 4, Stage 4 - Confirmed Downtrend, downtrend",702,707,Stage 4,watchlist,weekly_watchlist,2.9,5,0.0,False,False,False,False,False
HEMIPROP.NS,Hemisphere Properties India Limited,Realty,Unknown,False,Cash,1,Stage 4,Stage 4,Stage 4 - Confirmed Downtrend,Stage 4 - Confirmed Downtrend,Stage 4 • Stage 4 - Confirmed Downtrend,0.86,Price is below a bearish moving-average stack with falling trend signals.,,,2026-07-03,,watchlist,weekly_watchlist,watchlist,0.0,2.0,0.9,2.0,0.0,2.0,2.9,-11.12,-9.93,35203363.64,"Stage 4, Stage 4 - Confirmed Downtrend, downtrend",703,708,Stage 4,watchlist,weekly_watchlist,2.9,5,0.0,False,False,False,False,False
PDSL.NS,PDS Limited,Textiles,Unknown,False,Cash,1,Stage 2 Failed,Stage 3,Failed Stage 2,Failed Stage 2,Stage 2 Failed • Failed Stage 2,0.72,"This stock was recently Stage 2, but the latest structure no longer satisfies Stage 2 rules. It is kept as Stage 2 Failed until a fresh base/repair structure forms.",Recent Stage 2 break; public stage held as Stage 2 Failed.,2026-10-01,2026-09-23,,watchlist,weekly_watchlist,watchlist,5.74,0.0,3.16,10.0,5.74,0.0,13.16,4.05,22.46,47602126.84,"Stage 3, Stage 3 - Distribution/Damage, distribution_risk | Stage 2 failed state applied from stage memory.",573,578,Stage 2 Failed,watchlist,weekly_watchlist,13.48,5,-0.3200000000000003,False,False,False,False,False
BAJAJHFL.NS,Bajaj Housing Finance Ltd.,Financial Services,Unknown,False,Cash,1,Stage 4,Stage 4,Stage 4 - Confirmed Downtrend,Stage 4 - Confirmed Downtrend,Stage 4 • Stage 4 - Confirmed Downtrend,0.86,Price is below a bearish moving-average stack with falling trend signals.,,,,,watchlist,weekly_watchlist,watchlist,9.11,22.21,15.01,0.0,9.11,22.21,15.01,1.87,-0.73,260692343.87,"Stage 4, Stage 4 - Confirmed Downtrend, weekly_vcp_ok, downtrend",561,566,Stage 4,watchlist,weekly_watchlist,15.93,5,-0.9199999999999999,False,False,False,False,False
TBOTEK.NS,TBO Tek Ltd.,Consumer Services,Unknown,False,Cash,1,Stage 2,Stage 2,Early Stage 2,Early Stage 2,Stage 2 • Early Stage 2,0.72,"Price has moved above long-term structure, but the full moving-average stack is not clean yet.",,,2026-09-30,,watchlist,weekly_watchlist,watchlist,33.06,30.98,32.12,2.0,33.06,30.98,34.12,18.24,55.52,276439132.63,"Stage 2, Early Stage 2, weekly_volume_dryup",174,179,Stage 2,watchlist,weekly_watchlist,35.28,5,-1.1600000000000037,False,False,False,False,False
SYRMA.NS,Syrma SGS Technology Limited,Capital Goods,Unknown,False,Cash,1,Stage 2,Stage 2,Extended Stage 2,Extended Stage 2,Stage 2 • Extended Stage 2,0.78,"Advancing structure remains intact, but price is stretched versus key moving averages or far above the 52-week low.",,,2026-09-30,,watchlist,weekly_breakout,watchlist,55.7,63.8,59.35,10.0,55.7,63.8,69.35,35.04,104.74,4948887403.1,"Stage 2, Extended Stage 2, trend_template_ok, weekly_vcp_ok, weekly_strong",5,9,Stage 2,watchlist,weekly_breakout,66.09,4,3.259999999999991,False,False,False,False,False
WELSPUNLIV.NS,Welspun Living Ltd.,Textiles,Unknown,False,Cash,1,Stage 2,Stage 2,Extended Stage 2,Extended Stage 2,Stage 2 • Extended Stage 2,0.78,"Advancing structure remains intact, but price is stretched versus key moving averages or far above the 52-week low.",,,2026-09-30,,watchlist,weekly_watchlist,watchlist,41.55,31.6,37.07,10.0,41.55,31.6,47.07,48.64,95.29,1163863585.16,"Stage 2, Extended Stage 2, trend_template_ok",89,93,Stage 2,watchlist,weekly_watchlist,45.5,4,1.5700000000000003,False,False,False,False,False
ACMESOLAR.NS,ACME Solar Holdings Ltd.,Power,Unknown,False,Cash,1,Stage 2,Stage 2,Clean Stage 2,Clean Stage 2,Stage 2 • Clean Stage 2,0.9,"Price is above rising key averages, weekly structure is supportive, and the stock is near its 52-week high.",,,2026-09-30,,watchlist,weekly_watchlist,watchlist,57.47,30.4,45.29,0.0,57.47,30.4,45.29,26.03,59.46,1185865517.91,"Stage 2, Clean Stage 2, trend_template_ok, weekly_volume_dryup",94,98,Stage 2,watchlist,weekly_watchlist,45.21,4,0.0799999999999983,False,False,False,False,False
LAURUSLABS.NS,Laurus Labs Limited,Healthcare,Unknown,True,F&O,1,Stage 2,Stage 2,Extended Stage 2,Extended Stage 2,Stage 2 • Extended Stage 2,0.78,"Advancing structure remains intact, but price is stretched versus key moving averages or far above the 52-week low.",,,2026-09-30,,watchlist,weekly_breakout,watchlist,39.32,63.8,50.34,10.0,39.32,63.8,60.34,42.51,84.61,3170211044.77,"Stage 2, Extended Stage 2, trend_template_ok, weekly_vcp_ok, volume_dryup, weekly_volume_dryup, weekly_strong",23,27,Stage 2,watchlist,weekly_breakout,60.29,4,0.05000000000000426,False,False,False,False,False
WSTCSTPAPR.NS,West Coast Paper Mills Limited,Forest Materials,Unknown,False,Cash,1,Stage 2,Stage 2,Clean Stage 2,Clean Stage 2,Stage 2 • Clean Stage 2,0.9,"Price is above rising key averages, weekly structure is supportive, and the stock is near its 52-week high.",,,2026-09-30,,watchlist,weekly_watchlist,watchlist,55.71,22.4,40.72,10.0,55.71,22.4,50.72,45.35,65.07,188017761.17,"Stage 2, Clean Stage 2, trend_template_ok, volume_dryup, weekly_volume_dryup",61,65,Stage 2,watchlist,weekly_watchlist,50.68,4,0.03999999999999915,False,False,False,False,False
PATANJALI.NS,Patanjali Foods Ltd.,Fast Moving Consumer Goods,Unknown,True,F&O,1,Stage 4,Stage 4,Stage 4 - Confirmed Downtrend,Stage 4 - Confirmed Downtrend,Stage 4 • Stage 4 - Confirmed Downtrend,0.86,Price is below a bearish moving-average stack with falling trend signals.,,,,,watchlist,weekly_watchlist,watchlist,8.25,7.6,7.96,0.0,8.25,7.6,7.96,-5.53,-22.28,2013602041.95,"Stage 4, Stage 4 - Confirmed Downtrend, weekly_volume_dryup, downtrend",635,639,Stage 4,watchlist,weekly_watchlist,7.93,4,0.03000000000000025,False,False,False,False,False
ADVENZYMES.NS,Advanced Enzyme Technologies Limited,Healthcare,Unknown,False,Cash,1,Stage 4,Stage 4,Stage 4 - Weak/Declining,Stage 4 - Weak/Declining,Stage 4 • Stage 4 - Weak/Declining,0.72,Price is below long-term support with weak trend evidence.,,,2026-07-13,,watchlist,weekly_watchlist,watchlist,6.53,0.0,3.59,10.0,6.53,0.0,13.59,-5.72,-4.81,61887956.89,"Stage 4, Stage 4 - Weak/Declining, volume_dryup, weekly_volume_dryup, downtrend",572,576,Stage 4,watchlist,weekly_watchlist,13.56,4,0.02999999999999936,False,False,False,False,False
REDINGTON.NS,Redington Limited,Services,Unknown,False,Cash,1,Stage 2,Stage 2,Extended Stage 2,Extended Stage 2,Stage 2 • Extended Stage 2,0.78,"Advancing structure remains intact, but price is stretched versus key moving averages or far above the 52-week low.",,,2026-09-30,,watchlist,weekly_breakout,watchlist,39.75,65.0,51.11,2.0,39.75,65.0,53.11,53.17,87.51,2139659307.99,"Stage 2, Extended Stage 2, trend_template_ok, weekly_vcp_ok, volume_dryup, weekly_volume_dryup, weekly_strong",47,51,Stage 2,watchlist,weekly_breakout,53.11,4,0.0,False,False,False,False,False
FACT.NS,Fertilizers and Chemicals Travancore Limited,Chemicals,Unknown,False,Cash,1,Stage 4,Stage 4,Stage 4 - Weak/Declining,Stage 4 - Weak/Declining,Stage 4 • Stage 4 - Weak/Declining,0.72,Price is below long-term support with weak trend evidence.,,,2026-06-26,,watchlist,weekly_watchlist,watchlist,0.0,0.8,0.36,5.0,0.0,0.8,5.36,-6.72,-9.0,155489270.25,"Stage 4, Stage 4 - Weak/Declining, volume_dryup, weekly_volume_dryup, downtrend",672,676,Stage 4,watchlist,weekly_watchlist,5.36,4,0.0,False,False,False,False,False
HYUNDAI.NS,Hyundai Motor India Ltd.,Automobile and Auto Components,Unknown,True,F&O,1,Stage 2 Failed,Stage 4,Failed Stage 2,Failed Stage 2,Stage 2 Failed • Failed Stage 2,0.72,"This stock was recently Stage 2, but the latest structure no longer satisfies Stage 2 rules. It is kept as Stage 2 Failed until a fresh base/repair structure forms.",Recent Stage 2 break; public stage held as Stage 2 Failed.,2026-10-01,2026-09-21,,watchlist,weekly_watchlist,watchlist,0.0,1.14,0.51,5.0,0.0,1.14,5.51,11.39,16.0,1384576101.06,"Stage 4, Stage 4 - Weak/Declining, downtrend | Stage 2 failed state applied from stage memory.",669,673,Stage 2 Failed,watchlist,weekly_watchlist,5.54,4,-0.03000000000000025,False,False,False,False,False
PFIZER.NS,Pfizer Limited,Healthcare,Unknown,False,Cash,1,Stage 4,Stage 4,Stage 4 - Confirmed Downtrend,Stage 4 - Confirmed Downtrend,Stage 4 • Stage 4 - Confirmed Downtrend,0.86,Price is below a bearish moving-average stack with falling trend signals.,,,2026-08-28,,watchlist,weekly_watchlist,watchlist,6.73,36.9,20.31,10.0,6.73,36.9,30.31,-5.38,-16.81,256941080.9,"Stage 4, Stage 4 - Confirmed Downtrend, weekly_vcp_ok, volume_dryup, weekly_strong, downtrend",215,219,Stage 4,watchlist,weekly_watchlist,30.42,4,-0.11000000000000298,False,False,False,False,False
ATHERENERG.NS,Ather Energy Ltd.,Automobile and Auto Components,Unknown,False,Cash,1,Stage 2,Stage 2,Early Stage 2,Early Stage 2,Stage 2 • Early Stage 2,0.72,"Price has moved above long-term structure, but the full moving-average stack is not clean yet.",,,2026-09-30,,watchlist,weekly_forming,watchlist,14.37,63.8,36.61,5.0,14.37,63.8,41.61,31.5,83.58,5786572072.1,"Stage 2, Early Stage 2, weekly_vcp_ok, volume_dryup, weekly_volume_dryup, weekly_strong",116,120,Stage 2,watchlist,weekly_forming,41.78,4,-0.1700000000000017,False,False,False,False,False
RITES.NS,RITES Limited,Construction,Unknown,False,Cash,1,Stage 4,Stage 4,Stage 4 - Weak/Declining,Stage 4 - Weak/Declining,Stage 4 • Stage 4 - Weak/Declining,0.72,Price is below long-term support with weak trend evidence.,,,,,watchlist,weekly_watchlist,watchlist,0.0,36.46,16.41,0.0,0.0,36.46,16.41,-1.07,7.7,811488828.79,"Stage 4, Stage 4 - Weak/Declining, weekly_vcp_ok, weekly_strong, downtrend",513,517,Stage 4,watchlist,weekly_watchlist,16.8,4,-0.39000000000000057,False,False,False,False,False
BHARATRAS.NS,Bharat Rasayan Limited,Chemicals,Unknown,False,Cash,1,Stage 4,Stage 4,Stage 4 - Confirmed Downtrend,Stage 4 - Confirmed Downtrend,Stage 4 • Stage 4 - Confirmed Downtrend,0.86,Price is below a bearish moving-average stack with falling trend signals.,,,2025-12-12,,watchlist,weekly_watchlist,watchlist,0.0,22.1,9.95,5.0,0.0,22.1,14.95,-17.12,-26.96,21969406.49,"Stage 4, Stage 4 - Confirmed Downtrend, weekly_vcp_ok, downtrend",563,567,Stage 4,watchlist,weekly_watchlist,15.5,4,-0.5500000000000007,False,False,False,False,False
NEULANDLAB.NS,Neuland Laboratories Limited,Healthcare,Unknown,False,Cash,1,Stage 2,Stage 2,Early Stage 2,Early Stage 2,Stage 2 • Early Stage 2,0.72,"Price has moved above long-term structure, but the full moving-average stack is not clean yet.",,,2026-09-30,,watchlist,weekly_forming,watchlist,22.47,65.46,41.82,10.0,22.47,65.46,51.82,22.21,54.42,1057191238.25,"Stage 2, Early Stage 2, weekly_vcp_ok, volume_dryup, weekly_volume_dryup, weekly_strong",59,62,Stage 2,watchlist,weekly_forming,51.01,3,0.8100000000000023,False,False,False,False,False
JTLIND.NS,JTL INDUSTRIES LIMITED,Capital Goods,Unknown,False,Cash,1,Stage 2,Stage 2,Clean Stage 2,Clean Stage 2,Stage 2 • Clean Stage 2,0.9,"Price is above rising key averages, weekly structure is supportive, and the stock is near its 52-week high.",,,2026-09-30,,watchlist,weekly_forming,watchlist,37.58,63.97,49.46,10.0,37.58,63.97,59.46,12.95,48.72,247858149.93,"Stage 2, Clean Stage 2, trend_template_ok, weekly_vcp_ok, weekly_volume_dryup, weekly_strong",26,29,Stage 2,watchlist,weekly_near_pivot,58.96,3,0.5,False,False,False,False,False
TVSMOTOR.NS,TVS Motor Company Limited,Automobile and Auto Components,Unknown,True,F&O,1,Stage 2,Stage 2,Early Stage 2,Early Stage 2,Stage 2 • Early Stage 2,0.72,"Price has moved above long-term structure, but the full moving-average stack is not clean yet.",,,2026-09-30,,watchlist,weekly_forming,watchlist,21.53,60.43,39.04,5.0,21.53,60.43,44.04,16.52,9.77,2635632412.29,"Stage 2, Early Stage 2, weekly_vcp_ok, volume_dryup, weekly_volume_dryup, weekly_strong",102,105,Stage 2,watchlist,weekly_forming,43.83,3,0.21000000000000085,False,False,False,False,False
TATACONSUM.NS,TATA CONSUMER PRODUCTS LIMITED,Fast Moving Consumer Goods,Unknown,True,F&O,1,Stage 4,Stage 4,Stage 4 - Confirmed Downtrend,Stage 4 - Confirmed Downtrend,Stage 4 • Stage 4 - Confirmed Downtrend,0.86,Price is below a bearish moving-average stack with falling trend signals.,,,2026-05-20,,watchlist,weekly_watchlist,watchlist,8.84,6.2,7.65,0.0,8.84,6.2,7.65,-6.71,-8.54,1212210375.02,"Stage 4, Stage 4 - Confirmed Downtrend, downtrend",640,643,Stage 4,watchlist,weekly_watchlist,7.47,3,0.1800000000000006,False,False,False,False,False
OBEROIRLTY.NS,Oberoi Realty Limited,Realty,Unknown,True,F&O,1,Stage 2 Failed,Stage 1,Failed Stage 2,Failed Stage 2,Stage 2 Failed • Failed Stage 2,0.72,"This stock was recently Stage 2, but the latest structure no longer satisfies Stage 2 rules. It is kept as Stage 2 Failed until a fresh base/repair structure forms.",Recent Stage 2 break; public stage held as Stage 2 Failed.,2026-10-01,2026-09-28,,watchlist,weekly_watchlist,watchlist,0.0,3.42,1.54,2.0,0.0,3.42,3.54,0.36,13.85,784919944.7,"Stage 1, Stage 1 - Base/Repair, stage1_not_actionable, stage1_needs_more_base | Stage 2 failed state applied from stage memory.",697,700,Stage 2 Failed,watchlist,weekly_watchlist,3.46,3,0.08000000000000007,False,False,False,False,False
GARFIBRES.NS,Garware Technical Fibres Limited,Textiles,Unknown,False,Cash,1,Stage 2,Stage 2,Early Stage 2,Early Stage 2,Stage 2 • Early Stage 2,0.72,"Price has moved above long-term structure, but the full moving-average stack is not clean yet.",,,2026-09-30,,watchlist,weekly_watchlist,watchlist,11.97,24.49,17.6,10.0,11.97,24.49,27.6,14.29,26.65,32291815.15,"Stage 2, Early Stage 2, volume_dryup, weekly_volume_dryup",250,253,Stage 2,watchlist,weekly_watchlist,27.55,3,0.05000000000000071,False,False,False,False,False
RAYMOND.NS,Raymond Limited,Textiles,Unknown,False,Cash,1,Stage 2,Stage 2,Extended Stage 2,Extended Stage 2,Stage 2 • Extended Stage 2,0.78,"Advancing structure remains intact, but price is stretched versus key moving averages or far above the 52-week low.",,,2026-09-30,,watchlist,weekly_watchlist,watchlist,55.2,22.4,40.44,10.0,55.2,22.4,50.44,104.37,226.02,6050380112.35,"Stage 2, Extended Stage 2, trend_template_ok, weekly_volume_dryup",63,66,Stage 2,watchlist,weekly_watchlist,50.44,3,0.0,False,False,False,False,False
MEDPLUS.NS,Medplus Health Services Limited,Consumer Services,Unknown,False,Cash,1,Stage 4,Stage 4,Stage 4 - Confirmed Downtrend,Stage 4 - Confirmed Downtrend,Stage 4 • Stage 4 - Confirmed Downtrend,0.86,Price is below a bearish moving-average stack with falling trend signals.,,,2026-06-05,,watchlist,weekly_watchlist,watchlist,0.0,8.8,3.96,2.0,0.0,8.8,5.96,-11.66,-21.27,63506573.27,"Stage 4, Stage 4 - Confirmed Downtrend, volume_dryup, weekly_volume_dryup, downtrend",663,666,Stage 4,watchlist,weekly_watchlist,5.96,3,0.0,False,False,False,False,False
JKCEMENT.NS,J.K. Cement Ltd.,Construction Materials,Unknown,False,Cash,1,Stage 4,Stage 4,Stage 4 - Confirmed Downtrend,Stage 4 - Confirmed Downtrend,Stage 4 • Stage 4 - Confirmed Downtrend,0.86,Price is below a bearish moving-average stack with falling trend signals.,,,,,watchlist,weekly_watchlist,watchlist,0.0,6.2,2.79,0.0,0.0,6.2,2.79,0.35,-9.56,287784332.9,"Stage 4, Stage 4 - Confirmed Downtrend, downtrend",707,710,Stage 4,watchlist,weekly_watchlist,2.79,3,0.0,False,False,False,False,False
GODREJIND.NS,Godrej Industries Limited,Diversified,Unknown,False,Cash,1,Stage 2 Failed,Stage 4,Failed Stage 2,Failed Stage 2,Stage 2 Failed • Failed Stage 2,0.72,"This stock was recently Stage 2, but the latest structure no longer satisfies Stage 2 rules. It is kept as Stage 2 Failed until a fresh base/repair structure forms.",Recent Stage 2 break; public stage held as Stage 2 Failed.,2026-10-01,2026-09-16,,watchlist,weekly_watchlist,watchlist,0.0,0.0,0.0,0.0,0.0,0.0,0.0,-7.71,16.78,97349245.79,"Stage 4, Stage 4, volume_dryup, downtrend | Stage 2 failed state applied from stage memory.",743,746,Stage 2 Failed,watchlist,weekly_watchlist,0.0,3,0.0,False,False,False,False,False
PRSMJOHNSN.NS,Prism Johnson Limited,Construction Materials,Unknown,False,Cash,1,Stage 4,Stage 4,Stage 4 - Weak/Declining,Stage 4 - Weak/Declining,Stage 4 • Stage 4 - Weak/Declining,0.72,Price is below long-term support with weak trend evidence.,,,,,watchlist,weekly_watchlist,watchlist,0.0,0.0,0.0,0.0,0.0,0.0,0.0,-1.81,-14.37,41710015.28,"Stage 4, Stage 4 - Weak/Declining, volume_dryup, weekly_volume_dryup, downtrend",750,753,Stage 4,watchlist,weekly_watchlist,0.0,3,0.0,False,False,False,False,False
SENCO.NS,Senco Gold Limited,Consumer Durables,Unknown,False,Cash,1,Stage 2 Failed,Stage 4,Failed Stage 2,Failed Stage 2,Stage 2 Failed • Failed Stage 2,0.72,"This stock was recently Stage 2, but the latest structure no longer satisfies Stage 2 rules. It is kept as Stage 2 Failed until a fresh base/repair structure forms.",Recent Stage 2 break; public stage held as Stage 2 Failed.,2026-10-01,2026-09-23,,watchlist,weekly_watchlist,watchlist,0.0,0.0,0.0,0.0,0.0,0.0,0.0,5.49,-3.56,260170703.51,"Stage 4, Stage 4, volume_dryup, weekly_volume_dryup, downtrend | Stage 2 failed state applied from stage memory.",751,754,Stage 2 Failed,watchlist,weekly_watchlist,0.0,3,0.0,False,False,False,False,False
RAJRATAN.NS,Rajratan Global Wire Limited,Automobile and Auto Components,Unknown,False,Cash,1,Stage 2 Failed,Stage 3,Failed Stage 2,Failed Stage 2,Stage 2 Failed • Failed Stage 2,0.72,"This stock was recently Stage 2, but the latest structure no longer satisfies Stage 2 rules. It is kept as Stage 2 Failed until a fresh base/repair structure forms.",Recent Stage 2 break; public stage held as Stage 2 Failed.,2026-10-01,2026-09-29,,watchlist,weekly_watchlist,watchlist,0.0,42.54,19.14,5.0,0.0,42.54,24.14,3.21,24.23,61044960.38,"Stage 3, Stage 3 - Transition, weekly_vcp_ok, volume_dryup, weekly_volume_dryup, weekly_strong, distribution_risk | Stage 2 failed state applied from stage memory.",330,333,Stage 2 Failed,watchlist,weekly_watchlist,24.26,3,-0.120000000000001,False,False,False,False,False
ALLCARGO.NS,Allcargo Logistics Limited,Services,Unknown,False,Cash,1,Not Sure,Not Sure,Not Sure,Not Sure,Not Sure,0.0,Stage rules did not identify a reliable structure.,No confident stage classification.,,,,watchlist,weekly_watchlist,watchlist,8.69,51.49,27.95,2.0,8.69,51.49,29.95,34.25,22.62,115637371.81,"Not Sure, Not Sure, weekly_vcp_ok, volume_dryup, weekly_volume_dryup, weekly_strong",221,224,Not Sure,watchlist,weekly_watchlist,30.09,3,-0.14000000000000057,False,False,False,False,False
AEGISVOPAK.NS,Aegis Vopak Terminals Ltd.,"Oil, Gas & Consumable Fuels",Unknown,False,Cash,1,Stage 2,Stage 2,Clean Stage 2,Clean Stage 2,Stage 2 • Clean Stage 2,0.9,"Price is above rising key averages, weekly structure is supportive, and the stock is near its 52-week high.",,,2026-09-30,,watchlist,weekly_watchlist,watchlist,37.71,33.29,35.72,5.0,37.71,33.29,40.72,7.08,53.83,554892666.26,"Stage 2, Clean Stage 2, trend_template_ok, weekly_volume_dryup",122,125,Stage 2,watchlist,weekly_watchlist,41.26,3,-0.5399999999999991,False,False,False,False,False
ICIL.NS,Indo Count Industries Limited,Textiles,Unknown,False,Cash,1,Stage 2,Stage 2,Clean Stage 2,Clean Stage 2,Stage 2 • Clean Stage 2,0.9,"Price is above rising key averages, weekly structure is supportive, and the stock is near its 52-week high.",,,2026-09-30,,watchlist,weekly_watchlist,watchlist,61.83,36.4,50.39,10.0,61.83,36.4,60.39,12.42,79.71,249819995.77,"Stage 2, Clean Stage 2, trend_template_ok, volume_dryup, weekly_volume_dryup",21,24,Stage 2,watchlist,weekly_watchlist,61.27,3,-0.8800000000000026,False,False,False,False,False
SONACOMS.NS,Sona BLW Precision Forgings Limited,Automobile and Auto Components,Unknown,True,F&O,1,Stage 2,Stage 2,Clean Stage 2,Clean Stage 2,Stage 2 • Clean Stage 2,0.9,"Price is above rising key averages, weekly structure is supportive, and the stock is near its 52-week high.",,,2026-09-30,,watchlist,weekly_near_pivot,watchlist,50.39,73.8,60.92,5.0,50.39,73.8,65.92,28.16,52.41,1782081612.29,"Stage 2, Clean Stage 2, trend_template_ok, weekly_vcp_ok, weekly_strong",8,10,Stage 2,watchlist,weekly_near_pivot,65.15,2,0.769999999999996,False,False,False,False,False
HCG.NS,Healthcare Global Enterprises Limited,Healthcare,Unknown,False,Cash,1,Stage 2 Failed,Stage 3,Failed Stage 2,Failed Stage 2,Stage 2 Failed • Failed Stage 2,0.72,"This stock was recently Stage 2, but the latest structure no longer satisfies Stage 2 rules. It is kept as Stage 2 Failed until a fresh base/repair structure forms.",Recent Stage 2 break; public stage held as Stage 2 Failed.,2026-10-01,2026-09-22,,watchlist,weekly_watchlist,watchlist,0.0,3.33,1.5,10.0,0.0,3.33,11.5,11.48,21.82,86381404.56,"Stage 3, Stage 3 - Transition, volume_dryup, weekly_volume_dryup, distribution_risk | Stage 2 failed state applied from stage memory.",591,593,Stage 2 Failed,watchlist,weekly_watchlist,11.47,2,0.02999999999999936,False,False,False,False,False
LALPATHLAB.NS,Dr. Lal Path Labs Ltd.,Healthcare,Unknown,False,Cash,1,Stage 2,Stage 2,Clean Stage 2,Clean Stage 2,Stage 2 • Clean Stage 2,0.9,"Price is above rising key averages, weekly structure is supportive, and the stock is near its 52-week high.",,,2026-09-30,,watchlist,weekly_watchlist,watchlist,51.09,31.12,42.1,10.0,51.09,31.12,52.1,27.83,47.32,667826935.25,"Stage 2, Clean Stage 2, trend_template_ok",54,56,Stage 2,watchlist,weekly_watchlist,52.1,2,0.0,False,False,False,False,False
FDC.NS,FDC Limited,Healthcare,Unknown,False,Cash,1,Stage 4,Stage 4,Stage 4 - Confirmed Downtrend,Stage 4 - Confirmed Downtrend,Stage 4 • Stage 4 - Confirmed Downtrend,0.86,Price is below a bearish moving-average stack with falling trend signals.,,,2026-07-31,,watchlist,weekly_watchlist,watchlist,0.0,4.0,1.8,10.0,0.0,4.0,11.8,-12.96,0.16,48747011.24,"Stage 4, Stage 4 - Confirmed Downtrend, volume_dryup, weekly_volume_dryup, downtrend",587,589,Stage 4,watchlist,weekly_watchlist,11.8,2,0.0,False,False,False,False,False
JBMA.NS,JBM Auto Ltd.,Automobile and Auto Components,Unknown,False,Cash,1,Stage 4,Stage 4,Stage 4 - Weak/Declining,Stage 4 - Weak/Declining,Stage 4 • Stage 4 - Weak/Declining,0.72,Price is below long-term support with weak trend evidence.,,,2026-07-30,,watchlist,weekly_watchlist,watchlist,9.45,2.0,6.1,5.0,9.45,2.0,11.1,-10.66,-4.87,145999351.88,"Stage 4, Stage 4 - Weak/Declining, volume_dryup, weekly_volume_dryup, downtrend",596,598,Stage 4,watchlist,weekly_watchlist,11.1,2,0.0,False,False,False,False,False
LT.NS,Larsen & Toubro Limited,Construction,Unknown,True,F&O,1,Stage 4,Stage 4,Stage 4 - Weak/Declining,Stage 4 - Weak/Declining,Stage 4 • Stage 4 - Weak/Declining,0.72,Price is below long-term support with weak trend evidence.,,,2026-09-07,,watchlist,weekly_watchlist,watchlist,0.0,0.0,0.0,0.0,0.0,0.0,0.0,0.74,-5.77,5917599380.59,"Stage 4, Stage 4 - Weak/Declining, downtrend",747,749,Stage 4,watchlist,weekly_watchlist,0.0,2,0.0,False,False,False,False,False
PATELENG.NS,Patel Engineering Limited,Construction,Unknown,False,Cash,1,Stage 4,Stage 4,Stage 4 - Confirmed Downtrend,Stage 4 - Confirmed Downtrend,Stage 4 • Stage 4 - Confirmed Downtrend,0.86,Price is below a bearish moving-average stack with falling trend signals.,,,2026-07-13,,watchlist,weekly_watchlist,watchlist,0.0,0.0,0.0,0.0,0.0,0.0,0.0,-14.31,-0.91,62014085.48,"Stage 4, Stage 4 - Confirmed Downtrend, weekly_volume_dryup, downtrend",749,751,Stage 4,watchlist,weekly_watchlist,0.0,2,0.0,False,False,False,False,False
TTKPRESTIG.NS,TTK Prestige Limited,Consumer Durables,Unknown,False,Cash,1,Stage 4,Stage 4,Stage 4 - Weak/Declining,Stage 4 - Weak/Declining,Stage 4 • Stage 4 - Weak/Declining,0.72,Price is below long-term support with weak trend evidence.,,,2026-08-18,,watchlist,weekly_watchlist,watchlist,0.0,0.0,0.0,0.0,0.0,0.0,0.0,-11.34,7.46,42683173.6,"Stage 4, Stage 4 - Weak/Declining, volume_dryup, weekly_volume_dryup, downtrend",754,756,Stage 4,watchlist,weekly_watchlist,0.0,2,0.0,False,False,False,False,False
APLAPOLLO.NS,APL Apollo Tubes Limited,Capital Goods,Unknown,True,F&O,1,Stage 2,Stage 2,Early Stage 2,Early Stage 2,Stage 2 • Early Stage 2,0.72,"Price has moved above long-term structure, but the full moving-average stack is not clean yet.",,,2026-09-30,,watchlist,weekly_near_pivot,watchlist,20.22,68.78,42.07,10.0,20.22,68.78,52.07,24.93,4.85,1317070314.62,"Stage 2, Early Stage 2, weekly_vcp_ok, weekly_strong",55,57,Stage 2,watchlist,weekly_near_pivot,52.08,2,-0.00999999999999801,False,False,False,False,False
MANAPPURAM.NS,Manappuram Finance Limited,Financial Services,Unknown,True,F&O,1,Stage 2 Failed,Stage 1,Failed Stage 2,Failed Stage 2,Stage 2 Failed • Failed Stage 2,0.72,"This stock was recently Stage 2, but the latest structure no longer satisfies Stage 2 rules. It is kept as Stage 2 Failed until a fresh base/repair structure forms.",Recent Stage 2 break; public stage held as Stage 2 Failed.,2026-10-01,2026-09-25,,watchlist,weekly_watchlist,watchlist,0.0,43.3,19.48,0.0,0.0,43.3,19.48,-1.22,16.25,1456544718.03,"Stage 1, Stage 1 - Base/Repair, weekly_vcp_ok, weekly_strong, stage1_not_actionable, stage1_needs_more_base | Stage 2 failed state applied from stage memory.",431,433,Stage 2 Failed,watchlist,weekly_watchlist,20.85,2,-1.370000000000001,False,False,False,False,False
BOROLTD.NS,Borosil Limited,Consumer Durables,Unknown,False,Cash,1,Stage 2,Stage 2,Early Stage 2,Early Stage 2,Stage 2 • Early Stage 2,0.72,"Price has moved above long-term structure, but the full moving-average stack is not clean yet.",,,2026-09-30,,watchlist,weekly_near_pivot,watchlist,11.9,69.79,37.95,0.0,11.9,69.79,37.95,26.18,13.74,109881687.89,"Stage 2, Early Stage 2, weekly_vcp_ok, weekly_strong",138,140,Stage 2,watchlist,weekly_breakout,39.55,2,-1.5999999999999943,False,False,False,False,False
ACE.NS,Action Construction Equipment Limited,Capital Goods,Unknown,False,Cash,1,Stage 2,Stage 2,Clean Stage 2,Clean Stage 2,Stage 2 • Clean Stage 2,0.9,"Price is above rising key averages, weekly structure is supportive, and the stock is near its 52-week high.",,,2026-09-30,,watchlist,weekly_breakout,watchlist,73.05,67.27,70.45,10.0,73.05,67.27,80.45,29.89,42.84,421885931.37,"Stage 2, Clean Stage 2, trend_template_ok, weekly_vcp_ok, weekly_volume_dryup, weekly_strong",1,2,Stage 2,watchlist,weekly_breakout,74.44,1,6.010000000000005,False,False,False,False,False
GHCL.NS,GHCL Limited,Chemicals,Unknown,False,Cash,1,Stage 4,Stage 4,Stage 4 - Confirmed Downtrend,Stage 4 - Confirmed Downtrend,Stage 4 • Stage 4 - Confirmed Downtrend,0.86,Price is below a bearish moving-average stack with falling trend signals.,,,,,watchlist,weekly_watchlist,watchlist,10.02,35.8,21.62,5.0,10.02,35.8,26.62,2.42,-11.81,51149723.27,"Stage 4, Stage 4 - Confirmed Downtrend, weekly_vcp_ok, weekly_strong, downtrend",272,273,Stage 4,watchlist,weekly_watchlist,26.61,1,0.010000000000001563,False,False,False,False,False
BAYERCROP.NS,Bayer Cropscience Limited,Chemicals,Unknown,False,Cash,1,Stage 4,Stage 4,Stage 4 - Confirmed Downtrend,Stage 4 - Confirmed Downtrend,Stage 4 • Stage 4 - Confirmed Downtrend,0.86,Price is below a bearish moving-average stack with falling trend signals.,,,,,watchlist,weekly_watchlist,watchlist,9.1,3.2,6.45,5.0,9.1,3.2,11.45,-4.35,-23.95,125176268.96,"Stage 4, Stage 4 - Confirmed Downtrend, downtrend",593,594,Stage 4,watchlist,weekly_watchlist,11.45,1,0.0,False,False,False,False,False
KNRCON.NS,KNR Constructions Limited,Construction,Unknown,False,Cash,1,Stage 4,Stage 4,Stage 4 - Confirmed Downtrend,Stage 4 - Confirmed Downtrend,Stage 4 • Stage 4 - Confirmed Downtrend,0.86,Price is below a bearish moving-average stack with falling trend signals.,,,,,watchlist,weekly_watchlist,watchlist,0.0,0.0,0.0,0.0,0.0,0.0,0.0,-2.91,-3.1,189907626.91,"Stage 4, Stage 4 - Confirmed Downtrend, volume_dryup, weekly_volume_dryup, downtrend",746,747,Stage 4,watchlist,weekly_watchlist,0.0,1,0.0,False,False,False,False,False
INDGN.NS,Indegene Ltd.,Healthcare,Unknown,False,Cash,1,Stage 2,Stage 2,Clean Stage 2,Clean Stage 2,Stage 2 • Clean Stage 2,0.9,"Price is above rising key averages, weekly structure is supportive, and the stock is near its 52-week high.",,,2026-09-30,,watchlist,weekly_breakout,watchlist,58.22,63.19,60.46,10.0,58.22,63.19,70.46,29.42,24.51,305080163.35,"Stage 2, Clean Stage 2, trend_template_ok, weekly_vcp_ok, weekly_strong",4,5,Stage 2,watchlist,weekly_breakout,70.47,1,-0.010000000000005116,False,False,False,False,False
RTNPOWER.NS,RattanIndia Power Limited,Power,Unknown,False,Cash,1,Stage 4,Stage 4,Stage 4 - Confirmed Downtrend,Stage 4 - Confirmed Downtrend,Stage 4 • Stage 4 - Confirmed Downtrend,0.86,Price is below a bearish moving-average stack with falling trend signals.,,,,,watchlist,weekly_watchlist,watchlist,10.59,0.0,5.82,0.0,10.59,0.0,5.82,-16.05,-21.75,111553633.32,"Stage 4, Stage 4 - Confirmed Downtrend, weekly_volume_dryup, downtrend",666,667,Stage 4,watchlist,weekly_watchlist,5.87,1,-0.04999999999999982,False,False,False,False,False
MANYAVAR.NS,Vedant Fashions Limited,Consumer Services,Unknown,False,Cash,1,Stage 2,Stage 2,Early Stage 2,Early Stage 2,Stage 2 • Early Stage 2,0.72,"Price has moved above long-term structure, but the full moving-average stack is not clean yet.",,,2026-09-30,,watchlist,weekly_forming,watchlist,37.45,61.24,48.16,2.0,37.45,61.24,50.16,41.55,36.81,173241185.03,"Stage 2, Early Stage 2, weekly_vcp_ok, volume_dryup, weekly_volume_dryup, weekly_strong",66,67,Stage 2,watchlist,weekly_forming,50.23,1,-0.07000000000000028,False,False,False,False,False
SAILIFE.NS,Sai Life Sciences Ltd.,Healthcare,Unknown,False,Cash,1,Stage 2,Stage 2,Clean Stage 2,Clean Stage 2,Stage 2 • Clean Stage 2,0.9,"Price is above rising key averages, weekly structure is supportive, and the stock is near its 52-week high.",,,2026-09-30,,watchlist,weekly_watchlist,watchlist,39.03,26.0,33.17,10.0,39.03,26.0,43.17,35.74,59.44,964644783.14,"Stage 2, Clean Stage 2, trend_template_ok, volume_dryup, weekly_volume_dryup",108,109,Stage 2,watchlist,weekly_watchlist,43.27,1,-0.10000000000000142,False,False,False,False,False
YATHARTH.NS,Yatharth Hospital & Trauma Care Services Limited,Healthcare,Unknown,False,Cash,1,Stage 2,Stage 2,Stage 2,Stage 2,Stage 2,0.76,Advancing structure detected.,,,2026-09-30,,watchlist,weekly_watchlist,watchlist,57.52,27.2,43.88,10.0,57.52,27.2,53.88,33.29,48.38,937718415.08,"Stage 2, Stage 2, trend_template_ok, weekly_volume_dryup",46,47,Stage 2,watchlist,weekly_watchlist,54.19,1,-0.30999999999999517,False,False,False,False,False
TASTYBITE.NS,Tasty Bite Eatables Limited,Fast Moving Consumer Goods,Unknown,False,Cash,1,Stage 2,Stage 2,Early Stage 2,Early Stage 2,Stage 2 • Early Stage 2,0.72,"Price has moved above long-term structure, but the full moving-average stack is not clean yet.",,,2026-09-30,,watchlist,weekly_watchlist,watchlist,13.93,29.31,20.85,0.0,13.93,29.31,20.85,17.99,35.07,24634589.7,"Stage 2, Early Stage 2, volume_dryup, weekly_volume_dryup",413,414,Stage 2,watchlist,weekly_watchlist,21.23,1,-0.379999999999999,False,False,False,False,False
DOMS.NS,DOMS Industries Ltd.,Fast Moving Consumer Goods,Unknown,False,Cash,1,Stage 4,Stage 4,Stage 4 - Confirmed Downtrend,Stage 4 - Confirmed Downtrend,Stage 4 • Stage 4 - Confirmed Downtrend,0.86,Price is below a bearish moving-average stack with falling trend signals.,,,,,watchlist,weekly_watchlist,watchlist,11.85,36.9,23.12,0.0,11.85,36.9,23.12,-1.64,-8.5,76341925.96,"Stage 4, Stage 4 - Confirmed Downtrend, weekly_vcp_ok, volume_dryup, weekly_volume_dryup, weekly_strong, downtrend",350,351,Stage 4,watchlist,weekly_watchlist,23.66,1,-0.5399999999999991,False,False,False,False,False
LODHA.NS,Macrotech Developers Limited,Realty,Unknown,True,F&O,1,Stage 2,Stage 2,Early Stage 2,Early Stage 2,Stage 2 • Early Stage 2,0.72,"Price has moved above long-term structure, but the full moving-average stack is not clean yet.",,,2026-09-30,,watchlist,weekly_forming,watchlist,14.32,63.04,36.24,2.0,14.32,63.04,38.24,8.85,43.59,2131770750.11,"Stage 2, Early Stage 2, weekly_vcp_ok, weekly_strong",137,138,Stage 2,watchlist,weekly_forming,39.64,1,-1.3999999999999986,False,False,False,False,False
MANKIND.NS,Mankind Pharma Limited,Healthcare,Unknown,True,F&O,1,Stage 2,Stage 2,Stage 2,Stage 2,Stage 2,0.76,Advancing structure detected.,,,2026-09-30,,watchlist,weekly_watchlist,watchlist,24.19,30.59,27.07,10.0,24.19,30.59,37.07,8.52,25.39,1304239971.68,"Stage 2, Stage 2",146,147,Stage 2,watchlist,weekly_watchlist,39.24,1,-2.1700000000000017,False,False,False,False,False
VINATIORGA.NS,Vinati Organics Limited,Chemicals,Unknown,False,Cash,1,Stage 4,Stage 4,Stage 4 - Confirmed Downtrend,Stage 4 - Confirmed Downtrend,Stage 4 • Stage 4 - Confirmed Downtrend,0.86,Price is below a bearish moving-average stack with falling trend signals.,,,,,watchlist,weekly_watchlist,watchlist,6.38,36.9,20.11,5.0,6.38,36.9,25.11,-2.0,-4.12,79014020.38,"Stage 4, Stage 4 - Confirmed Downtrend, weekly_vcp_ok, weekly_volume_dryup, weekly_strong, downtrend",316,316,Stage 4,watchlist,weekly_watchlist,24.74,0,0.370000000000001,False,False,False,False,False
EMCURE.NS,Emcure Pharmaceuticals Ltd.,Healthcare,Unknown,False,Cash,1,Stage 2,Stage 2,Clean Stage 2,Clean Stage 2,Stage 2 • Clean Stage 2,0.9,"Price is above rising key averages, weekly structure is supportive, and the stock is near its 52-week high.",,,2026-09-30,,watchlist,weekly_watchlist,watchlist,40.13,36.95,38.7,10.0,40.13,36.95,48.7,13.91,25.6,408990884.71,"Stage 2, Clean Stage 2, trend_template_ok, weekly_volume_dryup",76,76,Stage 2,watchlist,weekly_watchlist,48.42,0,0.28000000000000114,False,False,False,False,False
ITCHOTELS.NS,ITC Hotels Ltd.,Consumer Services,Unknown,False,Cash,1,Stage 4,Stage 4,Stage 4 - Weak/Declining,Stage 4 - Weak/Declining,Stage 4 • Stage 4 - Weak/Declining,0.72,Price is below long-term support with weak trend evidence.,,,,,watchlist,weekly_watchlist,watchlist,8.46,0.0,4.65,2.0,8.46,0.0,6.65,-6.92,6.14,266757851.27,"Stage 4, Stage 4 - Weak/Declining, downtrend",654,654,Stage 4,watchlist,weekly_watchlist,6.44,0,0.20999999999999996,False,False,False,False,False
QUESS.NS,Quess Corp Limited,Services,Unknown,False,Cash,1,Stage 2,Stage 2,Early Stage 2,Early Stage 2,Stage 2 • Early Stage 2,0.72,"Price has moved above long-term structure, but the full moving-average stack is not clean yet.",,,2026-09-30,,watchlist,weekly_watchlist,watchlist,22.32,28.4,25.06,2.0,22.32,28.4,27.06,21.65,83.27,196502816.74,"Stage 2, Early Stage 2, volume_dryup, weekly_volume_dryup",262,262,Stage 2,watchlist,weekly_watchlist,26.87,0,0.18999999999999773,False,False,False,False,False
ERIS.NS,Eris Lifesciences Limited,Healthcare,Unknown,False,Cash,1,Stage 4,Stage 4,Stage 4 - Confirmed Downtrend,Stage 4 - Confirmed Downtrend,Stage 4 • Stage 4 - Confirmed Downtrend,0.86,Price is below a bearish moving-average stack with falling trend signals.,,,,,watchlist,weekly_watchlist,watchlist,0.0,36.9,16.61,10.0,0.0,36.9,26.61,-8.87,-7.93,112120727.31,"Stage 4, Stage 4 - Confirmed Downtrend, weekly_vcp_ok, weekly_strong, downtrend",274,274,Stage 4,watchlist,weekly_watchlist,26.61,0,0.0,False,False,False,False,False
LINDEINDIA.NS,Linde India Limited,Chemicals,Unknown,False,Cash,1,Stage 4,Stage 4,Stage 4 - Weak/Declining,Stage 4 - Weak/Declining,Stage 4 • Stage 4 - Weak/Declining,0.72,Price is below long-term support with weak trend evidence.,,,2026-08-10,,watchlist,weekly_watchlist,watchlist,0.0,3.2,1.44,5.0,0.0,3.2,6.44,-4.14,-11.63,150069563.45,"Stage 4, Stage 4 - Weak/Declining, downtrend",656,656,Stage 4,watchlist,weekly_watchlist,6.44,0,0.0,False,False,False,False,False
DCMSHRIRAM.NS,DCM Shriram Limited,Diversified,Unknown,False,Cash,1,Stage 4,Stage 4,Stage 4 - Confirmed Downtrend,Stage 4 - Confirmed Downtrend,Stage 4 • Stage 4 - Confirmed Downtrend,0.86,Price is below a bearish moving-average stack with falling trend signals.,,,2026-01-05,,watchlist,weekly_watchlist,watchlist,0.0,14.27,6.42,0.0,0.0,14.27,6.42,-4.5,-17.66,63525839.33,"Stage 4, Stage 4 - Confirmed Downtrend, volume_dryup, downtrend",657,657,Stage 4,watchlist,weekly_watchlist,6.42,0,0.0,False,False,False,False,False
ECLERX.NS,eClerx Services Limited,Services,Unknown,False,Cash,1,Stage 2 Failed,Not Sure,Failed Stage 2,Failed Stage 2,Stage 2 Failed • Failed Stage 2,0.72,"This stock was recently Stage 2, but the latest structure no longer satisfies Stage 2 rules. It is kept as Stage 2 Failed until a fresh base/repair structure forms.",Recent Stage 2 break; public stage held as Stage 2 Failed.,2026-10-01,2026-09-23,,watchlist,weekly_watchlist,watchlist,4.69,9.43,6.82,2.0,4.69,9.43,8.82,28.36,17.93,273859341.65,"Not Sure, Not Sure, volume_dryup, weekly_volume_dryup | Stage 2 failed state applied from stage memory.",629,629,Stage 2 Failed,watchlist,weekly_watchlist,8.83,0,-0.009999999999999787,False,False,False,False,False
ATGL.NS,Adani Total Gas Limited,"Oil, Gas & Consumable Fuels",Unknown,False,Cash,1,Stage 4,Stage 4,Stage 4 - Weak/Declining,Stage 4 - Weak/Declining,Stage 4 • Stage 4 - Weak/Declining,0.72,Price is below long-term support with weak trend evidence.,,,2026-08-10,,watchlist,weekly_watchlist,watchlist,1.9,0.0,1.04,5.0,1.9,0.0,6.04,-9.8,5.47,1746599243.97,"Stage 4, Stage 4 - Weak/Declining, weekly_volume_dryup, downtrend",662,662,Stage 4,watchlist,weekly_watchlist,6.15,0,-0.11000000000000032,False,False,False,False,False
IFBIND.NS,IFB Industries Limited,Consumer Durables,Unknown,False,Cash,1,Stage 4,Stage 4,Stage 4 - Weak/Declining,Stage 4 - Weak/Declining,Stage 4 • Stage 4 - Weak/Declining,0.72,Price is below long-term support with weak trend evidence.,,,2025-12-12,,watchlist,weekly_watchlist,watchlist,0.0,5.58,2.51,0.0,0.0,5.58,2.51,1.72,14.07,37538302.3,"Stage 4, Stage 4 - Weak/Declining, volume_dryup, weekly_volume_dryup, downtrend",709,709,Stage 4,watchlist,weekly_watchlist,2.81,0,-0.30000000000000027,False,False,False,False,False
SHARDAMOTR.NS,Sharda Motor Industries Limited,Automobile and Auto Components,Unknown,False,Cash,1,Stage 2,Stage 2,Early Stage 2,Early Stage 2,Stage 2 • Early Stage 2,0.72,"Price has moved above long-term structure, but the full moving-average stack is not clean yet.",,,2026-09-30,,watchlist,weekly_near_pivot,watchlist,35.22,72.03,51.78,5.0,35.22,72.03,56.78,14.31,25.99,74918276.53,"Stage 2, Early Stage 2, weekly_vcp_ok, weekly_volume_dryup, weekly_strong",36,36,Stage 2,watchlist,weekly_breakout,57.25,0,-0.46999999999999886,False,False,False,False,False
BHARTIARTL.NS,Bharti Airtel Limited,Telecommunication,Unknown,True,F&O,1,Stage 4,Stage 4,Stage 4 - Weak/Declining,Stage 4 - Weak/Declining,Stage 4 • Stage 4 - Weak/Declining,0.72,Price is below long-term support with weak trend evidence.,,,2026-08-21,,watchlist,weekly_watchlist,watchlist,8.2,35.8,20.62,10.0,8.2,35.8,30.62,-0.23,-4.16,9883292867.33,"Stage 4, Stage 4 - Weak/Declining, weekly_vcp_ok, weekly_strong, downtrend",210,210,Stage 4,watchlist,weekly_watchlist,31.58,0,-0.9599999999999973,False,False,False,False,False
KAJARIACER.NS,Kajaria Ceramics Limited,Consumer Durables,Unknown,False,Cash,1,Stage 2,Stage 2,Stage 2,Stage 2,Stage 2,0.76,Advancing structure detected.,,,2026-09-30,,watchlist,weekly_near_pivot,watchlist,43.86,69.2,55.26,0.0,43.86,69.2,55.26,9.52,24.48,554661644.46,"Stage 2, Stage 2, weekly_vcp_ok, weekly_strong",42,42,Stage 2,watchlist,weekly_near_pivot,56.35,0,-1.0900000000000034,False,False,False,False,False
CGCL.NS,Capri Global Capital Limited,Financial Services,Unknown,False,Cash,1,Stage 2,Stage 2,Stage 2,Stage 2,Stage 2,0.76,Advancing structure detected.,,,2026-09-30,,watchlist,weekly_watchlist,watchlist,41.16,24.56,33.69,0.0,41.16,24.56,33.69,13.25,40.38,895863797.86,"Stage 2, Stage 2, trend_template_ok, volume_dryup, weekly_volume_dryup",177,177,Stage 2,watchlist,weekly_watchlist,35.31,0,-1.6200000000000045,False,False,False,False,False
PPLPHARMA.NS,Piramal Pharma Ltd.,Healthcare,Unknown,False,Cash,1,Stage 2,Stage 2,Early Stage 2,Early Stage 2,Stage 2 • Early Stage 2,0.72,"Price has moved above long-term structure, but the full moving-average stack is not clean yet.",,,2026-09-30,,watchlist,weekly_watchlist,watchlist,20.15,26.4,22.96,10.0,20.15,26.4,32.96,21.2,38.83,884105847.88,"Stage 2, Early Stage 2, volume_dryup, weekly_volume_dryup",186,186,Stage 2,watchlist,weekly_watchlist,34.96,0,-2.0,False,False,False,False,False
LTTS.NS,L&T Technology Services Ltd.,Information Technology,Unknown,False,Cash,1,Stage 4,Stage 4,Stage 4 - Weak/Declining,Stage 4 - Weak/Declining,Stage 4 • Stage 4 - Weak/Declining,0.72,Price is below long-term support with weak trend evidence.,,,,,watchlist,weekly_watchlist,watchlist,12.59,36.67,23.43,2.0,12.59,36.67,25.43,9.66,-1.0,185636668.42,"Stage 4, Stage 4 - Weak/Declining, weekly_vcp_ok, volume_dryup, weekly_strong, downtrend",308,307,Stage 4,watchlist,weekly_watchlist,25.19,-1,0.23999999999999844,False,False,False,False,False
DMART.NS,Avenue Supermarts Limited,Consumer Services,Unknown,True,F&O,1,Stage 4,Stage 4,Stage 4 - Weak/Declining,Stage 4 - Weak/Declining,Stage 4 • Stage 4 - Weak/Declining,0.72,Price is below long-term support with weak trend evidence.,,,2025-10-23,,watchlist,weekly_watchlist,watchlist,10.68,3.2,7.31,2.0,10.68,3.2,9.31,1.89,-11.59,1699009899.24,"Stage 4, Stage 4 - Weak/Declining, downtrend",625,624,Stage 4,watchlist,weekly_watchlist,9.25,-1,0.0600000000000005,False,False,False,False,False
SIS.NS,SIS LIMITED,Services,Unknown,False,Cash,1,Stage 3,Stage 3,Stage 3 - Distribution/Damage,Stage 3 - Distribution/Damage,Stage 3 • Stage 3 - Distribution/Damage,0.76,"Prior strength exists, but short-term and/or weekly structure is deteriorating.",,,2026-09-04,,watchlist,weekly_watchlist,watchlist,0.0,16.51,7.43,2.0,0.0,16.51,9.43,4.69,44.39,158699493.89,"Stage 3, Stage 3 - Distribution/Damage, distribution_risk",623,622,Stage 3,watchlist,weekly_watchlist,9.42,-1,0.009999999999999787,False,False,False,False,False
TATACHEM.NS,Tata Chemicals Limited,Chemicals,Unknown,False,Cash,1,Stage 4,Stage 4,Stage 4 - Confirmed Downtrend,Stage 4 - Confirmed Downtrend,Stage 4 • Stage 4 - Confirmed Downtrend,0.86,Price is below a bearish moving-average stack with falling trend signals.,,,,,watchlist,weekly_watchlist,watchlist,9.1,35.8,21.11,5.0,9.1,35.8,26.11,-7.2,-3.62,2664511889.0,"Stage 4, Stage 4 - Confirmed Downtrend, weekly_vcp_ok, weekly_strong, downtrend",286,285,Stage 4,watchlist,weekly_watchlist,26.11,-1,0.0,False,False,False,False,False
ALOKINDS.NS,Alok Industries Limited,Textiles,Unknown,False,Cash,1,Stage 4,Stage 4,Stage 4 - Confirmed Downtrend,Stage 4 - Confirmed Downtrend,Stage 4 • Stage 4 - Confirmed Downtrend,0.86,Price is below a bearish moving-average stack with falling trend signals.,,,,,watchlist,weekly_watchlist,watchlist,0.0,35.8,16.11,10.0,0.0,35.8,26.11,-36.45,-46.76,162028189.26,"Stage 4, Stage 4 - Confirmed Downtrend, weekly_vcp_ok, weekly_volume_dryup, weekly_strong, downtrend",288,287,Stage 4,watchlist,weekly_watchlist,26.11,-1,0.0,False,False,False,False,False
LUXIND.NS,Lux Industries Limited,Textiles,Unknown,False,Cash,1,Stage 4,Stage 4,Stage 4 - Weak/Declining,Stage 4 - Weak/Declining,Stage 4 • Stage 4 - Weak/Declining,0.72,Price is below long-term support with weak trend evidence.,,,2026-06-04,,watchlist,weekly_watchlist,watchlist,0.0,0.8,0.36,10.0,0.0,0.8,10.36,-5.16,-15.26,59784313.09,"Stage 4, Stage 4 - Weak/Declining, weekly_volume_dryup, downtrend",604,603,Stage 4,watchlist,weekly_watchlist,10.36,-1,0.0,False,False,False,False,False
NATCOPHARM.NS,Natco Pharma Limited,Healthcare,Unknown,False,Cash,1,Stage 4,Stage 4,Stage 4 - Weak/Declining,Stage 4 - Weak/Declining,Stage 4 • Stage 4 - Weak/Declining,0.72,Price is below long-term support with weak trend evidence.,,,2026-05-29,,watchlist,weekly_watchlist,watchlist,0.0,0.8,0.36,10.0,0.0,0.8,10.36,-8.19,-24.91,381320457.13,"Stage 4, Stage 4 - Weak/Declining, downtrend",605,604,Stage 4,watchlist,weekly_watchlist,10.36,-1,0.0,False,False,False,False,False
MRF.NS,MRF Limited,Automobile and Auto Components,Unknown,False,Cash,1,Stage 4,Stage 4,Stage 4 - Confirmed Downtrend,Stage 4 - Confirmed Downtrend,Stage 4 • Stage 4 - Confirmed Downtrend,0.86,Price is below a bearish moving-average stack with falling trend signals.,,,2025-12-01,,watchlist,weekly_watchlist,watchlist,10.77,36.9,22.53,5.0,10.77,36.9,27.53,-2.4,-5.72,389178660.25,"Stage 4, Stage 4 - Confirmed Downtrend, weekly_vcp_ok, volume_dryup, weekly_volume_dryup, weekly_strong, downtrend",252,251,Stage 4,watchlist,weekly_watchlist,27.84,-1,-0.3099999999999987,False,False,False,False,False
GABRIEL.NS,Gabriel India Limited,Automobile and Auto Components,Unknown,False,Cash,1,Stage 2,Stage 2,Early Stage 2,Early Stage 2,Stage 2 • Early Stage 2,0.72,"Price has moved above long-term structure, but the full moving-average stack is not clean yet.",,,2026-09-30,,watchlist,weekly_forming,watchlist,16.81,64.58,38.31,5.0,16.81,64.58,43.31,12.27,44.53,924472328.35,"Stage 2, Early Stage 2, weekly_vcp_ok, weekly_volume_dryup, weekly_strong",107,106,Stage 2,watchlist,weekly_forming,43.72,-1,-0.4099999999999966,False,False,False,False,False
PARADEEP.NS,Paradeep Phosphates Limited,Chemicals,Unknown,False,Cash,1,Stage 2,Stage 2,Early Stage 2,Early Stage 2,Stage 2 • Early Stage 2,0.72,"Price has moved above long-term structure, but the full moving-average stack is not clean yet.",,,2026-09-30,,watchlist,weekly_near_pivot,watchlist,15.25,70.3,40.02,5.0,15.25,70.3,45.02,17.93,27.08,352521557.97,"Stage 2, Early Stage 2, weekly_vcp_ok, volume_dryup, weekly_volume_dryup, weekly_strong",96,95,Stage 2,watchlist,weekly_near_pivot,45.45,-1,-0.4299999999999997,False,False,False,False,False
JUSTDIAL.NS,Just Dial Limited,Consumer Services,Unknown,False,Cash,1,Stage 2 Failed,Stage 3,Failed Stage 2,Failed Stage 2,Stage 2 Failed • Failed Stage 2,0.72,"This stock was recently Stage 2, but the latest structure no longer satisfies Stage 2 rules. It is kept as Stage 2 Failed until a fresh base/repair structure forms.",Recent Stage 2 break; public stage held as Stage 2 Failed.,2026-10-01,2026-09-23,,watchlist,weekly_watchlist,watchlist,17.95,5.45,12.33,2.0,17.95,5.45,14.33,25.92,16.56,78923250.3,"Stage 3, Stage 3 - Transition, volume_dryup, weekly_volume_dryup, distribution_risk | Stage 2 failed state applied from stage memory.",569,568,Stage 2 Failed,watchlist,weekly_watchlist,15.35,-1,-1.0199999999999996,False,False,False,False,False
KTKBANK.NS,The Karnataka Bank Limited,Financial Services,Unknown,False,Cash,1,Stage 2,Stage 2,Clean Stage 2,Clean Stage 2,Stage 2 • Clean Stage 2,0.9,"Price is above rising key averages, weekly structure is supportive, and the stock is near its 52-week high.",,,2026-09-30,,watchlist,weekly_watchlist,watchlist,41.25,30.24,36.3,0.0,41.25,30.24,36.3,31.13,35.26,601562787.29,"Stage 2, Clean Stage 2, trend_template_ok, volume_dryup, weekly_volume_dryup",154,153,Stage 2,watchlist,weekly_watchlist,38.07,-1,-1.7700000000000031,False,False,False,False,False
AUROPHARMA.NS,Aurobindo Pharma Limited,Healthcare,Unknown,True,F&O,1,Stage 2,Stage 2,Clean Stage 2,Clean Stage 2,Stage 2 • Clean Stage 2,0.9,"Price is above rising key averages, weekly structure is supportive, and the stock is near its 52-week high.",,,2026-09-30,,watchlist,weekly_near_pivot,watchlist,65.68,66.68,66.13,10.0,65.68,66.68,76.13,14.14,26.67,1285146661.46,"Stage 2, Clean Stage 2, trend_template_ok, weekly_vcp_ok, weekly_strong",3,1,Stage 2,watchlist,weekly_near_pivot,75.89,-2,0.23999999999999488,False,False,False,False,False
APOLLOTYRE.NS,Apollo Tyres Limited,Automobile and Auto Components,Unknown,False,Cash,1,Stage 4,Stage 4,Stage 4 - Weak/Declining,Stage 4 - Weak/Declining,Stage 4 • Stage 4 - Weak/Declining,0.72,Price is below long-term support with weak trend evidence.,,,2026-01-15,,watchlist,weekly_watchlist,watchlist,8.35,36.9,21.2,5.0,8.35,36.9,26.2,-2.19,-5.52,374150802.11,"Stage 4, Stage 4 - Weak/Declining, weekly_vcp_ok, weekly_strong, downtrend",283,281,Stage 4,watchlist,weekly_watchlist,26.2,-2,0.0,False,False,False,False,False
NBCC.NS,NBCC (India) Ltd.,Construction,Unknown,True,F&O,1,Stage 4,Stage 4,Stage 4 - Confirmed Downtrend,Stage 4 - Confirmed Downtrend,Stage 4 • Stage 4 - Confirmed Downtrend,0.86,Price is below a bearish moving-average stack with falling trend signals.,,,2026-07-02,,watchlist,weekly_watchlist,watchlist,9.43,4.0,6.99,0.0,9.43,4.0,6.99,-12.69,-11.03,388699821.05,"Stage 4, Stage 4 - Confirmed Downtrend, downtrend",648,646,Stage 4,watchlist,weekly_watchlist,7.07,-2,-0.08000000000000007,False,False,False,False,False
BOMDYEING.NS,Bombay Dyeing & Mfg Company Limited,Textiles,Unknown,False,Cash,1,Stage 4,Stage 4,Stage 4 - Confirmed Downtrend,Stage 4 - Confirmed Downtrend,Stage 4 • Stage 4 - Confirmed Downtrend,0.86,Price is below a bearish moving-average stack with falling trend signals.,,,,,watchlist,weekly_watchlist,watchlist,0.96,0.0,0.53,10.0,0.96,0.0,10.53,-9.96,-2.73,49047100.56,"Stage 4, Stage 4 - Confirmed Downtrend, volume_dryup, weekly_volume_dryup, downtrend",601,599,Stage 4,watchlist,weekly_watchlist,10.66,-2,-0.13000000000000078,False,False,False,False,False
WESTLIFE.NS,WESTLIFE FOODWORLD LIMITED,Consumer Services,Unknown,False,Cash,1,Stage 2,Stage 2,Early Stage 2,Early Stage 2,Stage 2 • Early Stage 2,0.72,"Price has moved above long-term structure, but the full moving-average stack is not clean yet.",,,2026-09-30,,watchlist,weekly_watchlist,watchlist,15.02,31.35,22.37,2.0,15.02,31.35,24.37,24.1,29.38,299914875.51,"Stage 2, Early Stage 2, volume_dryup, weekly_volume_dryup",326,324,Stage 2,watchlist,weekly_watchlist,24.51,-2,-0.14000000000000057,False,False,False,False,False
AARTIIND.NS,Aarti Industries Limited,Chemicals,Unknown,False,Cash,1,Stage 2 Failed,Stage 3,Failed Stage 2,Failed Stage 2,Stage 2 Failed • Failed Stage 2,0.72,"This stock was recently Stage 2, but the latest structure no longer satisfies Stage 2 rules. It is kept as Stage 2 Failed until a fresh base/repair structure forms.",Recent Stage 2 break; public stage held as Stage 2 Failed.,2026-10-01,2026-09-25,,watchlist,weekly_watchlist,watchlist,0.0,1.73,0.78,5.0,0.0,1.73,5.78,5.62,11.65,243588042.87,"Stage 3, Stage 3 - Transition, volume_dryup, weekly_volume_dryup, distribution_risk | Stage 2 failed state applied from stage memory.",667,665,Stage 2 Failed,watchlist,weekly_watchlist,5.97,-2,-0.1899999999999995,False,False,False,False,False
SUMICHEM.NS,Sumitomo Chemical India Limited,Chemicals,Unknown,False,Cash,1,Stage 2 Failed,Stage 1,Failed Stage 2,Failed Stage 2,Stage 2 Failed • Failed Stage 2,0.72,"This stock was recently Stage 2, but the latest structure no longer satisfies Stage 2 rules. It is kept as Stage 2 Failed until a fresh base/repair structure forms.",Recent Stage 2 break; public stage held as Stage 2 Failed.,2026-10-01,2026-09-23,,watchlist,weekly_watchlist,watchlist,0.0,5.6,2.52,5.0,0.0,5.6,7.52,-3.34,3.13,140883345.53,"Stage 1, Stage 1 - Unclear/Repair, weekly_volume_dryup, stage1_not_actionable, stage1_needs_more_base | Stage 2 failed state applied from stage memory.",642,640,Stage 2 Failed,watchlist,weekly_watchlist,7.78,-2,-0.2600000000000007,False,False,False,False,False
IGL.NS,Indraprastha Gas Limited,"Oil, Gas & Consumable Fuels",Unknown,False,Cash,1,Stage 4,Stage 4,Stage 4 - Confirmed Downtrend,Stage 4 - Confirmed Downtrend,Stage 4 • Stage 4 - Confirmed Downtrend,0.86,Price is below a bearish moving-average stack with falling trend signals.,,,2025-11-14,,watchlist,weekly_watchlist,watchlist,10.11,2.0,6.46,5.0,10.11,2.0,11.46,2.96,-5.47,274427298.64,"Stage 4, Stage 4 - Confirmed Downtrend, downtrend",592,590,Stage 4,watchlist,weekly_watchlist,11.76,-2,-0.29999999999999893,False,False,False,False,False
HINDPETRO.NS,Hindustan Petroleum Corporation Limited,"Oil, Gas & Consumable Fuels",Unknown,True,F&O,1,Stage 4,Stage 4,Stage 4 - Weak/Declining,Stage 4 - Weak/Declining,Stage 4 • Stage 4 - Weak/Declining,0.72,Price is below long-term support with weak trend evidence.,,,2026-01-07,,watchlist,weekly_watchlist,watchlist,11.9,35.8,22.66,5.0,11.9,35.8,27.66,-2.41,0.73,1300840641.17,"Stage 4, Stage 4 - Weak/Declining, weekly_vcp_ok, volume_dryup, weekly_volume_dryup, weekly_strong, downtrend",248,246,Stage 4,watchlist,weekly_watchlist,28.0,-2,-0.33999999999999986,False,False,False,False,False
LTFOODS.NS,LT Foods Ltd.,Fast Moving Consumer Goods,Unknown,False,Cash,1,Stage 2 Failed,Stage 1,Failed Stage 2,Failed Stage 2,Stage 2 Failed • Failed Stage 2,0.72,"This stock was recently Stage 2, but the latest structure no longer satisfies Stage 2 rules. It is kept as Stage 2 Failed until a fresh base/repair structure forms.",Recent Stage 2 break; public stage held as Stage 2 Failed.,2026-10-01,2026-09-28,,watchlist,weekly_watchlist,watchlist,19.11,43.02,29.87,0.0,19.11,43.02,29.87,13.1,-0.95,191033201.13,"Stage 1, Stage 1 - Base/Repair, weekly_vcp_ok, volume_dryup, weekly_volume_dryup, weekly_strong, stage1_not_actionable, stage1_needs_more_base | Stage 2 failed state applied from stage memory.",223,221,Stage 2 Failed,watchlist,weekly_watchlist,30.37,-2,-0.5,False,False,False,False,False
PIDILITIND.NS,Pidilite Industries Limited,Chemicals,Unknown,True,F&O,1,Stage 2 Failed,Not Sure,Failed Stage 2,Failed Stage 2,Stage 2 Failed • Failed Stage 2,0.72,"This stock was recently Stage 2, but the latest structure no longer satisfies Stage 2 rules. It is kept as Stage 2 Failed until a fresh base/repair structure forms.",Recent Stage 2 break; public stage held as Stage 2 Failed.,2026-10-01,2026-09-23,,watchlist,weekly_watchlist,watchlist,24.99,8.11,17.39,5.0,24.99,8.11,22.39,-0.89,9.96,928835002.96,"Not Sure, Not Sure, weekly_volume_dryup | Stage 2 failed state applied from stage memory.",363,361,Stage 2 Failed,watchlist,weekly_watchlist,23.2,-2,-0.8099999999999987,False,False,False,False,False
STAR.NS,Strides Pharma Science Limited,Healthcare,Unknown,False,Cash,1,Stage 2,Stage 2,Stage 2,Stage 2,Stage 2,0.76,Advancing structure detected.,,,2026-09-30,,watchlist,weekly_near_pivot,watchlist,34.28,67.7,49.32,10.0,34.28,67.7,59.32,4.82,14.15,456648691.04,"Stage 2, Stage 2, trend_template_ok, weekly_vcp_ok, volume_dryup, weekly_volume_dryup, weekly_strong",28,26,Stage 2,watchlist,weekly_near_pivot,60.56,-2,-1.240000000000002,False,False,False,False,False
MOTILALOFS.NS,Motilal Oswal Financial Services Limited,Financial Services,Unknown,True,F&O,1,Stage 2,Stage 2,Clean Stage 2,Clean Stage 2,Stage 2 • Clean Stage 2,0.9,"Price is above rising key averages, weekly structure is supportive, and the stock is near its 52-week high.",,,2026-09-30,,watchlist,weekly_near_pivot,watchlist,60.67,70.21,64.96,0.0,60.67,70.21,64.96,12.32,31.83,841910813.31,"Stage 2, Clean Stage 2, trend_template_ok, weekly_vcp_ok, volume_dryup, weekly_volume_dryup, weekly_strong",9,7,Stage 2,watchlist,weekly_breakout,66.47,-2,-1.5100000000000051,False,False,False,False,False
FLUOROCHEM.NS,Gujarat Fluorochemicals Limited,Chemicals,Unknown,False,Cash,1,Stage 2,Stage 2,Early Stage 2,Early Stage 2,Stage 2 • Early Stage 2,0.72,"Price has moved above long-term structure, but the full moving-average stack is not clean yet.",,,2026-09-30,,watchlist,weekly_forming,watchlist,22.54,63.89,41.15,5.0,22.54,63.89,46.15,17.91,32.03,553302875.63,"Stage 2, Early Stage 2, weekly_vcp_ok, volume_dryup, weekly_volume_dryup, weekly_strong",92,89,Stage 2,watchlist,weekly_forming,45.88,-3,0.269999999999996,False,False,False,False,False
EPIGRAL.NS,Epigral Limited,Chemicals,Unknown,False,Cash,1,Stage 4,Stage 4,Stage 4 - Weak/Declining,Stage 4 - Weak/Declining,Stage 4 • Stage 4 - Weak/Declining,0.72,Price is below long-term support with weak trend evidence.,,,,,watchlist,weekly_watchlist,watchlist,6.66,36.99,20.31,5.0,6.66,36.99,25.31,7.05,4.87,38654286.72,"Stage 4, Stage 4 - Weak/Declining, weekly_vcp_ok, volume_dryup, weekly_volume_dryup, weekly_strong, downtrend",312,309,Stage 4,watchlist,weekly_watchlist,25.16,-3,0.14999999999999858,False,False,False,False,False
BHARTIHEXA.NS,Bharti Hexacom Ltd.,Telecommunication,Unknown,False,Cash,1,Stage 4,Stage 4,Stage 4 - Weak/Declining,Stage 4 - Weak/Declining,Stage 4 • Stage 4 - Weak/Declining,0.72,Price is below long-term support with weak trend evidence.,,,2026-01-05,,watchlist,weekly_watchlist,watchlist,0.0,38.0,17.1,10.0,0.0,38.0,27.1,1.16,-8.06,132025842.38,"Stage 4, Stage 4 - Weak/Declining, weekly_vcp_ok, weekly_volume_dryup, weekly_strong, downtrend",260,257,Stage 4,watchlist,weekly_watchlist,27.1,-3,0.0,False,False,False,False,False
FORTIS.NS,Fortis Healthcare Limited,Healthcare,Unknown,True,F&O,1,Stage 4,Stage 4,Stage 4 - Weak/Declining,Stage 4 - Weak/Declining,Stage 4 • Stage 4 - Weak/Declining,0.72,Price is below long-term support with weak trend evidence.,,,2026-07-29,,watchlist,weekly_watchlist,watchlist,0.0,35.8,16.11,10.0,0.0,35.8,26.11,-10.92,-5.37,1407180799.3,"Stage 4, Stage 4 - Weak/Declining, weekly_vcp_ok, weekly_strong, downtrend",291,288,Stage 4,watchlist,weekly_watchlist,26.11,-3,0.0,False,False,False,False,False
CHEMPLASTS.NS,Chemplast Sanmar Limited,Chemicals,Unknown,False,Cash,1,Stage 4,Stage 4,Stage 4 - Weak/Declining,Stage 4 - Weak/Declining,Stage 4 • Stage 4 - Weak/Declining,0.72,Price is below long-term support with weak trend evidence.,,,,,watchlist,weekly_watchlist,watchlist,5.07,4.0,4.59,5.0,5.07,4.0,9.59,1.85,-22.35,303628839.71,"Stage 4, Stage 4 - Weak/Declining, weekly_volume_dryup, downtrend",622,619,Stage 4,watchlist,weekly_watchlist,9.59,-3,0.0,False,False,False,False,False
ACI.NS,Archean Chemical Industries Limited,Chemicals,Unknown,False,Cash,1,Stage 4,Stage 4,Stage 4 - Confirmed Downtrend,Stage 4 - Confirmed Downtrend,Stage 4 • Stage 4 - Confirmed Downtrend,0.86,Price is below a bearish moving-average stack with falling trend signals.,,,,,watchlist,weekly_watchlist,watchlist,0.0,4.0,1.8,5.0,0.0,4.0,6.8,-2.06,-20.04,151263839.91,"Stage 4, Stage 4 - Confirmed Downtrend, volume_dryup, weekly_volume_dryup, downtrend",651,648,Stage 4,watchlist,weekly_watchlist,6.8,-3,0.0,False,False,False,False,False
CIEINDIA.NS,CIE Automotive India Limited,Automobile and Auto Components,Unknown,False,Cash,1,Stage 4,Stage 4,Stage 4 - Weak/Declining,Stage 4 - Weak/Declining,Stage 4 • Stage 4 - Weak/Declining,0.72,Price is below long-term support with weak trend evidence.,,,2026-07-22,,watchlist,weekly_watchlist,watchlist,0.0,4.0,1.8,5.0,0.0,4.0,6.8,-11.13,-15.63,94529458.94,"Stage 4, Stage 4 - Weak/Declining, volume_dryup, weekly_volume_dryup, downtrend",652,649,Stage 4,watchlist,weekly_watchlist,6.8,-3,0.0,False,False,False,False,False
ZYDUSWELL.NS,Zydus Wellness Limited,Fast Moving Consumer Goods,Unknown,False,Cash,1,Stage 3,Stage 3,Stage 3 - Distribution/Damage,Stage 3 - Distribution/Damage,Stage 3 • Stage 3 - Distribution/Damage,0.76,"Prior strength exists, but short-term and/or weekly structure is deteriorating.",,,2026-09-04,,watchlist,weekly_watchlist,watchlist,17.1,0.0,9.41,0.0,17.1,0.0,9.41,-5.95,3.69,319960078.74,"Stage 3, Stage 3 - Distribution/Damage, volume_dryup, weekly_volume_dryup, distribution_risk",624,621,Stage 3,watchlist,weekly_watchlist,9.47,-3,-0.0600000000000005,False,False,False,False,False
PGEL.NS,PG Electroplast Limited,Consumer Durables,Unknown,True,F&O,1,Stage 4,Stage 4,Stage 4 - Weak/Declining,Stage 4 - Weak/Declining,Stage 4 • Stage 4 - Weak/Declining,0.72,Price is below long-term support with weak trend evidence.,,,2026-09-07,,watchlist,weekly_watchlist,watchlist,0.0,35.8,16.11,0.0,0.0,35.8,16.11,-8.59,0.92,432141593.59,"Stage 4, Stage 4 - Weak/Declining, weekly_vcp_ok, volume_dryup, weekly_volume_dryup, weekly_strong, downtrend",539,536,Stage 4,watchlist,weekly_watchlist,16.29,-3,-0.17999999999999972,False,False,False,False,False
EXIDEIND.NS,Exide Industries Limited,Automobile and Auto Components,Unknown,True,F&O,1,Stage 2 Failed,Stage 1,Failed Stage 2,Failed Stage 2,Stage 2 Failed • Failed Stage 2,0.72,"This stock was recently Stage 2, but the latest structure no longer satisfies Stage 2 rules. It is kept as Stage 2 Failed until a fresh base/repair structure forms.",Recent Stage 2 break; public stage held as Stage 2 Failed.,2026-10-01,2026-09-28,,watchlist,weekly_watchlist,watchlist,0.0,13.91,6.26,5.0,0.0,13.91,11.26,7.0,32.1,868188674.78,"Stage 1, Stage 1 - Base/Repair, volume_dryup, weekly_volume_dryup, stage1_not_actionable, stage1_needs_more_base | Stage 2 failed state applied from stage memory.",595,592,Stage 2 Failed,watchlist,weekly_watchlist,11.49,-3,-0.23000000000000043,False,False,False,False,False
SOLARINDS.NS,Solar Industries India Limited,Chemicals,Unknown,True,F&O,1,Stage 2,Stage 2,Early Stage 2,Early Stage 2,Stage 2 • Early Stage 2,0.72,"Price has moved above long-term structure, but the full moving-average stack is not clean yet.",,,2026-09-30,,watchlist,weekly_watchlist,watchlist,36.26,21.37,29.56,5.0,36.26,21.37,34.56,14.48,43.22,5119814570.25,"Stage 2, Early Stage 2",169,166,Stage 2,watchlist,weekly_watchlist,36.32,-3,-1.759999999999998,False,False,False,False,False
CASTROLIND.NS,Castrol India Limited,"Oil, Gas & Consumable Fuels",Unknown,False,Cash,1,Stage 2,Stage 2,Clean Stage 2,Clean Stage 2,Stage 2 • Clean Stage 2,0.9,"Price is above rising key averages, weekly structure is supportive, and the stock is near its 52-week high.",,,2026-09-30,,watchlist,weekly_breakout,watchlist,25.82,61.37,41.82,5.0,25.82,61.37,46.82,19.79,15.88,739658816.13,"Stage 2, Clean Stage 2, weekly_vcp_ok, weekly_strong",90,86,Stage 2,watchlist,weekly_breakout,46.66,-4,0.1600000000000037,False,False,False,False,False
GLAXO.NS,GlaxoSmithKline Pharmaceuticals Limited,Healthcare,Unknown,False,Cash,1,Stage 2,Stage 2,Early Stage 2,Early Stage 2,Stage 2 • Early Stage 2,0.72,"Price has moved above long-term structure, but the full moving-average stack is not clean yet.",,,2026-09-30,,watchlist,weekly_forming,watchlist,18.01,62.32,37.95,10.0,18.01,62.32,47.95,23.37,21.84,219540461.76,"Stage 2, Early Stage 2, weekly_vcp_ok, volume_dryup, weekly_strong",84,80,Stage 2,watchlist,weekly_forming,47.84,-4,0.10999999999999943,False,False,False,False,False
ROUTE.NS,ROUTE MOBILE LIMITED,Telecommunication,Unknown,False,Cash,1,Stage 4,Stage 4,Stage 4 - Confirmed Downtrend,Stage 4 - Confirmed Downtrend,Stage 4 • Stage 4 - Confirmed Downtrend,0.86,Price is below a bearish moving-average stack with falling trend signals.,,,,,watchlist,weekly_watchlist,watchlist,0.0,35.8,16.11,10.0,0.0,35.8,26.11,-12.26,-8.51,107496802.58,"Stage 4, Stage 4 - Confirmed Downtrend, weekly_vcp_ok, weekly_volume_dryup, weekly_strong, downtrend",294,290,Stage 4,watchlist,weekly_watchlist,26.11,-4,0.0,False,False,False,False,False
CIPLA.NS,Cipla Limited,Healthcare,Unknown,True,F&O,1,Stage 4,Stage 4,Stage 4 - Weak/Declining,Stage 4 - Weak/Declining,Stage 4 • Stage 4 - Weak/Declining,0.72,Price is below long-term support with weak trend evidence.,,,2026-08-24,,watchlist,weekly_watchlist,watchlist,0.0,0.0,0.0,10.0,0.0,0.0,10.0,0.8,12.71,1340701704.16,"Stage 4, Stage 4 - Weak/Declining, downtrend",614,610,Stage 4,watchlist,weekly_watchlist,10.0,-4,0.0,False,False,False,False,False
GOKEX.NS,Gokaldas Exports Limited,Textiles,Unknown,False,Cash,1,Stage 4,Stage 4,Stage 4 - Weak/Declining,Stage 4 - Weak/Declining,Stage 4 • Stage 4 - Weak/Declining,0.72,Price is below long-term support with weak trend evidence.,,,2026-08-20,,watchlist,weekly_watchlist,watchlist,0.0,0.0,0.0,10.0,0.0,0.0,10.0,-10.34,4.03,206710666.53,"Stage 4, Stage 4 - Weak/Declining, downtrend",615,611,Stage 4,watchlist,weekly_watchlist,10.0,-4,0.0,False,False,False,False,False
ITI.NS,ITI Limited,Telecommunication,Unknown,False,Cash,1,Stage 4,Stage 4,Stage 4 - Confirmed Downtrend,Stage 4 - Confirmed Downtrend,Stage 4 • Stage 4 - Confirmed Downtrend,0.86,Price is below a bearish moving-average stack with falling trend signals.,,,2026-07-02,,watchlist,weekly_watchlist,watchlist,0.0,0.0,0.0,10.0,0.0,0.0,10.0,-9.1,-8.32,48843435.52,"Stage 4, Stage 4 - Confirmed Downtrend, downtrend",616,612,Stage 4,watchlist,weekly_watchlist,10.0,-4,0.0,False,False,False,False,False
ZFCVINDIA.NS,ZF Commercial Vehicle Control Systems India Limited,Automobile and Auto Components,Unknown,False,Cash,1,Stage 2 Failed,Stage 1,Failed Stage 2,Failed Stage 2,Stage 2 Failed • Failed Stage 2,0.72,"This stock was recently Stage 2, but the latest structure no longer satisfies Stage 2 rules. It is kept as Stage 2 Failed until a fresh base/repair structure forms.",Recent Stage 2 break; public stage held as Stage 2 Failed.,2026-10-01,2026-09-16,,watchlist,weekly_watchlist,watchlist,0.0,0.8,0.36,5.0,0.0,0.8,5.36,2.56,-5.58,242877824.12,"Stage 1, Stage 1 - Unclear/Repair, weekly_volume_dryup, stage1_not_actionable, stage1_needs_more_base | Stage 2 failed state applied from stage memory.",673,669,Stage 2 Failed,watchlist,weekly_watchlist,5.64,-4,-0.27999999999999936,False,False,False,False,False
HINDALCO.NS,Hindalco Industries Limited,Metals & Mining,Unknown,True,F&O,1,Stage 2 Failed,Stage 1,Failed Stage 2,Failed Stage 2,Stage 2 Failed • Failed Stage 2,0.72,"This stock was recently Stage 2, but the latest structure no longer satisfies Stage 2 rules. It is kept as Stage 2 Failed until a fresh base/repair structure forms.",Recent Stage 2 break; public stage held as Stage 2 Failed.,2026-10-01,2026-09-23,,watchlist,weekly_watchlist,watchlist,12.08,2.65,7.84,0.0,12.08,2.65,7.84,5.88,0.61,3571470020.83,"Stage 1, Stage 1 - Base/Repair, stage1_not_actionable, stage1_needs_more_base | Stage 2 failed state applied from stage memory.",638,634,Stage 2 Failed,watchlist,weekly_watchlist,8.43,-4,-0.5899999999999999,False,False,False,False,False
NAVINFLUOR.NS,Navin Fluorine International Limited,Chemicals,Unknown,False,Cash,1,Stage 2,Stage 2,Early Stage 2,Early Stage 2,Stage 2 • Early Stage 2,0.72,"Price has moved above long-term structure, but the full moving-average stack is not clean yet.",,,2026-09-30,,watchlist,weekly_watchlist,watchlist,20.78,25.56,22.93,5.0,20.78,25.56,27.93,16.03,35.53,990808450.83,"Stage 2, Early Stage 2, volume_dryup, weekly_volume_dryup",244,240,Stage 2,watchlist,weekly_watchlist,28.89,-4,-0.9600000000000009,False,False,False,False,False
RATNAMANI.NS,Ratnamani Metals & Tubes Limited,Capital Goods,Unknown,False,Cash,1,Stage 2,Stage 2,Stage 2,Stage 2,Stage 2,0.76,Advancing structure detected.,,,2026-09-30,,watchlist,weekly_watchlist,watchlist,54.41,23.36,40.44,10.0,54.41,23.36,50.44,9.3,20.35,148850381.79,"Stage 2, Stage 2, trend_template_ok, volume_dryup, weekly_volume_dryup",64,60,Stage 2,watchlist,weekly_watchlist,51.53,-4,-1.0900000000000034,False,False,False,False,False
TATASTEEL.NS,Tata Steel Limited,Metals & Mining,Unknown,True,F&O,1,Stage 1,Stage 1,Stage 1 - Unclear/Repair,Stage 1 - Unclear/Repair,Stage 1 • Stage 1 - Unclear/Repair,0.58,Not enough evidence for Stage 2 or Stage 4; classified as repair/unclear structure.,,,2026-06-04,,watchlist,weekly_watchlist,watchlist,11.27,12.2,11.69,0.0,11.27,12.2,11.69,2.01,-9.89,4878833811.31,"Stage 1, Stage 1 - Unclear/Repair, stage1_not_actionable, stage1_needs_more_base",589,585,Stage 1,watchlist,weekly_watchlist,12.84,-4,-1.1500000000000004,False,False,False,False,False
KIMS.NS,Krishna Institute of Medical Sciences Limited,Healthcare,Unknown,False,Cash,1,Stage 2 Failed,Stage 3,Failed Stage 2,Failed Stage 2,Stage 2 Failed • Failed Stage 2,0.72,"This stock was recently Stage 2, but the latest structure no longer satisfies Stage 2 rules. It is kept as Stage 2 Failed until a fresh base/repair structure forms.",Recent Stage 2 break; public stage held as Stage 2 Failed.,2026-10-01,2026-09-24,,watchlist,weekly_watchlist,watchlist,17.44,36.56,26.04,10.0,17.44,36.56,36.04,-0.39,11.97,407312841.56,"Stage 3, Stage 3 - Distribution/Damage, weekly_vcp_ok, weekly_strong, distribution_risk | Stage 2 failed state applied from stage memory.",156,152,Stage 2 Failed,watchlist,weekly_watchlist,38.17,-4,-2.1300000000000026,False,False,False,False,False
ADANIPORTS.NS,Adani Ports and Special Economic Zone Limited,Services,Unknown,True,F&O,1,Stage 2,Stage 2,Stage 2,Stage 2,Stage 2,0.76,Advancing structure detected.,,,2026-09-30,,watchlist,weekly_watchlist,watchlist,28.97,33.22,30.88,2.0,28.97,33.22,32.88,2.98,21.22,3457047036.82,"Stage 2, Stage 2",187,183,Stage 2,watchlist,weekly_watchlist,35.07,-4,-2.1899999999999977,False,False,False,False,False
SANOFI.NS,Sanofi India Limited,Healthcare,Unknown,False,Cash,1,Stage 4,Stage 4,Stage 4 - Confirmed Downtrend,Stage 4 - Confirmed Downtrend,Stage 4 • Stage 4 - Confirmed Downtrend,0.86,Price is below a bearish moving-average stack with falling trend signals.,,,,,watchlist,weekly_watchlist,watchlist,0.0,35.8,16.11,10.0,0.0,35.8,26.11,-4.04,-8.83,55505214.02,"Stage 4, Stage 4 - Confirmed Downtrend, weekly_vcp_ok, weekly_volume_dryup, weekly_strong, downtrend",296,291,Stage 4,watchlist,weekly_watchlist,26.11,-5,0.0,False,False,False,False,False
BLS.NS,BLS International Services Ltd.,Consumer Services,Unknown,False,Cash,1,Stage 4,Stage 4,Stage 4 - Confirmed Downtrend,Stage 4 - Confirmed Downtrend,Stage 4 • Stage 4 - Confirmed Downtrend,0.86,Price is below a bearish moving-average stack with falling trend signals.,,,,,watchlist,weekly_watchlist,watchlist,13.1,36.9,23.81,2.0,13.1,36.9,25.81,-4.58,-26.02,164599151.11,"Stage 4, Stage 4 - Confirmed Downtrend, weekly_vcp_ok, volume_dryup, weekly_volume_dryup, weekly_strong, downtrend",303,298,Stage 4,watchlist,weekly_watchlist,25.81,-5,0.0,False,False,False,False,False
RATEGAIN.NS,Rategain Travel Technologies Limited,Information Technology,Unknown,False,Cash,1,Stage 2 Failed,Stage 3,Failed Stage 2,Failed Stage 2,Stage 2 Failed • Failed Stage 2,0.72,"This stock was recently Stage 2, but the latest structure no longer satisfies Stage 2 rules. It is kept as Stage 2 Failed until a fresh base/repair structure forms.",Recent Stage 2 break; public stage held as Stage 2 Failed.,2026-10-01,2026-09-21,,watchlist,weekly_watchlist,watchlist,1.28,13.03,6.57,2.0,1.28,13.03,8.57,-3.15,53.44,237413325.73,"Stage 3, Stage 3 - Distribution/Damage, volume_dryup, weekly_volume_dryup, distribution_risk | Stage 2 failed state applied from stage memory.",632,627,Stage 2 Failed,watchlist,weekly_watchlist,9.01,-5,-0.4399999999999995,False,False,False,False,False
NLCINDIA.NS,NLC India Ltd.,Power,Unknown,False,Cash,1,Stage 4,Stage 4,Stage 4 - Weak/Declining,Stage 4 - Weak/Declining,Stage 4 • Stage 4 - Weak/Declining,0.72,Price is below long-term support with weak trend evidence.,,,2026-07-17,,watchlist,weekly_watchlist,watchlist,12.39,4.0,8.61,0.0,12.39,4.0,8.61,-7.93,-4.84,398107818.98,"Stage 4, Stage 4 - Weak/Declining, volume_dryup, weekly_volume_dryup, downtrend",631,626,Stage 4,watchlist,weekly_watchlist,9.18,-5,-0.5700000000000003,False,False,False,False,False
VBL.NS,Varun Beverages Limited,Fast Moving Consumer Goods,Unknown,True,F&O,1,Stage 4,Stage 4,Stage 4 - Confirmed Downtrend,Stage 4 - Confirmed Downtrend,Stage 4 • Stage 4 - Confirmed Downtrend,0.86,Price is below a bearish moving-average stack with falling trend signals.,,,2026-07-10,,watchlist,weekly_watchlist,watchlist,9.45,4.0,7.0,0.0,9.45,4.0,7.0,-3.86,2.15,2404023537.93,"Stage 4, Stage 4 - Confirmed Downtrend, downtrend",647,642,Stage 4,watchlist,weekly_watchlist,7.63,-5,-0.6299999999999999,False,False,False,False,False
HUDCO.NS,Housing & Urban Development Corporation Limited,Financial Services,Unknown,False,Cash,1,Stage 4,Stage 4,Stage 4 - Confirmed Downtrend,Stage 4 - Confirmed Downtrend,Stage 4 • Stage 4 - Confirmed Downtrend,0.86,Price is below a bearish moving-average stack with falling trend signals.,,,2026-07-06,,watchlist,weekly_watchlist,watchlist,10.43,35.8,21.85,0.0,10.43,35.8,21.85,-14.0,-8.9,287214797.19,"Stage 4, Stage 4 - Confirmed Downtrend, weekly_vcp_ok, weekly_strong, downtrend",377,372,Stage 4,watchlist,weekly_watchlist,22.72,-5,-0.8699999999999974,False,False,False,False,False
ROLEXRINGS.NS,Rolex Rings Limited,Automobile and Auto Components,Unknown,False,Cash,1,Stage 2,Stage 2,Clean Stage 2,Clean Stage 2,Stage 2 • Clean Stage 2,0.9,"Price is above rising key averages, weekly structure is supportive, and the stock is near its 52-week high.",,,2026-09-30,,watchlist,weekly_watchlist,watchlist,45.02,27.2,37.0,5.0,45.02,27.2,42.0,47.36,54.75,369797467.1,"Stage 2, Clean Stage 2, trend_template_ok, volume_dryup",113,108,Stage 2,watchlist,weekly_watchlist,43.41,-5,-1.4099999999999966,False,False,False,False,False
ASAHIINDIA.NS,Asahi India Glass Limited,Automobile and Auto Components,Unknown,False,Cash,1,Stage 2,Stage 2,Early Stage 2,Early Stage 2,Stage 2 • Early Stage 2,0.72,"Price has moved above long-term structure, but the full moving-average stack is not clean yet.",,,2026-09-30,,watchlist,weekly_watchlist,watchlist,40.43,28.87,35.23,5.0,40.43,28.87,40.23,16.89,11.85,136325247.73,"Stage 2, Early Stage 2, daily_vcp_ok, volume_dryup, weekly_volume_dryup",127,122,Stage 2,watchlist,weekly_watchlist,41.66,-5,-1.4299999999999997,False,False,False,False,False
MRPL.NS,Mangalore Refinery and Petrochemicals Limited,"Oil, Gas & Consumable Fuels",Unknown,False,Cash,1,Stage 2 Failed,Stage 1,Failed Stage 2,Failed Stage 2,Stage 2 Failed • Failed Stage 2,0.72,"This stock was recently Stage 2, but the latest structure no longer satisfies Stage 2 rules. It is kept as Stage 2 Failed until a fresh base/repair structure forms.",Recent Stage 2 break; public stage held as Stage 2 Failed.,2026-10-01,2026-09-29,,watchlist,weekly_watchlist,watchlist,15.16,44.26,28.25,5.0,15.16,44.26,33.25,20.69,-7.08,2032784576.09,"Stage 1, Stage 1 - Base/Repair, weekly_vcp_ok, weekly_strong, stage1_not_actionable, stage1_needs_more_base | Stage 2 failed state applied from stage memory.",181,176,Stage 2 Failed,watchlist,weekly_watchlist,35.38,-5,-2.1300000000000026,False,False,False,False,False
AIIL.NS,Authum Investment & Infrastructure Ltd.,Financial Services,Unknown,False,Cash,1,Stage 2,Stage 2,Early Stage 2,Early Stage 2,Stage 2 • Early Stage 2,0.72,"Price has moved above long-term structure, but the full moving-average stack is not clean yet.",,,2026-09-30,,watchlist,weekly_watchlist,watchlist,39.57,21.57,31.47,0.0,39.57,21.57,31.47,12.37,23.31,257940696.71,"Stage 2, Early Stage 2, volume_dryup, weekly_volume_dryup",199,194,Stage 2,watchlist,weekly_watchlist,34.18,-5,-2.710000000000001,False,False,False,False,False
DIVISLAB.NS,Divi's Laboratories Limited,Healthcare,Unknown,True,F&O,1,Stage 2,Stage 2,Clean Stage 2,Clean Stage 2,Stage 2 • Clean Stage 2,0.9,"Price is above rising key averages, weekly structure is supportive, and the stock is near its 52-week high.",,,2026-09-30,,watchlist,weekly_near_pivot,watchlist,36.48,73.8,53.27,10.0,36.48,73.8,63.27,45.37,59.89,4526161386.85,"Stage 2, Clean Stage 2, trend_template_ok, weekly_vcp_ok, weekly_strong",11,6,Stage 2,watchlist,weekly_near_pivot,68.73,-5,-5.460000000000001,False,False,False,False,False
SYNGENE.NS,Syngene International Limited,Healthcare,Unknown,False,Cash,1,Stage 4,Stage 4,Stage 4 - Confirmed Downtrend,Stage 4 - Confirmed Downtrend,Stage 4 • Stage 4 - Confirmed Downtrend,0.86,Price is below a bearish moving-average stack with falling trend signals.,,,,,watchlist,weekly_watchlist,watchlist,0.0,35.8,16.11,10.0,0.0,35.8,26.11,-6.3,-8.07,230858742.96,"Stage 4, Stage 4 - Confirmed Downtrend, weekly_vcp_ok, weekly_volume_dryup, weekly_strong, downtrend",298,292,Stage 4,watchlist,weekly_watchlist,26.11,-6,0.0,False,False,False,False,False
TRIDENT.NS,Trident Limited,Textiles,Unknown,False,Cash,1,Stage 4,Stage 4,Stage 4 - Confirmed Downtrend,Stage 4 - Confirmed Downtrend,Stage 4 • Stage 4 - Confirmed Downtrend,0.86,Price is below a bearish moving-average stack with falling trend signals.,,,,,watchlist,weekly_watchlist,watchlist,0.0,35.8,16.11,10.0,0.0,35.8,26.11,-6.35,-8.68,60393037.66,"Stage 4, Stage 4 - Confirmed Downtrend, weekly_vcp_ok, weekly_volume_dryup, weekly_strong, downtrend",299,293,Stage 4,watchlist,weekly_watchlist,26.11,-6,0.0,False,False,False,False,False
TTML.NS,Tata Teleservices (Maharashtra) Limited,Telecommunication,Unknown,False,Cash,1,Stage 4,Stage 4,Stage 4 - Confirmed Downtrend,Stage 4 - Confirmed Downtrend,Stage 4 • Stage 4 - Confirmed Downtrend,0.86,Price is below a bearish moving-average stack with falling trend signals.,,,,,watchlist,weekly_watchlist,watchlist,0.0,35.8,16.11,10.0,0.0,35.8,26.11,-8.1,-13.33,227053768.75,"Stage 4, Stage 4 - Confirmed Downtrend, weekly_vcp_ok, weekly_strong, downtrend",300,294,Stage 4,watchlist,weekly_watchlist,26.11,-6,0.0,False,False,False,False,False
REDTAPE.NS,Redtape Limited,Consumer Durables,Unknown,False,Cash,1,Stage 4,Stage 4,Stage 4 - Weak/Declining,Stage 4 - Weak/Declining,Stage 4 • Stage 4 - Weak/Declining,0.72,Price is below long-term support with weak trend evidence.,,,2026-08-07,,watchlist,weekly_watchlist,watchlist,0.0,22.1,9.95,0.0,0.0,22.1,9.95,-5.94,-2.32,264405929.59,"Stage 4, Stage 4 - Weak/Declining, weekly_vcp_ok, volume_dryup, weekly_volume_dryup, downtrend",620,614,Stage 4,watchlist,weekly_watchlist,9.95,-6,0.0,False,False,False,False,False
SWANCORP.NS,Swan Corp Ltd.,Chemicals,Unknown,False,Cash,1,Stage 4,Stage 4,Stage 4 - Confirmed Downtrend,Stage 4 - Confirmed Downtrend,Stage 4 • Stage 4 - Confirmed Downtrend,0.86,Price is below a bearish moving-average stack with falling trend signals.,,,2026-01-07,,watchlist,weekly_watchlist,watchlist,0.0,35.8,16.11,5.0,0.0,35.8,21.11,-9.13,-16.31,1124061966.0,"Stage 4, Stage 4 - Confirmed Downtrend, weekly_vcp_ok, volume_dryup, weekly_volume_dryup, weekly_strong, downtrend",408,402,Stage 4,watchlist,weekly_watchlist,21.61,-6,-0.5,False,False,False,False,False
EICHERMOT.NS,Eicher Motors Limited,Automobile and Auto Components,Unknown,True,F&O,1,Stage 2 Failed,Stage 1,Failed Stage 2,Failed Stage 2,Stage 2 Failed • Failed Stage 2,0.72,"This stock was recently Stage 2, but the latest structure no longer satisfies Stage 2 rules. It is kept as Stage 2 Failed until a fresh base/repair structure forms.",Recent Stage 2 break; public stage held as Stage 2 Failed.,2026-10-01,2026-09-23,,watchlist,weekly_watchlist,watchlist,0.0,41.82,18.82,5.0,0.0,41.82,23.82,1.01,-0.81,2718895587.55,"Stage 1, Stage 1 - Base/Repair, weekly_vcp_ok, weekly_strong, stage1_not_actionable, stage1_needs_more_base | Stage 2 failed state applied from stage memory.",335,329,Stage 2 Failed,watchlist,weekly_watchlist,24.33,-6,-0.509999999999998,False,False,False,False,False
ABLBL.NS,Aditya Birla Lifestyle Brands Ltd.,Consumer Services,Unknown,False,Cash,1,Stage 4,Stage 4,Stage 4 - Confirmed Downtrend,Stage 4 - Confirmed Downtrend,Stage 4 • Stage 4 - Confirmed Downtrend,0.86,Price is below a bearish moving-average stack with falling trend signals.,,,,,watchlist,weekly_watchlist,watchlist,3.57,35.8,18.07,2.0,3.57,35.8,20.07,-13.07,-24.65,183189482.53,"Stage 4, Stage 4 - Confirmed Downtrend, weekly_vcp_ok, weekly_strong, downtrend",422,416,Stage 4,watchlist,weekly_watchlist,21.17,-6,-1.1000000000000014,False,False,False,False,False
STLTECH.NS,Sterlite Technologies Limited,Telecommunication,Unknown,False,Cash,1,Stage 2,Stage 2,Extended Stage 2,Extended Stage 2,Stage 2 • Extended Stage 2,0.78,"Advancing structure remains intact, but price is stretched versus key moving averages or far above the 52-week low.",,,2026-09-30,,watchlist,weekly_watchlist,watchlist,62.07,27.2,46.38,10.0,62.07,27.2,56.38,80.08,377.6,1690951497.66,"Stage 2, Extended Stage 2, trend_template_ok",37,31,Stage 2,watchlist,weekly_watchlist,58.26,-6,-1.8799999999999955,False,False,False,False,False
SHAREINDIA.NS,Share India Securities Limited,Financial Services,Unknown,False,Cash,1,Stage 2,Stage 2,Stage 2,Stage 2,Stage 2,0.76,Advancing structure detected.,,,2026-09-30,,watchlist,weekly_watchlist,watchlist,55.84,22.4,40.79,0.0,55.84,22.4,40.79,33.31,48.88,1816798277.29,"Stage 2, Stage 2, trend_template_ok, weekly_volume_dryup",121,115,Stage 2,watchlist,weekly_watchlist,42.78,-6,-1.990000000000002,False,False,False,False,False
CARTRADE.NS,Cartrade Tech Limited,Consumer Services,Unknown,False,Cash,1,Stage 2,Stage 2,Early Stage 2,Early Stage 2,Stage 2 • Early Stage 2,0.72,"Price has moved above long-term structure, but the full moving-average stack is not clean yet.",,,2026-09-30,,watchlist,weekly_forming,watchlist,39.56,63.81,50.47,2.0,39.56,63.81,52.47,9.05,51.09,974676620.55,"Stage 2, Early Stage 2, weekly_vcp_ok, volume_dryup, weekly_volume_dryup, weekly_strong",51,45,Stage 2,watchlist,weekly_forming,54.75,-6,-2.280000000000001,False,False,False,False,False
METROPOLIS.NS,Metropolis Healthcare Limited,Healthcare,Unknown,False,Cash,1,Stage 2,Stage 2,Early Stage 2,Early Stage 2,Stage 2 • Early Stage 2,0.72,"Price has moved above long-term structure, but the full moving-average stack is not clean yet.",,,2026-09-30,,watchlist,weekly_watchlist,watchlist,18.34,28.26,22.8,10.0,18.34,28.26,32.8,3.23,19.33,131557617.88,"Stage 2, Early Stage 2",188,182,Stage 2,watchlist,weekly_watchlist,35.11,-6,-2.3100000000000023,False,False,False,False,False
TI.NS,Tilaknagar Industries Limited,Fast Moving Consumer Goods,Unknown,False,Cash,1,Stage 2,Stage 2,Clean Stage 2,Clean Stage 2,Stage 2 • Clean Stage 2,0.9,"Price is above rising key averages, weekly structure is supportive, and the stock is near its 52-week high.",,,2026-09-30,,watchlist,weekly_forming,watchlist,36.51,63.31,48.57,0.0,36.51,63.31,48.57,28.72,26.34,443149751.17,"Stage 2, Clean Stage 2, trend_template_ok, weekly_vcp_ok, weekly_volume_dryup, weekly_strong",78,71,Stage 2,watchlist,weekly_forming,48.74,-7,-0.1700000000000017,False,False,False,False,False
JIOFIN.NS,Jio Financial Services Limited,Financial Services,Unknown,True,F&O,1,Stage 4,Stage 4,Stage 4 - Weak/Declining,Stage 4 - Weak/Declining,Stage 4 • Stage 4 - Weak/Declining,0.72,Price is below long-term support with weak trend evidence.,,,,,watchlist,weekly_watchlist,watchlist,13.32,36.9,23.93,0.0,13.32,36.9,23.93,-4.15,-12.58,2710099924.16,"Stage 4, Stage 4 - Weak/Declining, weekly_vcp_ok, weekly_strong, downtrend",333,326,Stage 4,watchlist,weekly_watchlist,24.44,-7,-0.5100000000000016,False,False,False,False,False
SAPPHIRE.NS,Sapphire Foods India Limited,Consumer Services,Unknown,False,Cash,1,Stage 2 Failed,Not Sure,Failed Stage 2,Failed Stage 2,Stage 2 Failed • Failed Stage 2,0.72,"This stock was recently Stage 2, but the latest structure no longer satisfies Stage 2 rules. It is kept as Stage 2 Failed until a fresh base/repair structure forms.",Recent Stage 2 break; public stage held as Stage 2 Failed.,2026-10-01,2026-09-23,,watchlist,weekly_watchlist,watchlist,6.12,51.52,26.55,2.0,6.12,51.52,28.55,19.31,26.93,190286492.78,"Not Sure, Not Sure, weekly_vcp_ok, volume_dryup, weekly_volume_dryup, weekly_strong | Stage 2 failed state applied from stage memory.",240,233,Stage 2 Failed,watchlist,weekly_watchlist,29.35,-7,-0.8000000000000007,False,False,False,False,False
WELENT.NS,Welspun Enterprises Limited,Construction,Unknown,False,Cash,1,Stage 2,Stage 2,Stage 2,Stage 2,Stage 2,0.76,Advancing structure detected.,,,2026-09-30,,watchlist,weekly_watchlist,watchlist,34.37,24.8,30.06,0.0,34.37,24.8,30.06,26.91,63.68,657778407.68,"Stage 2, Stage 2, trend_template_ok, weekly_volume_dryup",220,213,Stage 2,watchlist,weekly_watchlist,31.14,-7,-1.0800000000000018,False,False,False,False,False
MEDANTA.NS,Global Health Limited,Healthcare,Unknown,False,Cash,1,Stage 2,Stage 2,Early Stage 2,Early Stage 2,Stage 2 • Early Stage 2,0.72,"Price has moved above long-term structure, but the full moving-average stack is not clean yet.",,,2026-09-30,,watchlist,weekly_forming,watchlist,20.16,48.23,32.79,10.0,20.16,48.23,42.79,8.72,32.58,385107730.86,"Stage 2, Early Stage 2, weekly_vcp_ok",110,103,Stage 2,watchlist,weekly_forming,44.26,-7,-1.4699999999999989,False,False,False,False,False
RAILTEL.NS,Railtel Corporation Of India Limited,Telecommunication,Unknown,False,Cash,1,Stage 4,Stage 4,Stage 4 - Confirmed Downtrend,Stage 4 - Confirmed Downtrend,Stage 4 • Stage 4 - Confirmed Downtrend,0.86,Price is below a bearish moving-average stack with falling trend signals.,,,,,watchlist,weekly_watchlist,watchlist,9.52,35.8,21.35,10.0,9.52,35.8,31.35,-8.51,-8.08,216251944.73,"Stage 4, Stage 4 - Confirmed Downtrend, weekly_vcp_ok, weekly_strong, downtrend",202,195,Stage 4,watchlist,weekly_watchlist,33.87,-7,-2.519999999999996,False,False,False,False,False
NHPC.NS,NHPC Limited,Power,Unknown,True,F&O,1,Stage 1,Stage 1,Stage 1 - Unclear/Repair,Stage 1 - Unclear/Repair,Stage 1 • Stage 1 - Unclear/Repair,0.58,Not enough evidence for Stage 2 or Stage 4; classified as repair/unclear structure.,,,2026-05-06,,watchlist,weekly_watchlist,watchlist,12.67,41.8,25.78,0.0,12.67,41.8,25.78,-0.58,-5.06,707879053.87,"Stage 1, Stage 1 - Unclear/Repair, weekly_vcp_ok, weekly_volume_dryup, weekly_strong, stage1_not_actionable, stage1_needs_more_base",304,296,Stage 1,watchlist,weekly_watchlist,25.91,-8,-0.129999999999999,False,False,False,False,False
VOLTAS.NS,Voltas Limited,Consumer Durables,Unknown,True,F&O,1,Stage 4,Stage 4,Stage 4 - Confirmed Downtrend,Stage 4 - Confirmed Downtrend,Stage 4 • Stage 4 - Confirmed Downtrend,0.86,Price is below a bearish moving-average stack with falling trend signals.,,,2026-03-12,,watchlist,weekly_watchlist,watchlist,8.85,36.9,21.47,0.0,8.85,36.9,21.47,-10.01,-15.33,724063032.08,"Stage 4, Stage 4 - Confirmed Downtrend, weekly_vcp_ok, weekly_strong, downtrend",388,380,Stage 4,watchlist,weekly_watchlist,22.34,-8,-0.870000000000001,False,False,False,False,False
INDIGOPNTS.NS,Indigo Paints Limited,Consumer Durables,Unknown,False,Cash,1,Stage 2 Failed,Not Sure,Failed Stage 2,Failed Stage 2,Stage 2 Failed • Failed Stage 2,0.72,"This stock was recently Stage 2, but the latest structure no longer satisfies Stage 2 rules. It is kept as Stage 2 Failed until a fresh base/repair structure forms.",Recent Stage 2 break; public stage held as Stage 2 Failed.,2026-10-01,2026-09-25,,watchlist,weekly_watchlist,watchlist,5.17,16.84,10.42,0.0,5.17,16.84,10.42,4.88,31.52,60545411.23,"Not Sure, Not Sure, volume_dryup, weekly_volume_dryup | Stage 2 failed state applied from stage memory.",603,595,Stage 2 Failed,watchlist,weekly_watchlist,11.39,-8,-0.9700000000000006,False,False,False,False,False
LTF.NS,L&T Finance Ltd.,Financial Services,Unknown,True,F&O,1,Stage 2 Failed,Stage 4,Failed Stage 2,Failed Stage 2,Stage 2 Failed • Failed Stage 2,0.72,"This stock was recently Stage 2, but the latest structure no longer satisfies Stage 2 rules. It is kept as Stage 2 Failed until a fresh base/repair structure forms.",Recent Stage 2 break; public stage held as Stage 2 Failed.,2026-10-01,2026-09-22,,watchlist,weekly_watchlist,watchlist,5.21,0.0,2.87,0.0,5.21,0.0,2.87,-12.68,-1.91,1709310154.9,"Stage 4, Stage 4, downtrend | Stage 2 failed state applied from stage memory.",705,697,Stage 2 Failed,watchlist,weekly_watchlist,4.45,-8,-1.58,False,False,False,False,False
GILLETTE.NS,Gillette India Limited,Fast Moving Consumer Goods,Unknown,False,Cash,1,Stage 4,Stage 4,Stage 4 - Confirmed Downtrend,Stage 4 - Confirmed Downtrend,Stage 4 • Stage 4 - Confirmed Downtrend,0.86,Price is below a bearish moving-average stack with falling trend signals.,,,,,watchlist,weekly_watchlist,watchlist,0.0,0.0,0.0,0.0,0.0,0.0,0.0,-3.3,-8.36,155059511.03,"Stage 4, Stage 4 - Confirmed Downtrend, downtrend",742,734,Stage 4,watchlist,weekly_watchlist,1.8,-8,-1.8,False,False,False,False,False
NTPCGREEN.NS,NTPC Green Energy Ltd.,Power,Unknown,False,Cash,1,Stage 4,Stage 4,Stage 4 - Weak/Declining,Stage 4 - Weak/Declining,Stage 4 • Stage 4 - Weak/Declining,0.72,Price is below long-term support with weak trend evidence.,,,2026-06-05,,watchlist,weekly_watchlist,watchlist,5.21,22.24,12.87,0.0,5.21,22.24,12.87,6.52,-5.12,252943032.63,"Stage 4, Stage 4 - Weak/Declining, weekly_vcp_ok, weekly_volume_dryup, downtrend",579,571,Stage 4,watchlist,weekly_watchlist,14.68,-8,-1.8100000000000005,False,False,False,False,False
GAIL.NS,GAIL (India) Limited,"Oil, Gas & Consumable Fuels",Unknown,True,F&O,1,Stage 2,Stage 2,Early Stage 2,Early Stage 2,Stage 2 • Early Stage 2,0.72,"Price has moved above long-term structure, but the full moving-average stack is not clean yet.",,,2026-09-30,,watchlist,weekly_near_pivot,watchlist,35.69,67.81,50.14,5.0,35.69,67.81,55.14,6.9,13.15,1074526959.69,"Stage 2, Early Stage 2, daily_vcp_ok, weekly_vcp_ok, weekly_strong",43,35,Stage 2,watchlist,weekly_near_pivot,57.35,-8,-2.210000000000001,False,False,False,False,False
EDELWEISS.NS,Edelweiss Financial Services Limited,Financial Services,Unknown,False,Cash,1,Stage 2,Stage 2,Clean Stage 2,Clean Stage 2,Stage 2 • Clean Stage 2,0.9,"Price is above rising key averages, weekly structure is supportive, and the stock is near its 52-week high.",,,2026-09-30,,watchlist,weekly_breakout,watchlist,57.78,63.48,60.34,0.0,57.78,63.48,60.34,22.08,23.73,1361918420.38,"Stage 2, Clean Stage 2, trend_template_ok, weekly_vcp_ok, weekly_strong",22,14,Stage 2,watchlist,weekly_breakout,63.65,-8,-3.309999999999995,False,False,False,False,False
JKPAPER.NS,JK Paper Limited,Forest Materials,Unknown,False,Cash,1,Stage 2,Stage 2,Early Stage 2,Early Stage 2,Stage 2 • Early Stage 2,0.72,"Price has moved above long-term structure, but the full moving-average stack is not clean yet.",,,2026-09-30,,watchlist,weekly_forming,watchlist,41.32,62.17,50.7,10.0,41.32,62.17,60.7,15.51,17.2,224063370.48,"Stage 2, Early Stage 2, weekly_vcp_ok, volume_dryup, weekly_volume_dryup, weekly_strong",19,11,Stage 2,watchlist,weekly_near_pivot,65.06,-8,-4.359999999999999,False,False,False,False,False
CLEAN.NS,Clean Science and Technology Limited,Chemicals,Unknown,False,Cash,1,Not Sure,Not Sure,Not Sure,Not Sure,Not Sure,0.0,Stage rules did not identify a reliable structure.,No confident stage classification.,,,,watchlist,weekly_watchlist,watchlist,1.62,47.0,22.04,5.0,1.62,47.0,27.04,8.59,11.38,258769600.32,"Not Sure, Not Sure, weekly_vcp_ok, volume_dryup, weekly_volume_dryup, weekly_strong",263,254,Not Sure,watchlist,weekly_watchlist,27.4,-9,-0.35999999999999943,False,False,False,False,False
CRAFTSMAN.NS,Craftsman Automation Limited,Automobile and Auto Components,Unknown,False,Cash,1,Stage 2,Stage 2,Early Stage 2,Early Stage 2,Stage 2 • Early Stage 2,0.72,"Price has moved above long-term structure, but the full moving-average stack is not clean yet.",,,2026-09-30,,watchlist,weekly_watchlist,watchlist,19.0,30.27,24.07,5.0,19.0,30.27,29.07,21.18,53.53,561995399.9,"Stage 2, Early Stage 2, weekly_volume_dryup",236,227,Stage 2,watchlist,weekly_watchlist,29.75,-9,-0.6799999999999997,False,False,False,False,False
BRITANNIA.NS,Britannia Industries Limited,Fast Moving Consumer Goods,Unknown,True,F&O,1,Stage 4,Stage 4,Stage 4 - Confirmed Downtrend,Stage 4 - Confirmed Downtrend,Stage 4 • Stage 4 - Confirmed Downtrend,0.86,Price is below a bearish moving-average stack with falling trend signals.,,,2026-03-06,,watchlist,weekly_watchlist,watchlist,7.98,6.2,7.18,0.0,7.98,6.2,7.18,-2.6,-12.04,1272482374.58,"Stage 4, Stage 4 - Confirmed Downtrend, downtrend",644,635,Stage 4,watchlist,weekly_watchlist,8.39,-9,-1.2100000000000009,False,False,False,False,False
SARDAEN.NS,Sarda Energy & Minerals Limited,Metals & Mining,Unknown,False,Cash,1,Stage 1,Stage 1,Stage 1 - Base/Repair,Stage 1 - Base/Repair,Stage 1 • Stage 1 - Base/Repair,0.7,Price is near long-term moving averages with no strong long-term downtrend signal.,,,2026-03-12,,watchlist,weekly_watchlist,watchlist,15.38,8.18,12.14,0.0,15.38,8.18,12.14,6.6,-4.82,328443235.35,"Stage 1, Stage 1 - Base/Repair, volume_dryup, weekly_volume_dryup, stage1_not_actionable, stage1_needs_more_base",583,574,Stage 1,watchlist,weekly_watchlist,13.96,-9,-1.8200000000000003,False,False,False,False,False
BASF.NS,BASF India Limited,Chemicals,Unknown,False,Cash,1,Stage 4,Stage 4,Stage 4 - Weak/Declining,Stage 4 - Weak/Declining,Stage 4 • Stage 4 - Weak/Declining,0.72,Price is below long-term support with weak trend evidence.,,,2026-09-08,,watchlist,weekly_watchlist,watchlist,9.85,36.08,21.65,5.0,9.85,36.08,26.65,5.5,-2.72,70036882.96,"Stage 4, Stage 4 - Weak/Declining, weekly_vcp_ok, volume_dryup, weekly_volume_dryup, weekly_strong, downtrend",271,261,Stage 4,watchlist,weekly_watchlist,26.92,-10,-0.2700000000000031,False,False,False,False,False
AMBER.NS,Amber Enterprises India Limited,Consumer Durables,Unknown,True,F&O,1,Stage 4,Stage 4,Stage 4 - Weak/Declining,Stage 4 - Weak/Declining,Stage 4 • Stage 4 - Weak/Declining,0.72,Price is below long-term support with weak trend evidence.,,,2026-07-20,,watchlist,weekly_watchlist,watchlist,13.1,35.8,23.31,0.0,13.1,35.8,23.31,-6.53,-5.26,832911961.02,"Stage 4, Stage 4 - Weak/Declining, weekly_vcp_ok, volume_dryup, weekly_volume_dryup, weekly_strong, downtrend",344,334,Stage 4,watchlist,weekly_watchlist,24.17,-10,-0.860000000000003,False,False,False,False,False
BANCOINDIA.NS,Banco Products (I) Limited,Automobile and Auto Components,Unknown,False,Cash,1,Stage 4,Stage 4,Stage 4 - Weak/Declining,Stage 4 - Weak/Declining,Stage 4 • Stage 4 - Weak/Declining,0.72,Price is below long-term support with weak trend evidence.,,,2026-07-16,,watchlist,weekly_watchlist,watchlist,12.6,38.87,24.42,5.0,12.6,38.87,29.42,-3.94,12.67,51926504.66,"Stage 4, Stage 4 - Weak/Declining, weekly_vcp_ok, volume_dryup, weekly_volume_dryup, weekly_strong, downtrend",230,220,Stage 4,watchlist,weekly_watchlist,30.38,-10,-0.9599999999999973,False,False,False,False,False
SUNDRMFAST.NS,Sundram Fasteners Limited,Automobile and Auto Components,Unknown,False,Cash,1,Stage 2,Stage 2,Early Stage 2,Early Stage 2,Stage 2 • Early Stage 2,0.72,"Price has moved above long-term structure, but the full moving-average stack is not clean yet.",,,2026-09-30,,watchlist,weekly_breakout,watchlist,18.03,65.29,39.3,5.0,18.03,65.29,44.3,29.03,45.85,335766229.95,"Stage 2, Early Stage 2, weekly_vcp_ok, weekly_strong",100,90,Stage 2,watchlist,weekly_breakout,45.67,-10,-1.3700000000000045,False,False,False,False,False
IDFCFIRSTB.NS,IDFC First Bank Limited,Financial Services,Unknown,True,F&O,1,Stage 2,Stage 2,Early Stage 2,Early Stage 2,Stage 2 • Early Stage 2,0.72,"Price has moved above long-term structure, but the full moving-average stack is not clean yet.",,,2026-09-30,,watchlist,weekly_forming,watchlist,18.33,61.0,37.53,0.0,18.33,61.0,37.53,8.46,23.54,1810381113.79,"Stage 2, Early Stage 2, weekly_vcp_ok, weekly_strong",142,132,Stage 2,watchlist,weekly_forming,40.25,-10,-2.719999999999999,False,False,False,False,False
HCC.NS,Hindustan Construction Company Limited,Construction,Unknown,False,Cash,1,Stage 2 Failed,Stage 4,Failed Stage 2,Failed Stage 2,Stage 2 Failed • Failed Stage 2,0.72,"This stock was recently Stage 2, but the latest structure no longer satisfies Stage 2 rules. It is kept as Stage 2 Failed until a fresh base/repair structure forms.",Recent Stage 2 break; public stage held as Stage 2 Failed.,2026-10-01,2026-09-23,,watchlist,weekly_watchlist,watchlist,13.7,5.5,10.01,0.0,13.7,5.5,10.01,-6.89,21.91,387970814.37,"Stage 4, Stage 4, volume_dryup, weekly_volume_dryup, downtrend | Stage 2 failed state applied from stage memory.",613,602,Stage 2 Failed,watchlist,weekly_watchlist,10.41,-11,-0.40000000000000036,False,False,False,False,False
CSBBANK.NS,CSB Bank Limited,Financial Services,Unknown,False,Cash,1,Stage 4,Stage 4,Stage 4 - Confirmed Downtrend,Stage 4 - Confirmed Downtrend,Stage 4 • Stage 4 - Confirmed Downtrend,0.86,Price is below a bearish moving-average stack with falling trend signals.,,,2026-01-30,,watchlist,weekly_watchlist,watchlist,8.53,36.9,21.3,0.0,8.53,36.9,21.3,-5.57,-23.83,301838483.49,"Stage 4, Stage 4 - Confirmed Downtrend, weekly_vcp_ok, volume_dryup, weekly_volume_dryup, weekly_strong, downtrend",395,384,Stage 4,watchlist,weekly_watchlist,22.2,-11,-0.8999999999999986,False,False,False,False,False
GLENMARK.NS,Glenmark Pharmaceuticals Limited,Healthcare,Unknown,True,F&O,1,Stage 2,Stage 2,Early Stage 2,Early Stage 2,Stage 2 • Early Stage 2,0.72,"Price has moved above long-term structure, but the full moving-average stack is not clean yet.",,,2026-09-30,,watchlist,weekly_forming,watchlist,17.66,61.97,37.6,10.0,17.66,61.97,47.6,11.24,8.49,1325191937.91,"Stage 2, Early Stage 2, weekly_vcp_ok, weekly_strong",85,74,Stage 2,watchlist,weekly_forming,48.59,-11,-0.990000000000002,False,False,False,False,False
THANGAMAYL.NS,Thangamayil Jewellery Limited,Consumer Durables,Unknown,False,Cash,1,Stage 1,Stage 1,Stage 1 - Base/Repair,Stage 1 - Base/Repair,Stage 1 • Stage 1 - Base/Repair,0.7,Price is near long-term moving averages with no strong long-term downtrend signal.,,,2026-08-28,,watchlist,weekly_watchlist,watchlist,12.36,1.46,7.46,0.0,12.36,1.46,7.46,-15.29,21.87,440566444.93,"Stage 1, Stage 1 - Base/Repair, volume_dryup, weekly_volume_dryup, stage1_not_actionable, stage1_needs_more_base",643,632,Not Sure,watchlist,weekly_watchlist,8.57,-11,-1.1100000000000003,False,False,False,False,False
MAHABANK.NS,Bank of Maharashtra,Financial Services,Unknown,False,Cash,1,Stage 2,Stage 2,Messy Stage 2,Messy Stage 2,Stage 2 • Messy Stage 2,0.64,"Long-term structure is still constructive, but the short-term/weekly structure is not clean.",,,2026-09-30,,watchlist,weekly_watchlist,watchlist,33.66,20.3,27.65,0.0,33.66,20.3,27.65,4.99,17.99,1105912108.76,"Stage 2, Messy Stage 2",249,238,Stage 2,watchlist,weekly_watchlist,29.12,-11,-1.4700000000000024,False,False,False,False,False
SUNDARMFIN.NS,Sundaram Finance Limited,Financial Services,Unknown,False,Cash,1,Stage 1,Stage 1,Stage 1 - Unclear/Repair,Stage 1 - Unclear/Repair,Stage 1 • Stage 1 - Unclear/Repair,0.58,Not enough evidence for Stage 2 or Stage 4; classified as repair/unclear structure.,,,2026-03-17,,watchlist,weekly_watchlist,watchlist,0.0,41.8,18.81,0.0,0.0,41.8,18.81,0.11,-8.68,210549492.58,"Stage 1, Stage 1 - Unclear/Repair, weekly_vcp_ok, weekly_volume_dryup, weekly_strong, stage1_not_actionable, stage1_needs_more_base",446,435,Stage 1,watchlist,weekly_watchlist,20.81,-11,-2.0,False,False,False,False,False
IEX.NS,Indian Energy Exchange Limited,Financial Services,Unknown,True,F&O,1,Stage 4,Stage 4,Stage 4 - Confirmed Downtrend,Stage 4 - Confirmed Downtrend,Stage 4 • Stage 4 - Confirmed Downtrend,0.86,Price is below a bearish moving-average stack with falling trend signals.,,,,,watchlist,weekly_watchlist,watchlist,0.0,6.2,2.79,0.0,0.0,6.2,2.79,-5.24,-15.69,419492802.09,"Stage 4, Stage 4 - Confirmed Downtrend, volume_dryup, weekly_volume_dryup, downtrend",706,695,Stage 4,watchlist,weekly_watchlist,4.79,-11,-2.0,False,False,False,False,False
ASTRAZEN.NS,AstraZeneca Pharma India Limited,Healthcare,Unknown,False,Cash,1,Stage 4,Stage 4,Stage 4 - Confirmed Downtrend,Stage 4 - Confirmed Downtrend,Stage 4 • Stage 4 - Confirmed Downtrend,0.86,Price is below a bearish moving-average stack with falling trend signals.,,,2025-11-28,,watchlist,weekly_watchlist,watchlist,7.06,36.9,20.49,10.0,7.06,36.9,30.49,-17.94,-22.08,56489171.92,"Stage 4, Stage 4 - Confirmed Downtrend, weekly_vcp_ok, weekly_strong, downtrend",212,201,Stage 4,watchlist,weekly_watchlist,33.24,-11,-2.7500000000000036,False,False,False,False,False
KARURVYSYA.NS,Karur Vysya Bank Limited,Financial Services,Unknown,False,Cash,1,Stage 2,Stage 2,Early Stage 2,Early Stage 2,Stage 2 • Early Stage 2,0.72,"Price has moved above long-term structure, but the full moving-average stack is not clean yet.",,,2026-09-30,,watchlist,weekly_forming,watchlist,18.83,61.16,37.88,0.0,18.83,61.16,37.88,15.94,17.68,538822951.26,"Stage 2, Early Stage 2, weekly_vcp_ok, weekly_volume_dryup, weekly_strong",139,128,Stage 2,watchlist,weekly_forming,40.94,-11,-3.059999999999995,False,False,False,False,False
ULTRACEMCO.NS,UltraTech Cement Limited,Construction Materials,Unknown,True,F&O,1,Stage 4,Stage 4,Stage 4 - Weak/Declining,Stage 4 - Weak/Declining,Stage 4 • Stage 4 - Weak/Declining,0.72,Price is below long-term support with weak trend evidence.,,,2026-08-28,,watchlist,weekly_watchlist,watchlist,0.0,35.8,16.11,0.0,0.0,35.8,16.11,2.04,-4.68,3137288022.05,"Stage 4, Stage 4 - Weak/Declining, weekly_vcp_ok, weekly_strong, downtrend",549,537,Stage 4,watchlist,weekly_watchlist,16.27,-12,-0.16000000000000014,False,False,False,False,False
RAINBOW.NS,Rainbow Childrens Medicare Limited,Healthcare,Unknown,False,Cash,1,Stage 2 Failed,Stage 1,Failed Stage 2,Failed Stage 2,Stage 2 Failed • Failed Stage 2,0.72,"This stock was recently Stage 2, but the latest structure no longer satisfies Stage 2 rules. It is kept as Stage 2 Failed until a fresh base/repair structure forms.",Recent Stage 2 break; public stage held as Stage 2 Failed.,2026-10-01,2026-09-18,,watchlist,weekly_watchlist,watchlist,0.0,0.0,0.0,10.0,0.0,0.0,10.0,-2.79,5.66,197947264.11,"Stage 1, Stage 1 - Base/Repair, stage1_not_actionable, stage1_needs_more_base | Stage 2 failed state applied from stage memory.",618,606,Stage 2 Failed,watchlist,weekly_watchlist,10.25,-12,-0.25,False,False,False,False,False
MANINFRA.NS,Man Infraconstruction Limited,Construction,Unknown,False,Cash,1,Stage 2,Stage 2,Early Stage 2,Early Stage 2,Stage 2 • Early Stage 2,0.72,"Price has moved above long-term structure, but the full moving-average stack is not clean yet.",,,2026-09-30,,watchlist,weekly_watchlist,watchlist,13.57,39.62,25.29,0.0,13.57,39.62,25.29,29.86,34.32,273295111.26,"Stage 2, Early Stage 2",313,301,Stage 2,watchlist,weekly_watchlist,25.68,-12,-0.39000000000000057,False,False,False,False,False
TIMKEN.NS,Timken India Limited,Capital Goods,Unknown,False,Cash,1,Stage 1,Stage 1,Stage 1 - Base/Repair,Stage 1 - Base/Repair,Stage 1 • Stage 1 - Base/Repair,0.7,Price is near long-term moving averages with no strong long-term downtrend signal.,,,2026-07-06,,watchlist,weekly_watchlist,watchlist,10.57,5.6,8.33,10.0,10.57,5.6,18.33,3.33,-8.84,129713621.57,"Stage 1, Stage 1 - Base/Repair, stage1_not_actionable, stage1_needs_more_base",470,458,Stage 1,watchlist,weekly_watchlist,18.8,-12,-0.4700000000000024,False,False,False,False,False
SUNTECK.NS,Sunteck Realty Limited,Realty,Unknown,False,Cash,1,Stage 4,Stage 4,Stage 4 - Confirmed Downtrend,Stage 4 - Confirmed Downtrend,Stage 4 • Stage 4 - Confirmed Downtrend,0.86,Price is below a bearish moving-average stack with falling trend signals.,,,2025-11-14,,watchlist,weekly_watchlist,watchlist,3.04,36.9,18.28,2.0,3.04,36.9,20.28,-6.57,-9.87,33411956.72,"Stage 4, Stage 4 - Confirmed Downtrend, weekly_vcp_ok, volume_dryup, weekly_volume_dryup, weekly_strong, downtrend",419,407,Stage 4,watchlist,weekly_watchlist,21.41,-12,-1.129999999999999,False,False,False,False,False
PAYTM.NS,One 97 Communications Limited,Financial Services,Unknown,True,F&O,1,Stage 2,Stage 2,Stage 2,Stage 2,Stage 2,0.76,Advancing structure detected.,,,2026-09-30,,watchlist,weekly_breakout,watchlist,37.33,65.8,50.14,0.0,37.33,65.8,50.14,41.13,49.93,7457853933.14,"Stage 2, Stage 2, trend_template_ok, weekly_vcp_ok, volume_dryup, weekly_volume_dryup, weekly_strong",67,55,Stage 2,watchlist,weekly_breakout,52.14,-12,-2.0,False,False,False,False,False
AARTIPHARM.NS,Aarti Pharmalabs Limited,Healthcare,Unknown,False,Cash,1,Stage 2,Stage 2,Early Stage 2,Early Stage 2,Stage 2 • Early Stage 2,0.72,"Price has moved above long-term structure, but the full moving-average stack is not clean yet.",,,2026-09-30,,watchlist,weekly_breakout,watchlist,22.05,66.9,42.23,10.0,22.05,66.9,52.23,47.01,42.2,748983654.36,"Stage 2, Early Stage 2, weekly_vcp_ok, weekly_volume_dryup, weekly_strong",53,41,Stage 2,watchlist,weekly_breakout,56.71,-12,-4.480000000000004,False,False,False,False,False
ETERNAL.NS,Eternal Ltd.,Consumer Services,Unknown,True,F&O,1,Stage 2,Stage 2,Early Stage 2,Early Stage 2,Stage 2 • Early Stage 2,0.72,"Price has moved above long-term structure, but the full moving-average stack is not clean yet.",,,2026-09-30,,watchlist,weekly_near_pivot,watchlist,18.12,70.47,41.68,2.0,18.12,70.47,43.68,16.69,29.98,6208388337.23,"Stage 2, Early Stage 2, weekly_vcp_ok, volume_dryup, weekly_volume_dryup, weekly_strong",105,92,Stage 2,watchlist,weekly_near_pivot,45.56,-13,-1.8800000000000026,False,False,False,False,False
PRUDENT.NS,Prudent Corporate Advisory Services Limited,Financial Services,Unknown,False,Cash,1,Stage 2,Stage 2,Early Stage 2,Early Stage 2,Stage 2 • Early Stage 2,0.72,"Price has moved above long-term structure, but the full moving-average stack is not clean yet.",,,2026-09-30,,watchlist,weekly_forming,watchlist,36.05,64.09,48.67,0.0,36.05,64.09,48.67,12.11,39.84,104686350.86,"Stage 2, Early Stage 2, weekly_vcp_ok, volume_dryup, weekly_strong",77,64,Stage 2,watchlist,weekly_forming,50.68,-13,-2.009999999999998,False,False,False,False,False
SOUTHBANK.NS,The South Indian Bank Limited,Financial Services,Unknown,False,Cash,1,Stage 2,Stage 2,Clean Stage 2,Clean Stage 2,Stage 2 • Clean Stage 2,0.9,"Price is above rising key averages, weekly structure is supportive, and the stock is near its 52-week high.",,,2026-09-30,,watchlist,weekly_watchlist,watchlist,39.52,31.88,36.08,0.0,39.52,31.88,36.08,8.72,26.12,597930228.31,"Stage 2, Clean Stage 2, trend_template_ok",155,142,Stage 2,watchlist,weekly_watchlist,39.51,-13,-3.4299999999999997,False,False,False,False,False
WOCKPHARMA.NS,Wockhardt Limited,Healthcare,Unknown,False,Cash,1,Stage 2,Stage 2,Stage 2,Stage 2,Stage 2,0.76,Advancing structure detected.,,,2026-09-30,,watchlist,weekly_forming,watchlist,35.07,64.59,48.35,10.0,35.07,64.59,58.35,20.42,55.52,2991494541.16,"Stage 2, Stage 2, trend_template_ok, weekly_vcp_ok, weekly_strong",31,18,Stage 2,watchlist,weekly_near_pivot,62.4,-13,-4.049999999999997,False,False,False,False,False
CHAMBLFERT.NS,Chambal Fertilizers & Chemicals Limited,Chemicals,Unknown,False,Cash,1,Stage 4,Stage 4,Stage 4 - Confirmed Downtrend,Stage 4 - Confirmed Downtrend,Stage 4 • Stage 4 - Confirmed Downtrend,0.86,Price is below a bearish moving-average stack with falling trend signals.,,,2026-07-03,,watchlist,weekly_watchlist,watchlist,8.9,0.0,4.9,5.0,8.9,0.0,9.9,-4.51,-11.83,180228177.93,"Stage 4, Stage 4 - Confirmed Downtrend, downtrend",621,607,Stage 4,watchlist,weekly_watchlist,10.05,-14,-0.15000000000000036,False,False,False,False,False
SFL.NS,Sheela Foam Limited,Consumer Durables,Unknown,False,Cash,1,Stage 4,Stage 4,Stage 4,Stage 4,Stage 4,0.66,Declining structure detected.,,,2026-08-31,,watchlist,weekly_watchlist,watchlist,0.0,0.0,0.0,0.0,0.0,0.0,0.0,-9.28,19.21,198271400.42,"Stage 4, Stage 4, volume_dryup, weekly_volume_dryup, downtrend",752,738,Stage 3,watchlist,weekly_watchlist,1.14,-14,-1.14,False,False,False,False,False
COROMANDEL.NS,Coromandel International Limited,Chemicals,Unknown,False,Cash,1,Stage 4,Stage 4,Stage 4 - Weak/Declining,Stage 4 - Weak/Declining,Stage 4 • Stage 4 - Weak/Declining,0.72,Price is below long-term support with weak trend evidence.,,,2025-12-09,,watchlist,weekly_watchlist,watchlist,11.08,36.9,22.7,5.0,11.08,36.9,27.7,-6.68,-15.44,294643450.91,"Stage 4, Stage 4 - Weak/Declining, weekly_vcp_ok, weekly_strong, downtrend",246,232,Stage 4,watchlist,weekly_watchlist,29.36,-14,-1.6600000000000001,False,False,False,False,False
DELTACORP.NS,Delta Corp Limited,Consumer Services,Unknown,False,Cash,1,Not Sure,Not Sure,Not Sure,Not Sure,Not Sure,0.0,Stage rules did not identify a reliable structure.,No confident stage classification.,,,,watchlist,weekly_watchlist,watchlist,35.16,13.36,25.35,2.0,35.16,13.36,27.35,22.65,26.93,881759837.71,"Not Sure, Not Sure",253,239,Not Sure,watchlist,weekly_watchlist,29.02,-14,-1.6699999999999982,False,False,False,False,False
ICICIBANK.NS,ICICI Bank Limited,Financial Services,Unknown,True,F&O,1,Stage 2 Failed,Stage 1,Failed Stage 2,Failed Stage 2,Stage 2 Failed • Failed Stage 2,0.72,"This stock was recently Stage 2, but the latest structure no longer satisfies Stage 2 rules. It is kept as Stage 2 Failed until a fresh base/repair structure forms.",Recent Stage 2 break; public stage held as Stage 2 Failed.,2026-10-01,2026-09-17,,watchlist,weekly_watchlist,watchlist,0.0,42.17,18.98,0.0,0.0,42.17,18.98,1.64,2.09,12058062191.17,"Stage 1, Stage 1 - Unclear/Repair, weekly_vcp_ok, weekly_strong, stage1_not_actionable, stage1_needs_more_base | Stage 2 failed state applied from stage memory.",444,430,Stage 2 Failed,watchlist,weekly_watchlist,21.08,-14,-2.099999999999998,False,False,False,False,False
GREENPANEL.NS,Greenpanel Industries Limited,Consumer Durables,Unknown,False,Cash,1,Stage 4,Stage 4,Stage 4 - Confirmed Downtrend,Stage 4 - Confirmed Downtrend,Stage 4 • Stage 4 - Confirmed Downtrend,0.86,Price is below a bearish moving-average stack with falling trend signals.,,,,,watchlist,weekly_watchlist,watchlist,5.2,35.8,18.97,0.0,5.2,35.8,18.97,-10.71,-18.53,70515177.44,"Stage 4, Stage 4 - Confirmed Downtrend, weekly_vcp_ok, weekly_volume_dryup, weekly_strong, downtrend",445,431,Stage 4,watchlist,weekly_watchlist,21.07,-14,-2.1000000000000014,False,False,False,False,False
SHYAMMETL.NS,Shyam Metalics and Energy Limited,Metals & Mining,Unknown,False,Cash,1,Stage 2,Stage 2,Messy Stage 2,Messy Stage 2,Stage 2 • Messy Stage 2,0.64,"Long-term structure is still constructive, but the short-term/weekly structure is not clean.",,,2026-09-30,,watchlist,weekly_watchlist,watchlist,51.33,38.63,45.62,0.0,51.33,38.63,45.62,17.67,26.66,555888254.91,"Stage 2, Messy Stage 2, trend_template_ok, weekly_volume_dryup",93,79,Stage 2,watchlist,weekly_watchlist,47.92,-14,-2.3000000000000043,False,False,False,False,False
VOLTAMP.NS,Voltamp Transformers Limited,Capital Goods,Unknown,False,Cash,1,Stage 2,Stage 2,Early Stage 2,Early Stage 2,Stage 2 • Early Stage 2,0.72,"Price has moved above long-term structure, but the full moving-average stack is not clean yet.",,,2026-09-30,,watchlist,weekly_forming,watchlist,38.44,61.14,48.66,10.0,38.44,61.14,58.66,16.85,16.53,203764503.8,"Stage 2, Early Stage 2, weekly_vcp_ok, volume_dryup, weekly_volume_dryup, weekly_strong",30,16,Stage 2,watchlist,weekly_forming,63.37,-14,-4.710000000000001,False,False,False,False,False
RECLTD.NS,REC Limited,Financial Services,Unknown,True,F&O,1,Stage 4,Stage 4,Stage 4 - Confirmed Downtrend,Stage 4 - Confirmed Downtrend,Stage 4 • Stage 4 - Confirmed Downtrend,0.86,Price is below a bearish moving-average stack with falling trend signals.,,,2026-08-07,,watchlist,weekly_watchlist,watchlist,10.3,35.8,21.77,0.0,10.3,35.8,21.77,-9.71,-13.54,1938902035.2,"Stage 4, Stage 4 - Confirmed Downtrend, weekly_vcp_ok, weekly_strong, downtrend",380,365,Stage 4,watchlist,weekly_watchlist,22.98,-15,-1.2100000000000009,False,False,False,False,False
JAMNAAUTO.NS,Jamna Auto Industries Limited,Automobile and Auto Components,Unknown,False,Cash,1,Stage 2,Stage 2,Stage 2,Stage 2,Stage 2,0.76,Advancing structure detected.,,,2026-09-30,,watchlist,weekly_forming,watchlist,37.73,60.68,48.06,5.0,37.73,60.68,53.06,6.62,11.16,403014207.08,"Stage 2, Stage 2, weekly_vcp_ok, weekly_strong",48,33,Stage 2,watchlist,weekly_near_pivot,57.8,-15,-4.739999999999995,False,False,False,False,False
AARTIDRUGS.NS,Aarti Drugs Limited,Healthcare,Unknown,False,Cash,1,Stage 2,Stage 2,Early Stage 2,Early Stage 2,Stage 2 • Early Stage 2,0.72,"Price has moved above long-term structure, but the full moving-average stack is not clean yet.",,,2026-09-30,,watchlist,weekly_near_pivot,watchlist,34.5,70.3,50.61,10.0,34.5,70.3,60.61,16.46,17.58,81661034.47,"Stage 2, Early Stage 2, weekly_vcp_ok, weekly_strong",20,4,Stage 2,watchlist,weekly_near_pivot,71.08,-16,-10.469999999999999,False,False,False,False,False
ABSLAMC.NS,Aditya Birla Sun Life AMC Limited,Financial Services,Unknown,False,Cash,1,Stage 2 Failed,Stage 3,Failed Stage 2,Failed Stage 2,Stage 2 Failed • Failed Stage 2,0.72,"This stock was recently Stage 2, but the latest structure no longer satisfies Stage 2 rules. It is kept as Stage 2 Failed until a fresh base/repair structure forms.",Recent Stage 2 break; public stage held as Stage 2 Failed.,2026-10-01,2026-09-18,,watchlist,weekly_watchlist,watchlist,12.93,0.0,7.11,0.0,12.93,0.0,7.11,-4.01,5.53,200680093.46,"Stage 3, Stage 3 - Distribution/Damage, volume_dryup, weekly_volume_dryup, distribution_risk | Stage 2 failed state applied from stage memory.",645,628,Stage 2 Failed,watchlist,weekly_watchlist,8.86,-17,-1.7499999999999991,False,False,False,False,False
AAVAS.NS,Aavas Financiers Ltd.,Financial Services,Unknown,False,Cash,1,Stage 4,Stage 4,Stage 4 - Confirmed Downtrend,Stage 4 - Confirmed Downtrend,Stage 4 • Stage 4 - Confirmed Downtrend,0.86,Price is below a bearish moving-average stack with falling trend signals.,,,,,watchlist,weekly_watchlist,watchlist,0.0,0.0,0.0,0.0,0.0,0.0,0.0,-12.71,-0.39,108264116.0,"Stage 4, Stage 4 - Confirmed Downtrend, downtrend",736,719,Stage 4,watchlist,weekly_watchlist,2.0,-17,-2.0,False,False,False,False,False
SUNFLAG.NS,Sunflag Iron And Steel Company Limited,Metals & Mining,Unknown,False,Cash,1,Stage 2,Stage 2,Extended Stage 2,Extended Stage 2,Stage 2 • Extended Stage 2,0.78,"Advancing structure remains intact, but price is stretched versus key moving averages or far above the 52-week low.",,,2026-09-30,,watchlist,weekly_watchlist,watchlist,59.2,26.0,44.26,0.0,59.2,26.0,44.26,38.86,82.4,296927617.04,"Stage 2, Extended Stage 2, trend_template_ok",101,84,Stage 2,watchlist,weekly_watchlist,46.79,-17,-2.530000000000001,False,False,False,False,False
GLAND.NS,Gland Pharma Limited,Healthcare,Unknown,False,Cash,1,Stage 2,Stage 2,Clean Stage 2,Clean Stage 2,Stage 2 • Clean Stage 2,0.9,"Price is above rising key averages, weekly structure is supportive, and the stock is near its 52-week high.",,,2026-09-30,,watchlist,weekly_watchlist,watchlist,58.08,31.6,46.16,10.0,58.08,31.6,56.16,21.79,68.69,1827046201.94,"Stage 2, Clean Stage 2, trend_template_ok, volume_dryup, weekly_volume_dryup",38,21,Stage 2,watchlist,weekly_watchlist,61.74,-17,-5.580000000000005,False,False,False,False,False
GMDCLTD.NS,Gujarat Mineral Development Corporation Limited,Metals & Mining,Unknown,False,Cash,1,Stage 4,Stage 4,Stage 4 - Weak/Declining,Stage 4 - Weak/Declining,Stage 4 • Stage 4 - Weak/Declining,0.72,Price is below long-term support with weak trend evidence.,,,2026-06-24,,watchlist,weekly_watchlist,watchlist,15.5,4.0,10.33,0.0,15.5,4.0,10.33,-7.18,-16.23,531417866.53,"Stage 4, Stage 4 - Weak/Declining, volume_dryup, weekly_volume_dryup, downtrend",609,591,Stage 4,watchlist,weekly_watchlist,11.5,-18,-1.17,False,False,False,False,False
HDFCAMC.NS,HDFC Asset Management Company Limited,Financial Services,Unknown,True,F&O,1,Stage 4,Stage 4,Stage 4 - Confirmed Downtrend,Stage 4 - Confirmed Downtrend,Stage 4 • Stage 4 - Confirmed Downtrend,0.86,Price is below a bearish moving-average stack with falling trend signals.,,,2026-07-15,,watchlist,weekly_watchlist,watchlist,6.09,36.9,19.95,0.0,6.09,36.9,19.95,-8.86,-5.99,1468710757.44,"Stage 4, Stage 4 - Confirmed Downtrend, weekly_vcp_ok, weekly_strong, downtrend",424,406,Stage 4,watchlist,weekly_watchlist,21.42,-18,-1.4700000000000024,False,False,False,False,False
HDFCBANK.NS,HDFC Bank Limited,Financial Services,Unknown,True,F&O,1,Stage 4,Stage 4,Stage 4 - Confirmed Downtrend,Stage 4 - Confirmed Downtrend,Stage 4 • Stage 4 - Confirmed Downtrend,0.86,Price is below a bearish moving-average stack with falling trend signals.,,,2026-01-02,,watchlist,weekly_watchlist,watchlist,0.0,0.8,0.36,0.0,0.0,0.8,0.36,-4.81,-9.03,20394928071.78,"Stage 4, Stage 4 - Confirmed Downtrend, downtrend",734,716,Stage 4,watchlist,weekly_watchlist,2.36,-18,-2.0,False,False,False,False,False
AJANTPHARM.NS,Ajanta Pharma Limited,Healthcare,Unknown,False,Cash,1,Stage 2,Stage 2,Clean Stage 2,Clean Stage 2,Stage 2 • Clean Stage 2,0.9,"Price is above rising key averages, weekly structure is supportive, and the stock is near its 52-week high.",,,2026-09-30,,watchlist,weekly_watchlist,watchlist,45.55,27.58,37.46,10.0,45.55,27.58,47.46,17.25,34.54,321388535.25,"Stage 2, Clean Stage 2, trend_template_ok",86,68,Stage 2,watchlist,weekly_watchlist,49.89,-18,-2.4299999999999997,False,False,False,False,False
BAJAJHLDNG.NS,Bajaj Holdings & Investment Limited,Financial Services,Unknown,True,F&O,1,Stage 2,Stage 2,Early Stage 2,Early Stage 2,Stage 2 • Early Stage 2,0.72,"Price has moved above long-term structure, but the full moving-average stack is not clean yet.",,,2026-09-30,,watchlist,weekly_near_pivot,watchlist,32.9,69.8,49.51,0.0,32.9,69.8,49.51,7.93,10.07,424070439.58,"Stage 2, Early Stage 2, weekly_vcp_ok, weekly_strong",72,54,Stage 2,watchlist,weekly_near_pivot,52.18,-18,-2.6700000000000017,False,False,False,False,False
KPRMILL.NS,K.P.R. Mill Ltd.,Textiles,Unknown,False,Cash,1,Stage 2 Failed,Stage 1,Failed Stage 2,Failed Stage 2,Stage 2 Failed • Failed Stage 2,0.72,"This stock was recently Stage 2, but the latest structure no longer satisfies Stage 2 rules. It is kept as Stage 2 Failed until a fresh base/repair structure forms.",Recent Stage 2 break; public stage held as Stage 2 Failed.,2026-10-01,2026-09-24,,watchlist,weekly_watchlist,watchlist,20.62,3.61,12.97,10.0,20.62,3.61,22.97,-0.72,28.79,210311027.65,"Stage 1, Stage 1 - Base/Repair, volume_dryup, weekly_volume_dryup, stage1_not_actionable, stage1_needs_more_base | Stage 2 failed state applied from stage memory.",354,335,Stage 2 Failed,watchlist,weekly_watchlist,24.17,-19,-1.2000000000000028,False,False,False,False,False
INDIACEM.NS,The India Cements Limited,Construction Materials,Unknown,False,Cash,1,Stage 4,Stage 4,Stage 4 - Confirmed Downtrend,Stage 4 - Confirmed Downtrend,Stage 4 • Stage 4 - Confirmed Downtrend,0.86,Price is below a bearish moving-average stack with falling trend signals.,,,2026-02-26,,watchlist,weekly_watchlist,watchlist,9.39,6.2,7.95,0.0,9.39,6.2,7.95,-14.21,-20.72,62063682.61,"Stage 4, Stage 4 - Confirmed Downtrend, downtrend",637,618,Stage 4,watchlist,weekly_watchlist,9.66,-19,-1.71,False,False,False,False,False
KFINTECH.NS,Kfin Technologies Limited,Financial Services,Unknown,True,F&O,1,Stage 4,Stage 4,Stage 4 - Weak/Declining,Stage 4 - Weak/Declining,Stage 4 • Stage 4 - Weak/Declining,0.72,Price is below long-term support with weak trend evidence.,,,,,watchlist,weekly_watchlist,watchlist,0.0,0.0,0.0,0.0,0.0,0.0,0.0,5.53,-7.14,470245022.5,"Stage 4, Stage 4 - Weak/Declining, volume_dryup, weekly_volume_dryup, downtrend",745,726,Stage 4,watchlist,weekly_watchlist,2.0,-19,-2.0,False,False,False,False,False
KOTAKBANK.NS,Kotak Mahindra Bank Limited,Financial Services,Unknown,True,F&O,1,Stage 2 Failed,Stage 1,Failed Stage 2,Failed Stage 2,Stage 2 Failed • Failed Stage 2,0.72,"This stock was recently Stage 2, but the latest structure no longer satisfies Stage 2 rules. It is kept as Stage 2 Failed until a fresh base/repair structure forms.",Recent Stage 2 break; public stage held as Stage 2 Failed.,2026-10-01,2026-09-29,,watchlist,weekly_watchlist,watchlist,4.94,55.74,27.8,0.0,4.94,55.74,27.8,18.01,11.37,6698654161.07,"Stage 1, Stage 1 - Early Turn, stage1_base_ready, weekly_vcp_ok, weekly_strong, stage1_not_actionable | Stage 2 failed state applied from stage memory.",245,226,Stage 2 Failed,watchlist,weekly_watchlist,29.87,-19,-2.0700000000000003,False,False,False,False,False
CRISIL.NS,CRISIL Limited,Financial Services,Unknown,False,Cash,1,Stage 2,Stage 2,Early Stage 2,Early Stage 2,Stage 2 • Early Stage 2,0.72,"Price has moved above long-term structure, but the full moving-average stack is not clean yet.",,,2026-09-30,,watchlist,weekly_forming,watchlist,35.18,61.72,47.12,0.0,35.18,61.72,47.12,20.08,19.1,239987204.23,"Stage 2, Early Stage 2, weekly_vcp_ok, weekly_strong",88,69,Stage 2,watchlist,weekly_forming,49.45,-19,-2.3300000000000054,False,False,False,False,False
VRLLOG.NS,VRL Logistics Limited,Services,Unknown,False,Cash,1,Stage 2,Stage 2,Early Stage 2,Early Stage 2,Stage 2 • Early Stage 2,0.72,"Price has moved above long-term structure, but the full moving-average stack is not clean yet.",,,2026-09-30,,watchlist,weekly_forming,watchlist,31.96,63.94,46.35,2.0,31.96,63.94,48.35,28.35,22.07,33648551.81,"Stage 2, Early Stage 2, weekly_vcp_ok, volume_dryup, weekly_volume_dryup, weekly_strong",80,61,Stage 2,watchlist,weekly_near_pivot,51.42,-19,-3.0700000000000003,False,False,False,False,False
IIFL.NS,IIFL Finance Limited,Financial Services,Unknown,False,Cash,1,Stage 2,Stage 2,Early Stage 2,Early Stage 2,Stage 2 • Early Stage 2,0.72,"Price has moved above long-term structure, but the full moving-average stack is not clean yet.",,,2026-09-30,,watchlist,weekly_forming,watchlist,14.9,62.93,36.51,0.0,14.9,62.93,36.51,19.53,31.77,1429267670.08,"Stage 2, Early Stage 2, weekly_vcp_ok, volume_dryup, weekly_volume_dryup, weekly_strong",153,134,Stage 2,watchlist,weekly_forming,39.97,-19,-3.460000000000001,False,False,False,False,False
HFCL.NS,HFCL Limited,Telecommunication,Unknown,False,Cash,1,Stage 2,Stage 2,Extended Stage 2,Extended Stage 2,Stage 2 • Extended Stage 2,0.78,"Advancing structure remains intact, but price is stretched versus key moving averages or far above the 52-week low.",,,2026-09-30,,watchlist,weekly_watchlist,watchlist,47.08,31.6,40.11,10.0,47.08,31.6,50.11,13.77,218.53,1535754973.05,"Stage 2, Extended Stage 2, volume_dryup, weekly_volume_dryup",68,49,Stage 2,watchlist,weekly_watchlist,53.66,-19,-3.549999999999997,False,False,False,False,False
INDHOTEL.NS,The Indian Hotels Company Limited,Consumer Services,Unknown,True,F&O,1,Stage 2,Stage 2,Messy Stage 2,Messy Stage 2,Stage 2 • Messy Stage 2,0.64,"Long-term structure is still constructive, but the short-term/weekly structure is not clean.",,,2026-09-30,,watchlist,weekly_near_pivot,watchlist,40.34,67.69,52.65,2.0,40.34,67.69,54.65,4.47,14.47,2189775922.16,"Stage 2, Messy Stage 2, weekly_vcp_ok, weekly_strong",44,25,Stage 2,watchlist,weekly_near_pivot,60.74,-19,-6.090000000000003,False,False,False,False,False
GALAXYSURF.NS,Galaxy Surfactants Limited,Chemicals,Unknown,False,Cash,1,Stage 2,Stage 2,Clean Stage 2,Clean Stage 2,Stage 2 • Clean Stage 2,0.9,"Price is above rising key averages, weekly structure is supportive, and the stock is near its 52-week high.",,,2026-09-30,,watchlist,weekly_forming,watchlist,43.44,64.58,52.95,5.0,43.44,64.58,57.95,23.72,44.13,115651193.97,"Stage 2, Clean Stage 2, trend_template_ok, weekly_vcp_ok, weekly_strong",32,13,Stage 2,watchlist,weekly_forming,64.59,-19,-6.640000000000001,False,False,False,False,False
UPL.NS,UPL Limited,Chemicals,Unknown,True,F&O,1,Stage 4,Stage 4,Stage 4 - Confirmed Downtrend,Stage 4 - Confirmed Downtrend,Stage 4 • Stage 4 - Confirmed Downtrend,0.86,Price is below a bearish moving-average stack with falling trend signals.,,,2026-01-20,,watchlist,weekly_watchlist,watchlist,8.33,36.9,21.19,5.0,8.33,36.9,26.19,-4.94,-17.37,1175272848.79,"Stage 4, Stage 4 - Confirmed Downtrend, weekly_vcp_ok, weekly_strong, downtrend",284,264,Stage 4,watchlist,weekly_watchlist,26.86,-20,-0.6699999999999982,False,False,False,False,False
IDBI.NS,IDBI Bank Limited,Financial Services,Unknown,False,Cash,1,Stage 4,Stage 4,Stage 4 - Weak/Declining,Stage 4 - Weak/Declining,Stage 4 • Stage 4 - Weak/Declining,0.72,Price is below long-term support with weak trend evidence.,,,2026-03-10,,watchlist,weekly_watchlist,watchlist,0.0,2.69,1.21,0.0,0.0,2.69,1.21,12.07,18.81,1356773954.99,"Stage 4, Stage 4 - Weak/Declining, downtrend",731,711,Stage 4,watchlist,weekly_watchlist,2.78,-20,-1.5699999999999998,False,False,False,False,False
BSE.NS,BSE Ltd.,Financial Services,Unknown,True,F&O,1,Stage 4,Stage 4,Stage 4 - Weak/Declining,Stage 4 - Weak/Declining,Stage 4 • Stage 4 - Weak/Declining,0.72,Price is below long-term support with weak trend evidence.,,,2026-07-24,,watchlist,weekly_watchlist,watchlist,0.0,0.0,0.0,0.0,0.0,0.0,0.0,-8.87,-2.33,17273014073.55,"Stage 4, Stage 4 - Weak/Declining, downtrend",740,720,Stage 4,watchlist,weekly_watchlist,2.0,-20,-2.0,False,False,False,False,False
KKCL.NS,Kewal Kiran Clothing Limited,Textiles,Unknown,False,Cash,1,Stage 2 Failed,Stage 4,Failed Stage 2,Failed Stage 2,Stage 2 Failed • Failed Stage 2,0.72,"This stock was recently Stage 2, but the latest structure no longer satisfies Stage 2 rules. It is kept as Stage 2 Failed until a fresh base/repair structure forms.",Recent Stage 2 break; public stage held as Stage 2 Failed.,2026-10-01,2026-09-18,,watchlist,weekly_watchlist,watchlist,5.91,36.85,19.83,10.0,5.91,36.85,29.83,4.14,6.38,14460788.71,"Stage 4, Stage 4 - Weak/Declining, weekly_vcp_ok, volume_dryup, weekly_volume_dryup, weekly_strong, downtrend | Stage 2 failed state applied from stage memory.",224,204,Stage 2 Failed,watchlist,weekly_watchlist,32.77,-20,-2.940000000000005,False,False,False,False,False
ASTERDM.NS,Aster DM Healthcare Limited,Healthcare,Unknown,False,Cash,1,Stage 2 Failed,Stage 4,Failed Stage 2,Failed Stage 2,Stage 2 Failed • Failed Stage 2,0.72,"This stock was recently Stage 2, but the latest structure no longer satisfies Stage 2 rules. It is kept as Stage 2 Failed until a fresh base/repair structure forms.",Recent Stage 2 break; public stage held as Stage 2 Failed.,2026-10-01,2026-09-15,,watchlist,weekly_watchlist,watchlist,8.13,35.55,20.47,10.0,8.13,35.55,30.47,-1.95,7.5,875113326.07,"Stage 4, Stage 4, weekly_vcp_ok, volume_dryup, weekly_volume_dryup, weekly_strong, downtrend | Stage 2 failed state applied from stage memory.",213,193,Stage 2 Failed,watchlist,weekly_watchlist,34.26,-20,-3.789999999999999,False,False,False,False,False
ARE&M.NS,Amara Raja Energy & Mobility Ltd.,Automobile and Auto Components,Unknown,False,Cash,1,Stage 4,Stage 4,Stage 4 - Weak/Declining,Stage 4 - Weak/Declining,Stage 4 • Stage 4 - Weak/Declining,0.72,Price is below long-term support with weak trend evidence.,,,2026-08-28,,watchlist,weekly_watchlist,watchlist,10.19,35.8,21.71,5.0,10.19,35.8,26.71,-2.55,1.19,339775734.42,"Stage 4, Stage 4 - Weak/Declining, weekly_vcp_ok, volume_dryup, weekly_volume_dryup, weekly_strong, downtrend",270,249,Stage 4,watchlist,weekly_watchlist,27.91,-21,-1.1999999999999993,False,False,False,False,False
MAHSCOOTER.NS,Maharashtra Scooters Limited,Financial Services,Unknown,False,Cash,1,Stage 2 Failed,Stage 4,Failed Stage 2,Failed Stage 2,Stage 2 Failed • Failed Stage 2,0.72,"This stock was recently Stage 2, but the latest structure no longer satisfies Stage 2 rules. It is kept as Stage 2 Failed until a fresh base/repair structure forms.",Recent Stage 2 break; public stage held as Stage 2 Failed.,2026-10-01,2026-09-24,,watchlist,weekly_watchlist,watchlist,8.66,38.11,21.91,0.0,8.66,38.11,21.91,4.35,7.8,64243535.02,"Stage 4, Stage 4 - Weak/Declining, weekly_vcp_ok, weekly_strong, downtrend | Stage 2 failed state applied from stage memory.",376,355,Stage 2 Failed,watchlist,weekly_watchlist,23.35,-21,-1.4400000000000013,False,False,False,False,False
MASFIN.NS,MAS Financial Services Limited,Financial Services,Unknown,False,Cash,1,Stage 4,Stage 4,Stage 4 - Confirmed Downtrend,Stage 4 - Confirmed Downtrend,Stage 4 • Stage 4 - Confirmed Downtrend,0.86,Price is below a bearish moving-average stack with falling trend signals.,,,2026-07-13,,watchlist,weekly_watchlist,watchlist,7.18,0.0,3.95,0.0,7.18,0.0,3.95,-7.28,-11.06,57351518.24,"Stage 4, Stage 4 - Confirmed Downtrend, downtrend",693,672,Stage 4,watchlist,weekly_watchlist,5.56,-21,-1.6099999999999994,False,False,False,False,False
HOMEFIRST.NS,Home First Finance Company India Limited,Financial Services,Unknown,False,Cash,1,Stage 2 Failed,Stage 1,Failed Stage 2,Failed Stage 2,Stage 2 Failed • Failed Stage 2,0.72,"This stock was recently Stage 2, but the latest structure no longer satisfies Stage 2 rules. It is kept as Stage 2 Failed until a fresh base/repair structure forms.",Recent Stage 2 break; public stage held as Stage 2 Failed.,2026-10-01,2026-09-23,,watchlist,weekly_watchlist,watchlist,0.0,43.35,19.51,0.0,0.0,43.35,19.51,1.28,14.17,327761900.7,"Stage 1, Stage 1 - Base/Repair, weekly_vcp_ok, weekly_strong, stage1_not_actionable, stage1_needs_more_base | Stage 2 failed state applied from stage memory.",429,408,Stage 2 Failed,watchlist,weekly_watchlist,21.34,-21,-1.8299999999999983,False,False,False,False,False
ICICIGI.NS,ICICI Lombard General Insurance Company Limited,Financial Services,Unknown,True,F&O,1,Stage 4,Stage 4,Stage 4 - Confirmed Downtrend,Stage 4 - Confirmed Downtrend,Stage 4 • Stage 4 - Confirmed Downtrend,0.86,Price is below a bearish moving-average stack with falling trend signals.,,,2026-01-07,,watchlist,weekly_watchlist,watchlist,0.0,0.0,0.0,0.0,0.0,0.0,0.0,-4.67,-9.24,1328084203.88,"Stage 4, Stage 4 - Confirmed Downtrend, downtrend",744,723,Stage 4,watchlist,weekly_watchlist,2.0,-21,-2.0,False,False,False,False,False
NMDC.NS,NMDC Limited,Metals & Mining,Unknown,True,F&O,1,Stage 4,Stage 4,Stage 4 - Weak/Declining,Stage 4 - Weak/Declining,Stage 4 • Stage 4 - Weak/Declining,0.72,Price is below long-term support with weak trend evidence.,,,2026-09-02,,watchlist,weekly_watchlist,watchlist,10.17,3.2,7.03,0.0,10.17,3.2,7.03,-3.29,-8.84,960690053.4,"Stage 4, Stage 4 - Weak/Declining, downtrend",646,625,Not Sure,watchlist,weekly_watchlist,9.19,-21,-2.1599999999999993,False,False,False,False,False
DCBBANK.NS,DCB Bank Limited,Financial Services,Unknown,False,Cash,1,Stage 2,Stage 2,Early Stage 2,Early Stage 2,Stage 2 • Early Stage 2,0.72,"Price has moved above long-term structure, but the full moving-average stack is not clean yet.",,,2026-09-30,,watchlist,weekly_near_pivot,watchlist,16.59,69.37,40.34,0.0,16.59,69.37,40.34,16.21,8.47,287741157.73,"Stage 2, Early Stage 2, weekly_vcp_ok, volume_dryup, weekly_volume_dryup, weekly_strong",125,104,Stage 2,watchlist,weekly_near_pivot,43.99,-21,-3.6499999999999986,False,False,False,False,False
GNFC.NS,Gujarat Narmada Valley Fertilizers and Chemicals Limited,Chemicals,Unknown,False,Cash,1,Stage 2,Stage 2,Clean Stage 2,Clean Stage 2,Stage 2 • Clean Stage 2,0.9,"Price is above rising key averages, weekly structure is supportive, and the stock is near its 52-week high.",,,2026-09-30,,watchlist,weekly_watchlist,watchlist,58.95,32.2,46.91,5.0,58.95,32.2,51.91,27.21,46.84,749698903.23,"Stage 2, Clean Stage 2, trend_template_ok",56,34,Stage 2,watchlist,weekly_watchlist,57.68,-22,-5.770000000000003,False,False,False,False,False
GICRE.NS,General Insurance Corporation of India,Financial Services,Unknown,False,Cash,1,Stage 4,Stage 4,Stage 4 - Confirmed Downtrend,Stage 4 - Confirmed Downtrend,Stage 4 • Stage 4 - Confirmed Downtrend,0.86,Price is below a bearish moving-average stack with falling trend signals.,,,2026-06-05,,watchlist,weekly_watchlist,watchlist,10.4,0.8,6.08,0.0,10.4,0.8,6.08,1.01,-12.1,283434025.47,"Stage 4, Stage 4 - Confirmed Downtrend, volume_dryup, weekly_volume_dryup, downtrend",660,637,Stage 4,watchlist,weekly_watchlist,8.18,-23,-2.0999999999999996,False,False,False,False,False
DEEPAKFERT.NS,Deepak Fertilizers and Petrochemicals Corporation Limited,Chemicals,Unknown,False,Cash,1,Stage 3,Stage 3,Stage 3 - Distribution/Damage,Stage 3 - Distribution/Damage,Stage 3 • Stage 3 - Distribution/Damage,0.76,"Prior strength exists, but short-term and/or weekly structure is deteriorating.",,,2026-08-28,,watchlist,weekly_watchlist,watchlist,0.0,0.0,0.0,5.0,0.0,0.0,5.0,-8.68,25.96,283813228.51,"Stage 3, Stage 3 - Distribution/Damage, volume_dryup, weekly_volume_dryup, distribution_risk",677,653,Stage 3,watchlist,weekly_watchlist,6.46,-24,-1.46,False,False,False,False,False
STARHEALTH.NS,Star Health and Allied Insurance Company Limited,Financial Services,Unknown,False,Cash,1,Stage 2 Failed,Stage 3,Failed Stage 2,Failed Stage 2,Stage 2 Failed • Failed Stage 2,0.72,"This stock was recently Stage 2, but the latest structure no longer satisfies Stage 2 rules. It is kept as Stage 2 Failed until a fresh base/repair structure forms.",Recent Stage 2 break; public stage held as Stage 2 Failed.,2026-10-01,2026-09-15,,watchlist,weekly_watchlist,watchlist,0.0,0.0,0.0,0.0,0.0,0.0,0.0,-0.6,15.6,592055786.9,"Stage 3, Stage 3 - Distribution/Damage, distribution_risk | Stage 2 failed state applied from stage memory.",753,729,Stage 2 Failed,watchlist,weekly_watchlist,2.0,-24,-2.0,False,False,False,False,False
UCOBANK.NS,UCO Bank,Financial Services,Unknown,False,Cash,1,Stage 4,Stage 4,Stage 4 - Confirmed Downtrend,Stage 4 - Confirmed Downtrend,Stage 4 • Stage 4 - Confirmed Downtrend,0.86,Price is below a bearish moving-average stack with falling trend signals.,,,,,watchlist,weekly_watchlist,watchlist,0.0,0.0,0.0,0.0,0.0,0.0,0.0,-4.92,-8.92,81856047.48,"Stage 4, Stage 4 - Confirmed Downtrend, volume_dryup, weekly_volume_dryup, downtrend",755,731,Stage 4,watchlist,weekly_watchlist,2.0,-24,-2.0,False,False,False,False,False
VEDL.NS,Vedanta Limited,Metals & Mining,Unknown,True,F&O,1,Stage 4,Stage 4,Stage 4 - Confirmed Downtrend,Stage 4 - Confirmed Downtrend,Stage 4 • Stage 4 - Confirmed Downtrend,0.86,Price is below a bearish moving-average stack with falling trend signals.,,,2026-04-29,,watchlist,weekly_watchlist,watchlist,0.0,0.0,0.0,0.0,0.0,0.0,0.0,-0.14,-63.93,1815817731.26,"Stage 4, Stage 4 - Confirmed Downtrend, volume_dryup, weekly_volume_dryup, downtrend",756,732,Stage 4,watchlist,weekly_watchlist,2.0,-24,-2.0,False,False,False,False,False
CERA.NS,Cera Sanitaryware Limited,Consumer Durables,Unknown,False,Cash,1,Stage 4,Stage 4,Stage 4,Stage 4,Stage 4,0.66,Declining structure detected.,,,2026-08-28,,watchlist,weekly_watchlist,watchlist,0.0,0.0,0.0,0.0,0.0,0.0,0.0,-11.87,3.15,47281432.45,"Stage 4, Stage 4, downtrend",741,717,Stage 4,watchlist,weekly_watchlist,2.1,-24,-2.1,False,False,False,False,False
SHOPERSTOP.NS,Shoppers Stop Limited,Consumer Services,Unknown,False,Cash,1,Stage 2,Stage 2,Early Stage 2,Early Stage 2,Stage 2 • Early Stage 2,0.72,"Price has moved above long-term structure, but the full moving-average stack is not clean yet.",,,2026-09-30,,watchlist,weekly_watchlist,watchlist,36.1,22.7,30.07,2.0,36.1,22.7,32.07,21.92,37.08,164988811.32,"Stage 2, Early Stage 2",194,170,Stage 2,watchlist,weekly_watchlist,36.08,-24,-4.009999999999998,False,False,False,False,False
KALYANKJIL.NS,Kalyan Jewellers India Limited,Consumer Durables,Unknown,True,F&O,1,Stage 2,Stage 2,Early Stage 2,Early Stage 2,Stage 2 • Early Stage 2,0.72,"Price has moved above long-term structure, but the full moving-average stack is not clean yet.",,,2026-09-30,,watchlist,weekly_watchlist,watchlist,17.13,25.8,21.03,0.0,17.13,25.8,21.03,57.81,20.24,3303499502.02,"Stage 2, Early Stage 2, volume_dryup, weekly_volume_dryup",409,383,Stage 2,watchlist,weekly_watchlist,22.23,-26,-1.1999999999999993,False,False,False,False,False
BANKINDIA.NS,Bank of India,Financial Services,Unknown,True,F&O,1,Stage 4,Stage 4,Stage 4 - Confirmed Downtrend,Stage 4 - Confirmed Downtrend,Stage 4 • Stage 4 - Confirmed Downtrend,0.86,Price is below a bearish moving-average stack with falling trend signals.,,,2026-08-27,,watchlist,weekly_watchlist,watchlist,11.2,36.9,22.77,0.0,11.2,36.9,22.77,-0.86,-7.59,642736020.05,"Stage 4, Stage 4 - Confirmed Downtrend, weekly_vcp_ok, volume_dryup, weekly_strong, downtrend",358,332,Stage 4,watchlist,weekly_watchlist,24.27,-26,-1.5,False,False,False,False,False
IOB.NS,Indian Overseas Bank,Financial Services,Unknown,False,Cash,1,Stage 4,Stage 4,Stage 4 - Confirmed Downtrend,Stage 4 - Confirmed Downtrend,Stage 4 • Stage 4 - Confirmed Downtrend,0.86,Price is below a bearish moving-average stack with falling trend signals.,,,,,watchlist,weekly_watchlist,watchlist,9.71,36.9,21.95,0.0,9.71,36.9,21.95,-2.5,-10.63,77967619.39,"Stage 4, Stage 4 - Confirmed Downtrend, weekly_vcp_ok, weekly_strong, downtrend",375,349,Stage 4,watchlist,weekly_watchlist,23.75,-26,-1.8000000000000007,False,False,False,False,False
INDIANB.NS,Indian Bank,Financial Services,Unknown,True,F&O,1,Stage 1,Stage 1,Stage 1 - Unclear/Repair,Stage 1 - Unclear/Repair,Stage 1 • Stage 1 - Unclear/Repair,0.58,Not enough evidence for Stage 2 or Stage 4; classified as repair/unclear structure.,,,2026-09-07,,watchlist,weekly_watchlist,watchlist,15.12,41.8,27.13,0.0,15.12,41.8,27.13,9.14,-14.18,755145602.5,"Stage 1, Stage 1 - Unclear/Repair, weekly_vcp_ok, volume_dryup, weekly_volume_dryup, weekly_strong, stage1_not_actionable, stage1_needs_more_base",256,230,Stage 1,watchlist,weekly_watchlist,29.59,-26,-2.460000000000001,False,False,False,False,False
PNBHOUSING.NS,PNB Housing Finance Limited,Financial Services,Unknown,True,F&O,1,Stage 2,Stage 2,Early Stage 2,Early Stage 2,Stage 2 • Early Stage 2,0.72,"Price has moved above long-term structure, but the full moving-average stack is not clean yet.",,,2026-09-30,,watchlist,weekly_forming,watchlist,41.57,61.25,50.43,0.0,41.57,61.25,50.43,7.39,27.15,1058890684.87,"Stage 2, Early Stage 2, daily_vcp_ok, weekly_vcp_ok, weekly_strong",65,39,Stage 2,watchlist,weekly_near_pivot,56.8,-26,-6.369999999999997,False,False,False,False,False
BOSCHLTD.NS,Bosch Limited,Automobile and Auto Components,Unknown,True,F&O,1,Stage 2,Stage 2,Early Stage 2,Early Stage 2,Stage 2 • Early Stage 2,0.72,"Price has moved above long-term structure, but the full moving-average stack is not clean yet.",,,2026-09-30,,watchlist,weekly_forming,watchlist,46.49,63.28,54.05,5.0,46.49,63.28,59.05,16.9,37.95,1193564623.75,"Stage 2, Early Stage 2, daily_vcp_ok, weekly_vcp_ok, volume_dryup, weekly_volume_dryup, weekly_strong",29,3,Stage 2,forming_vcp,weekly_near_pivot,71.94,-26,-12.89,False,False,False,False,False
NIACL.NS,The New India Assurance Company Limited,Financial Services,Unknown,False,Cash,1,Stage 2 Failed,Stage 1,Failed Stage 2,Failed Stage 2,Stage 2 Failed • Failed Stage 2,0.72,"This stock was recently Stage 2, but the latest structure no longer satisfies Stage 2 rules. It is kept as Stage 2 Failed until a fresh base/repair structure forms.",Recent Stage 2 break; public stage held as Stage 2 Failed.,2026-10-01,2026-09-25,,watchlist,weekly_watchlist,watchlist,0.0,4.01,1.8,0.0,0.0,4.01,1.8,-4.47,24.58,2418331441.12,"Stage 1, Stage 1 - Base/Repair, volume_dryup, weekly_volume_dryup, stage1_not_actionable, stage1_needs_more_base | Stage 2 failed state applied from stage memory.",725,698,Stage 2 Failed,watchlist,weekly_watchlist,4.32,-27,-2.5200000000000005,False,False,False,False,False
PHOENIXLTD.NS,The Phoenix Mills Limited,Realty,Unknown,True,F&O,1,Stage 2,Stage 2,Stage 2,Stage 2,Stage 2,0.76,Advancing structure detected.,,,2026-09-30,,watchlist,weekly_forming,watchlist,37.42,60.15,47.65,2.0,37.42,60.15,49.65,1.35,22.15,730200353.39,"Stage 2, Stage 2, weekly_vcp_ok, weekly_volume_dryup, weekly_strong",71,44,Stage 2,watchlist,weekly_forming,54.87,-27,-5.219999999999999,False,False,False,False,False
POLICYBZR.NS,PB Fintech Limited,Financial Services,Unknown,True,F&O,1,Stage 2 Failed,Stage 4,Failed Stage 2,Failed Stage 2,Stage 2 Failed • Failed Stage 2,0.72,"This stock was recently Stage 2, but the latest structure no longer satisfies Stage 2 rules. It is kept as Stage 2 Failed until a fresh base/repair structure forms.",Recent Stage 2 break; public stage held as Stage 2 Failed.,2026-10-01,2026-09-23,,watchlist,weekly_watchlist,watchlist,11.97,36.9,23.19,0.0,11.97,36.9,23.19,-30.83,-33.47,8690385493.1,"Stage 4, Stage 4 - Weak/Declining, weekly_vcp_ok, weekly_strong, downtrend | Stage 2 failed state applied from stage memory.",347,319,Stage 2 Failed,watchlist,weekly_watchlist,24.64,-28,-1.4499999999999993,False,False,False,False,False
VMART.NS,V-Mart Retail Limited,Consumer Services,Unknown,False,Cash,1,Stage 2,Stage 2,Early Stage 2,Early Stage 2,Stage 2 • Early Stage 2,0.72,"Price has moved above long-term structure, but the full moving-average stack is not clean yet.",,,2026-09-30,,watchlist,weekly_watchlist,watchlist,13.63,19.2,16.14,2.0,13.63,19.2,18.14,3.71,20.3,61854702.91,"Stage 2, Early Stage 2, volume_dryup, weekly_volume_dryup",473,445,Stage 2,watchlist,weekly_watchlist,19.69,-28,-1.5500000000000007,False,False,False,False,False
BAJAJFINSV.NS,Bajaj Finserv Limited,Financial Services,Unknown,True,F&O,1,Stage 4,Stage 4,Stage 4 - Weak/Declining,Stage 4 - Weak/Declining,Stage 4 • Stage 4 - Weak/Declining,0.72,Price is below long-term support with weak trend evidence.,,,2026-09-04,,watchlist,weekly_watchlist,watchlist,9.57,35.8,21.37,0.0,9.57,35.8,21.37,0.12,-1.7,1372468771.79,"Stage 4, Stage 4 - Weak/Declining, weekly_vcp_ok, weekly_strong, downtrend",391,363,Stage 4,watchlist,weekly_watchlist,23.17,-28,-1.8000000000000007,False,False,False,False,False
NSLNISP.NS,NMDC Steel Limited,Metals & Mining,Unknown,False,Cash,1,Stage 2 Failed,Stage 1,Failed Stage 2,Failed Stage 2,Stage 2 Failed • Failed Stage 2,0.72,"This stock was recently Stage 2, but the latest structure no longer satisfies Stage 2 rules. It is kept as Stage 2 Failed until a fresh base/repair structure forms.",Recent Stage 2 break; public stage held as Stage 2 Failed.,2026-10-01,2026-09-23,,watchlist,weekly_watchlist,watchlist,0.0,9.8,4.41,0.0,0.0,9.8,4.41,2.88,3.13,192175182.28,"Stage 1, Stage 1 - Base/Repair, volume_dryup, weekly_volume_dryup, stage1_not_actionable, stage1_needs_more_base | Stage 2 failed state applied from stage memory.",688,660,Stage 2 Failed,watchlist,weekly_watchlist,6.33,-28,-1.92,False,False,False,False,False
FEDERALBNK.NS,The Federal Bank Limited,Financial Services,Unknown,True,F&O,1,Stage 2 Failed,Stage 3,Failed Stage 2,Failed Stage 2,Stage 2 Failed • Failed Stage 2,0.72,"This stock was recently Stage 2, but the latest structure no longer satisfies Stage 2 rules. It is kept as Stage 2 Failed until a fresh base/repair structure forms.",Recent Stage 2 break; public stage held as Stage 2 Failed.,2026-10-01,2026-09-29,,watchlist,weekly_watchlist,watchlist,0.0,40.79,18.36,0.0,0.0,40.79,18.36,4.52,13.38,1857851698.46,"Stage 3, Stage 3 - Transition, weekly_vcp_ok, weekly_strong, distribution_risk | Stage 2 failed state applied from stage memory.",468,440,Stage 2 Failed,watchlist,weekly_watchlist,20.35,-28,-1.990000000000002,False,False,False,False,False
ANGELONE.NS,Angel One Limited,Financial Services,Unknown,True,F&O,1,Stage 2 Failed,Stage 4,Failed Stage 2,Failed Stage 2,Stage 2 Failed • Failed Stage 2,0.72,"This stock was recently Stage 2, but the latest structure no longer satisfies Stage 2 rules. It is kept as Stage 2 Failed until a fresh base/repair structure forms.",Recent Stage 2 break; public stage held as Stage 2 Failed.,2026-10-01,2026-09-23,,watchlist,weekly_watchlist,watchlist,0.0,3.2,1.44,0.0,0.0,3.2,1.44,-9.09,4.89,1496300869.39,"Stage 4, Stage 4 - Weak/Declining, volume_dryup, weekly_volume_dryup, downtrend | Stage 2 failed state applied from stage memory.",729,701,Stage 2 Failed,watchlist,weekly_watchlist,3.44,-28,-2.0,False,False,False,False,False
NUVAMA.NS,Nuvama Wealth Management Ltd.,Financial Services,Unknown,True,F&O,1,Stage 2 Failed,Stage 1,Failed Stage 2,Failed Stage 2,Stage 2 Failed • Failed Stage 2,0.72,"This stock was recently Stage 2, but the latest structure no longer satisfies Stage 2 rules. It is kept as Stage 2 Failed until a fresh base/repair structure forms.",Recent Stage 2 break; public stage held as Stage 2 Failed.,2026-10-01,2026-09-16,,watchlist,weekly_watchlist,watchlist,0.03,2.82,1.29,0.0,0.03,2.82,1.29,-3.03,35.22,483841068.47,"Stage 1, Stage 1 - Base/Repair, stage1_not_actionable, stage1_needs_more_base | Stage 2 failed state applied from stage memory.",730,702,Stage 2 Failed,watchlist,weekly_watchlist,3.43,-28,-2.14,False,False,False,False,False
MAHSEAMLES.NS,Maharashtra Seamless Limited,Capital Goods,Unknown,False,Cash,1,Stage 2,Stage 2,Clean Stage 2,Clean Stage 2,Stage 2 • Clean Stage 2,0.9,"Price is above rising key averages, weekly structure is supportive, and the stock is near its 52-week high.",,,2026-09-30,,watchlist,weekly_watchlist,watchlist,36.21,32.54,34.56,10.0,36.21,32.54,44.56,25.92,17.44,354574444.79,"Stage 2, Clean Stage 2, trend_template_ok",98,70,Stage 2,watchlist,weekly_watchlist,48.95,-28,-4.390000000000001,False,False,False,False,False
PGHH.NS,Procter & Gamble Hygiene and Health Care Limited,Fast Moving Consumer Goods,Unknown,False,Cash,1,Stage 4,Stage 4,Stage 4 - Confirmed Downtrend,Stage 4 - Confirmed Downtrend,Stage 4 • Stage 4 - Confirmed Downtrend,0.86,Price is below a bearish moving-average stack with falling trend signals.,,,,,watchlist,weekly_watchlist,watchlist,4.42,4.0,4.23,0.0,4.42,4.0,4.23,-17.45,-29.07,156201673.6,"Stage 4, Stage 4 - Confirmed Downtrend, downtrend",690,661,Stage 4,watchlist,weekly_watchlist,6.24,-29,-2.01,False,False,False,False,False
JKTYRE.NS,JK Tyre & Industries Limited,Automobile and Auto Components,Unknown,False,Cash,1,Stage 4,Stage 4,Stage 4 - Confirmed Downtrend,Stage 4 - Confirmed Downtrend,Stage 4 • Stage 4 - Confirmed Downtrend,0.86,Price is below a bearish moving-average stack with falling trend signals.,,,2026-03-02,,watchlist,weekly_watchlist,watchlist,10.05,36.9,22.13,5.0,10.05,36.9,27.13,-8.72,-17.53,163346549.72,"Stage 4, Stage 4 - Confirmed Downtrend, weekly_vcp_ok, weekly_strong, downtrend",258,229,Stage 4,watchlist,weekly_watchlist,29.73,-29,-2.6000000000000014,False,False,False,False,False
MCX.NS,Multi Commodity Exchange of India Limited,Financial Services,Unknown,True,F&O,1,Stage 2,Stage 2,Clean Stage 2,Clean Stage 2,Stage 2 • Clean Stage 2,0.9,"Price is above rising key averages, weekly structure is supportive, and the stock is near its 52-week high.",,,2026-09-30,,watchlist,weekly_near_pivot,watchlist,36.68,70.46,51.88,0.0,36.68,70.46,51.88,29.73,24.84,6060399228.45,"Stage 2, Clean Stage 2, trend_template_ok, weekly_vcp_ok, weekly_volume_dryup, weekly_strong",57,28,Stage 2,watchlist,weekly_near_pivot,59.73,-29,-7.849999999999994,False,False,False,False,False
SAFARI.NS,Safari Industries (India) Limited,Consumer Durables,Unknown,False,Cash,1,Stage 4,Stage 4,Stage 4 - Confirmed Downtrend,Stage 4 - Confirmed Downtrend,Stage 4 • Stage 4 - Confirmed Downtrend,0.86,Price is below a bearish moving-average stack with falling trend signals.,,,2025-12-24,,watchlist,weekly_watchlist,watchlist,8.2,36.9,21.12,0.0,8.2,36.9,21.12,-6.89,-7.83,60209073.43,"Stage 4, Stage 4 - Confirmed Downtrend, weekly_vcp_ok, weekly_strong, downtrend",400,370,Stage 4,watchlist,weekly_watchlist,22.76,-30,-1.6400000000000006,False,False,False,False,False
CHOICEIN.NS,Choice International Limited,Financial Services,Unknown,False,Cash,1,Stage 4,Stage 4,Stage 4 - Weak/Declining,Stage 4 - Weak/Declining,Stage 4 • Stage 4 - Weak/Declining,0.72,Price is below long-term support with weak trend evidence.,,,2026-08-24,,watchlist,weekly_watchlist,watchlist,0.0,37.15,16.72,0.0,0.0,37.15,16.72,0.67,12.86,303139501.74,"Stage 4, Stage 4 - Weak/Declining, weekly_vcp_ok, weekly_volume_dryup, weekly_strong, downtrend",502,472,Stage 4,watchlist,weekly_watchlist,18.57,-30,-1.8500000000000014,False,False,False,False,False
360ONE.NS,360 ONE WAM LIMITED,Financial Services,Unknown,True,F&O,1,Stage 4,Stage 4,Stage 4 - Weak/Declining,Stage 4 - Weak/Declining,Stage 4 • Stage 4 - Weak/Declining,0.72,Price is below long-term support with weak trend evidence.,,,2026-09-08,,watchlist,weekly_watchlist,watchlist,12.98,4.74,9.27,0.0,12.98,4.74,9.27,-1.35,8.79,1044655281.42,"Stage 4, Stage 4 - Weak/Declining, downtrend",626,596,Stage 4,watchlist,weekly_watchlist,11.28,-30,-2.01,False,False,False,False,False
NAM-INDIA.NS,Nippon Life India Asset Management Limited,Financial Services,Unknown,True,F&O,1,Stage 2 Failed,Stage 3,Failed Stage 2,Failed Stage 2,Stage 2 Failed • Failed Stage 2,0.72,"This stock was recently Stage 2, but the latest structure no longer satisfies Stage 2 rules. It is kept as Stage 2 Failed until a fresh base/repair structure forms.",Recent Stage 2 break; public stage held as Stage 2 Failed.,2026-10-01,2026-09-18,,watchlist,weekly_watchlist,watchlist,0.0,0.0,0.0,0.0,0.0,0.0,0.0,-4.07,18.21,1059066232.28,"Stage 3, Stage 3 - Distribution/Damage, volume_dryup, weekly_volume_dryup, distribution_risk | Stage 2 failed state applied from stage memory.",748,718,Stage 2 Failed,watchlist,weekly_watchlist,2.01,-30,-2.01,False,False,False,False,False
ADANIPOWER.NS,Adani Power Limited,Power,Unknown,True,F&O,1,Stage 3,Stage 3,Stage 3 - Distribution/Damage,Stage 3 - Distribution/Damage,Stage 3 • Stage 3 - Distribution/Damage,0.76,"Prior strength exists, but short-term and/or weekly structure is deteriorating.",,,2026-08-03,,watchlist,weekly_watchlist,watchlist,16.54,0.0,9.1,0.0,16.54,0.0,9.1,-1.8,17.02,3503485623.95,"Stage 3, Stage 3 - Distribution/Damage, distribution_risk",627,597,Stage 3,watchlist,weekly_watchlist,11.21,-30,-2.110000000000001,False,False,False,False,False
SBICARD.NS,SBI Cards and Payment Services Limited,Financial Services,Unknown,True,F&O,1,Stage 4,Stage 4,Stage 4 - Weak/Declining,Stage 4 - Weak/Declining,Stage 4 • Stage 4 - Weak/Declining,0.72,Price is below long-term support with weak trend evidence.,,,2025-10-29,,watchlist,weekly_watchlist,watchlist,14.0,32.13,22.16,0.0,14.0,32.13,22.16,1.32,-14.96,923828829.74,"Stage 4, Stage 4 - Weak/Declining, weekly_vcp_ok, volume_dryup, weekly_volume_dryup, weekly_strong, downtrend",369,338,Stage 4,watchlist,weekly_watchlist,24.12,-31,-1.9600000000000009,False,False,False,False,False
CENTRALBK.NS,Central Bank of India,Financial Services,Unknown,False,Cash,1,Stage 4,Stage 4,Stage 4 - Confirmed Downtrend,Stage 4 - Confirmed Downtrend,Stage 4 • Stage 4 - Confirmed Downtrend,0.86,Price is below a bearish moving-average stack with falling trend signals.,,,,,watchlist,weekly_watchlist,watchlist,10.0,36.9,22.11,0.0,10.0,36.9,22.11,1.59,-12.71,212530970.92,"Stage 4, Stage 4 - Confirmed Downtrend, weekly_vcp_ok, weekly_volume_dryup, weekly_strong, downtrend",370,339,Stage 4,watchlist,weekly_watchlist,24.11,-31,-2.0,False,False,False,False,False
SHRIRAMFIN.NS,Shriram Finance Ltd.,Financial Services,Unknown,True,F&O,1,Stage 2 Failed,Stage 1,Failed Stage 2,Failed Stage 2,Stage 2 Failed • Failed Stage 2,0.72,"This stock was recently Stage 2, but the latest structure no longer satisfies Stage 2 rules. It is kept as Stage 2 Failed until a fresh base/repair structure forms.",Recent Stage 2 break; public stage held as Stage 2 Failed.,2026-10-01,2026-09-10,,watchlist,weekly_watchlist,watchlist,0.0,42.9,19.3,0.0,0.0,42.9,19.3,-3.2,-5.99,3902454015.84,"Stage 1, Stage 1 - Base/Repair, weekly_vcp_ok, weekly_strong, stage1_not_actionable, stage1_needs_more_base | Stage 2 failed state applied from stage memory.",435,404,Stage 2 Failed,watchlist,weekly_watchlist,21.49,-31,-2.1899999999999977,False,False,False,False,False
IFCI.NS,IFCI Limited,Financial Services,Unknown,False,Cash,1,Stage 2 Failed,Stage 1,Failed Stage 2,Failed Stage 2,Stage 2 Failed • Failed Stage 2,0.72,"This stock was recently Stage 2, but the latest structure no longer satisfies Stage 2 rules. It is kept as Stage 2 Failed until a fresh base/repair structure forms.",Recent Stage 2 break; public stage held as Stage 2 Failed.,2026-10-01,2026-09-23,,watchlist,weekly_watchlist,watchlist,10.41,4.65,7.82,0.0,10.41,4.65,7.82,-4.3,18.8,9022781983.21,"Stage 1, Stage 1 - Base/Repair, volume_dryup, weekly_volume_dryup, stage1_not_actionable, stage1_needs_more_base | Stage 2 failed state applied from stage memory.",639,608,Stage 2 Failed,watchlist,weekly_watchlist,10.02,-31,-2.1999999999999993,False,False,False,False,False
POWERMECH.NS,Power Mech Projects Limited,Construction,Unknown,False,Cash,1,Stage 3,Stage 3,Stage 3 - Transition,Stage 3 - Transition,Stage 3 • Stage 3 - Transition,0.62,"The structure is transitioning after prior strength, but it is not yet a confirmed Stage 4 decline.",,,2026-07-29,,watchlist,weekly_watchlist,watchlist,11.88,8.08,10.17,0.0,11.88,8.08,10.17,3.78,20.99,152982444.29,"Stage 3, Stage 3 - Transition, distribution_risk",610,579,Stage 3,watchlist,weekly_watchlist,13.38,-31,-3.210000000000001,False,False,False,False,False
OIL.NS,Oil India Limited,"Oil, Gas & Consumable Fuels",Unknown,True,F&O,1,Stage 2 Failed,Stage 1,Failed Stage 2,Failed Stage 2,Stage 2 Failed • Failed Stage 2,0.72,"This stock was recently Stage 2, but the latest structure no longer satisfies Stage 2 rules. It is kept as Stage 2 Failed until a fresh base/repair structure forms.",Recent Stage 2 break; public stage held as Stage 2 Failed.,2026-10-01,2026-09-28,,watchlist,weekly_watchlist,watchlist,16.11,4.34,10.81,5.0,16.11,4.34,15.81,13.36,-1.92,1032802640.07,"Stage 1, Stage 1 - Base/Repair, volume_dryup, weekly_volume_dryup, stage1_not_actionable, stage1_needs_more_base | Stage 2 failed state applied from stage memory.",552,520,Stage 2 Failed,watchlist,weekly_watchlist,16.71,-32,-0.9000000000000004,False,False,False,False,False
SAREGAMA.NS,Saregama India Limited,"Media, Entertainment & Publication",Unknown,False,Cash,1,Stage 2,Stage 2,Early Stage 2,Early Stage 2,Stage 2 • Early Stage 2,0.72,"Price has moved above long-term structure, but the full moving-average stack is not clean yet.",,,2026-09-30,,watchlist,weekly_watchlist,watchlist,38.98,23.9,32.19,2.0,38.98,23.9,34.19,15.74,55.29,195601893.49,"Stage 2, Early Stage 2, daily_vcp_ok, volume_dryup, weekly_volume_dryup",173,141,Stage 2,watchlist,weekly_watchlist,39.54,-32,-5.350000000000001,False,False,False,False,False
RADICO.NS,Radico Khaitan Limited,Fast Moving Consumer Goods,Unknown,False,Cash,1,Stage 2,Stage 2,Early Stage 2,Early Stage 2,Stage 2 • Early Stage 2,0.72,"Price has moved above long-term structure, but the full moving-average stack is not clean yet.",,,2026-09-30,,watchlist,weekly_watchlist,watchlist,22.75,29.47,25.77,0.0,22.75,29.47,25.77,11.83,54.86,1047638352.67,"Stage 2, Early Stage 2, weekly_volume_dryup",305,272,Stage 2,watchlist,weekly_watchlist,26.66,-33,-0.8900000000000006,False,False,False,False,False
UBL.NS,United Breweries Limited,Fast Moving Consumer Goods,Unknown,False,Cash,1,Stage 4,Stage 4,Stage 4 - Confirmed Downtrend,Stage 4 - Confirmed Downtrend,Stage 4 • Stage 4 - Confirmed Downtrend,0.86,Price is below a bearish moving-average stack with falling trend signals.,,,,,watchlist,weekly_watchlist,watchlist,7.51,4.0,5.93,0.0,7.51,4.0,5.93,-3.65,-18.86,198591216.27,"Stage 4, Stage 4 - Confirmed Downtrend, downtrend",664,631,Stage 4,watchlist,weekly_watchlist,8.58,-33,-2.6500000000000004,False,False,False,False,False
FINEORG.NS,Fine Organic Industries Limited,Chemicals,Unknown,False,Cash,1,Stage 2,Stage 2,Clean Stage 2,Clean Stage 2,Stage 2 • Clean Stage 2,0.9,"Price is above rising key averages, weekly structure is supportive, and the stock is near its 52-week high.",,,2026-09-30,,watchlist,weekly_near_pivot,watchlist,18.47,69.51,41.44,5.0,18.47,69.51,46.44,8.32,17.83,97955289.97,"Stage 2, Clean Stage 2, weekly_vcp_ok, volume_dryup, weekly_volume_dryup, weekly_strong",91,58,Stage 2,watchlist,weekly_near_pivot,51.73,-33,-5.289999999999999,False,False,False,False,False
UTIAMC.NS,UTI Asset Management Company Limited,Financial Services,Unknown,False,Cash,1,Stage 4,Stage 4,Stage 4 - Confirmed Downtrend,Stage 4 - Confirmed Downtrend,Stage 4 • Stage 4 - Confirmed Downtrend,0.86,Price is below a bearish moving-average stack with falling trend signals.,,,,,watchlist,weekly_watchlist,watchlist,8.55,38.0,21.8,0.0,8.55,38.0,21.8,1.72,-3.57,86538235.1,"Stage 4, Stage 4 - Confirmed Downtrend, weekly_vcp_ok, volume_dryup, weekly_volume_dryup, weekly_strong, downtrend",379,345,Stage 4,watchlist,weekly_watchlist,23.89,-34,-2.09,False,False,False,False,False
TCIEXP.NS,TCI Express Limited,Services,Unknown,False,Cash,1,Stage 4,Stage 4,Stage 4 - Weak/Declining,Stage 4 - Weak/Declining,Stage 4 • Stage 4 - Weak/Declining,0.72,Price is below long-term support with weak trend evidence.,,,2026-08-17,,watchlist,weekly_watchlist,watchlist,9.01,0.0,4.96,2.0,9.01,0.0,6.96,8.52,-0.4,181427603.31,"Stage 4, Stage 4 - Weak/Declining, downtrend",649,615,Stage 4,watchlist,weekly_watchlist,9.95,-34,-2.9899999999999993,False,False,False,False,False
TMB.NS,Tamilnad Mercantile Bank Limited,Financial Services,Unknown,False,Cash,1,Stage 2,Stage 2,Early Stage 2,Early Stage 2,Stage 2 • Early Stage 2,0.72,"Price has moved above long-term structure, but the full moving-average stack is not clean yet.",,,2026-09-30,,watchlist,weekly_watchlist,watchlist,22.53,22.63,22.58,0.0,22.53,22.63,22.58,21.75,36.55,124308495.47,"Stage 2, Early Stage 2, volume_dryup, weekly_volume_dryup",362,325,Stage 2,watchlist,weekly_watchlist,24.44,-37,-1.860000000000003,False,False,False,False,False
CANFINHOME.NS,Can Fin Homes Limited,Financial Services,Unknown,False,Cash,1,Stage 4,Stage 4,Stage 4 - Confirmed Downtrend,Stage 4 - Confirmed Downtrend,Stage 4 • Stage 4 - Confirmed Downtrend,0.86,Price is below a bearish moving-average stack with falling trend signals.,,,2026-07-17,,watchlist,weekly_watchlist,watchlist,0.0,35.8,16.11,0.0,0.0,35.8,16.11,-13.63,-12.95,204925735.65,"Stage 4, Stage 4 - Confirmed Downtrend, weekly_vcp_ok, weekly_strong, downtrend",518,481,Stage 4,watchlist,weekly_watchlist,18.11,-37,-2.0,False,False,False,False,False
LUPIN.NS,Lupin Limited,Healthcare,Unknown,True,F&O,1,Stage 4,Stage 4,Stage 4 - Weak/Declining,Stage 4 - Weak/Declining,Stage 4 • Stage 4 - Weak/Declining,0.72,Price is below long-term support with weak trend evidence.,,,2026-08-07,,watchlist,weekly_watchlist,watchlist,10.81,0.0,5.95,10.0,10.81,0.0,15.95,-9.62,-9.68,1391372123.6,"Stage 4, Stage 4 - Weak/Declining, volume_dryup, weekly_volume_dryup, downtrend",550,512,Stage 4,watchlist,weekly_watchlist,16.99,-38,-1.0399999999999991,False,False,False,False,False
CANBK.NS,Canara Bank,Financial Services,Unknown,True,F&O,1,Stage 4,Stage 4,Stage 4 - Confirmed Downtrend,Stage 4 - Confirmed Downtrend,Stage 4 • Stage 4 - Confirmed Downtrend,0.86,Price is below a bearish moving-average stack with falling trend signals.,,,2026-02-23,,watchlist,weekly_watchlist,watchlist,11.72,36.9,23.05,0.0,11.72,36.9,23.05,2.89,-11.02,1419334059.92,"Stage 4, Stage 4 - Confirmed Downtrend, weekly_vcp_ok, volume_dryup, weekly_strong, downtrend",351,313,Stage 4,watchlist,weekly_watchlist,24.93,-38,-1.879999999999999,False,False,False,False,False
HINDCOPPER.NS,Hindustan Copper Ltd.,Metals & Mining,Unknown,False,Cash,1,Stage 4,Stage 4,Stage 4 - Weak/Declining,Stage 4 - Weak/Declining,Stage 4 • Stage 4 - Weak/Declining,0.72,Price is below long-term support with weak trend evidence.,,,2026-08-24,,watchlist,weekly_watchlist,watchlist,0.0,35.8,16.11,0.0,0.0,35.8,16.11,1.85,-10.71,3838403019.42,"Stage 4, Stage 4 - Weak/Declining, weekly_vcp_ok, volume_dryup, weekly_volume_dryup, weekly_strong, downtrend",527,489,Not Sure,watchlist,weekly_watchlist,18.11,-38,-2.0,False,False,False,False,False
IREDA.NS,Indian Renewable Energy Development Agency Ltd.,Financial Services,Unknown,True,F&O,1,Stage 4,Stage 4,Stage 4 - Confirmed Downtrend,Stage 4 - Confirmed Downtrend,Stage 4 • Stage 4 - Confirmed Downtrend,0.86,Price is below a bearish moving-average stack with falling trend signals.,,,,,watchlist,weekly_watchlist,watchlist,0.0,35.8,16.11,0.0,0.0,35.8,16.11,-2.5,-7.62,520949550.88,"Stage 4, Stage 4 - Confirmed Downtrend, weekly_vcp_ok, weekly_strong, downtrend",531,493,Stage 4,watchlist,weekly_watchlist,18.11,-38,-2.0,False,False,False,False,False
M&MFIN.NS,Mahindra & Mahindra Financial Services Limited,Financial Services,Unknown,False,Cash,1,Stage 2 Failed,Stage 1,Failed Stage 2,Failed Stage 2,Stage 2 Failed • Failed Stage 2,0.72,"This stock was recently Stage 2, but the latest structure no longer satisfies Stage 2 rules. It is kept as Stage 2 Failed until a fresh base/repair structure forms.",Recent Stage 2 break; public stage held as Stage 2 Failed.,2026-10-01,2026-09-22,,watchlist,weekly_watchlist,watchlist,0.0,43.6,19.62,0.0,0.0,43.6,19.62,6.64,11.33,623715413.26,"Stage 1, Stage 1 - Base/Repair, weekly_vcp_ok, volume_dryup, weekly_volume_dryup, weekly_strong, stage1_not_actionable, stage1_needs_more_base | Stage 2 failed state applied from stage memory.",427,389,Stage 2 Failed,watchlist,weekly_watchlist,21.95,-38,-2.3299999999999983,False,False,False,False,False
UNIONBANK.NS,Union Bank of India,Financial Services,Unknown,True,F&O,1,Stage 2 Failed,Stage 1,Failed Stage 2,Failed Stage 2,Stage 2 Failed • Failed Stage 2,0.72,"This stock was recently Stage 2, but the latest structure no longer satisfies Stage 2 rules. It is kept as Stage 2 Failed until a fresh base/repair structure forms.",Recent Stage 2 break; public stage held as Stage 2 Failed.,2026-10-01,2026-09-25,,watchlist,weekly_watchlist,watchlist,0.0,43.53,19.59,0.0,0.0,43.53,19.59,12.26,-5.93,1352400006.93,"Stage 1, Stage 1 - Base/Repair, weekly_vcp_ok, weekly_strong, stage1_not_actionable, stage1_needs_more_base | Stage 2 failed state applied from stage memory.",428,390,Stage 2 Failed,watchlist,weekly_watchlist,21.94,-38,-2.3500000000000014,False,False,False,False,False
GRAVITA.NS,Gravita India Limited,Metals & Mining,Unknown,False,Cash,1,Stage 2 Failed,Stage 4,Failed Stage 2,Failed Stage 2,Stage 2 Failed • Failed Stage 2,0.72,"This stock was recently Stage 2, but the latest structure no longer satisfies Stage 2 rules. It is kept as Stage 2 Failed until a fresh base/repair structure forms.",Recent Stage 2 break; public stage held as Stage 2 Failed.,2026-10-01,2026-09-10,,watchlist,weekly_watchlist,watchlist,0.0,36.9,16.61,0.0,0.0,36.9,16.61,-12.75,-4.56,321312974.47,"Stage 4, Stage 4 - Weak/Declining, weekly_vcp_ok, weekly_strong, downtrend | Stage 2 failed state applied from stage memory.",504,465,Stage 2 Failed,watchlist,weekly_watchlist,18.61,-39,-2.0,False,False,False,False,False
CREDITACC.NS,CREDITACCESS GRAMEEN LIMITED,Financial Services,Unknown,False,Cash,1,Stage 2 Failed,Stage 4,Failed Stage 2,Failed Stage 2,Stage 2 Failed • Failed Stage 2,0.72,"This stock was recently Stage 2, but the latest structure no longer satisfies Stage 2 rules. It is kept as Stage 2 Failed until a fresh base/repair structure forms.",Recent Stage 2 break; public stage held as Stage 2 Failed.,2026-10-01,2026-09-14,,watchlist,weekly_watchlist,watchlist,0.0,35.8,16.11,0.0,0.0,35.8,16.11,-13.47,1.43,224777275.58,"Stage 4, Stage 4, weekly_vcp_ok, volume_dryup, weekly_volume_dryup, weekly_strong, downtrend | Stage 2 failed state applied from stage memory.",521,482,Stage 2 Failed,watchlist,weekly_watchlist,18.11,-39,-2.0,False,False,False,False,False
ICICIPRULI.NS,ICICI Prudential Life Insurance Company Limited,Financial Services,Unknown,True,F&O,1,Stage 4,Stage 4,Stage 4 - Confirmed Downtrend,Stage 4 - Confirmed Downtrend,Stage 4 • Stage 4 - Confirmed Downtrend,0.86,Price is below a bearish moving-average stack with falling trend signals.,,,2026-02-06,,watchlist,weekly_watchlist,watchlist,0.0,35.8,16.11,0.0,0.0,35.8,16.11,0.06,-15.85,758063543.49,"Stage 4, Stage 4 - Confirmed Downtrend, weekly_vcp_ok, weekly_strong, downtrend",529,490,Stage 4,watchlist,weekly_watchlist,18.11,-39,-2.0,False,False,False,False,False
ICRA.NS,ICRA Limited,Financial Services,Unknown,False,Cash,1,Stage 4,Stage 4,Stage 4 - Confirmed Downtrend,Stage 4 - Confirmed Downtrend,Stage 4 • Stage 4 - Confirmed Downtrend,0.86,Price is below a bearish moving-average stack with falling trend signals.,,,2025-11-06,,watchlist,weekly_watchlist,watchlist,0.0,35.8,16.11,0.0,0.0,35.8,16.11,-8.45,-12.68,128709673.1,"Stage 4, Stage 4 - Confirmed Downtrend, weekly_vcp_ok, weekly_volume_dryup, weekly_strong, downtrend",530,491,Stage 4,watchlist,weekly_watchlist,18.11,-39,-2.0,False,False,False,False,False
PSB.NS,Punjab & Sind Bank,Financial Services,Unknown,False,Cash,1,Stage 4,Stage 4,Stage 4 - Confirmed Downtrend,Stage 4 - Confirmed Downtrend,Stage 4 • Stage 4 - Confirmed Downtrend,0.86,Price is below a bearish moving-average stack with falling trend signals.,,,,,watchlist,weekly_watchlist,watchlist,0.0,36.9,16.61,0.0,0.0,36.9,16.61,-5.81,-11.74,18478059.22,"Stage 4, Stage 4 - Confirmed Downtrend, weekly_vcp_ok, volume_dryup, weekly_volume_dryup, weekly_strong, downtrend",509,469,Stage 4,watchlist,weekly_watchlist,18.61,-40,-2.0,False,False,False,False,False
SAMMAANCAP.NS,Sammaan Capital Ltd.,Financial Services,Unknown,True,F&O,1,Stage 4,Stage 4,Stage 4 - Weak/Declining,Stage 4 - Weak/Declining,Stage 4 • Stage 4 - Weak/Declining,0.72,Price is below long-term support with weak trend evidence.,,,2026-08-13,,watchlist,weekly_watchlist,watchlist,0.0,36.9,16.61,0.0,0.0,36.9,16.61,-13.37,-12.11,646327690.96,"Stage 4, Stage 4 - Weak/Declining, weekly_vcp_ok, volume_dryup, weekly_volume_dryup, weekly_strong, downtrend",510,470,Stage 4,watchlist,weekly_watchlist,18.61,-40,-2.0,False,False,False,False,False
BANKBARODA.NS,Bank of Baroda,Financial Services,Unknown,True,F&O,1,Stage 4,Stage 4,Stage 4 - Confirmed Downtrend,Stage 4 - Confirmed Downtrend,Stage 4 • Stage 4 - Confirmed Downtrend,0.86,Price is below a bearish moving-average stack with falling trend signals.,,,2026-06-26,,watchlist,weekly_watchlist,watchlist,6.27,0.0,3.45,0.0,6.27,0.0,3.45,1.35,-12.52,1551713139.53,"Stage 4, Stage 4 - Confirmed Downtrend, volume_dryup, downtrend",698,658,Stage 4,watchlist,weekly_watchlist,6.39,-40,-2.9399999999999995,False,False,False,False,False
NH.NS,Narayana Hrudayalaya Ltd.,Healthcare,Unknown,False,Cash,1,Stage 2 Failed,Stage 4,Failed Stage 2,Failed Stage 2,Stage 2 Failed • Failed Stage 2,0.72,"This stock was recently Stage 2, but the latest structure no longer satisfies Stage 2 rules. It is kept as Stage 2 Failed until a fresh base/repair structure forms.",Recent Stage 2 break; public stage held as Stage 2 Failed.,2026-10-01,2026-09-23,,watchlist,weekly_watchlist,watchlist,9.06,0.0,4.98,10.0,9.06,0.0,14.98,-4.63,2.72,402232812.48,"Stage 4, Stage 4 - Weak/Declining, volume_dryup, downtrend | Stage 2 failed state applied from stage memory.",562,521,Stage 2 Failed,watchlist,weekly_watchlist,16.67,-41,-1.6900000000000013,False,False,False,False,False
IMFA.NS,Indian Metals & Ferro Alloys Limited,Metals & Mining,Unknown,False,Cash,1,Stage 4,Stage 4,Stage 4 - Weak/Declining,Stage 4 - Weak/Declining,Stage 4 • Stage 4 - Weak/Declining,0.72,Price is below long-term support with weak trend evidence.,,,2026-08-24,,watchlist,weekly_watchlist,watchlist,0.0,36.9,16.61,0.0,0.0,36.9,16.61,-4.76,-10.85,108004304.18,"Stage 4, Stage 4 - Weak/Declining, weekly_vcp_ok, volume_dryup, weekly_volume_dryup, weekly_strong, downtrend",507,466,Stage 4,watchlist,weekly_watchlist,18.61,-41,-2.0,False,False,False,False,False
SBIN.NS,State Bank of India,Financial Services,Unknown,True,F&O,1,Stage 4,Stage 4,Stage 4 - Confirmed Downtrend,Stage 4 - Confirmed Downtrend,Stage 4 • Stage 4 - Confirmed Downtrend,0.86,Price is below a bearish moving-average stack with falling trend signals.,,,2026-08-31,,watchlist,weekly_watchlist,watchlist,8.2,35.8,20.62,0.0,8.2,35.8,20.62,0.13,-7.36,7917707195.34,"Stage 4, Stage 4 - Confirmed Downtrend, weekly_vcp_ok, weekly_strong, downtrend",417,376,Stage 4,watchlist,weekly_watchlist,22.68,-41,-2.0599999999999987,False,False,False,False,False
NATIONALUM.NS,National Aluminium Company Limited,Metals & Mining,Unknown,True,F&O,1,Stage 4,Stage 4,Stage 4 - Weak/Declining,Stage 4 - Weak/Declining,Stage 4 • Stage 4 - Weak/Declining,0.72,Price is below long-term support with weak trend evidence.,,,2026-08-31,,watchlist,weekly_watchlist,watchlist,9.45,35.8,21.31,0.0,9.45,35.8,21.31,6.24,-14.54,1625159225.43,"Stage 4, Stage 4 - Weak/Declining, weekly_vcp_ok, volume_dryup, weekly_volume_dryup, weekly_strong, downtrend",394,353,Stage 4,watchlist,weekly_watchlist,23.63,-41,-2.3200000000000003,False,False,False,False,False
LICI.NS,Life Insurance Corporation Of India,Financial Services,Unknown,True,F&O,1,Stage 4,Stage 4,Stage 4 - Weak/Declining,Stage 4 - Weak/Declining,Stage 4 • Stage 4 - Weak/Declining,0.72,Price is below long-term support with weak trend evidence.,,,2026-08-03,,watchlist,weekly_watchlist,watchlist,7.23,0.0,3.98,0.0,7.23,0.0,3.98,-1.78,2.19,2812894784.99,"Stage 4, Stage 4 - Weak/Declining, volume_dryup, weekly_volume_dryup, downtrend",692,651,Stage 4,watchlist,weekly_watchlist,6.61,-41,-2.6300000000000003,False,False,False,False,False
MFSL.NS,Max Financial Services Limited,Financial Services,Unknown,True,F&O,1,Stage 4,Stage 4,Stage 4 - Confirmed Downtrend,Stage 4 - Confirmed Downtrend,Stage 4 • Stage 4 - Confirmed Downtrend,0.86,Price is below a bearish moving-average stack with falling trend signals.,,,2026-03-11,,watchlist,weekly_watchlist,watchlist,0.0,35.8,16.11,0.0,0.0,35.8,16.11,-5.26,-11.14,1916297203.78,"Stage 4, Stage 4 - Confirmed Downtrend, weekly_vcp_ok, weekly_strong, downtrend",536,494,Stage 4,watchlist,weekly_watchlist,18.11,-42,-2.0,False,False,False,False,False
MUTHOOTFIN.NS,Muthoot Finance Limited,Financial Services,Unknown,True,F&O,1,Stage 4,Stage 4,Stage 4 - Confirmed Downtrend,Stage 4 - Confirmed Downtrend,Stage 4 • Stage 4 - Confirmed Downtrend,0.86,Price is below a bearish moving-average stack with falling trend signals.,,,2026-02-12,,watchlist,weekly_watchlist,watchlist,0.0,35.8,16.11,0.0,0.0,35.8,16.11,-5.46,-21.23,1673760418.08,"Stage 4, Stage 4 - Confirmed Downtrend, weekly_vcp_ok, volume_dryup, weekly_volume_dryup, weekly_strong, downtrend",537,495,Stage 4,watchlist,weekly_watchlist,18.11,-42,-2.0,False,False,False,False,False
FUSION.NS,Fusion Micro Finance Limited,Financial Services,Unknown,False,Cash,1,Stage 2 Failed,Stage 4,Failed Stage 2,Failed Stage 2,Stage 2 Failed • Failed Stage 2,0.72,"This stock was recently Stage 2, but the latest structure no longer satisfies Stage 2 rules. It is kept as Stage 2 Failed until a fresh base/repair structure forms.",Recent Stage 2 break; public stage held as Stage 2 Failed.,2026-10-01,2026-09-14,,watchlist,weekly_watchlist,watchlist,12.12,35.8,22.78,0.0,12.12,35.8,22.78,-15.96,10.01,107850452.74,"Stage 4, Stage 4, weekly_vcp_ok, volume_dryup, weekly_strong, downtrend | Stage 2 failed state applied from stage memory.",357,315,Stage 2 Failed,watchlist,weekly_watchlist,24.85,-42,-2.0700000000000003,False,False,False,False,False
CDSL.NS,Central Depository Services (India) Ltd.,Financial Services,Unknown,True,F&O,1,Stage 2 Failed,Stage 4,Failed Stage 2,Failed Stage 2,Stage 2 Failed • Failed Stage 2,0.72,"This stock was recently Stage 2, but the latest structure no longer satisfies Stage 2 rules. It is kept as Stage 2 Failed until a fresh base/repair structure forms.",Recent Stage 2 break; public stage held as Stage 2 Failed.,2026-10-01,2026-09-18,,watchlist,weekly_watchlist,watchlist,10.04,35.8,21.63,0.0,10.04,35.8,21.63,0.41,-1.47,1538915422.35,"Stage 4, Stage 4 - Weak/Declining, weekly_vcp_ok, weekly_strong, downtrend | Stage 2 failed state applied from stage memory.",384,342,Stage 2 Failed,watchlist,weekly_watchlist,23.92,-42,-2.2900000000000027,False,False,False,False,False
EQUITASBNK.NS,Equitas Small Finance Bank Limited,Financial Services,Unknown,False,Cash,1,Stage 1,Stage 1,Stage 1 - Base/Repair,Stage 1 - Base/Repair,Stage 1 • Stage 1 - Base/Repair,0.7,Price is near long-term moving averages with no strong long-term downtrend signal.,,,2026-08-31,,watchlist,weekly_watchlist,watchlist,0.0,42.58,19.16,0.0,0.0,42.58,19.16,-5.45,13.21,125630689.11,"Stage 1, Stage 1 - Base/Repair, weekly_vcp_ok, weekly_strong, stage1_not_actionable, stage1_needs_more_base",439,397,Stage 1,watchlist,weekly_watchlist,21.62,-42,-2.460000000000001,False,False,False,False,False
GODIGIT.NS,Go Digit General Insurance Ltd.,Financial Services,Unknown,False,Cash,1,Stage 4,Stage 4,Stage 4 - Confirmed Downtrend,Stage 4 - Confirmed Downtrend,Stage 4 • Stage 4 - Confirmed Downtrend,0.86,Price is below a bearish moving-average stack with falling trend signals.,,,,,watchlist,weekly_watchlist,watchlist,7.7,0.0,4.24,0.0,7.7,0.0,4.24,-9.41,-19.85,269846327.35,"Stage 4, Stage 4 - Confirmed Downtrend, downtrend",689,647,Stage 4,watchlist,weekly_watchlist,6.8,-42,-2.5599999999999996,False,False,False,False,False
BANDHANBNK.NS,Bandhan Bank Limited,Financial Services,Unknown,True,F&O,1,Stage 1,Stage 1,Stage 1 - Base/Repair,Stage 1 - Base/Repair,Stage 1 • Stage 1 - Base/Repair,0.7,Price is near long-term moving averages with no strong long-term downtrend signal.,,,2026-07-21,,watchlist,weekly_watchlist,watchlist,7.98,10.37,9.06,0.0,7.98,10.37,9.06,-5.22,8.89,2440084652.74,"Stage 1, Stage 1 - Base/Repair, weekly_volume_dryup, stage1_not_actionable, stage1_needs_more_base",628,586,Stage 1,watchlist,weekly_watchlist,12.41,-42,-3.3499999999999996,False,False,False,False,False
POONAWALLA.NS,Poonawalla Fincorp Limited,Financial Services,Unknown,False,Cash,1,Stage 2 Failed,Stage 1,Failed Stage 2,Failed Stage 2,Stage 2 Failed • Failed Stage 2,0.72,"This stock was recently Stage 2, but the latest structure no longer satisfies Stage 2 rules. It is kept as Stage 2 Failed until a fresh base/repair structure forms.",Recent Stage 2 break; public stage held as Stage 2 Failed.,2026-10-01,2026-09-23,,watchlist,weekly_watchlist,watchlist,0.0,28.67,12.9,0.0,0.0,28.67,12.9,0.09,5.62,564294747.34,"Stage 1, Stage 1 - Unclear/Repair, weekly_vcp_ok, weekly_volume_dryup, stage1_not_actionable, stage1_needs_more_base | Stage 2 failed state applied from stage memory.",577,535,Stage 2 Failed,watchlist,weekly_watchlist,16.37,-42,-3.4700000000000006,False,False,False,False,False
PILANIINVS.NS,Pilani Investment and Industries Corporation Limited,Financial Services,Unknown,False,Cash,1,Stage 4,Stage 4,Stage 4 - Confirmed Downtrend,Stage 4 - Confirmed Downtrend,Stage 4 • Stage 4 - Confirmed Downtrend,0.86,Price is below a bearish moving-average stack with falling trend signals.,,,2025-11-17,,watchlist,weekly_watchlist,watchlist,0.0,38.0,17.1,0.0,0.0,38.0,17.1,-3.31,-10.84,11302745.3,"Stage 4, Stage 4 - Confirmed Downtrend, weekly_vcp_ok, weekly_strong, downtrend",499,456,Stage 4,watchlist,weekly_watchlist,19.1,-43,-2.0,False,False,False,False,False
AXISBANK.NS,Axis Bank Limited,Financial Services,Unknown,True,F&O,1,Stage 4,Stage 4,Stage 4 - Confirmed Downtrend,Stage 4 - Confirmed Downtrend,Stage 4 • Stage 4 - Confirmed Downtrend,0.86,Price is below a bearish moving-average stack with falling trend signals.,,,2026-07-17,,watchlist,weekly_watchlist,watchlist,8.48,22.1,14.61,0.0,8.48,22.1,14.61,-0.95,-7.49,6007308470.47,"Stage 4, Stage 4 - Confirmed Downtrend, weekly_vcp_ok, downtrend",566,523,Stage 4,watchlist,weekly_watchlist,16.64,-43,-2.030000000000001,False,False,False,False,False
INDUSINDBK.NS,IndusInd Bank Ltd.,Financial Services,Unknown,True,F&O,1,Stage 2 Failed,Not Sure,Failed Stage 2,Failed Stage 2,Stage 2 Failed • Failed Stage 2,0.72,"This stock was recently Stage 2, but the latest structure no longer satisfies Stage 2 rules. It is kept as Stage 2 Failed until a fresh base/repair structure forms.",Recent Stage 2 break; public stage held as Stage 2 Failed.,2026-10-01,2026-09-23,,watchlist,weekly_watchlist,watchlist,1.36,12.24,6.26,0.0,1.36,12.24,6.26,-5.02,7.4,2002245886.6,"Not Sure, Not Sure | Stage 2 failed state applied from stage memory.",659,616,Stage 2 Failed,watchlist,weekly_watchlist,9.77,-43,-3.51,False,False,False,False,False
ANANTRAJ.NS,Anant Raj Limited,Realty,Unknown,False,Cash,1,Stage 2,Stage 2,Early Stage 2,Early Stage 2,Stage 2 • Early Stage 2,0.72,"Price has moved above long-term structure, but the full moving-average stack is not clean yet.",,,2026-09-30,,watchlist,weekly_watchlist,watchlist,31.7,18.02,25.54,2.0,31.7,18.02,27.54,15.78,20.43,1141158673.22,"Stage 2, Early Stage 2, volume_dryup, weekly_volume_dryup",251,208,Stage 2,watchlist,weekly_watchlist,31.97,-43,-4.43,False,False,False,False,False
HDFCLIFE.NS,HDFC Life Insurance Company Limited,Financial Services,Unknown,True,F&O,1,Stage 4,Stage 4,Stage 4 - Confirmed Downtrend,Stage 4 - Confirmed Downtrend,Stage 4 • Stage 4 - Confirmed Downtrend,0.86,Price is below a bearish moving-average stack with falling trend signals.,,,,,watchlist,weekly_watchlist,watchlist,5.2,36.9,19.46,0.0,5.2,36.9,19.46,1.54,-9.26,2648685982.0,"Stage 4, Stage 4 - Confirmed Downtrend, weekly_vcp_ok, weekly_strong, downtrend",432,387,Stage 4,watchlist,weekly_watchlist,22.05,-45,-2.59,False,False,False,False,False
SCI.NS,Shipping Corporation Of India Limited,Services,Unknown,False,Cash,1,Stage 2 Failed,Stage 4,Failed Stage 2,Failed Stage 2,Stage 2 Failed • Failed Stage 2,0.72,"This stock was recently Stage 2, but the latest structure no longer satisfies Stage 2 rules. It is kept as Stage 2 Failed until a fresh base/repair structure forms.",Recent Stage 2 break; public stage held as Stage 2 Failed.,2026-10-01,2026-09-10,,watchlist,weekly_watchlist,watchlist,0.0,35.24,15.86,2.0,0.0,35.24,17.86,0.45,13.93,358713125.18,"Stage 4, Stage 4, weekly_vcp_ok, volume_dryup, weekly_volume_dryup, weekly_strong, downtrend | Stage 2 failed state applied from stage memory.",493,447,Stage 2 Failed,watchlist,weekly_watchlist,19.65,-46,-1.7899999999999991,False,False,False,False,False
SBFC.NS,SBFC Finance Limited,Financial Services,Unknown,False,Cash,1,Stage 2 Failed,Stage 4,Failed Stage 2,Failed Stage 2,Stage 2 Failed • Failed Stage 2,0.72,"This stock was recently Stage 2, but the latest structure no longer satisfies Stage 2 rules. It is kept as Stage 2 Failed until a fresh base/repair structure forms.",Recent Stage 2 break; public stage held as Stage 2 Failed.,2026-10-01,2026-09-14,,watchlist,weekly_watchlist,watchlist,12.6,35.8,23.04,0.0,12.6,35.8,23.04,-0.75,-3.67,94515150.42,"Stage 4, Stage 4 - Weak/Declining, weekly_vcp_ok, volume_dryup, weekly_strong, downtrend | Stage 2 failed state applied from stage memory.",352,305,Stage 2 Failed,watchlist,weekly_watchlist,25.22,-47,-2.1799999999999997,False,False,False,False,False
DRREDDY.NS,Dr. Reddy's Laboratories Limited,Healthcare,Unknown,True,F&O,1,Stage 4,Stage 4,Stage 4 - Weak/Declining,Stage 4 - Weak/Declining,Stage 4 • Stage 4 - Weak/Declining,0.72,Price is below long-term support with weak trend evidence.,,,2026-07-08,,watchlist,weekly_watchlist,watchlist,12.64,7.68,10.41,10.0,12.64,7.68,20.41,-2.17,3.02,2312488493.25,"Stage 4, Stage 4 - Weak/Declining, downtrend",418,371,Stage 4,watchlist,weekly_watchlist,22.74,-47,-2.3299999999999983,False,False,False,False,False
APLLTD.NS,Alembic Pharmaceuticals Limited,Healthcare,Unknown,False,Cash,1,Stage 2 Failed,Not Sure,Failed Stage 2,Failed Stage 2,Stage 2 Failed • Failed Stage 2,0.72,"This stock was recently Stage 2, but the latest structure no longer satisfies Stage 2 rules. It is kept as Stage 2 Failed until a fresh base/repair structure forms.",Recent Stage 2 break; public stage held as Stage 2 Failed.,2026-10-01,2026-09-30,,watchlist,weekly_watchlist,watchlist,26.81,57.2,40.49,10.0,26.81,57.2,50.49,7.98,15.06,193049723.26,"Not Sure, Not Sure, weekly_vcp_ok, weekly_strong | Stage 2 failed state applied from stage memory.",62,15,Stage 2,watchlist,weekly_breakout,63.65,-47,-13.159999999999997,False,False,False,False,False
SBILIFE.NS,SBI Life Insurance Company Limited,Financial Services,Unknown,True,F&O,1,Stage 4,Stage 4,Stage 4 - Confirmed Downtrend,Stage 4 - Confirmed Downtrend,Stage 4 • Stage 4 - Confirmed Downtrend,0.86,Price is below a bearish moving-average stack with falling trend signals.,,,2026-03-02,,watchlist,weekly_watchlist,watchlist,0.0,35.8,16.11,0.0,0.0,35.8,16.11,2.18,-8.62,2105626025.71,"Stage 4, Stage 4 - Confirmed Downtrend, weekly_vcp_ok, weekly_strong, downtrend",544,496,Stage 4,watchlist,weekly_watchlist,18.11,-48,-2.0,False,False,False,False,False
SPANDANA.NS,Spandana Sphoorty Financial Limited,Financial Services,Unknown,False,Cash,1,Stage 4,Stage 4,Stage 4 - Confirmed Downtrend,Stage 4 - Confirmed Downtrend,Stage 4 • Stage 4 - Confirmed Downtrend,0.86,Price is below a bearish moving-average stack with falling trend signals.,,,2026-07-29,,watchlist,weekly_watchlist,watchlist,0.0,35.8,16.11,0.0,0.0,35.8,16.11,-18.83,1.56,24391288.41,"Stage 4, Stage 4 - Confirmed Downtrend, weekly_vcp_ok, volume_dryup, weekly_volume_dryup, weekly_strong, downtrend",546,498,Stage 4,watchlist,weekly_watchlist,18.11,-48,-2.0,False,False,False,False,False
ABCAPITAL.NS,Aditya Birla Capital Limited,Financial Services,Unknown,True,F&O,1,Stage 2 Failed,Stage 3,Failed Stage 2,Failed Stage 2,Stage 2 Failed • Failed Stage 2,0.72,"This stock was recently Stage 2, but the latest structure no longer satisfies Stage 2 rules. It is kept as Stage 2 Failed until a fresh base/repair structure forms.",Recent Stage 2 break; public stage held as Stage 2 Failed.,2026-10-01,2026-09-24,,watchlist,weekly_watchlist,watchlist,1.62,41.07,19.37,0.0,1.62,41.07,19.37,0.73,11.97,1025879194.6,"Stage 3, Stage 3 - Distribution/Damage, weekly_vcp_ok, weekly_strong, distribution_risk | Stage 2 failed state applied from stage memory.",433,385,Stage 2 Failed,watchlist,weekly_watchlist,22.13,-48,-2.759999999999998,False,False,False,False,False
CHOLAFIN.NS,Cholamandalam Investment and Finance Company Limited,Financial Services,Unknown,True,F&O,1,Stage 2 Failed,Stage 1,Failed Stage 2,Failed Stage 2,Stage 2 Failed • Failed Stage 2,0.72,"This stock was recently Stage 2, but the latest structure no longer satisfies Stage 2 rules. It is kept as Stage 2 Failed until a fresh base/repair structure forms.",Recent Stage 2 break; public stage held as Stage 2 Failed.,2026-10-01,2026-09-23,,watchlist,weekly_watchlist,watchlist,13.26,42.9,26.6,0.0,13.26,42.9,26.6,-6.5,2.83,2650973035.65,"Stage 1, Stage 1 - Base/Repair, weekly_vcp_ok, weekly_strong, stage1_not_actionable, stage1_needs_more_base | Stage 2 failed state applied from stage memory.",276,228,Stage 2 Failed,watchlist,weekly_watchlist,29.73,-48,-3.129999999999999,False,False,False,False,False
CAMS.NS,Computer Age Management Services Limited,Financial Services,Unknown,True,F&O,1,Stage 4,Stage 4,Stage 4 - Weak/Declining,Stage 4 - Weak/Declining,Stage 4 • Stage 4 - Weak/Declining,0.72,Price is below long-term support with weak trend evidence.,,,2026-08-31,,watchlist,weekly_watchlist,watchlist,0.0,33.8,15.21,0.0,0.0,33.8,15.21,-3.84,-1.98,778412177.48,"Stage 4, Stage 4 - Weak/Declining, weekly_vcp_ok, weekly_strong, downtrend",558,508,Stage 4,watchlist,weekly_watchlist,17.21,-50,-2.0,False,False,False,False,False
PFC.NS,Power Finance Corporation Limited,Financial Services,Unknown,True,F&O,1,Stage 4,Stage 4,Stage 4 - Weak/Declining,Stage 4 - Weak/Declining,Stage 4 • Stage 4 - Weak/Declining,0.72,Price is below long-term support with weak trend evidence.,,,2026-07-01,,watchlist,weekly_watchlist,watchlist,0.0,33.8,15.21,0.0,0.0,33.8,15.21,-13.25,-21.18,2908475474.46,"Stage 4, Stage 4 - Weak/Declining, weekly_vcp_ok, weekly_strong, downtrend",559,509,Stage 4,watchlist,weekly_watchlist,17.21,-50,-2.0,False,False,False,False,False
ABBOTINDIA.NS,Abbott India Limited,Healthcare,Unknown,False,Cash,1,Stage 3,Stage 3,Stage 3 - Transition,Stage 3 - Transition,Stage 3 • Stage 3 - Transition,0.62,"The structure is transitioning after prior strength, but it is not yet a confirmed Stage 4 decline.",,,2026-08-12,,watchlist,weekly_watchlist,watchlist,19.06,28.13,23.14,10.0,19.06,28.13,33.14,10.48,8.16,229615396.5,"Stage 3, Stage 3 - Transition, distribution_risk",184,131,Not Sure,watchlist,weekly_watchlist,40.37,-53,-7.229999999999997,False,False,False,False,False
VGUARD.NS,V-Guard Industries Limited,Consumer Durables,Unknown,False,Cash,1,Stage 2 Failed,Stage 4,Failed Stage 2,Failed Stage 2,Stage 2 Failed • Failed Stage 2,0.72,"This stock was recently Stage 2, but the latest structure no longer satisfies Stage 2 rules. It is kept as Stage 2 Failed until a fresh base/repair structure forms.",Recent Stage 2 break; public stage held as Stage 2 Failed.,2026-10-01,2026-09-21,,watchlist,weekly_watchlist,watchlist,11.32,35.8,22.34,0.0,11.32,35.8,22.34,5.35,-6.09,125031178.3,"Stage 4, Stage 4 - Weak/Declining, weekly_vcp_ok, volume_dryup, weekly_volume_dryup, weekly_strong, downtrend | Stage 2 failed state applied from stage memory.",366,311,Stage 2 Failed,watchlist,weekly_watchlist,25.02,-55,-2.6799999999999997,False,False,False,False,False
TATAINVEST.NS,Tata Investment Corporation Ltd.,Financial Services,Unknown,False,Cash,1,Stage 4,Stage 4,Stage 4 - Weak/Declining,Stage 4 - Weak/Declining,Stage 4 • Stage 4 - Weak/Declining,0.72,Price is below long-term support with weak trend evidence.,,,2025-10-29,,watchlist,weekly_watchlist,watchlist,0.0,35.93,16.17,0.0,0.0,35.93,16.17,0.31,0.98,1687984994.4,"Stage 4, Stage 4 - Weak/Declining, weekly_vcp_ok, volume_dryup, weekly_volume_dryup, weekly_strong, downtrend",515,459,Stage 4,watchlist,weekly_watchlist,18.78,-56,-2.6099999999999994,False,False,False,False,False
THELEELA.NS,Leela Palaces Hotels & Resorts Ltd.,Consumer Services,Unknown,False,Cash,1,Stage 2,Stage 2,Clean Stage 2,Clean Stage 2,Stage 2 • Clean Stage 2,0.9,"Price is above rising key averages, weekly structure is supportive, and the stock is near its 52-week high.",,,2026-09-30,,watchlist,weekly_watchlist,watchlist,38.43,30.79,34.99,2.0,38.43,30.79,36.99,21.51,38.43,205652697.21,"Stage 2, Clean Stage 2, trend_template_ok, volume_dryup",147,91,Stage 2,watchlist,weekly_watchlist,45.61,-56,-8.619999999999997,False,False,False,False,False
ORISSAMINE.NS,The Orissa Minerals Development Company Limited,Metals & Mining,Unknown,False,Cash,1,Stage 4,Stage 4,Stage 4 - Weak/Declining,Stage 4 - Weak/Declining,Stage 4 • Stage 4 - Weak/Declining,0.72,Price is below long-term support with weak trend evidence.,,,,,watchlist,weekly_watchlist,watchlist,0.0,35.8,16.11,0.0,0.0,35.8,16.11,0.08,-3.18,29721616.42,"Stage 4, Stage 4 - Weak/Declining, weekly_vcp_ok, volume_dryup, weekly_volume_dryup, weekly_strong, downtrend",538,479,Stage 4,watchlist,weekly_watchlist,18.21,-59,-2.1000000000000014,False,False,False,False,False
DELHIVERY.NS,Delhivery Limited,Services,Unknown,True,F&O,1,Stage 4,Stage 4,Stage 4 - Weak/Declining,Stage 4 - Weak/Declining,Stage 4 • Stage 4 - Weak/Declining,0.72,Price is below long-term support with weak trend evidence.,,,2026-09-04,,watchlist,weekly_watchlist,watchlist,4.2,36.9,18.91,2.0,4.2,36.9,20.91,-14.54,-11.88,1142279314.77,"Stage 4, Stage 4 - Weak/Declining, weekly_vcp_ok, weekly_strong, downtrend",411,352,Stage 4,watchlist,weekly_watchlist,23.66,-59,-2.75,False,False,False,False,False
NIVABUPA.NS,Niva Bupa Health Insurance Company Ltd.,Financial Services,Unknown,False,Cash,1,Not Sure,Not Sure,Not Sure,Not Sure,Not Sure,0.0,Stage rules did not identify a reliable structure.,No confident stage classification.,,2026-08-25,,watchlist,weekly_watchlist,watchlist,0.0,8.4,3.78,0.0,0.0,8.4,3.78,-7.41,1.31,100628710.02,"Not Sure, Not Sure",695,636,Not Sure,watchlist,weekly_watchlist,8.39,-59,-4.610000000000001,False,False,False,False,False
UTKARSHBNK.NS,Utkarsh Small Finance Bank Limited,Financial Services,Unknown,False,Cash,1,Stage 4,Stage 4,Stage 4 - Weak/Declining,Stage 4 - Weak/Declining,Stage 4 • Stage 4 - Weak/Declining,0.72,Price is below long-term support with weak trend evidence.,,,,,watchlist,weekly_watchlist,watchlist,12.06,37.76,23.62,0.0,12.06,37.76,23.62,0.33,8.23,237049024.43,"Stage 4, Stage 4 - Weak/Declining, weekly_vcp_ok, volume_dryup, weekly_volume_dryup, weekly_strong, downtrend",340,280,Stage 4,watchlist,weekly_watchlist,26.26,-60,-2.6400000000000006,False,False,False,False,False
FIVESTAR.NS,Five-Star Business Finance Limited,Financial Services,Unknown,False,Cash,1,Stage 2 Failed,Not Sure,Failed Stage 2,Failed Stage 2,Stage 2 Failed • Failed Stage 2,0.72,"This stock was recently Stage 2, but the latest structure no longer satisfies Stage 2 rules. It is kept as Stage 2 Failed until a fresh base/repair structure forms.",Recent Stage 2 break; public stage held as Stage 2 Failed.,2026-10-01,2026-09-23,,watchlist,weekly_watchlist,watchlist,5.65,50.68,25.91,0.0,5.65,50.68,25.91,0.84,36.91,362249675.99,"Not Sure, Not Sure, weekly_vcp_ok, weekly_strong | Stage 2 failed state applied from stage memory.",302,242,Stage 2 Failed,watchlist,weekly_watchlist,28.58,-60,-2.669999999999998,False,False,False,False,False
APTUS.NS,Aptus Value Housing Finance India Limited,Financial Services,Unknown,False,Cash,1,Stage 4,Stage 4,Stage 4 - Weak/Declining,Stage 4 - Weak/Declining,Stage 4 • Stage 4 - Weak/Declining,0.72,Price is below long-term support with weak trend evidence.,,,2026-07-30,,watchlist,weekly_watchlist,watchlist,8.2,35.8,20.62,0.0,8.2,35.8,20.62,-12.48,8.98,424708574.01,"Stage 4, Stage 4 - Weak/Declining, weekly_vcp_ok, weekly_strong, downtrend",416,354,Stage 4,watchlist,weekly_watchlist,23.37,-62,-2.75,False,False,False,False,False
ADANIENT.NS,Adani Enterprises Limited,Metals & Mining,Unknown,True,F&O,1,Stage 1,Stage 1,Stage 1 - Base/Repair,Stage 1 - Base/Repair,Stage 1 • Stage 1 - Base/Repair,0.7,Price is near long-term moving averages with no strong long-term downtrend signal.,,,2026-09-09,,watchlist,weekly_watchlist,watchlist,2.36,9.39,5.52,0.0,2.36,9.39,5.52,-1.13,39.02,4439177116.9,"Stage 1, Stage 1 - Base/Repair, stage1_not_actionable, stage1_needs_more_base",668,605,Stage 2 Failed,watchlist,weekly_watchlist,10.25,-63,-4.73,False,False,False,False,False
JUBLINGREA.NS,Jubilant Ingrevia Limited,Chemicals,Unknown,False,Cash,1,Stage 4,Stage 4,Stage 4 - Weak/Declining,Stage 4 - Weak/Declining,Stage 4 • Stage 4 - Weak/Declining,0.72,Price is below long-term support with weak trend evidence.,,,2026-09-09,,watchlist,weekly_watchlist,watchlist,8.67,36.27,21.09,5.0,8.67,36.27,26.09,1.95,2.74,191490689.55,"Stage 4, Stage 4 - Weak/Declining, weekly_vcp_ok, weekly_strong, downtrend",301,237,Stage 2 Failed,watchlist,weekly_watchlist,29.14,-64,-3.0500000000000007,False,False,False,False,False
KPIL.NS,Kalpataru Projects International Limited,Construction,Unknown,False,Cash,1,Stage 2,Stage 2,Early Stage 2,Early Stage 2,Stage 2 • Early Stage 2,0.72,"Price has moved above long-term structure, but the full moving-average stack is not clean yet.",,,2026-09-30,,watchlist,weekly_watchlist,watchlist,40.9,29.03,35.56,0.0,40.9,29.03,35.56,8.48,21.83,193726870.31,"Stage 2, Early Stage 2, daily_vcp_ok, volume_dryup, weekly_volume_dryup",160,96,Stage 2,forming_vcp,weekly_watchlist,45.43,-64,-9.869999999999997,False,False,False,False,False
BAJFINANCE.NS,Bajaj Finance Limited,Financial Services,Unknown,True,F&O,1,Stage 2 Failed,Stage 1,Failed Stage 2,Failed Stage 2,Stage 2 Failed • Failed Stage 2,0.72,"This stock was recently Stage 2, but the latest structure no longer satisfies Stage 2 rules. It is kept as Stage 2 Failed until a fresh base/repair structure forms.",Recent Stage 2 break; public stage held as Stage 2 Failed.,2026-10-01,2026-09-29,,watchlist,weekly_watchlist,watchlist,5.94,42.26,22.28,0.0,5.94,42.26,22.28,-0.82,5.41,6042139379.94,"Stage 1, Stage 1 - Base/Repair, weekly_vcp_ok, weekly_strong, stage1_not_actionable, stage1_needs_more_base | Stage 2 failed state applied from stage memory.",367,302,Stage 2 Failed,watchlist,weekly_watchlist,25.42,-65,-3.1400000000000006,False,False,False,False,False
RAIN.NS,Rain Industries Limited,Chemicals,Unknown,False,Cash,1,Stage 2,Stage 2,Early Stage 2,Early Stage 2,Stage 2 • Early Stage 2,0.72,"Price has moved above long-term structure, but the full moving-average stack is not clean yet.",,,2026-09-30,,watchlist,weekly_watchlist,watchlist,41.06,27.2,34.82,5.0,41.06,27.2,39.82,12.5,78.51,837195901.47,"Stage 2, Early Stage 2, volume_dryup, weekly_volume_dryup",128,63,Stage 2,watchlist,weekly_watchlist,50.85,-65,-11.030000000000001,False,False,False,False,False
BALRAMCHIN.NS,Balrampur Chini Mills Limited,Fast Moving Consumer Goods,Unknown,False,Cash,1,Stage 2,Stage 2,Early Stage 2,Early Stage 2,Stage 2 • Early Stage 2,0.72,"Price has moved above long-term structure, but the full moving-average stack is not clean yet.",,,2026-09-30,,watchlist,weekly_forming,watchlist,16.8,63.6,37.86,0.0,16.8,63.6,37.86,21.76,36.24,1087112040.41,"Stage 2, Early Stage 2, weekly_vcp_ok, volume_dryup, weekly_volume_dryup, weekly_strong",140,72,Stage 2,watchlist,weekly_forming,48.61,-68,-10.75,False,False,False,False,False
CAPLIPOINT.NS,Caplin Point Laboratories Limited,Healthcare,Unknown,False,Cash,1,Stage 2,Stage 2,Early Stage 2,Early Stage 2,Stage 2 • Early Stage 2,0.72,"Price has moved above long-term structure, but the full moving-average stack is not clean yet.",,,2026-09-30,,watchlist,weekly_watchlist,watchlist,38.83,24.4,32.34,10.0,38.83,24.4,42.34,10.92,65.13,546881307.42,"Stage 2, Early Stage 2, weekly_volume_dryup",112,43,Stage 2,watchlist,weekly_watchlist,56.02,-69,-13.68,False,False,False,False,False
MAHLIFE.NS,Mahindra Lifespace Developers Limited,Realty,Unknown,False,Cash,1,Stage 4,Stage 4,Stage 4 - Weak/Declining,Stage 4 - Weak/Declining,Stage 4 • Stage 4 - Weak/Declining,0.72,Price is below long-term support with weak trend evidence.,,,2026-08-31,,watchlist,weekly_watchlist,watchlist,0.49,0.22,0.37,2.0,0.49,0.22,2.37,2.9,3.29,33236119.29,"Stage 4, Stage 4 - Weak/Declining, volume_dryup, weekly_volume_dryup, downtrend",711,638,Stage 3,watchlist,weekly_watchlist,7.95,-73,-5.58,False,False,False,False,False
JSL.NS,Jindal Stainless Limited,Metals & Mining,Unknown,False,Cash,1,Stage 1,Stage 1,Stage 1 - Early Turn,Stage 1 - Early Turn,Stage 1 • Stage 1 - Early Turn,0.66,The stock is improving from a repair/base area but has not confirmed a clean Stage 2 yet.,,,2026-02-26,,watchlist,weekly_watchlist,watchlist,0.0,51.08,22.99,0.0,0.0,51.08,22.99,14.02,-1.2,958598712.9,"Stage 1, Stage 1 - Early Turn, weekly_vcp_ok, weekly_strong, stage1_not_actionable, stage1_needs_more_base",353,277,Stage 1,watchlist,weekly_watchlist,26.5,-76,-3.5100000000000016,False,False,False,False,False
ELGIEQUIP.NS,Elgi Equipments Limited,Capital Goods,Unknown,False,Cash,1,Stage 2,Stage 2,Early Stage 2,Early Stage 2,Stage 2 • Early Stage 2,0.72,"Price has moved above long-term structure, but the full moving-average stack is not clean yet.",,,2026-09-30,,watchlist,weekly_watchlist,watchlist,18.77,23.08,20.71,10.0,18.77,23.08,30.71,7.95,18.85,224666595.23,"Stage 2, Early Stage 2, volume_dryup, weekly_volume_dryup",209,133,Stage 2,watchlist,weekly_watchlist,40.04,-76,-9.329999999999998,False,False,False,False,False
PCBL.NS,PCBL LIMITED,Chemicals,Unknown,False,Cash,1,Stage 2,Stage 2,Early Stage 2,Early Stage 2,Stage 2 • Early Stage 2,0.72,"Price has moved above long-term structure, but the full moving-average stack is not clean yet.",,,2026-09-30,,watchlist,weekly_watchlist,watchlist,34.33,26.98,31.02,5.0,34.33,26.98,36.02,11.78,21.98,585478757.58,"Stage 2, Early Stage 2, daily_vcp_ok, volume_dryup, weekly_volume_dryup",157,81,Stage 2,forming_vcp,weekly_watchlist,47.83,-76,-11.809999999999995,False,False,False,False,False
IRFC.NS,Indian Railway Finance Corporation Limited,Financial Services,Unknown,True,F&O,1,Stage 4,Stage 4,Stage 4 - Confirmed Downtrend,Stage 4 - Confirmed Downtrend,Stage 4 • Stage 4 - Confirmed Downtrend,0.86,Price is below a bearish moving-average stack with falling trend signals.,,,,,watchlist,weekly_watchlist,watchlist,3.94,35.8,18.28,0.0,3.94,35.8,18.28,-6.08,-20.96,734839736.76,"Stage 4, Stage 4 - Confirmed Downtrend, weekly_vcp_ok, weekly_strong, downtrend",471,392,Stage 4,watchlist,weekly_watchlist,21.91,-79,-3.629999999999999,False,False,False,False,False
CHOLAHLDNG.NS,Cholamandalam Financial Holdings Limited,Financial Services,Unknown,False,Cash,1,Stage 4,Stage 4,Stage 4 - Confirmed Downtrend,Stage 4 - Confirmed Downtrend,Stage 4 • Stage 4 - Confirmed Downtrend,0.86,Price is below a bearish moving-average stack with falling trend signals.,,,2025-12-05,,watchlist,weekly_watchlist,watchlist,10.88,22.1,15.93,0.0,10.88,22.1,15.93,-11.12,-14.97,265078946.24,"Stage 4, Stage 4 - Confirmed Downtrend, weekly_vcp_ok, downtrend",551,471,Stage 4,watchlist,weekly_watchlist,18.59,-80,-2.66,False,False,False,False,False
PNB.NS,Punjab National Bank,Financial Services,Unknown,True,F&O,1,Stage 1,Stage 1,Stage 1 - Unclear/Repair,Stage 1 - Unclear/Repair,Stage 1 • Stage 1 - Unclear/Repair,0.58,Not enough evidence for Stage 2 or Stage 4; classified as repair/unclear structure.,,,2026-09-08,,watchlist,weekly_watchlist,watchlist,13.93,42.64,26.85,0.0,13.93,42.64,26.85,13.79,2.59,1466358069.13,"Stage 1, Stage 1 - Unclear/Repair, weekly_vcp_ok, weekly_strong, stage1_not_actionable, stage1_needs_more_base",267,184,Not Sure,watchlist,weekly_watchlist,34.98,-83,-8.129999999999995,False,False,False,False,False
ANANDRATHI.NS,Anand Rathi Wealth Limited,Financial Services,Unknown,False,Cash,1,Stage 2,Stage 2,Early Stage 2,Early Stage 2,Stage 2 • Early Stage 2,0.72,"Price has moved above long-term structure, but the full moving-average stack is not clean yet.",,,2026-09-30,,watchlist,weekly_watchlist,watchlist,15.99,33.34,23.8,0.0,15.99,33.34,23.8,11.41,25.99,759990051.22,"Stage 2, Early Stage 2",338,252,Stage 2,watchlist,weekly_watchlist,27.73,-86,-3.9299999999999997,False,False,False,False,False
JAYNECOIND.NS,Jayaswal Neco Industries Limited,Capital Goods,Unknown,False,Cash,1,Stage 2 Failed,Stage 3,Failed Stage 2,Failed Stage 2,Stage 2 Failed • Failed Stage 2,0.72,"This stock was recently Stage 2, but the latest structure no longer satisfies Stage 2 rules. It is kept as Stage 2 Failed until a fresh base/repair structure forms.",Recent Stage 2 break; public stage held as Stage 2 Failed.,2026-10-01,2026-09-30,,watchlist,weekly_watchlist,watchlist,0.0,42.52,19.13,10.0,0.0,42.52,29.13,12.88,14.29,481140043.89,"Stage 3, Stage 3 - Distribution/Damage, weekly_vcp_ok, volume_dryup, weekly_volume_dryup, weekly_strong, distribution_risk | Stage 2 failed state applied from stage memory.",234,137,Stage 2,watchlist,weekly_forming,39.66,-97,-10.529999999999998,False,False,False,False,False
EPL.NS,EPL Limited,Capital Goods,Unknown,False,Cash,1,Stage 2 Failed,Stage 1,Failed Stage 2,Failed Stage 2,Stage 2 Failed • Failed Stage 2,0.72,"This stock was recently Stage 2, but the latest structure no longer satisfies Stage 2 rules. It is kept as Stage 2 Failed until a fresh base/repair structure forms.",Recent Stage 2 break; public stage held as Stage 2 Failed.,2026-10-01,2026-09-30,,watchlist,weekly_watchlist,watchlist,0.0,43.51,19.58,10.0,0.0,43.51,29.58,3.04,3.1,531634631.71,"Stage 1, Stage 1 - Base/Repair, weekly_vcp_ok, volume_dryup, weekly_volume_dryup, weekly_strong, stage1_not_actionable, stage1_needs_more_base | Stage 2 failed state applied from stage memory.",226,127,Stage 2 Failed,watchlist,weekly_forming,41.19,-99,-11.61,False,False,False,False,False
GRWRHITECH.NS,Garware Hi-Tech Films Limited,Capital Goods,Unknown,False,Cash,1,Stage 2 Failed,Stage 1,Failed Stage 2,Failed Stage 2,Stage 2 Failed • Failed Stage 2,0.72,"This stock was recently Stage 2, but the latest structure no longer satisfies Stage 2 rules. It is kept as Stage 2 Failed until a fresh base/repair structure forms.",Recent Stage 2 break; public stage held as Stage 2 Failed.,2026-10-01,2026-09-30,,watchlist,weekly_watchlist,watchlist,0.62,49.8,22.75,10.0,0.62,49.8,32.75,7.84,88.96,401911524.58,"Stage 1, Stage 1 - Unclear/Repair, weekly_vcp_ok, volume_dryup, weekly_strong, stage1_not_actionable, stage1_needs_more_base | Stage 2 failed state applied from stage memory.",190,88,Stage 2,watchlist,weekly_forming,45.93,-102,-13.18,False,False,False,False,False
JSWHL.NS,JSW Holdings Limited,Financial Services,Unknown,False,Cash,1,Stage 4,Stage 4,Stage 4 - Confirmed Downtrend,Stage 4 - Confirmed Downtrend,Stage 4 • Stage 4 - Confirmed Downtrend,0.86,Price is below a bearish moving-average stack with falling trend signals.,,,,,watchlist,weekly_watchlist,watchlist,9.1,35.8,21.11,0.0,9.1,35.8,21.11,0.85,-4.29,103256440.05,"Stage 4, Stage 4 - Confirmed Downtrend, weekly_vcp_ok, weekly_strong, downtrend",402,297,Stage 4,watchlist,weekly_watchlist,25.87,-105,-4.760000000000002,False,False,False,False,False
RACE.NS,Race Eco Chain Limited,Utilities,Unknown,False,Cash,1,Stage 4,Stage 4,Stage 4 - Weak/Declining,Stage 4 - Weak/Declining,Stage 4 • Stage 4 - Weak/Declining,0.72,Price is below long-term support with weak trend evidence.,,,,,watchlist,weekly_watchlist,watchlist,0.0,43.8,19.71,5.0,0.0,43.8,24.71,7.5,-11.17,13123563.83,"Stage 4, Stage 4 - Weak/Declining, weekly_vcp_ok, weekly_strong, downtrend",320,214,Not Sure,watchlist,weekly_watchlist,30.97,-106,-6.259999999999998,False,False,False,False,False
RELIGARE.NS,Religare Enterprises Limited,Financial Services,Unknown,False,Cash,1,Stage 2 Failed,Stage 4,Failed Stage 2,Failed Stage 2,Stage 2 Failed • Failed Stage 2,0.72,"This stock was recently Stage 2, but the latest structure no longer satisfies Stage 2 rules. It is kept as Stage 2 Failed until a fresh base/repair structure forms.",Recent Stage 2 break; public stage held as Stage 2 Failed.,2026-10-01,2026-09-23,,watchlist,weekly_watchlist,watchlist,0.0,35.8,16.11,0.0,0.0,35.8,16.11,-9.25,1.18,201918828.84,"Stage 4, Stage 4, weekly_vcp_ok, volume_dryup, weekly_volume_dryup, weekly_strong, downtrend | Stage 2 failed state applied from stage memory.",542,434,Stage 2 Failed,watchlist,weekly_watchlist,20.81,-108,-4.699999999999999,False,False,False,False,False
JINDALSTEL.NS,Jindal Steel & Power Limited,Metals & Mining,Unknown,True,F&O,1,Stage 2 Failed,Stage 1,Failed Stage 2,Failed Stage 2,Stage 2 Failed • Failed Stage 2,0.72,"This stock was recently Stage 2, but the latest structure no longer satisfies Stage 2 rules. It is kept as Stage 2 Failed until a fresh base/repair structure forms.",Recent Stage 2 break; public stage held as Stage 2 Failed.,2026-10-01,2026-09-25,,watchlist,weekly_watchlist,watchlist,12.9,42.47,26.21,0.0,12.9,42.47,26.21,14.7,-7.98,813257786.16,"Stage 1, Stage 1 - Base/Repair, weekly_vcp_ok, weekly_strong, stage1_not_actionable, stage1_needs_more_base | Stage 2 failed state applied from stage memory.",281,173,Stage 2 Failed,watchlist,weekly_watchlist,35.62,-108,-9.409999999999997,False,False,False,False,False
SAIL.NS,Steel Authority of India Limited,Metals & Mining,Unknown,True,F&O,1,Stage 2,Stage 2,Early Stage 2,Early Stage 2,Stage 2 • Early Stage 2,0.72,"Price has moved above long-term structure, but the full moving-average stack is not clean yet.",,,2026-09-30,,watchlist,weekly_watchlist,watchlist,35.31,26.36,31.28,0.0,35.31,26.36,31.28,14.94,8.66,2823146462.86,"Stage 2, Early Stage 2, daily_vcp_ok, weekly_volume_dryup",203,94,Stage 2,forming_vcp,weekly_watchlist,45.47,-109,-14.189999999999998,False,False,False,False,False
CHALET.NS,Chalet Hotels Limited,Consumer Services,Unknown,False,Cash,1,Stage 2 Failed,Stage 3,Failed Stage 2,Failed Stage 2,Stage 2 Failed • Failed Stage 2,0.72,"This stock was recently Stage 2, but the latest structure no longer satisfies Stage 2 rules. It is kept as Stage 2 Failed until a fresh base/repair structure forms.",Recent Stage 2 break; public stage held as Stage 2 Failed.,2026-10-01,2026-09-29,,watchlist,weekly_watchlist,watchlist,11.41,38.08,23.41,2.0,11.41,38.08,25.41,9.86,9.63,147300222.76,"Stage 3, Stage 3 - Transition, weekly_vcp_ok, weekly_strong, distribution_risk | Stage 2 failed state applied from stage memory.",310,197,Stage 2 Failed,watchlist,weekly_watchlist,33.64,-113,-8.23,False,False,False,False,False
WABAG.NS,VA Tech Wabag Limited,Utilities,Unknown,False,Cash,1,Stage 2,Stage 2,Early Stage 2,Early Stage 2,Stage 2 • Early Stage 2,0.72,"Price has moved above long-term structure, but the full moving-average stack is not clean yet.",,,2026-09-30,,watchlist,weekly_watchlist,watchlist,18.89,19.54,19.18,5.0,18.89,19.54,24.18,-0.56,51.94,1391483321.15,"Stage 2, Early Stage 2, volume_dryup, weekly_volume_dryup",328,211,Stage 2,watchlist,weekly_watchlist,31.54,-117,-7.359999999999999,False,False,False,False,False
HINDZINC.NS,Hindustan Zinc Limited,Metals & Mining,Unknown,True,F&O,1,Stage 2 Failed,Stage 4,Failed Stage 2,Failed Stage 2,Stage 2 Failed • Failed Stage 2,0.72,"This stock was recently Stage 2, but the latest structure no longer satisfies Stage 2 rules. It is kept as Stage 2 Failed until a fresh base/repair structure forms.",Recent Stage 2 break; public stage held as Stage 2 Failed.,2026-10-01,2026-09-25,,watchlist,weekly_watchlist,watchlist,5.89,37.29,20.02,0.0,5.89,37.29,20.02,12.73,2.18,2415929303.56,"Stage 4, Stage 4, weekly_vcp_ok, volume_dryup, weekly_volume_dryup, weekly_strong, downtrend | Stage 2 failed state applied from stage memory.",423,276,Stage 2 Failed,watchlist,weekly_watchlist,26.6,-147,-6.580000000000002,False,False,False,False,False
MOTHERSON.NS,Samvardhana Motherson International Limited,Automobile and Auto Components,Unknown,True,F&O,1,Stage 2,Stage 2,Early Stage 2,Early Stage 2,Stage 2 • Early Stage 2,0.72,"Price has moved above long-term structure, but the full moving-average stack is not clean yet.",,,2026-09-30,,watchlist,weekly_watchlist,watchlist,24.09,24.43,24.24,5.0,24.09,24.43,29.24,17.94,34.32,1841409857.6,"Stage 2, Early Stage 2",233,77,Stage 2,watchlist,weekly_watchlist,48.41,-156,-19.169999999999998,False,False,False,False,False
CHENNPETRO.NS,Chennai Petroleum Corporation Limited,"Oil, Gas & Consumable Fuels",Unknown,False,Cash,1,Stage 2,Stage 2,Early Stage 2,Early Stage 2,Stage 2 • Early Stage 2,0.72,"Price has moved above long-term structure, but the full moving-average stack is not clean yet.",,,2026-09-30,,watchlist,weekly_watchlist,watchlist,15.94,24.8,19.93,5.0,15.94,24.8,24.93,37.59,43.09,2893354460.54,"Stage 2, Early Stage 2, volume_dryup",319,162,Stage 2,watchlist,weekly_watchlist,36.65,-157,-11.719999999999999,False,False,False,False,False
RTNINDIA.NS,RattanIndia Enterprises Limited,Services,Unknown,False,Cash,1,Stage 4,Stage 4,Stage 4 - Confirmed Downtrend,Stage 4 - Confirmed Downtrend,Stage 4 • Stage 4 - Confirmed Downtrend,0.86,Price is below a bearish moving-average stack with falling trend signals.,,,,,watchlist,weekly_watchlist,watchlist,0.2,35.8,16.22,2.0,0.2,35.8,18.22,-14.51,-18.92,44532341.69,"Stage 4, Stage 4 - Confirmed Downtrend, weekly_vcp_ok, weekly_strong, downtrend",472,303,Stage 4,watchlist,weekly_watchlist,25.37,-169,-7.150000000000002,False,False,False,False,False
UNOMINDA.NS,UNO Minda Limited,Automobile and Auto Components,Unknown,True,F&O,1,Stage 2 Failed,Stage 4,Failed Stage 2,Failed Stage 2,Stage 2 Failed • Failed Stage 2,0.72,"This stock was recently Stage 2, but the latest structure no longer satisfies Stage 2 rules. It is kept as Stage 2 Failed until a fresh base/repair structure forms.",Recent Stage 2 break; public stage held as Stage 2 Failed.,2026-10-01,2026-09-22,,watchlist,weekly_watchlist,watchlist,0.0,23.08,10.39,5.0,0.0,23.08,15.39,6.61,3.2,624101938.29,"Stage 4, Stage 4 - Weak/Declining, weekly_vcp_ok, weekly_volume_dryup, downtrend | Stage 2 failed state applied from stage memory.",556,375,Stage 2 Failed,watchlist,weekly_watchlist,22.69,-181,-7.300000000000001,False,False,False,False,False
ENDURANCE.NS,Endurance Technologies Limited,Automobile and Auto Components,Unknown,False,Cash,1,Stage 2 Failed,Stage 1,Failed Stage 2,Failed Stage 2,Stage 2 Failed • Failed Stage 2,0.72,"This stock was recently Stage 2, but the latest structure no longer satisfies Stage 2 rules. It is kept as Stage 2 Failed until a fresh base/repair structure forms.",Recent Stage 2 break; public stage held as Stage 2 Failed.,2026-10-01,2026-09-30,,watchlist,weekly_watchlist,watchlist,0.0,43.6,19.62,5.0,0.0,43.6,24.62,6.13,11.86,226778605.04,"Stage 1, Stage 1 - Base/Repair, weekly_vcp_ok, volume_dryup, weekly_volume_dryup, weekly_strong, stage1_not_actionable, stage1_needs_more_base | Stage 2 failed state applied from stage memory.",323,119,Stage 2,watchlist,weekly_forming,41.82,-204,-17.2,False,False,False,False,False
YESBANK.NS,Yes Bank Limited,Financial Services,Unknown,True,F&O,1,Stage 4,Stage 4,Stage 4,Stage 4,Stage 4,0.66,Declining structure detected.,,,2026-08-17,,watchlist,weekly_watchlist,watchlist,0.0,36.28,16.33,0.0,0.0,36.28,16.33,-5.36,10.12,1764111268.14,"Stage 4, Stage 4, weekly_vcp_ok, weekly_strong, downtrend",514,300,Not Sure,watchlist,weekly_watchlist,25.69,-214,-9.360000000000003,False,False,False,False,False
DALMIASUG.NS,Dalmia Bharat Sugar and Industries Limited,Fast Moving Consumer Goods,Unknown,False,Cash,1,Stage 2,Stage 2,Early Stage 2,Early Stage 2,Stage 2 • Early Stage 2,0.72,"Price has moved above long-term structure, but the full moving-average stack is not clean yet.",,,2026-09-30,,watchlist,weekly_watchlist,watchlist,14.97,26.47,20.15,0.0,14.97,26.47,20.15,17.81,6.92,97708711.17,"Stage 2, Early Stage 2, volume_dryup, weekly_volume_dryup",420,206,Stage 2,watchlist,weekly_watchlist,32.32,-214,-12.170000000000002,False,False,False,False,False
SUNTV.NS,Sun TV Network Limited,"Media, Entertainment & Publication",Unknown,False,Cash,1,Not Sure,Not Sure,Not Sure,Not Sure,Not Sure,0.0,Stage rules did not identify a reliable structure.,No confident stage classification.,,2026-05-08,,watchlist,weekly_watchlist,watchlist,13.59,13.77,13.67,2.0,13.59,13.77,15.67,27.66,2.04,1768534412.92,"Not Sure, Not Sure",554,330,Not Sure,watchlist,weekly_watchlist,24.3,-224,-8.63,False,False,False,False,False
JMFINANCIL.NS,JM Financial Limited,Financial Services,Unknown,False,Cash,1,Stage 4,Stage 4,Stage 4 - Weak/Declining,Stage 4 - Weak/Declining,Stage 4 • Stage 4 - Weak/Declining,0.72,Price is below long-term support with weak trend evidence.,,,,,watchlist,weekly_watchlist,watchlist,3.87,38.07,19.26,0.0,3.87,38.07,19.26,2.31,-1.66,289257971.18,"Stage 4, Stage 4 - Weak/Declining, weekly_vcp_ok, volume_dryup, weekly_volume_dryup, weekly_strong, downtrend",436,198,Not Sure,watchlist,weekly_watchlist,33.52,-238,-14.260000000000002,False,False,False,False,False
NUVOCO.NS,Nuvoco Vistas Corporation Limited,Construction Materials,Unknown,False,Cash,1,Stage 2 Failed,Stage 4,Failed Stage 2,Failed Stage 2,Stage 2 Failed • Failed Stage 2,0.72,"This stock was recently Stage 2, but the latest structure no longer satisfies Stage 2 rules. It is kept as Stage 2 Failed until a fresh base/repair structure forms.",Recent Stage 2 break; public stage held as Stage 2 Failed.,2026-10-01,2026-09-30,,watchlist,weekly_watchlist,watchlist,12.54,37.51,23.78,0.0,12.54,37.51,23.78,10.36,6.78,129575612.24,"Stage 4, Stage 4 - Weak/Declining, weekly_vcp_ok, weekly_strong, downtrend | Stage 2 failed state applied from stage memory.",339,100,Not Sure,watchlist,weekly_forming,44.83,-239,-21.049999999999997,False,False,False,False,False
UJJIVANSFB.NS,Ujjivan Small Finance Bank Limited,Financial Services,Unknown,False,Cash,1,Stage 2,Stage 2,Early Stage 2,Early Stage 2,Stage 2 • Early Stage 2,0.72,"Price has moved above long-term structure, but the full moving-average stack is not clean yet.",,,2026-09-30,,watchlist,weekly_watchlist,watchlist,18.6,18.41,18.51,0.0,18.6,18.41,18.51,14.68,13.39,729347357.01,"Stage 2, Early Stage 2, weekly_volume_dryup",459,218,Stage 2,watchlist,weekly_watchlist,30.48,-241,-11.969999999999999,False,False,False,False,False
DEVYANI.NS,Devyani International Limited,Consumer Services,Unknown,False,Cash,1,Stage 2 Failed,Stage 1,Failed Stage 2,Failed Stage 2,Stage 2 Failed • Failed Stage 2,0.72,"This stock was recently Stage 2, but the latest structure no longer satisfies Stage 2 rules. It is kept as Stage 2 Failed until a fresh base/repair structure forms.",Recent Stage 2 break; public stage held as Stage 2 Failed.,2026-10-01,2026-09-30,,watchlist,weekly_watchlist,watchlist,0.0,41.98,18.89,2.0,0.0,41.98,20.89,17.42,21.01,225863284.69,"Stage 1, Stage 1 - Base/Repair, weekly_vcp_ok, volume_dryup, weekly_volume_dryup, weekly_strong, stage1_not_actionable, stage1_needs_more_base | Stage 2 failed state applied from stage memory.",412,157,Stage 2,watchlist,weekly_forming,37.69,-255,-16.799999999999997,False,False,False,False,False
GULFOILLUB.NS,Gulf Oil Lubricants India Limited,"Oil, Gas & Consumable Fuels",Unknown,False,Cash,1,Stage 2 Failed,Stage 3,Failed Stage 2,Failed Stage 2,Stage 2 Failed • Failed Stage 2,0.72,"This stock was recently Stage 2, but the latest structure no longer satisfies Stage 2 rules. It is kept as Stage 2 Failed until a fresh base/repair structure forms.",Recent Stage 2 break; public stage held as Stage 2 Failed.,2026-10-01,2026-09-28,,watchlist,weekly_watchlist,watchlist,3.88,3.63,3.77,5.0,3.88,3.63,8.77,12.91,23.44,52940707.98,"Stage 3, Stage 3 - Transition, volume_dryup, weekly_volume_dryup, distribution_risk | Stage 2 failed state applied from stage memory.",630,373,Stage 2 Failed,watchlist,weekly_watchlist,22.72,-257,-13.95,False,False,False,False,False
GRASIM.NS,Grasim Industries Limited,Construction Materials,Unknown,True,F&O,1,Stage 2 Failed,Stage 1,Failed Stage 2,Failed Stage 2,Stage 2 Failed • Failed Stage 2,0.72,"This stock was recently Stage 2, but the latest structure no longer satisfies Stage 2 rules. It is kept as Stage 2 Failed until a fresh base/repair structure forms.",Recent Stage 2 break; public stage held as Stage 2 Failed.,2026-10-01,2026-09-30,,watchlist,weekly_watchlist,watchlist,0.0,4.23,1.9,0.0,0.0,4.23,1.9,1.34,8.94,2434989518.13,"Stage 1, Stage 1 - Base/Repair, volume_dryup, stage1_not_actionable, stage1_needs_more_base | Stage 2 failed state applied from stage memory.",724,463,Stage 2,watchlist,weekly_watchlist,18.64,-261,-16.740000000000002,False,False,False,False,False
AUBANK.NS,AU Small Finance Bank Limited,Financial Services,Unknown,True,F&O,1,Stage 2 Failed,Stage 1,Failed Stage 2,Failed Stage 2,Stage 2 Failed • Failed Stage 2,0.72,"This stock was recently Stage 2, but the latest structure no longer satisfies Stage 2 rules. It is kept as Stage 2 Failed until a fresh base/repair structure forms.",Recent Stage 2 break; public stage held as Stage 2 Failed.,2026-10-01,2026-09-30,,watchlist,weekly_watchlist,watchlist,0.0,43.3,19.48,0.0,0.0,43.3,19.48,0.82,3.22,1337555080.8,"Stage 1, Stage 1 - Base/Repair, weekly_vcp_ok, weekly_strong, stage1_not_actionable, stage1_needs_more_base | Stage 2 failed state applied from stage memory.",430,163,Stage 2 Failed,watchlist,weekly_forming,36.64,-267,-17.16,False,False,False,False,False
IONEXCHANG.NS,ION Exchange (India) Limited,Construction,Unknown,False,Cash,1,Stage 2 Failed,Stage 3,Failed Stage 2,Failed Stage 2,Stage 2 Failed • Failed Stage 2,0.72,"This stock was recently Stage 2, but the latest structure no longer satisfies Stage 2 rules. It is kept as Stage 2 Failed until a fresh base/repair structure forms.",Recent Stage 2 break; public stage held as Stage 2 Failed.,2026-10-01,2026-09-30,,watchlist,weekly_watchlist,watchlist,0.66,4.49,2.38,0.0,0.66,4.49,2.38,8.76,12.11,269610961.72,"Stage 3, Stage 3 - Transition, volume_dryup, weekly_volume_dryup, distribution_risk | Stage 2 failed state applied from stage memory.",710,411,Stage 2 Failed,watchlist,weekly_watchlist,21.31,-299,-18.93,False,False,False,False,False
DATAMATICS.NS,Datamatics Global Services Limited,Information Technology,Unknown,False,Cash,1,Stage 2 Failed,Stage 3,Failed Stage 2,Failed Stage 2,Stage 2 Failed • Failed Stage 2,0.72,"This stock was recently Stage 2, but the latest structure no longer satisfies Stage 2 rules. It is kept as Stage 2 Failed until a fresh base/repair structure forms.",Recent Stage 2 break; public stage held as Stage 2 Failed.,2026-10-01,2026-09-30,,watchlist,weekly_watchlist,watchlist,0.0,27.6,12.42,2.0,0.0,27.6,14.42,1.13,13.85,126655253.88,"Stage 3, Stage 3 - Distribution/Damage, weekly_vcp_ok, distribution_risk | Stage 2 failed state applied from stage memory.",568,268,Stage 2,watchlist,weekly_forming,26.77,-300,-12.35,False,False,False,False,False
LICHSGFIN.NS,LIC Housing Finance Limited,Financial Services,Unknown,True,F&O,1,Stage 2 Failed,Stage 1,Failed Stage 2,Failed Stage 2,Stage 2 Failed • Failed Stage 2,0.72,"This stock was recently Stage 2, but the latest structure no longer satisfies Stage 2 rules. It is kept as Stage 2 Failed until a fresh base/repair structure forms.",Recent Stage 2 break; public stage held as Stage 2 Failed.,2026-10-01,2026-09-30,,watchlist,weekly_watchlist,watchlist,12.79,28.39,19.81,0.0,12.79,28.39,19.81,3.74,-0.82,1978144230.69,"Stage 1, Stage 1 - Base/Repair, weekly_vcp_ok, stage1_not_actionable, stage1_needs_more_base | Stage 2 failed state applied from stage memory.",425,124,Stage 2,watchlist,weekly_forming,41.34,-301,-21.530000000000005,False,False,False,False,False
JSWSTEEL.NS,JSW Steel Limited,Metals & Mining,Unknown,True,F&O,1,Stage 2 Failed,Stage 1,Failed Stage 2,Failed Stage 2,Stage 2 Failed • Failed Stage 2,0.72,"This stock was recently Stage 2, but the latest structure no longer satisfies Stage 2 rules. It is kept as Stage 2 Failed until a fresh base/repair structure forms.",Recent Stage 2 break; public stage held as Stage 2 Failed.,2026-10-01,2026-09-30,,watchlist,weekly_watchlist,watchlist,0.0,43.01,19.35,0.0,0.0,43.01,19.35,7.15,4.97,1760548154.34,"Stage 1, Stage 1 - Base/Repair, weekly_vcp_ok, weekly_strong, stage1_not_actionable, stage1_needs_more_base | Stage 2 failed state applied from stage memory.",434,129,Stage 2,watchlist,weekly_near_pivot,40.76,-305,-21.409999999999997,False,False,False,False,False
TITAN.NS,Titan Company Limited,Consumer Durables,Unknown,True,F&O,1,Stage 2 Failed,Stage 1,Failed Stage 2,Failed Stage 2,Stage 2 Failed • Failed Stage 2,0.72,"This stock was recently Stage 2, but the latest structure no longer satisfies Stage 2 rules. It is kept as Stage 2 Failed until a fresh base/repair structure forms.",Recent Stage 2 break; public stage held as Stage 2 Failed.,2026-10-01,2026-09-30,,watchlist,weekly_watchlist,watchlist,0.0,13.06,5.88,0.0,0.0,13.06,5.88,6.62,1.98,2872521510.0,"Stage 1, Stage 1 - Base/Repair, stage1_not_actionable, stage1_needs_more_base | Stage 2 failed state applied from stage memory.",665,340,Stage 2,watchlist,weekly_watchlist,23.93,-325,-18.05,False,False,False,False,False
BAJAJ-AUTO.NS,Bajaj Auto Limited,Automobile and Auto Components,Unknown,True,F&O,1,Stage 2 Failed,Stage 1,Failed Stage 2,Failed Stage 2,Stage 2 Failed • Failed Stage 2,0.72,"This stock was recently Stage 2, but the latest structure no longer satisfies Stage 2 rules. It is kept as Stage 2 Failed until a fresh base/repair structure forms.",Recent Stage 2 break; public stage held as Stage 2 Failed.,2026-10-01,2026-09-30,,watchlist,weekly_watchlist,watchlist,0.0,3.75,1.69,5.0,0.0,3.75,6.69,7.58,9.89,2790485558.3,"Stage 1, Stage 1 - Base/Repair, stage1_not_actionable, stage1_needs_more_base | Stage 2 failed state applied from stage memory.",653,312,Stage 2,watchlist,weekly_watchlist,25.01,-341,-18.32,False,False,False,False,False
DLF.NS,DLF Limited,Realty,Unknown,True,F&O,1,Stage 2 Failed,Not Sure,Failed Stage 2,Failed Stage 2,Stage 2 Failed • Failed Stage 2,0.72,"This stock was recently Stage 2, but the latest structure no longer satisfies Stage 2 rules. It is kept as Stage 2 Failed until a fresh base/repair structure forms.",Recent Stage 2 break; public stage held as Stage 2 Failed.,2026-10-01,2026-09-30,,watchlist,weekly_watchlist,watchlist,4.05,19.21,10.87,2.0,4.05,19.21,12.87,10.61,17.51,2629525548.02,"Not Sure, Not Sure | Stage 2 failed state applied from stage memory.",580,216,Stage 2 Failed,watchlist,weekly_watchlist,30.85,-364,-17.980000000000004,False,False,False,False,False
IDEA.NS,Vodafone Idea Limited,Telecommunication,Unknown,True,F&O,1,Stage 2 Failed,Stage 1,Failed Stage 2,Failed Stage 2,Stage 2 Failed • Failed Stage 2,0.72,"This stock was recently Stage 2, but the latest structure no longer satisfies Stage 2 rules. It is kept as Stage 2 Failed until a fresh base/repair structure forms.",Recent Stage 2 break; public stage held as Stage 2 Failed.,2026-10-01,2026-09-30,,watchlist,weekly_watchlist,watchlist,0.0,8.2,3.69,10.0,0.0,8.2,13.69,-0.52,38.53,6013532517.11,"Stage 1, Stage 1 - Base/Repair, stage1_not_actionable, stage1_needs_more_base | Stage 2 failed state applied from stage memory.",571,207,Stage 2,watchlist,weekly_watchlist,31.99,-364,-18.299999999999997,False,False,False,False,False
ITDC.NS,India Tourism Development Corporation Limited,Consumer Services,Unknown,False,Cash,1,Stage 2 Failed,Stage 3,Failed Stage 2,Failed Stage 2,Stage 2 Failed • Failed Stage 2,0.72,"This stock was recently Stage 2, but the latest structure no longer satisfies Stage 2 rules. It is kept as Stage 2 Failed until a fresh base/repair structure forms.",Recent Stage 2 break; public stage held as Stage 2 Failed.,2026-10-01,2026-09-30,,watchlist,weekly_watchlist,watchlist,0.0,9.04,4.07,2.0,0.0,9.04,6.07,3.33,63.03,708049596.51,"Stage 3, Stage 3 - Distribution/Damage, distribution_risk | Stage 2 failed state applied from stage memory.",661,275,Stage 2 Failed,watchlist,weekly_watchlist,26.6,-386,-20.53,False,False,False,False,False
TVSSCS.NS,TVS Supply Chain Solutions Limited,Services,Unknown,False,Cash,1,Stage 2 Failed,Stage 3,Failed Stage 2,Failed Stage 2,Stage 2 Failed • Failed Stage 2,0.72,"This stock was recently Stage 2, but the latest structure no longer satisfies Stage 2 rules. It is kept as Stage 2 Failed until a fresh base/repair structure forms.",Recent Stage 2 break; public stage held as Stage 2 Failed.,2026-10-01,2026-09-30,,watchlist,weekly_watchlist,watchlist,1.23,4.18,2.56,2.0,1.23,4.18,4.56,0.42,29.35,99138333.54,"Stage 3, Stage 3 - Distribution/Damage, volume_dryup, weekly_volume_dryup, distribution_risk | Stage 2 failed state applied from stage memory.",687,295,Stage 2,watchlist,weekly_watchlist,25.97,-392,-21.41,False,False,False,False,False
LLOYDSME.NS,Lloyds Metals And Energy Limited,Metals & Mining,Unknown,False,Cash,1,Stage 2 Failed,Stage 3,Failed Stage 2,Failed Stage 2,Stage 2 Failed • Failed Stage 2,0.72,"This stock was recently Stage 2, but the latest structure no longer satisfies Stage 2 rules. It is kept as Stage 2 Failed until a fresh base/repair structure forms.",Recent Stage 2 break; public stage held as Stage 2 Failed.,2026-10-01,2026-09-30,,watchlist,weekly_watchlist,watchlist,0.0,4.24,1.91,0.0,0.0,4.24,1.91,9.43,20.99,654684309.46,"Stage 3, Stage 3 - Transition, distribution_risk | Stage 2 failed state applied from stage memory.",723,235,Stage 2,watchlist,weekly_watchlist,29.29,-488,-27.38,False,False,False,False,False
