ticker,Company Name,Industry,sector,industry_group,is_fo_stock,fo_category,Include,stage,stage_raw,stage_variant,stage_classification,stage_display,stage_confidence,stage_reason,stage_state_reason,stage_failed_since,last_stage2_date,stage_pending_raw,rs_3m_pct,rs_6m_pct,avg_turnover_inr,volume_dryup_ratio,breakout_volume_ratio,weekly_volume_ratio,volume_is_drying_up,weekly_volume_is_drying_up,notes,daily_setup_bucket,weekly_setup_bucket,combined_bucket,daily_score,weekly_score,combined_score,industry_boost,final_combined_score,current_rank
INDGN.NS,Indegene Ltd.,Healthcare,Unknown,Unknown,False,Cash,1,Stage 2,Stage 2,Clean Stage 2,Clean Stage 2,Stage 2 • Clean Stage 2,0.9,"Price is above rising key averages, weekly structure is supportive, and the stock is near its 52-week high.",,,2026-09-25,,24.84,32.6,284430046.29,0.79,1.23,1.16,True,False,"Stage 2, Clean Stage 2, trend_template_ok, daily_vcp_ok, weekly_vcp_ok, volume_dryup, weekly_strong",near_pivot,weekly_breakout,watchlist,71.58,63.54,67.96,10.0,77.96,1
JKPAPER.NS,JK Paper Limited,Forest Materials,Unknown,Unknown,False,Cash,1,Stage 2,Stage 2,Messy Stage 2,Messy Stage 2,Stage 2 • Messy Stage 2,0.64,"Long-term structure is still constructive, but the short-term/weekly structure is not clean.",,,2026-09-25,,20.72,23.19,260635187.31,0.61,0.33,0.29,True,True,"Stage 2, Messy Stage 2, trend_template_ok, weekly_vcp_ok, volume_dryup, weekly_volume_dryup, weekly_strong",watchlist,weekly_near_pivot,watchlist,61.47,71.29,65.89,10.0,75.89,2
AARTIDRUGS.NS,Aarti Drugs Limited,Healthcare,Unknown,Unknown,False,Cash,1,Stage 2,Stage 2,Stage 2,Stage 2,Stage 2,0.76,Advancing structure detected.,,,2026-09-25,,16.86,24.08,79794426.68,1.05,2.91,1.49,False,False,"Stage 2, Stage 2, trend_template_ok, weekly_vcp_ok, weekly_strong",watchlist,weekly_near_pivot,watchlist,58.19,70.99,63.95,10.0,73.95,3
BOSCHLTD.NS,Bosch Limited,Automobile and Auto Components,Unknown,Unknown,True,F&O,1,Stage 2,Stage 2,Clean Stage 2,Clean Stage 2,Stage 2 • Clean Stage 2,0.9,"Price is above rising key averages, weekly structure is supportive, and the stock is near its 52-week high.",,,2026-09-25,,21.15,66.91,1379238565.25,0.57,0.46,0.44,True,True,"Stage 2, Clean Stage 2, trend_template_ok, daily_vcp_ok, weekly_vcp_ok, volume_dryup, weekly_volume_dryup, weekly_strong",forming_vcp,weekly_near_pivot,building_setup,62.45,73.8,67.56,5.0,72.56,4
AUROPHARMA.NS,Aurobindo Pharma Limited,Healthcare,Unknown,Unknown,True,F&O,1,Stage 2,Stage 2,Clean Stage 2,Clean Stage 2,Stage 2 • Clean Stage 2,0.9,"Price is above rising key averages, weekly structure is supportive, and the stock is near its 52-week high.",,,2026-09-25,,13.85,29.54,1195378549.32,0.88,0.85,0.88,False,True,"Stage 2, Clean Stage 2, trend_template_ok, daily_vcp_ok, weekly_vcp_ok, weekly_volume_dryup, weekly_strong",forming_vcp,weekly_near_pivot,building_setup,55.69,66.94,60.75,10.0,70.75,5
ACE.NS,Action Construction Equipment Limited,Capital Goods,Unknown,Unknown,False,Cash,1,Stage 2,Stage 2,Clean Stage 2,Clean Stage 2,Stage 2 • Clean Stage 2,0.9,"Price is above rising key averages, weekly structure is supportive, and the stock is near its 52-week high.",,,2026-09-25,,24.62,50.88,396110621.95,0.77,0.62,0.44,True,True,"Stage 2, Clean Stage 2, trend_template_ok, daily_vcp_ok, weekly_vcp_ok, volume_dryup, weekly_volume_dryup, weekly_strong",forming_vcp,weekly_breakout,watchlist,62.43,67.55,64.73,5.0,69.73,6
APOLLOHOSP.NS,Apollo Hospitals Enterprise Limited,Healthcare,Unknown,Unknown,True,F&O,1,Stage 2,Stage 2,Stage 2,Stage 2,Stage 2,0.76,Advancing structure detected.,,,2026-09-25,,7.11,23.48,2494369523.35,1.01,1.52,1.27,False,False,"Stage 2, Stage 2, weekly_vcp_ok, weekly_strong",watchlist,weekly_near_pivot,watchlist,49.45,68.06,57.82,10.0,67.82,7
HARSHA.NS,Harsha Engineers International Limited,Capital Goods,Unknown,Unknown,False,Cash,1,Stage 2,Stage 2,Clean Stage 2,Clean Stage 2,Stage 2 • Clean Stage 2,0.9,"Price is above rising key averages, weekly structure is supportive, and the stock is near its 52-week high.",,,2026-09-25,,17.51,42.33,83980147.69,1.19,1.07,1.06,False,False,"Stage 2, Clean Stage 2, trend_template_ok, weekly_vcp_ok, weekly_strong",watchlist,weekly_near_pivot,watchlist,54.73,70.98,62.04,5.0,67.04,8
SPLPETRO.NS,Supreme Petrochem Limited,Chemicals,Unknown,Unknown,False,Cash,1,Stage 2,Stage 2,Clean Stage 2,Clean Stage 2,Stage 2 • Clean Stage 2,0.9,"Price is above rising key averages, weekly structure is supportive, and the stock is near its 52-week high.",,,2026-09-25,,28.07,21.67,303801603.61,1.04,0.3,0.61,False,True,"Stage 2, Clean Stage 2, trend_template_ok, weekly_vcp_ok, weekly_volume_dryup, weekly_strong",watchlist,weekly_breakout,watchlist,59.97,63.87,61.72,5.0,66.72,9
APLLTD.NS,Alembic Pharmaceuticals Limited,Healthcare,Unknown,Unknown,False,Cash,1,Stage 2,Stage 2,Early Stage 2,Early Stage 2,Stage 2 • Early Stage 2,0.72,"Price has moved above long-term structure, but the full moving-average stack is not clean yet.",,,2026-09-25,,11.06,34.39,167564148.62,1.87,1.33,1.59,False,False,"Stage 2, Early Stage 2, weekly_vcp_ok, weekly_strong",watchlist,weekly_breakout,watchlist,51.07,63.45,56.64,10.0,66.64,10
GLAXO.NS,GlaxoSmithKline Pharmaceuticals Limited,Healthcare,Unknown,Unknown,False,Cash,1,Stage 2,Stage 2,Clean Stage 2,Clean Stage 2,Stage 2 • Clean Stage 2,0.9,"Price is above rising key averages, weekly structure is supportive, and the stock is near its 52-week high.",,,2026-09-25,,25.0,30.75,226510017.69,0.82,3.16,1.22,True,False,"Stage 2, Clean Stage 2, trend_template_ok, weekly_vcp_ok, volume_dryup, weekly_strong",watchlist,weekly_near_pivot,watchlist,43.03,71.38,55.79,10.0,65.79,11
SONACOMS.NS,Sona BLW Precision Forgings Limited,Automobile and Auto Components,Unknown,Unknown,True,F&O,1,Stage 2,Stage 2,Clean Stage 2,Clean Stage 2,Stage 2 • Clean Stage 2,0.9,"Price is above rising key averages, weekly structure is supportive, and the stock is near its 52-week high.",,,2026-09-25,,27.09,65.43,1596175391.62,1.16,1.9,1.18,False,False,"Stage 2, Clean Stage 2, trend_template_ok, weekly_vcp_ok, weekly_strong",watchlist,weekly_near_pivot,watchlist,49.72,73.8,60.56,5.0,65.56,12
MOTILALOFS.NS,Motilal Oswal Financial Services Limited,Financial Services,Unknown,Unknown,True,F&O,1,Stage 2,Stage 2,Clean Stage 2,Clean Stage 2,Stage 2 • Clean Stage 2,0.9,"Price is above rising key averages, weekly structure is supportive, and the stock is near its 52-week high.",,,2026-09-25,,10.82,49.95,782410477.95,0.69,0.64,0.87,True,True,"Stage 2, Clean Stage 2, trend_template_ok, weekly_vcp_ok, volume_dryup, weekly_volume_dryup, weekly_strong",watchlist,weekly_breakout,watchlist,60.06,71.88,65.38,0.0,65.38,13
SYRMA.NS,Syrma SGS Technology Limited,Capital Goods,Unknown,Unknown,False,Cash,1,Stage 2,Stage 2,Extended Stage 2,Extended Stage 2,Stage 2 • Extended Stage 2,0.78,"Advancing structure remains intact, but price is stretched versus key moving averages or far above the 52-week low.",,,2026-09-25,,30.13,121.8,4495556992.13,1.72,0.87,0.95,False,False,"Stage 2, Extended Stage 2, trend_template_ok, weekly_vcp_ok, weekly_strong",watchlist,weekly_breakout,watchlist,55.7,63.8,59.35,5.0,64.35,14
AGARWALEYE.NS,Dr. Agarwal's Health Care Ltd.,Healthcare,Unknown,Unknown,False,Cash,1,Stage 2,Stage 2,Early Stage 2,Early Stage 2,Stage 2 • Early Stage 2,0.72,"Price has moved above long-term structure, but the full moving-average stack is not clean yet.",,,2026-09-25,,12.47,26.13,190126423.63,0.2,0.85,0.25,True,True,"Stage 2, Early Stage 2, weekly_vcp_ok, volume_dryup, weekly_volume_dryup, weekly_strong",watchlist,weekly_forming,watchlist,48.0,61.66,54.15,10.0,64.15,15
EDELWEISS.NS,Edelweiss Financial Services Limited,Financial Services,Unknown,Unknown,False,Cash,1,Stage 2,Stage 2,Clean Stage 2,Clean Stage 2,Stage 2 • Clean Stage 2,0.9,"Price is above rising key averages, weekly structure is supportive, and the stock is near its 52-week high.",,,2026-09-25,,15.66,31.51,1404770304.95,1.33,0.78,1.39,False,False,"Stage 2, Clean Stage 2, trend_template_ok, weekly_vcp_ok, weekly_strong",watchlist,weekly_breakout,watchlist,57.92,71.62,64.09,0.0,64.09,16
ENGINERSIN.NS,Engineers India Limited,Construction,Unknown,Unknown,False,Cash,1,Stage 2,Stage 2,Extended Stage 2,Extended Stage 2,Stage 2 • Extended Stage 2,0.78,"Advancing structure remains intact, but price is stretched versus key moving averages or far above the 52-week low.",,,2026-09-25,,40.23,60.07,2513715422.36,1.79,1.51,2.92,False,False,"Stage 2, Extended Stage 2, trend_template_ok, weekly_vcp_ok, weekly_strong",watchlist,weekly_breakout,watchlist,62.15,65.0,63.43,0.0,63.43,17
VOLTAMP.NS,Voltamp Transformers Limited,Capital Goods,Unknown,Unknown,False,Cash,1,Stage 2,Stage 2,Messy Stage 2,Messy Stage 2,Stage 2 • Messy Stage 2,0.64,"Long-term structure is still constructive, but the short-term/weekly structure is not clean.",,,2026-09-25,,12.92,18.14,231602212.65,0.36,0.47,0.26,True,True,"Stage 2, Messy Stage 2, trend_template_ok, weekly_vcp_ok, volume_dryup, weekly_volume_dryup, weekly_strong",watchlist,weekly_forming,watchlist,56.21,60.91,58.33,5.0,63.33,18
AKUMS.NS,Akums Drugs and Pharmaceuticals Ltd.,Healthcare,Unknown,Unknown,False,Cash,1,Stage 2,Stage 2,Clean Stage 2,Clean Stage 2,Stage 2 • Clean Stage 2,0.9,"Price is above rising key averages, weekly structure is supportive, and the stock is near its 52-week high.",,,2026-09-25,,31.19,64.15,254633375.89,0.91,0.46,0.7,False,True,"Stage 2, Clean Stage 2, trend_template_ok, weekly_vcp_ok, weekly_volume_dryup, weekly_strong",watchlist,weekly_breakout,watchlist,36.52,73.0,52.94,10.0,62.94,19
SHARDAMOTR.NS,Sharda Motor Industries Limited,Automobile and Auto Components,Unknown,Unknown,False,Cash,1,Stage 2,Stage 2,Early Stage 2,Early Stage 2,Stage 2 • Early Stage 2,0.72,"Price has moved above long-term structure, but the full moving-average stack is not clean yet.",,,2026-09-25,,14.19,32.36,71974801.29,1.2,0.92,1.18,False,False,"Stage 2, Early Stage 2, weekly_vcp_ok, weekly_strong",watchlist,weekly_near_pivot,watchlist,45.76,72.66,57.87,5.0,62.87,20
DIVISLAB.NS,Divi's Laboratories Limited,Healthcare,Unknown,Unknown,True,F&O,1,Stage 2,Stage 2,Clean Stage 2,Clean Stage 2,Stage 2 • Clean Stage 2,0.9,"Price is above rising key averages, weekly structure is supportive, and the stock is near its 52-week high.",,,2026-09-25,,48.61,64.61,4343445930.18,1.03,0.84,0.9,False,False,"Stage 2, Clean Stage 2, trend_template_ok, weekly_vcp_ok, weekly_strong",watchlist,weekly_near_pivot,watchlist,35.62,73.8,52.8,10.0,62.8,21
WOCKPHARMA.NS,Wockhardt Limited,Healthcare,Unknown,Unknown,False,Cash,1,Stage 2,Stage 2,Clean Stage 2,Clean Stage 2,Stage 2 • Clean Stage 2,0.9,"Price is above rising key averages, weekly structure is supportive, and the stock is near its 52-week high.",,,2026-09-25,,17.29,74.31,2897989210.23,1.31,0.6,1.51,False,False,"Stage 2, Clean Stage 2, trend_template_ok, weekly_vcp_ok, weekly_strong",watchlist,weekly_near_pivot,watchlist,35.62,73.0,52.44,10.0,62.44,22
VARROC.NS,Varroc Engineering Limited,Automobile and Auto Components,Unknown,Unknown,False,Cash,1,Stage 2,Stage 2,Clean Stage 2,Clean Stage 2,Stage 2 • Clean Stage 2,0.9,"Price is above rising key averages, weekly structure is supportive, and the stock is near its 52-week high.",,,2026-09-25,,34.63,79.97,318384142.82,0.44,0.81,0.47,True,True,"Stage 2, Clean Stage 2, trend_template_ok, weekly_vcp_ok, volume_dryup, weekly_volume_dryup, weekly_strong",watchlist,weekly_near_pivot,watchlist,43.55,73.8,57.16,5.0,62.16,23
PETRONET.NS,Petronet LNG Limited,"Oil, Gas & Consumable Fuels",Unknown,Unknown,True,F&O,1,Stage 2,Stage 2,Early Stage 2,Early Stage 2,Stage 2 • Early Stage 2,0.72,"Price has moved above long-term structure, but the full moving-average stack is not clean yet.",,,2026-09-25,,10.43,17.38,415677018.49,0.86,1.72,0.93,False,False,"Stage 2, Early Stage 2, weekly_vcp_ok, weekly_strong",watchlist,weekly_near_pivot,watchlist,45.94,69.68,56.62,5.0,61.62,24
SHILPAMED.NS,Shilpa Medicare Limited,Healthcare,Unknown,Unknown,False,Cash,1,Stage 2,Stage 2,Extended Stage 2,Extended Stage 2,Stage 2 • Extended Stage 2,0.78,"Advancing structure remains intact, but price is stretched versus key moving averages or far above the 52-week low.",,,2026-09-25,,75.85,166.05,971156411.75,0.48,0.6,0.33,True,True,"Stage 2, Extended Stage 2, trend_template_ok, weekly_vcp_ok, volume_dryup, weekly_volume_dryup, weekly_strong",watchlist,weekly_breakout,watchlist,39.88,65.8,51.54,10.0,61.54,25
STAR.NS,Strides Pharma Science Limited,Healthcare,Unknown,Unknown,False,Cash,1,Stage 2,Stage 2,Clean Stage 2,Clean Stage 2,Stage 2 • Clean Stage 2,0.9,"Price is above rising key averages, weekly structure is supportive, and the stock is near its 52-week high.",,,2026-09-25,,7.8,21.37,437024185.88,0.63,0.23,0.4,True,True,"Stage 2, Clean Stage 2, trend_template_ok, weekly_vcp_ok, volume_dryup, weekly_volume_dryup, weekly_strong",watchlist,weekly_breakout,watchlist,37.23,68.72,51.4,10.0,61.4,26
JYOTICNC.NS,Jyoti CNC Automation Ltd.,Capital Goods,Unknown,Unknown,False,Cash,1,Stage 2,Stage 2,Early Stage 2,Early Stage 2,Stage 2 • Early Stage 2,0.72,"Price has moved above long-term structure, but the full moving-average stack is not clean yet.",,,2026-09-25,,39.26,37.48,1380377236.1,1.3,0.84,0.77,False,True,"Stage 2, Early Stage 2, weekly_vcp_ok, weekly_volume_dryup, weekly_strong",watchlist,weekly_near_pivot,watchlist,41.2,73.47,55.72,5.0,60.72,27
CRISIL.NS,CRISIL Limited,Financial Services,Unknown,Unknown,False,Cash,1,Stage 2,Stage 2,Early Stage 2,Early Stage 2,Stage 2 • Early Stage 2,0.72,"Price has moved above long-term structure, but the full moving-average stack is not clean yet.",,,2026-09-25,,19.31,25.6,269645426.27,0.94,2.66,0.98,False,False,"Stage 2, Early Stage 2, weekly_vcp_ok, weekly_strong",watchlist,weekly_near_pivot,watchlist,52.29,70.29,60.39,0.0,60.39,28
ICIL.NS,Indo Count Industries Limited,Textiles,Unknown,Unknown,False,Cash,1,Stage 2,Stage 2,Clean Stage 2,Clean Stage 2,Stage 2 • Clean Stage 2,0.9,"Price is above rising key averages, weekly structure is supportive, and the stock is near its 52-week high.",,,2026-09-25,,5.31,80.84,259281048.25,0.46,0.16,0.6,True,True,"Stage 2, Clean Stage 2, trend_template_ok, volume_dryup, weekly_volume_dryup",watchlist,weekly_watchlist,watchlist,61.83,36.4,50.39,10.0,60.39,29
LAURUSLABS.NS,Laurus Labs Limited,Healthcare,Unknown,Unknown,True,F&O,1,Stage 2,Stage 2,Extended Stage 2,Extended Stage 2,Stage 2 • Extended Stage 2,0.78,"Advancing structure remains intact, but price is stretched versus key moving averages or far above the 52-week low.",,,2026-09-25,,36.7,95.25,3326934564.68,0.67,0.33,0.5,True,True,"Stage 2, Extended Stage 2, trend_template_ok, weekly_vcp_ok, volume_dryup, weekly_volume_dryup, weekly_strong",watchlist,weekly_breakout,watchlist,38.97,63.8,50.14,10.0,60.14,30
JTLIND.NS,JTL INDUSTRIES LIMITED,Capital Goods,Unknown,Unknown,False,Cash,1,Stage 2,Stage 2,Clean Stage 2,Clean Stage 2,Stage 2 • Clean Stage 2,0.9,"Price is above rising key averages, weekly structure is supportive, and the stock is near its 52-week high.",,,2026-09-25,,14.92,78.67,298289607.22,0.95,1.61,1.06,False,False,"Stage 2, Clean Stage 2, trend_template_ok, weekly_vcp_ok, weekly_strong",watchlist,weekly_near_pivot,watchlist,39.21,73.8,54.78,5.0,59.78,31
JAMNAAUTO.NS,Jamna Auto Industries Limited,Automobile and Auto Components,Unknown,Unknown,False,Cash,1,Stage 2,Stage 2,Stage 2,Stage 2,Stage 2,0.76,Advancing structure detected.,,,2026-09-25,,6.44,24.04,384101912.53,1.47,1.67,2.1,False,False,"Stage 2, Stage 2, weekly_vcp_ok, weekly_strong",watchlist,weekly_near_pivot,watchlist,41.84,69.95,54.49,5.0,59.49,32
KSL.NS,Kalyani Steels Limited,Capital Goods,Unknown,Unknown,False,Cash,1,Stage 2,Stage 2,Clean Stage 2,Clean Stage 2,Stage 2 • Clean Stage 2,0.9,"Price is above rising key averages, weekly structure is supportive, and the stock is near its 52-week high.",,,2026-09-25,,14.32,56.17,159715005.69,1.7,0.87,2.06,False,False,"Stage 2, Clean Stage 2, trend_template_ok, weekly_vcp_ok, weekly_strong",watchlist,weekly_near_pivot,watchlist,38.38,72.85,53.89,5.0,58.89,33
GAIL.NS,GAIL (India) Limited,"Oil, Gas & Consumable Fuels",Unknown,Unknown,True,F&O,1,Stage 2,Stage 2,Early Stage 2,Early Stage 2,Stage 2 • Early Stage 2,0.72,"Price has moved above long-term structure, but the full moving-average stack is not clean yet.",,,2026-09-25,,4.34,24.29,981137864.71,0.69,1.91,0.81,True,True,"Stage 2, Early Stage 2, daily_vcp_ok, weekly_vcp_ok, volume_dryup, weekly_volume_dryup, weekly_strong",watchlist,weekly_near_pivot,watchlist,41.76,68.66,53.86,5.0,58.86,34
YATHARTH.NS,Yatharth Hospital & Trauma Care Services Limited,Healthcare,Unknown,Unknown,False,Cash,1,Stage 2,Stage 2,Clean Stage 2,Clean Stage 2,Stage 2 • Clean Stage 2,0.9,"Price is above rising key averages, weekly structure is supportive, and the stock is near its 52-week high.",,,2026-09-25,,32.75,66.21,885650980.07,2.45,0.44,0.8,False,True,"Stage 2, Clean Stage 2, trend_template_ok, weekly_volume_dryup",watchlist,weekly_watchlist,watchlist,58.58,35.2,48.06,10.0,58.06,35
NAZARA.NS,Nazara Technologies Limited,"Media, Entertainment & Publication",Unknown,Unknown,False,Cash,1,Stage 2,Stage 2,Clean Stage 2,Clean Stage 2,Stage 2 • Clean Stage 2,0.9,"Price is above rising key averages, weekly structure is supportive, and the stock is near its 52-week high.",,,2026-09-25,,29.48,63.87,492564701.18,0.66,1.4,0.74,True,True,"Stage 2, Clean Stage 2, trend_template_ok, weekly_vcp_ok, volume_dryup, weekly_volume_dryup, weekly_strong",watchlist,weekly_breakout,watchlist,51.59,65.8,57.98,0.0,57.98,36
BAJAJHIND.NS,Bajaj Hindusthan Sugar Limited,Fast Moving Consumer Goods,Unknown,Unknown,False,Cash,1,Stage 2,Stage 2,Stage 2,Stage 2,Stage 2,0.76,Advancing structure detected.,,,2026-09-25,,18.21,21.99,452225905.72,0.46,0.25,0.45,True,True,"Stage 2, Stage 2, trend_template_ok, weekly_vcp_ok, volume_dryup, weekly_volume_dryup, weekly_strong",watchlist,weekly_forming,watchlist,55.47,61.02,57.97,0.0,57.97,37
WELCORP.NS,Welspun Corp Limited,Capital Goods,Unknown,Unknown,False,Cash,1,Stage 2,Stage 2,Extended Stage 2,Extended Stage 2,Stage 2 • Extended Stage 2,0.78,"Advancing structure remains intact, but price is stretched versus key moving averages or far above the 52-week low.",,,2026-09-25,,87.9,226.85,5732771356.29,1.16,0.47,0.83,False,True,"Stage 2, Extended Stage 2, trend_template_ok, weekly_vcp_ok, weekly_volume_dryup, weekly_strong",watchlist,weekly_near_pivot,watchlist,35.88,73.8,52.94,5.0,57.94,38
RKFORGE.NS,Ramkrishna Forgings Limited,Capital Goods,Unknown,Unknown,False,Cash,1,Stage 2,Stage 2,Messy Stage 2,Messy Stage 2,Stage 2 • Messy Stage 2,0.64,"Long-term structure is still constructive, but the short-term/weekly structure is not clean.",,,2026-09-25,,27.39,42.26,414195704.87,0.36,1.16,0.37,True,True,"Stage 2, Messy Stage 2, trend_template_ok, weekly_vcp_ok, volume_dryup, weekly_volume_dryup, weekly_strong",watchlist,weekly_forming,watchlist,42.13,65.87,52.81,5.0,57.81,39
BEML.NS,BEML Limited,Capital Goods,Unknown,Unknown,False,Cash,1,Stage 2,Stage 2,Clean Stage 2,Clean Stage 2,Stage 2 • Clean Stage 2,0.9,"Price is above rising key averages, weekly structure is supportive, and the stock is near its 52-week high.",,,2026-09-25,,12.6,37.81,967021571.54,0.85,0.5,0.45,False,True,"Stage 2, Clean Stage 2, trend_template_ok, weekly_vcp_ok, weekly_volume_dryup, weekly_strong",watchlist,weekly_near_pivot,watchlist,36.25,71.94,52.31,5.0,57.31,40
PTCIL.NS,PTC Industries Limited,Capital Goods,Unknown,Unknown,False,Cash,1,Stage 2,Stage 2,Clean Stage 2,Clean Stage 2,Stage 2 • Clean Stage 2,0.9,"Price is above rising key averages, weekly structure is supportive, and the stock is near its 52-week high.",,,2026-09-25,,29.11,49.51,664680800.75,0.52,0.19,0.32,True,True,"Stage 2, Clean Stage 2, trend_template_ok, weekly_vcp_ok, volume_dryup, weekly_volume_dryup, weekly_strong",watchlist,weekly_forming,watchlist,41.25,65.66,52.23,5.0,57.23,41
PRICOLLTD.NS,Pricol Limited,Automobile and Auto Components,Unknown,Unknown,False,Cash,1,Stage 2,Stage 2,Messy Stage 2,Messy Stage 2,Stage 2 • Messy Stage 2,0.64,"Long-term structure is still constructive, but the short-term/weekly structure is not clean.",,,2026-09-25,,26.5,44.39,210986515.51,0.47,0.6,0.44,True,True,"Stage 2, Messy Stage 2, trend_template_ok, weekly_vcp_ok, volume_dryup, weekly_volume_dryup, weekly_strong",watchlist,weekly_forming,watchlist,41.38,64.89,51.96,5.0,56.96,42
TEXRAIL.NS,Texmaco Rail & Engineering Limited,Capital Goods,Unknown,Unknown,False,Cash,1,Stage 2,Stage 2,Early Stage 2,Early Stage 2,Stage 2 • Early Stage 2,0.72,"Price has moved above long-term structure, but the full moving-average stack is not clean yet.",,,2026-09-25,,15.35,40.48,402664763.28,1.53,0.78,2.26,False,False,"Stage 2, Early Stage 2, weekly_vcp_ok, weekly_strong",watchlist,weekly_near_pivot,watchlist,34.85,72.48,51.78,5.0,56.78,43
HAL.NS,Hindustan Aeronautics Limited,Capital Goods,Unknown,Unknown,True,F&O,1,Stage 2,Stage 2,Early Stage 2,Early Stage 2,Stage 2 • Early Stage 2,0.72,"Price has moved above long-term structure, but the full moving-average stack is not clean yet.",,,2026-09-25,,12.18,31.02,3747766702.17,0.71,1.06,0.58,True,True,"Stage 2, Early Stage 2, weekly_vcp_ok, volume_dryup, weekly_volume_dryup, weekly_strong",watchlist,weekly_near_pivot,watchlist,36.38,70.12,51.56,5.0,56.56,44
GLAND.NS,Gland Pharma Limited,Healthcare,Unknown,Unknown,False,Cash,1,Stage 2,Stage 2,Clean Stage 2,Clean Stage 2,Stage 2 • Clean Stage 2,0.9,"Price is above rising key averages, weekly structure is supportive, and the stock is near its 52-week high.",,,2026-09-25,,24.39,75.06,1716606044.58,0.55,0.44,0.29,True,True,"Stage 2, Clean Stage 2, trend_template_ok, volume_dryup, weekly_volume_dryup",watchlist,weekly_watchlist,watchlist,58.08,31.6,46.16,10.0,56.16,45
INDHOTEL.NS,The Indian Hotels Company Limited,Consumer Services,Unknown,Unknown,True,F&O,1,Stage 2,Stage 2,Messy Stage 2,Messy Stage 2,Stage 2 • Messy Stage 2,0.64,"Long-term structure is still constructive, but the short-term/weekly structure is not clean.",,,2026-09-25,,3.76,24.81,1153401607.81,1.13,1.78,0.94,False,False,"Stage 2, Messy Stage 2, weekly_vcp_ok, weekly_strong",watchlist,weekly_near_pivot,watchlist,42.07,68.66,54.04,2.0,56.04,46
CAPLIPOINT.NS,Caplin Point Laboratories Limited,Healthcare,Unknown,Unknown,False,Cash,1,Stage 2,Stage 2,Clean Stage 2,Clean Stage 2,Stage 2 • Clean Stage 2,0.9,"Price is above rising key averages, weekly structure is supportive, and the stock is near its 52-week high.",,,2026-09-25,,17.72,84.67,932355567.08,1.35,0.49,1.78,False,False,"Stage 2, Clean Stage 2, trend_template_ok",watchlist,weekly_watchlist,watchlist,56.83,32.8,46.02,10.0,56.02,47
AARTIPHARM.NS,Aarti Pharmalabs Limited,Healthcare,Unknown,Unknown,False,Cash,1,Stage 2,Stage 2,Early Stage 2,Early Stage 2,Stage 2 • Early Stage 2,0.72,"Price has moved above long-term structure, but the full moving-average stack is not clean yet.",,,2026-09-25,,36.52,44.16,685637903.89,1.3,0.8,1.43,False,False,"Stage 2, Early Stage 2, weekly_vcp_ok, weekly_strong",watchlist,weekly_near_pivot,watchlist,22.05,74.9,45.83,10.0,55.83,48
SUNDRMFAST.NS,Sundram Fasteners Limited,Automobile and Auto Components,Unknown,Unknown,False,Cash,1,Stage 2,Stage 2,Messy Stage 2,Messy Stage 2,Stage 2 • Messy Stage 2,0.64,"Long-term structure is still constructive, but the short-term/weekly structure is not clean.",,,2026-09-25,,28.35,58.59,298691207.39,0.78,0.36,0.66,True,True,"Stage 2, Messy Stage 2, trend_template_ok, weekly_vcp_ok, volume_dryup, weekly_volume_dryup, weekly_strong",watchlist,weekly_breakout,watchlist,38.41,65.8,50.74,5.0,55.74,49
GALAXYSURF.NS,Galaxy Surfactants Limited,Chemicals,Unknown,Unknown,False,Cash,1,Stage 2,Stage 2,Messy Stage 2,Messy Stage 2,Stage 2 • Messy Stage 2,0.64,"Long-term structure is still constructive, but the short-term/weekly structure is not clean.",,,2026-09-25,,17.77,48.55,82706666.48,0.53,0.18,0.54,True,True,"Stage 2, Messy Stage 2, trend_template_ok, weekly_vcp_ok, volume_dryup, weekly_volume_dryup, weekly_strong",watchlist,weekly_forming,watchlist,38.96,64.43,50.42,5.0,55.42,50
GRAPHITE.NS,Graphite India Limited,Capital Goods,Unknown,Unknown,False,Cash,1,Stage 2,Stage 2,Clean Stage 2,Clean Stage 2,Stage 2 • Clean Stage 2,0.9,"Price is above rising key averages, weekly structure is supportive, and the stock is near its 52-week high.",,,2026-09-25,,33.74,28.92,3314744114.62,0.74,0.35,0.58,True,True,"Stage 2, Clean Stage 2, trend_template_ok, volume_dryup, weekly_volume_dryup",watchlist,weekly_watchlist,watchlist,61.84,34.47,49.52,5.0,54.52,51
CARTRADE.NS,Cartrade Tech Limited,Consumer Services,Unknown,Unknown,False,Cash,1,Stage 2,Stage 2,Early Stage 2,Early Stage 2,Stage 2 • Early Stage 2,0.72,"Price has moved above long-term structure, but the full moving-average stack is not clean yet.",,,2026-09-25,,10.14,72.12,965129113.44,0.65,0.86,0.58,True,True,"Stage 2, Early Stage 2, weekly_vcp_ok, volume_dryup, weekly_volume_dryup, weekly_strong",watchlist,weekly_forming,watchlist,41.43,65.8,52.4,2.0,54.4,52
STLTECH.NS,Sterlite Technologies Limited,Telecommunication,Unknown,Unknown,False,Cash,1,Stage 2,Stage 2,Extended Stage 2,Extended Stage 2,Stage 2 • Extended Stage 2,0.78,"Advancing structure remains intact, but price is stretched versus key moving averages or far above the 52-week low.",,,2026-09-25,,51.81,366.38,1333914663.33,0.85,0.65,0.59,False,True,"Stage 2, Extended Stage 2, trend_template_ok, weekly_volume_dryup",watchlist,weekly_watchlist,watchlist,58.28,27.2,44.29,10.0,54.29,53
DCBBANK.NS,DCB Bank Limited,Financial Services,Unknown,Unknown,False,Cash,1,Stage 2,Stage 2,Clean Stage 2,Clean Stage 2,Stage 2 • Clean Stage 2,0.9,"Price is above rising key averages, weekly structure is supportive, and the stock is near its 52-week high.",,,2026-09-25,,12.33,28.68,363062404.66,0.5,0.55,0.6,True,True,"Stage 2, Clean Stage 2, trend_template_ok, weekly_vcp_ok, volume_dryup, weekly_volume_dryup, weekly_strong",watchlist,weekly_breakout,watchlist,39.23,71.0,53.53,0.0,53.53,54
REDINGTON.NS,Redington Limited,Services,Unknown,Unknown,False,Cash,1,Stage 2,Stage 2,Extended Stage 2,Extended Stage 2,Stage 2 • Extended Stage 2,0.78,"Advancing structure remains intact, but price is stretched versus key moving averages or far above the 52-week low.",,,2026-09-25,,53.29,107.99,2361844840.63,0.64,0.7,0.54,True,True,"Stage 2, Extended Stage 2, trend_template_ok, weekly_vcp_ok, volume_dryup, weekly_volume_dryup, weekly_strong",watchlist,weekly_breakout,watchlist,39.37,65.0,50.9,2.0,52.9,55
FINEORG.NS,Fine Organic Industries Limited,Chemicals,Unknown,Unknown,False,Cash,1,Stage 2,Stage 2,Messy Stage 2,Messy Stage 2,Stage 2 • Messy Stage 2,0.64,"Long-term structure is still constructive, but the short-term/weekly structure is not clean.",,,2026-09-25,,3.7,25.58,109236948.02,0.79,1.41,0.73,True,True,"Stage 2, Messy Stage 2, weekly_vcp_ok, volume_dryup, weekly_volume_dryup, weekly_strong",watchlist,weekly_near_pivot,watchlist,29.9,69.83,47.87,5.0,52.87,56
TI.NS,Tilaknagar Industries Limited,Fast Moving Consumer Goods,Unknown,Unknown,False,Cash,1,Stage 2,Stage 2,Clean Stage 2,Clean Stage 2,Stage 2 • Clean Stage 2,0.9,"Price is above rising key averages, weekly structure is supportive, and the stock is near its 52-week high.",,,2026-09-25,,28.95,34.66,423499807.83,1.09,0.69,1.09,False,False,"Stage 2, Clean Stage 2, trend_template_ok, weekly_vcp_ok, weekly_strong",watchlist,weekly_near_pivot,watchlist,37.0,72.16,52.82,0.0,52.82,57
APARINDS.NS,Apar Industries Limited,Capital Goods,Unknown,Unknown,False,Cash,1,Stage 2,Stage 2,Clean Stage 2,Clean Stage 2,Stage 2 • Clean Stage 2,0.9,"Price is above rising key averages, weekly structure is supportive, and the stock is near its 52-week high.",,,2026-09-25,,19.82,78.45,2208179830.59,0.92,0.97,0.82,False,True,"Stage 2, Clean Stage 2, trend_template_ok, weekly_volume_dryup",watchlist,weekly_watchlist,watchlist,59.49,32.8,47.48,5.0,52.48,58
RATNAMANI.NS,Ratnamani Metals & Tubes Limited,Capital Goods,Unknown,Unknown,False,Cash,1,Stage 2,Stage 2,Clean Stage 2,Clean Stage 2,Stage 2 • Clean Stage 2,0.9,"Price is above rising key averages, weekly structure is supportive, and the stock is near its 52-week high.",,,2026-09-25,,16.21,24.61,145269716.74,0.38,0.17,0.27,True,True,"Stage 2, Clean Stage 2, trend_template_ok, volume_dryup, weekly_volume_dryup",watchlist,weekly_watchlist,watchlist,59.16,32.48,47.15,5.0,52.15,59
CUB.NS,City Union Bank Limited,Financial Services,Unknown,Unknown,False,Cash,1,Stage 2,Stage 2,Early Stage 2,Early Stage 2,Stage 2 • Early Stage 2,0.72,"Price has moved above long-term structure, but the full moving-average stack is not clean yet.",,,2026-09-25,,5.2,23.13,509561346.51,0.72,2.05,0.9,True,True,"Stage 2, Early Stage 2, weekly_vcp_ok, volume_dryup, weekly_volume_dryup, weekly_strong",watchlist,weekly_forming,watchlist,45.09,60.63,52.08,0.0,52.08,60
MCX.NS,Multi Commodity Exchange of India Limited,Financial Services,Unknown,Unknown,True,F&O,1,Stage 2,Stage 2,Clean Stage 2,Clean Stage 2,Stage 2 • Clean Stage 2,0.9,"Price is above rising key averages, weekly structure is supportive, and the stock is near its 52-week high.",,,2026-09-25,,17.02,36.17,6093439129.06,0.91,0.5,1.0,False,False,"Stage 2, Clean Stage 2, trend_template_ok, weekly_vcp_ok, weekly_strong",watchlist,weekly_near_pivot,watchlist,36.77,70.32,51.87,0.0,51.87,61
VRLLOG.NS,VRL Logistics Limited,Services,Unknown,Unknown,False,Cash,1,Stage 2,Stage 2,Early Stage 2,Early Stage 2,Stage 2 • Early Stage 2,0.72,"Price has moved above long-term structure, but the full moving-average stack is not clean yet.",,,2026-09-25,,25.36,23.87,34523527.87,0.27,0.99,0.24,True,True,"Stage 2, Early Stage 2, weekly_vcp_ok, volume_dryup, weekly_volume_dryup, weekly_strong",watchlist,weekly_near_pivot,watchlist,31.25,71.82,49.51,2.0,51.51,62
PNBHOUSING.NS,PNB Housing Finance Limited,Financial Services,Unknown,Unknown,True,F&O,1,Stage 2,Stage 2,Early Stage 2,Early Stage 2,Stage 2 • Early Stage 2,0.72,"Price has moved above long-term structure, but the full moving-average stack is not clean yet.",,,2026-09-25,,8.69,41.66,1061079813.43,1.13,1.12,0.65,False,True,"Stage 2, Early Stage 2, weekly_vcp_ok, weekly_volume_dryup, weekly_strong",watchlist,weekly_forming,watchlist,41.63,62.84,51.17,0.0,51.17,63
CHALET.NS,Chalet Hotels Limited,Consumer Services,Unknown,Unknown,False,Cash,1,Stage 2,Stage 2,Early Stage 2,Early Stage 2,Stage 2 • Early Stage 2,0.72,"Price has moved above long-term structure, but the full moving-average stack is not clean yet.",,,2026-09-25,,9.03,21.67,142365207.99,0.86,0.35,0.75,False,True,"Stage 2, Early Stage 2, daily_vcp_ok, weekly_vcp_ok, weekly_volume_dryup, weekly_strong",watchlist,weekly_near_pivot,watchlist,35.95,65.2,49.11,2.0,51.11,64
BAJAJHLDNG.NS,Bajaj Holdings & Investment Limited,Financial Services,Unknown,Unknown,True,F&O,1,Stage 2,Stage 2,Early Stage 2,Early Stage 2,Stage 2 • Early Stage 2,0.72,"Price has moved above long-term structure, but the full moving-average stack is not clean yet.",,,2026-09-25,,5.15,24.55,453159062.4,0.94,0.7,0.9,False,False,"Stage 2, Early Stage 2, weekly_vcp_ok, weekly_strong",watchlist,weekly_near_pivot,watchlist,34.65,70.97,50.99,0.0,50.99,65
NEULANDLAB.NS,Neuland Laboratories Limited,Healthcare,Unknown,Unknown,False,Cash,1,Stage 2,Stage 2,Early Stage 2,Early Stage 2,Stage 2 • Early Stage 2,0.72,"Price has moved above long-term structure, but the full moving-average stack is not clean yet.",,,2026-09-25,,18.23,75.02,954916685.25,0.66,0.43,0.57,True,True,"Stage 2, Early Stage 2, weekly_vcp_ok, volume_dryup, weekly_volume_dryup, weekly_strong",watchlist,weekly_forming,watchlist,20.49,65.8,40.88,10.0,50.88,66
RAIN.NS,Rain Industries Limited,Chemicals,Unknown,Unknown,False,Cash,1,Stage 2,Stage 2,Stage 2,Stage 2,Stage 2,0.76,Advancing structure detected.,,,2026-09-25,,19.73,93.68,902462167.05,0.73,0.58,0.69,True,True,"Stage 2, Stage 2, trend_template_ok, volume_dryup, weekly_volume_dryup",watchlist,weekly_watchlist,watchlist,60.97,27.2,45.77,5.0,50.77,67
RAYMOND.NS,Raymond Limited,Textiles,Unknown,Unknown,False,Cash,1,Stage 2,Stage 2,Extended Stage 2,Extended Stage 2,Stage 2 • Extended Stage 2,0.78,"Advancing structure remains intact, but price is stretched versus key moving averages or far above the 52-week low.",,,2026-09-25,,104.98,238.43,6509352881.07,2.42,1.07,1.7,False,False,"Stage 2, Extended Stage 2, trend_template_ok",watchlist,weekly_watchlist,watchlist,55.49,22.4,40.6,10.0,50.6,68
PRUDENT.NS,Prudent Corporate Advisory Services Limited,Financial Services,Unknown,Unknown,False,Cash,1,Stage 2,Stage 2,Early Stage 2,Early Stage 2,Stage 2 • Early Stage 2,0.72,"Price has moved above long-term structure, but the full moving-average stack is not clean yet.",,,2026-09-25,,10.82,42.58,104317442.46,0.66,0.94,0.67,True,True,"Stage 2, Early Stage 2, weekly_vcp_ok, volume_dryup, weekly_volume_dryup, weekly_strong",watchlist,weekly_forming,watchlist,39.22,64.24,50.48,0.0,50.48,69
WSTCSTPAPR.NS,West Coast Paper Mills Limited,Forest Materials,Unknown,Unknown,False,Cash,1,Stage 2,Stage 2,Clean Stage 2,Clean Stage 2,Stage 2 • Clean Stage 2,0.9,"Price is above rising key averages, weekly structure is supportive, and the stock is near its 52-week high.",,,2026-09-25,,41.57,70.33,209000413.64,0.79,0.44,0.49,True,True,"Stage 2, Clean Stage 2, trend_template_ok, volume_dryup, weekly_volume_dryup",watchlist,weekly_watchlist,watchlist,55.02,22.4,40.34,10.0,50.34,70
BALRAMCHIN.NS,Balrampur Chini Mills Limited,Fast Moving Consumer Goods,Unknown,Unknown,False,Cash,1,Stage 2,Stage 2,Stage 2,Stage 2,Stage 2,0.76,Advancing structure detected.,,,2026-09-25,,25.12,41.36,1620430430.72,0.37,0.35,0.51,True,True,"Stage 2, Stage 2, trend_template_ok, weekly_vcp_ok, volume_dryup, weekly_volume_dryup, weekly_strong",watchlist,weekly_forming,watchlist,38.74,64.45,50.31,0.0,50.31,71
MANYAVAR.NS,Vedant Fashions Limited,Consumer Services,Unknown,Unknown,False,Cash,1,Stage 2,Stage 2,Early Stage 2,Early Stage 2,Stage 2 • Early Stage 2,0.72,"Price has moved above long-term structure, but the full moving-average stack is not clean yet.",Stage 2 reclaimed after 3 confirmation runs.,,2026-09-25,,39.81,48.94,205566104.76,0.27,0.34,0.13,True,True,"Stage 2, Early Stage 2, weekly_vcp_ok, volume_dryup, weekly_volume_dryup, weekly_strong",watchlist,weekly_forming,watchlist,37.45,61.4,48.23,2.0,50.23,72
PHOENIXLTD.NS,The Phoenix Mills Limited,Realty,Unknown,Unknown,True,F&O,1,Stage 2,Stage 2,Stage 2,Stage 2,Stage 2,0.76,Advancing structure detected.,,,2026-09-25,,2.24,31.07,740218142.6,0.86,0.4,0.96,False,False,"Stage 2, Stage 2, daily_vcp_ok, weekly_vcp_ok, weekly_strong",watchlist,weekly_forming,watchlist,37.66,61.13,48.22,2.0,50.22,73
LTFOODS.NS,LT Foods Ltd.,Fast Moving Consumer Goods,Unknown,Unknown,False,Cash,1,Stage 2,Stage 2,Early Stage 2,Early Stage 2,Stage 2 • Early Stage 2,0.72,"Price has moved above long-term structure, but the full moving-average stack is not clean yet.",,,2026-09-25,,12.96,8.32,194319466.77,0.23,0.23,0.23,True,True,"Stage 2, Early Stage 2, daily_vcp_ok, weekly_vcp_ok, volume_dryup, weekly_volume_dryup, weekly_strong",watchlist,weekly_forming,watchlist,41.06,59.93,49.55,0.0,49.55,74
KAJARIACER.NS,Kajaria Ceramics Limited,Consumer Durables,Unknown,Unknown,False,Cash,1,Stage 2,Stage 2,Messy Stage 2,Messy Stage 2,Stage 2 • Messy Stage 2,0.64,"Long-term structure is still constructive, but the short-term/weekly structure is not clean.",,,2026-09-25,,4.43,22.79,251346085.28,0.67,0.6,0.81,True,True,"Stage 2, Messy Stage 2, weekly_vcp_ok, volume_dryup, weekly_volume_dryup, weekly_strong",watchlist,weekly_near_pivot,watchlist,33.41,68.52,49.21,0.0,49.21,75
MEDANTA.NS,Global Health Limited,Healthcare,Unknown,Unknown,False,Cash,1,Stage 2,Stage 2,Early Stage 2,Early Stage 2,Stage 2 • Early Stage 2,0.72,"Price has moved above long-term structure, but the full moving-average stack is not clean yet.",,,2026-09-25,,13.08,51.45,367814592.25,0.76,0.43,0.48,True,True,"Stage 2, Early Stage 2, weekly_vcp_ok, volume_dryup, weekly_volume_dryup",watchlist,weekly_near_pivot,watchlist,22.67,58.55,38.82,10.0,48.82,76
CASTROLIND.NS,Castrol India Limited,"Oil, Gas & Consumable Fuels",Unknown,Unknown,False,Cash,1,Stage 2,Stage 2,Clean Stage 2,Clean Stage 2,Stage 2 • Clean Stage 2,0.9,"Price is above rising key averages, weekly structure is supportive, and the stock is near its 52-week high.",,,2026-09-25,,17.74,19.03,650052979.29,1.65,1.82,1.93,False,False,"Stage 2, Clean Stage 2, weekly_vcp_ok, weekly_strong",watchlist,weekly_breakout,watchlist,29.22,61.48,43.74,5.0,48.74,77
GLENMARK.NS,Glenmark Pharmaceuticals Limited,Healthcare,Unknown,Unknown,True,F&O,1,Stage 2,Stage 2,Early Stage 2,Early Stage 2,Stage 2 • Early Stage 2,0.72,"Price has moved above long-term structure, but the full moving-average stack is not clean yet.",,,2026-09-25,,11.12,13.55,1115219531.36,1.05,2.04,1.27,False,False,"Stage 2, Early Stage 2, weekly_vcp_ok, weekly_strong",watchlist,weekly_forming,watchlist,19.24,62.47,38.69,10.0,48.69,78
SHYAMMETL.NS,Shyam Metalics and Energy Limited,Metals & Mining,Unknown,Unknown,False,Cash,1,Stage 2,Stage 2,Clean Stage 2,Clean Stage 2,Stage 2 • Clean Stage 2,0.9,"Price is above rising key averages, weekly structure is supportive, and the stock is near its 52-week high.",,,2026-09-25,,16.65,37.68,565417930.05,1.54,0.74,1.12,False,False,"Stage 2, Clean Stage 2, trend_template_ok",watchlist,weekly_watchlist,watchlist,52.33,39.63,46.62,2.0,48.62,79
GNFC.NS,Gujarat Narmada Valley Fertilizers and Chemicals Limited,Chemicals,Unknown,Unknown,False,Cash,1,Stage 2,Stage 2,Clean Stage 2,Clean Stage 2,Stage 2 • Clean Stage 2,0.9,"Price is above rising key averages, weekly structure is supportive, and the stock is near its 52-week high.",,,2026-09-25,,25.59,63.68,740232134.67,2.2,0.46,1.77,False,False,"Stage 2, Clean Stage 2, trend_template_ok",watchlist,weekly_watchlist,watchlist,58.95,24.8,43.58,5.0,48.58,80
PCBL.NS,PCBL LIMITED,Chemicals,Unknown,Unknown,False,Cash,1,Stage 2,Stage 2,Stage 2,Stage 2,Stage 2,0.76,Advancing structure detected.,,,2026-09-25,,11.01,32.48,574893758.67,0.58,0.58,0.49,True,True,"Stage 2, Stage 2, trend_template_ok, daily_vcp_ok, volume_dryup, weekly_volume_dryup",forming_vcp,weekly_watchlist,watchlist,56.24,27.95,43.51,5.0,48.51,81
LXCHEM.NS,Laxmi Organic Industries Limited,Chemicals,Unknown,Unknown,False,Cash,1,Stage 2,Stage 2,Stage 2,Stage 2,Stage 2,0.76,Advancing structure detected.,,,2026-09-25,,14.5,52.91,221391001.51,0.83,0.87,0.85,True,True,"Stage 2, Stage 2, trend_template_ok, volume_dryup, weekly_volume_dryup",watchlist,weekly_watchlist,watchlist,52.28,32.74,43.49,5.0,48.49,82
PAYTM.NS,One 97 Communications Limited,Financial Services,Unknown,Unknown,True,F&O,1,Stage 2,Stage 2,Stage 2,Stage 2,Stage 2,0.76,Advancing structure detected.,,,2026-09-25,,39.92,64.86,7376798717.32,1.07,0.94,0.72,False,True,"Stage 2, Stage 2, trend_template_ok, weekly_vcp_ok, weekly_volume_dryup, weekly_strong",watchlist,weekly_breakout,watchlist,34.05,65.8,48.34,0.0,48.34,83
POLYMED.NS,Poly Medicure Limited,Healthcare,Unknown,Unknown,False,Cash,1,Stage 2 Failed,Not Sure,Failed Stage 2,Failed Stage 2,Stage 2 Failed • Failed Stage 2,0.72,"This stock was recently Stage 2, but the latest structure no longer satisfies Stage 2 rules. It is kept as Stage 2 Failed until a fresh base/repair structure forms.",Recent Stage 2 break; public stage held as Stage 2 Failed.,2026-09-28,2026-09-25,,-0.22,25.18,242220267.87,0.64,1.58,0.66,True,True,"Not Sure, Not Sure, weekly_vcp_ok, volume_dryup, weekly_volume_dryup, weekly_strong | Stage 2 failed state applied from stage memory.",watchlist,weekly_watchlist,watchlist,29.56,48.3,37.99,10.0,47.99,84
HATSUN.NS,Hatsun Agro Product Limited,Fast Moving Consumer Goods,Unknown,Unknown,False,Cash,1,Stage 2,Stage 2,Stage 2,Stage 2,Stage 2,0.76,Advancing structure detected.,,,2026-09-25,,27.43,28.42,139318409.65,1.47,0.29,0.37,False,True,"Stage 2, Stage 2, trend_template_ok, weekly_vcp_ok, weekly_volume_dryup, weekly_strong",watchlist,weekly_breakout,watchlist,33.63,64.49,47.52,0.0,47.52,85
VENUSPIPES.NS,Venus Pipes & Tubes Limited,Capital Goods,Unknown,Unknown,False,Cash,1,Stage 2,Stage 2,Extended Stage 2,Extended Stage 2,Stage 2 • Extended Stage 2,0.78,"Advancing structure remains intact, but price is stretched versus key moving averages or far above the 52-week low.",,,2026-09-25,,24.76,118.08,731399320.62,2.1,0.97,0.8,False,True,"Stage 2, Extended Stage 2, trend_template_ok, weekly_volume_dryup",watchlist,weekly_watchlist,watchlist,54.83,27.2,42.4,5.0,47.4,86
KTKBANK.NS,The Karnataka Bank Limited,Financial Services,Unknown,Unknown,False,Cash,1,Stage 2,Stage 2,Clean Stage 2,Clean Stage 2,Stage 2 • Clean Stage 2,0.9,"Price is above rising key averages, weekly structure is supportive, and the stock is near its 52-week high.",,,2026-09-25,,27.28,45.96,624395712.72,0.73,0.45,0.74,True,True,"Stage 2, Clean Stage 2, trend_template_ok, daily_vcp_ok, volume_dryup, weekly_volume_dryup",forming_vcp,weekly_watchlist,watchlist,60.67,30.92,47.28,0.0,47.28,87
AJANTPHARM.NS,Ajanta Pharma Limited,Healthcare,Unknown,Unknown,False,Cash,1,Stage 2,Stage 2,Messy Stage 2,Messy Stage 2,Stage 2 • Messy Stage 2,0.64,"Long-term structure is still constructive, but the short-term/weekly structure is not clean.",,,2026-09-25,,11.45,29.71,270606547.47,1.05,1.29,0.71,False,True,"Stage 2, Messy Stage 2, trend_template_ok, weekly_volume_dryup",watchlist,weekly_watchlist,watchlist,45.64,26.52,37.04,10.0,47.04,88
ETERNAL.NS,Eternal Ltd.,Consumer Services,Unknown,Unknown,True,F&O,1,Stage 2,Stage 2,Early Stage 2,Early Stage 2,Stage 2 • Early Stage 2,0.72,"Price has moved above long-term structure, but the full moving-average stack is not clean yet.",,,2026-09-25,,23.43,45.08,5711948722.86,0.61,0.66,0.64,True,True,"Stage 2, Early Stage 2, weekly_vcp_ok, volume_dryup, weekly_volume_dryup, weekly_strong",watchlist,weekly_near_pivot,watchlist,22.4,72.65,45.01,2.0,47.01,89
INOXINDIA.NS,INOX India Ltd.,Capital Goods,Unknown,Unknown,False,Cash,1,Stage 2,Stage 2,Messy Stage 2,Messy Stage 2,Stage 2 • Messy Stage 2,0.64,"Long-term structure is still constructive, but the short-term/weekly structure is not clean.",,,2026-09-25,,12.66,67.56,716280031.77,0.97,0.47,0.74,False,True,"Stage 2, Messy Stage 2, trend_template_ok, weekly_volume_dryup",watchlist,weekly_watchlist,watchlist,56.91,23.6,41.92,5.0,46.92,90
APLAPOLLO.NS,APL Apollo Tubes Limited,Capital Goods,Unknown,Unknown,True,F&O,1,Stage 2,Stage 2,Early Stage 2,Early Stage 2,Stage 2 • Early Stage 2,0.72,"Price has moved above long-term structure, but the full moving-average stack is not clean yet.",,,2026-09-25,,28.43,18.38,1318820905.06,0.85,0.53,0.65,False,True,"Stage 2, Early Stage 2, weekly_vcp_ok, weekly_volume_dryup, weekly_strong",watchlist,weekly_near_pivot,watchlist,18.14,70.48,41.69,5.0,46.69,91
SAIL.NS,Steel Authority of India Limited,Metals & Mining,Unknown,Unknown,True,F&O,1,Stage 2,Stage 2,Stage 2,Stage 2,Stage 2,0.76,Advancing structure detected.,,,2026-09-25,,14.67,20.97,2937961860.51,0.75,0.67,1.0,True,False,"Stage 2, Stage 2, trend_template_ok, daily_vcp_ok, volume_dryup",forming_vcp,weekly_watchlist,watchlist,58.65,27.56,44.66,2.0,46.66,92
SAILIFE.NS,Sai Life Sciences Ltd.,Healthcare,Unknown,Unknown,False,Cash,1,Stage 2,Stage 2,Clean Stage 2,Clean Stage 2,Stage 2 • Clean Stage 2,0.9,"Price is above rising key averages, weekly structure is supportive, and the stock is near its 52-week high.",,,2026-09-25,,32.96,67.14,1398130415.03,0.7,0.39,0.49,True,True,"Stage 2, Clean Stage 2, trend_template_ok, volume_dryup, weekly_volume_dryup",watchlist,weekly_watchlist,watchlist,38.66,34.0,36.56,10.0,46.56,93
FLUOROCHEM.NS,Gujarat Fluorochemicals Limited,Chemicals,Unknown,Unknown,False,Cash,1,Stage 2,Stage 2,Early Stage 2,Early Stage 2,Stage 2 • Early Stage 2,0.72,"Price has moved above long-term structure, but the full moving-average stack is not clean yet.",,,2026-09-25,,17.04,41.06,563782172.47,0.55,0.25,0.23,True,True,"Stage 2, Early Stage 2, weekly_vcp_ok, volume_dryup, weekly_volume_dryup, weekly_strong",watchlist,weekly_forming,watchlist,22.19,64.71,41.32,5.0,46.32,94
VIJAYA.NS,Vijaya Diagnostic Centre Limited,Healthcare,Unknown,Unknown,False,Cash,1,Stage 2,Stage 2,Clean Stage 2,Clean Stage 2,Stage 2 • Clean Stage 2,0.9,"Price is above rising key averages, weekly structure is supportive, and the stock is near its 52-week high.",,,2026-09-25,,12.67,69.86,211024527.94,0.85,0.77,0.71,True,True,"Stage 2, Clean Stage 2, trend_template_ok, volume_dryup, weekly_volume_dryup",watchlist,weekly_watchlist,watchlist,37.14,35.2,36.27,10.0,46.27,95
PARADEEP.NS,Paradeep Phosphates Limited,Chemicals,Unknown,Unknown,False,Cash,1,Stage 2,Stage 2,Early Stage 2,Early Stage 2,Stage 2 • Early Stage 2,0.72,"Price has moved above long-term structure, but the full moving-average stack is not clean yet.",,,2026-09-25,,17.15,38.55,386067671.89,0.22,0.39,0.17,True,True,"Stage 2, Early Stage 2, weekly_vcp_ok, volume_dryup, weekly_volume_dryup, weekly_strong",watchlist,weekly_near_pivot,watchlist,16.32,71.37,41.09,5.0,46.09,96
JSWINFRA.NS,JSW Infrastructure Ltd.,Services,Unknown,Unknown,False,Cash,1,Stage 2,Stage 2,Clean Stage 2,Clean Stage 2,Stage 2 • Clean Stage 2,0.9,"Price is above rising key averages, weekly structure is supportive, and the stock is near its 52-week high.",,,2026-09-25,,11.59,47.25,1633051058.31,1.96,0.79,1.78,False,False,"Stage 2, Clean Stage 2, trend_template_ok",watchlist,weekly_watchlist,watchlist,56.96,28.28,44.05,2.0,46.05,97
KPIL.NS,Kalpataru Projects International Limited,Construction,Unknown,Unknown,False,Cash,1,Stage 2,Stage 2,Messy Stage 2,Messy Stage 2,Stage 2 • Messy Stage 2,0.64,"Long-term structure is still constructive, but the short-term/weekly structure is not clean.",,,2026-09-25,,5.5,27.62,210510939.77,0.73,1.19,0.63,True,True,"Stage 2, Messy Stage 2, trend_template_ok, daily_vcp_ok, volume_dryup, weekly_volume_dryup",forming_vcp,weekly_watchlist,watchlist,59.58,29.31,45.96,0.0,45.96,98
TATVA.NS,Tatva Chintan Pharma Chem Limited,Chemicals,Unknown,Unknown,False,Cash,1,Stage 2,Stage 2,Clean Stage 2,Clean Stage 2,Stage 2 • Clean Stage 2,0.9,"Price is above rising key averages, weekly structure is supportive, and the stock is near its 52-week high.",,,2026-09-25,,44.13,61.17,115608480.78,0.75,3.67,0.55,True,True,"Stage 2, Clean Stage 2, trend_template_ok, volume_dryup, weekly_volume_dryup",watchlist,weekly_watchlist,watchlist,46.51,34.0,40.88,5.0,45.88,99
MARKSANS.NS,Marksans Pharma Limited,Healthcare,Unknown,Unknown,False,Cash,1,Stage 2,Stage 2,Extended Stage 2,Extended Stage 2,Stage 2 • Extended Stage 2,0.78,"Advancing structure remains intact, but price is stretched versus key moving averages or far above the 52-week low.",,,2026-09-25,,29.53,99.98,760789621.28,0.58,0.72,0.62,True,True,"Stage 2, Extended Stage 2, trend_template_ok, volume_dryup, weekly_volume_dryup",watchlist,weekly_watchlist,watchlist,39.62,30.4,35.47,10.0,45.47,100
GRWRHITECH.NS,Garware Hi-Tech Films Limited,Capital Goods,Unknown,Unknown,False,Cash,1,Stage 2,Stage 2,Messy Stage 2,Messy Stage 2,Stage 2 • Messy Stage 2,0.64,"Long-term structure is still constructive, but the short-term/weekly structure is not clean.",,,2026-09-25,,1.23,82.24,371524980.54,0.84,0.58,0.99,True,False,"Stage 2, Messy Stage 2, weekly_vcp_ok, volume_dryup, weekly_strong",watchlist,weekly_forming,watchlist,19.57,65.8,40.37,5.0,45.37,101
SHANTIGEAR.NS,Shanthi Gears Limited,Capital Goods,Unknown,Unknown,False,Cash,1,Stage 2,Stage 2,Extended Stage 2,Extended Stage 2,Stage 2 • Extended Stage 2,0.78,"Advancing structure remains intact, but price is stretched versus key moving averages or far above the 52-week low.",,,2026-09-25,,47.22,46.87,182718628.64,0.19,0.07,0.15,True,True,"Stage 2, Extended Stage 2, trend_template_ok, volume_dryup, weekly_volume_dryup",watchlist,weekly_watchlist,watchlist,43.67,36.2,40.31,5.0,45.31,102
ACMESOLAR.NS,ACME Solar Holdings Ltd.,Power,Unknown,Unknown,False,Cash,1,Stage 2,Stage 2,Clean Stage 2,Clean Stage 2,Stage 2 • Clean Stage 2,0.9,"Price is above rising key averages, weekly structure is supportive, and the stock is near its 52-week high.",,,2026-09-25,,16.46,61.7,1209995840.81,1.67,0.68,1.09,False,False,"Stage 2, Clean Stage 2, trend_template_ok",watchlist,weekly_watchlist,watchlist,57.47,30.22,45.21,0.0,45.21,103
WELSPUNLIV.NS,Welspun Living Ltd.,Textiles,Unknown,Unknown,False,Cash,1,Stage 2,Stage 2,Extended Stage 2,Extended Stage 2,Stage 2 • Extended Stage 2,0.78,"Advancing structure remains intact, but price is stretched versus key moving averages or far above the 52-week low.",,,2026-09-25,,41.82,98.94,950049565.48,0.78,0.6,0.94,True,False,"Stage 2, Extended Stage 2, trend_template_ok, volume_dryup",watchlist,weekly_watchlist,watchlist,38.11,31.6,35.18,10.0,45.18,104
ROLEXRINGS.NS,Rolex Rings Limited,Automobile and Auto Components,Unknown,Unknown,False,Cash,1,Stage 2,Stage 2,Clean Stage 2,Clean Stage 2,Stage 2 • Clean Stage 2,0.9,"Price is above rising key averages, weekly structure is supportive, and the stock is near its 52-week high.",,,2026-09-25,,34.27,65.92,319417928.34,0.59,1.74,0.98,True,False,"Stage 2, Clean Stage 2, trend_template_ok, volume_dryup",watchlist,weekly_watchlist,watchlist,44.22,35.2,40.16,5.0,45.16,105
TVSMOTOR.NS,TVS Motor Company Limited,Automobile and Auto Components,Unknown,Unknown,True,F&O,1,Stage 2,Stage 2,Early Stage 2,Early Stage 2,Stage 2 • Early Stage 2,0.72,"Price has moved above long-term structure, but the full moving-average stack is not clean yet.",,,2026-09-25,,18.01,23.0,2995547197.52,0.64,0.73,0.63,True,True,"Stage 2, Early Stage 2, weekly_vcp_ok, volume_dryup, weekly_volume_dryup, weekly_strong",watchlist,weekly_forming,watchlist,22.1,61.9,40.01,5.0,45.01,106
GMMPFAUDLR.NS,GMM Pfaudler Limited,Capital Goods,Unknown,Unknown,False,Cash,1,Stage 2,Stage 2,Extended Stage 2,Extended Stage 2,Stage 2 • Extended Stage 2,0.78,"Advancing structure remains intact, but price is stretched versus key moving averages or far above the 52-week low.",,,2026-09-25,,97.2,76.4,762274362.56,1.31,0.45,0.63,False,True,"Stage 2, Extended Stage 2, weekly_vcp_ok, weekly_volume_dryup, weekly_strong",watchlist,weekly_breakout,watchlist,17.75,66.9,39.87,5.0,44.87,107
IPCALAB.NS,IPCA Laboratories Limited,Healthcare,Unknown,Unknown,False,Cash,1,Stage 2,Stage 2,Clean Stage 2,Clean Stage 2,Stage 2 • Clean Stage 2,0.9,"Price is above rising key averages, weekly structure is supportive, and the stock is near its 52-week high.",,,2026-09-25,,17.12,31.66,431691142.14,0.69,0.34,0.48,True,True,"Stage 2, Clean Stage 2, trend_template_ok, volume_dryup, weekly_volume_dryup",watchlist,weekly_watchlist,watchlist,38.97,29.68,34.79,10.0,44.79,108
AGI.NS,AGI Greenpac Limited,Capital Goods,Unknown,Unknown,False,Cash,1,Stage 2,Stage 2,Early Stage 2,Early Stage 2,Stage 2 • Early Stage 2,0.72,"Price has moved above long-term structure, but the full moving-average stack is not clean yet.",,,2026-09-25,,20.7,63.76,165955719.49,1.37,0.63,1.16,False,False,"Stage 2, Early Stage 2, weekly_vcp_ok, weekly_strong",watchlist,weekly_breakout,watchlist,18.5,65.8,39.78,5.0,44.78,109
EMCURE.NS,Emcure Pharmaceuticals Ltd.,Healthcare,Unknown,Unknown,False,Cash,1,Stage 2,Stage 2,Messy Stage 2,Messy Stage 2,Stage 2 • Messy Stage 2,0.64,"Long-term structure is still constructive, but the short-term/weekly structure is not clean.",,,2026-09-25,,9.15,27.07,390620120.99,1.64,0.22,0.23,False,True,"Stage 2, Messy Stage 2, trend_template_ok, weekly_volume_dryup",watchlist,weekly_watchlist,watchlist,39.8,28.62,34.77,10.0,44.77,110
USHAMART.NS,Usha Martin Limited,Capital Goods,Unknown,Unknown,False,Cash,1,Stage 2,Stage 2,Clean Stage 2,Clean Stage 2,Stage 2 • Clean Stage 2,0.9,"Price is above rising key averages, weekly structure is supportive, and the stock is near its 52-week high.",,,2026-09-25,,6.98,28.46,654301101.2,1.67,0.42,1.44,False,False,"Stage 2, Clean Stage 2, weekly_vcp_ok, weekly_strong",watchlist,weekly_near_pivot,watchlist,15.54,68.54,39.39,5.0,44.39,111
LALPATHLAB.NS,Dr. Lal Path Labs Ltd.,Healthcare,Unknown,Unknown,False,Cash,1,Stage 2,Stage 2,Clean Stage 2,Clean Stage 2,Stage 2 • Clean Stage 2,0.9,"Price is above rising key averages, weekly structure is supportive, and the stock is near its 52-week high.",,,2026-09-25,,23.1,49.17,599940715.03,1.2,0.52,0.85,False,True,"Stage 2, Clean Stage 2, trend_template_ok, weekly_volume_dryup",watchlist,weekly_watchlist,watchlist,37.12,30.83,34.29,10.0,44.29,112
GABRIEL.NS,Gabriel India Limited,Automobile and Auto Components,Unknown,Unknown,False,Cash,1,Stage 2,Stage 2,Early Stage 2,Early Stage 2,Stage 2 • Early Stage 2,0.72,"Price has moved above long-term structure, but the full moving-average stack is not clean yet.",,,2026-09-25,,13.95,56.47,952573419.48,1.92,0.23,3.05,False,False,"Stage 2, Early Stage 2, weekly_vcp_ok, weekly_strong",watchlist,weekly_forming,watchlist,17.28,65.94,39.18,5.0,44.18,113
FINCABLES.NS,Finolex Cables Limited,Capital Goods,Unknown,Unknown,False,Cash,1,Stage 2,Stage 2,Clean Stage 2,Clean Stage 2,Stage 2 • Clean Stage 2,0.9,"Price is above rising key averages, weekly structure is supportive, and the stock is near its 52-week high.",,,2026-09-25,,30.63,80.05,1690000771.36,0.66,0.39,0.58,True,True,"Stage 2, Clean Stage 2, trend_template_ok, volume_dryup, weekly_volume_dryup",watchlist,weekly_watchlist,watchlist,40.32,37.6,39.1,5.0,44.1,114
TORNTPHARM.NS,Torrent Pharmaceuticals Limited,Healthcare,Unknown,Unknown,True,F&O,1,Stage 2,Stage 2,Early Stage 2,Early Stage 2,Stage 2 • Early Stage 2,0.72,"Price has moved above long-term structure, but the full moving-average stack is not clean yet.",,,2026-09-25,,9.56,24.62,1512225496.08,1.0,1.32,0.8,False,True,"Stage 2, Early Stage 2, weekly_volume_dryup",watchlist,weekly_watchlist,watchlist,40.8,25.82,34.06,10.0,44.06,115
PVRINOX.NS,PVR INOX Limited,"Media, Entertainment & Publication",Unknown,Unknown,False,Cash,1,Stage 2,Stage 2,Clean Stage 2,Clean Stage 2,Stage 2 • Clean Stage 2,0.9,"Price is above rising key averages, weekly structure is supportive, and the stock is near its 52-week high.",,,2026-09-25,,29.42,32.25,873038652.45,0.81,0.6,0.75,True,True,"Stage 2, Clean Stage 2, trend_template_ok, weekly_vcp_ok, volume_dryup, weekly_volume_dryup",watchlist,weekly_forming,watchlist,38.0,50.27,43.52,0.0,43.52,116
NOCIL.NS,NOCIL Limited,Chemicals,Unknown,Unknown,False,Cash,1,Stage 2,Stage 2,Stage 2,Stage 2,Stage 2,0.76,Advancing structure detected.,,,2026-09-25,,3.79,9.33,419312153.42,1.66,0.95,2.24,False,False,"Stage 2, Stage 2, trend_template_ok",watchlist,weekly_watchlist,watchlist,46.26,28.71,38.36,5.0,43.36,117
TIIL.NS,Technocraft Industries (India) Limited,Capital Goods,Unknown,Unknown,False,Cash,1,Stage 2,Stage 2,Early Stage 2,Early Stage 2,Stage 2 • Early Stage 2,0.72,"Price has moved above long-term structure, but the full moving-average stack is not clean yet.",,,2026-09-25,,21.48,33.27,103102465.62,0.65,0.38,0.69,True,True,"Stage 2, Early Stage 2, weekly_vcp_ok, volume_dryup, weekly_volume_dryup, weekly_strong",watchlist,weekly_forming,watchlist,17.0,64.37,38.32,5.0,43.32,118
BAJFINANCE.NS,Bajaj Finance Limited,Financial Services,Unknown,Unknown,True,F&O,1,Stage 2,Stage 2,Messy Stage 2,Messy Stage 2,Stage 2 • Messy Stage 2,0.64,"Long-term structure is still constructive, but the short-term/weekly structure is not clean.",,,2026-09-25,,1.83,22.12,5967285203.37,0.96,1.5,1.13,False,False,"Stage 2, Messy Stage 2, weekly_vcp_ok, weekly_strong",watchlist,weekly_forming,watchlist,29.27,60.19,43.18,0.0,43.18,119
GRANULES.NS,Granules India Limited,Healthcare,Unknown,Unknown,False,Cash,1,Stage 2,Stage 2,Early Stage 2,Early Stage 2,Stage 2 • Early Stage 2,0.72,"Price has moved above long-term structure, but the full moving-average stack is not clean yet.",,,2026-09-25,,8.43,41.3,1273405479.86,0.96,0.4,0.47,False,True,"Stage 2, Early Stage 2, weekly_volume_dryup",watchlist,weekly_watchlist,watchlist,36.8,28.57,33.1,10.0,43.1,120
LICHSGFIN.NS,LIC Housing Finance Limited,Financial Services,Unknown,Unknown,True,F&O,1,Stage 2,Stage 2,Clean Stage 2,Clean Stage 2,Stage 2 • Clean Stage 2,0.9,"Price is above rising key averages, weekly structure is supportive, and the stock is near its 52-week high.",,,2026-09-25,,9.19,13.48,1891315788.58,1.07,0.83,0.82,False,True,"Stage 2, Clean Stage 2, weekly_vcp_ok, weekly_volume_dryup",watchlist,weekly_near_pivot,watchlist,33.84,54.37,43.08,0.0,43.08,121
BHEL.NS,Bharat Heavy Electricals Limited,Capital Goods,Unknown,Unknown,True,F&O,1,Stage 2,Stage 2,Early Stage 2,Early Stage 2,Stage 2 • Early Stage 2,0.72,"Price has moved above long-term structure, but the full moving-average stack is not clean yet.",,,2026-09-25,,7.91,68.81,2507422427.91,0.92,1.19,0.83,False,True,"Stage 2, Early Stage 2, weekly_volume_dryup",watchlist,weekly_watchlist,watchlist,44.61,30.07,38.07,5.0,43.07,122
CYIENT.NS,Cyient Limited,Information Technology,Unknown,Unknown,False,Cash,1,Stage 2,Stage 2,Early Stage 2,Early Stage 2,Stage 2 • Early Stage 2,0.72,"Price has moved above long-term structure, but the full moving-average stack is not clean yet.",,,2026-09-25,,28.17,36.73,488021527.86,0.43,0.19,0.35,True,True,"Stage 2, Early Stage 2, weekly_vcp_ok, volume_dryup, weekly_volume_dryup, weekly_strong",watchlist,weekly_breakout,watchlist,21.96,64.29,41.01,2.0,43.01,123
PAISALO.NS,Paisalo Digital Limited,Financial Services,Unknown,Unknown,False,Cash,1,Stage 2,Stage 2,Extended Stage 2,Extended Stage 2,Stage 2 • Extended Stage 2,0.78,"Advancing structure remains intact, but price is stretched versus key moving averages or far above the 52-week low.",,,2026-09-25,,15.92,125.12,1637681944.28,1.58,2.6,1.38,False,False,"Stage 2, Extended Stage 2, trend_template_ok",watchlist,weekly_watchlist,watchlist,56.77,26.0,42.92,0.0,42.92,124
EMUDHRA.NS,eMudhra Limited,Information Technology,Unknown,Unknown,False,Cash,1,Stage 2,Stage 2,Extended Stage 2,Extended Stage 2,Stage 2 • Extended Stage 2,0.78,"Advancing structure remains intact, but price is stretched versus key moving averages or far above the 52-week low.",,,2026-09-25,,53.69,67.81,1430243420.42,4.31,0.29,0.81,False,True,"Stage 2, Extended Stage 2, weekly_vcp_ok, weekly_volume_dryup, weekly_strong",watchlist,weekly_breakout,watchlist,19.25,66.9,40.69,2.0,42.69,125
AETHER.NS,Aether Industries Limited,Chemicals,Unknown,Unknown,False,Cash,1,Stage 2,Stage 2,Extended Stage 2,Extended Stage 2,Stage 2 • Extended Stage 2,0.78,"Advancing structure remains intact, but price is stretched versus key moving averages or far above the 52-week low.",,,2026-09-25,,31.83,59.88,433741883.08,1.07,1.27,1.57,False,False,"Stage 2, Extended Stage 2, trend_template_ok",watchlist,weekly_watchlist,watchlist,37.72,37.6,37.67,5.0,42.67,126
TVSSRICHAK.NS,TVS Srichakra Limited,Automobile and Auto Components,Unknown,Unknown,False,Cash,1,Stage 2,Stage 2,Early Stage 2,Early Stage 2,Stage 2 • Early Stage 2,0.72,"Price has moved above long-term structure, but the full moving-average stack is not clean yet.",,,2026-09-25,,9.64,32.44,63359178.34,0.26,0.12,0.21,True,True,"Stage 2, Early Stage 2, weekly_vcp_ok, volume_dryup, weekly_volume_dryup, weekly_strong",watchlist,weekly_forming,watchlist,16.71,63.11,37.59,5.0,42.59,127
ENDURANCE.NS,Endurance Technologies Limited,Automobile and Auto Components,Unknown,Unknown,False,Cash,1,Stage 2,Stage 2,Early Stage 2,Early Stage 2,Stage 2 • Early Stage 2,0.72,"Price has moved above long-term structure, but the full moving-average stack is not clean yet.",,,2026-09-25,,6.93,22.67,222900558.63,0.72,0.79,0.64,True,True,"Stage 2, Early Stage 2, weekly_vcp_ok, volume_dryup, weekly_volume_dryup, weekly_strong",watchlist,weekly_forming,watchlist,18.16,60.76,37.33,5.0,42.33,128
MOTHERSON.NS,Samvardhana Motherson International Limited,Automobile and Auto Components,Unknown,Unknown,True,F&O,1,Stage 2,Stage 2,Messy Stage 2,Messy Stage 2,Stage 2 • Messy Stage 2,0.64,"Long-term structure is still constructive, but the short-term/weekly structure is not clean.",,,2026-09-25,,15.31,54.54,1766042118.28,0.76,0.89,0.8,True,True,"Stage 2, Messy Stage 2, trend_template_ok, volume_dryup, weekly_volume_dryup",watchlist,weekly_watchlist,watchlist,39.88,34.19,37.32,5.0,42.32,129
NAVINFLUOR.NS,Navin Fluorine International Limited,Chemicals,Unknown,Unknown,False,Cash,1,Stage 2,Stage 2,Clean Stage 2,Clean Stage 2,Stage 2 • Clean Stage 2,0.9,"Price is above rising key averages, weekly structure is supportive, and the stock is near its 52-week high.",,,2026-09-25,,15.38,45.57,1016388811.73,0.55,0.36,0.42,True,True,"Stage 2, Clean Stage 2, trend_template_ok, volume_dryup, weekly_volume_dryup",watchlist,weekly_watchlist,watchlist,39.62,34.5,37.32,5.0,42.32,130
AEGISVOPAK.NS,Aegis Vopak Terminals Ltd.,"Oil, Gas & Consumable Fuels",Unknown,Unknown,False,Cash,1,Stage 2,Stage 2,Clean Stage 2,Clean Stage 2,Stage 2 • Clean Stage 2,0.9,"Price is above rising key averages, weekly structure is supportive, and the stock is near its 52-week high.",,,2026-09-25,,32.39,78.38,590931017.27,1.79,1.45,1.26,False,False,"Stage 2, Clean Stage 2, trend_template_ok",watchlist,weekly_watchlist,watchlist,38.91,35.2,37.24,5.0,42.24,131
ATHERENERG.NS,Ather Energy Ltd.,Automobile and Auto Components,Unknown,Unknown,False,Cash,1,Stage 2,Stage 2,Extended Stage 2,Extended Stage 2,Stage 2 • Extended Stage 2,0.78,"Advancing structure remains intact, but price is stretched versus key moving averages or far above the 52-week low.",,,2026-09-25,,32.39,93.15,6571230485.89,0.78,0.69,0.8,True,True,"Stage 2, Extended Stage 2, weekly_vcp_ok, volume_dryup, weekly_volume_dryup, weekly_strong",watchlist,weekly_forming,watchlist,14.93,63.8,36.92,5.0,41.92,132
JSWSTEEL.NS,JSW Steel Limited,Metals & Mining,Unknown,Unknown,True,F&O,1,Stage 2,Stage 2,Early Stage 2,Early Stage 2,Stage 2 • Early Stage 2,0.72,"Price has moved above long-term structure, but the full moving-average stack is not clean yet.",,,2026-09-25,,8.99,13.65,1584496352.38,0.82,0.81,0.67,True,True,"Stage 2, Early Stage 2, weekly_vcp_ok, volume_dryup, weekly_volume_dryup, weekly_strong",watchlist,weekly_near_pivot,watchlist,16.81,68.06,39.87,2.0,41.87,133
KIMS.NS,Krishna Institute of Medical Sciences Limited,Healthcare,Unknown,Unknown,False,Cash,1,Stage 2 Failed,Stage 3,Failed Stage 2,Failed Stage 2,Stage 2 Failed • Failed Stage 2,0.72,"This stock was recently Stage 2, but the latest structure no longer satisfies Stage 2 rules. It is kept as Stage 2 Failed until a fresh base/repair structure forms.",Recent Stage 2 break; public stage held as Stage 2 Failed.,2026-09-28,2026-09-24,,-3.42,24.64,335952983.93,0.9,0.69,0.51,False,True,"Stage 3, Stage 3 - Distribution/Damage, weekly_vcp_ok, weekly_volume_dryup, weekly_strong, distribution_risk | Stage 2 failed state applied from stage memory.",watchlist,weekly_watchlist,watchlist,20.33,45.52,31.67,10.0,41.67,134
SUNPHARMA.NS,Sun Pharmaceutical Industries Limited,Healthcare,Unknown,Unknown,True,F&O,1,Stage 2 Failed,Stage 3,Failed Stage 2,Failed Stage 2,Stage 2 Failed • Failed Stage 2,0.72,"This stock was recently Stage 2, but the latest structure no longer satisfies Stage 2 rules. It is kept as Stage 2 Failed until a fresh base/repair structure forms.",Recent Stage 2 break; public stage held as Stage 2 Failed.,2026-09-28,2026-09-10,,3.6,11.07,2695698622.77,0.82,0.64,0.58,True,True,"Stage 3, Stage 3 - Distribution/Damage, weekly_vcp_ok, volume_dryup, weekly_volume_dryup, weekly_strong, distribution_risk | Stage 2 failed state applied from stage memory.",watchlist,weekly_watchlist,watchlist,22.27,42.37,31.31,10.0,41.31,135
EPL.NS,EPL Limited,Capital Goods,Unknown,Unknown,False,Cash,1,Stage 2,Stage 2,Early Stage 2,Early Stage 2,Stage 2 • Early Stage 2,0.72,"Price has moved above long-term structure, but the full moving-average stack is not clean yet.",,,2026-09-25,,6.89,12.21,2336263644.52,0.37,0.16,0.25,True,True,"Stage 2, Early Stage 2, weekly_vcp_ok, volume_dryup, weekly_volume_dryup, weekly_strong",watchlist,weekly_forming,watchlist,16.17,60.81,36.26,5.0,41.26,136
RAJRATAN.NS,Rajratan Global Wire Limited,Automobile and Auto Components,Unknown,Unknown,False,Cash,1,Stage 2,Stage 2,Early Stage 2,Early Stage 2,Stage 2 • Early Stage 2,0.72,"Price has moved above long-term structure, but the full moving-average stack is not clean yet.",,,2026-09-25,,7.22,29.91,63427198.33,0.78,0.45,0.79,True,True,"Stage 2, Early Stage 2, weekly_vcp_ok, volume_dryup, weekly_volume_dryup, weekly_strong",watchlist,weekly_forming,watchlist,15.37,61.51,36.13,5.0,41.13,137
HFCL.NS,HFCL Limited,Telecommunication,Unknown,Unknown,False,Cash,1,Stage 2,Stage 2,Extended Stage 2,Extended Stage 2,Stage 2 • Extended Stage 2,0.78,"Advancing structure remains intact, but price is stretched versus key moving averages or far above the 52-week low.",,,2026-09-25,,5.85,189.64,1574524465.55,0.3,0.52,0.27,True,True,"Stage 2, Extended Stage 2, volume_dryup, weekly_volume_dryup",watchlist,weekly_watchlist,watchlist,37.08,23.6,31.01,10.0,41.01,138
SHAREINDIA.NS,Share India Securities Limited,Financial Services,Unknown,Unknown,False,Cash,1,Stage 2,Stage 2,Clean Stage 2,Clean Stage 2,Stage 2 • Clean Stage 2,0.9,"Price is above rising key averages, weekly structure is supportive, and the stock is near its 52-week high.",,,2026-09-25,,54.24,62.59,1788582523.72,1.8,0.15,0.39,False,True,"Stage 2, Clean Stage 2, trend_template_ok, weekly_volume_dryup",watchlist,weekly_watchlist,watchlist,55.95,22.4,40.85,0.0,40.85,139
MAHSEAMLES.NS,Maharashtra Seamless Limited,Capital Goods,Unknown,Unknown,False,Cash,1,Stage 2,Stage 2,Clean Stage 2,Clean Stage 2,Stage 2 • Clean Stage 2,0.9,"Price is above rising key averages, weekly structure is supportive, and the stock is near its 52-week high.",,,2026-09-25,,24.98,25.52,301280165.55,0.93,0.54,0.86,False,True,"Stage 2, Clean Stage 2, trend_template_ok, weekly_volume_dryup",watchlist,weekly_watchlist,watchlist,37.64,33.25,35.66,5.0,40.66,140
JINDWORLD.NS,Jindal Worldwide Limited,Textiles,Unknown,Unknown,False,Cash,1,Stage 2,Stage 2,Extended Stage 2,Extended Stage 2,Stage 2 • Extended Stage 2,0.78,"Advancing structure remains intact, but price is stretched versus key moving averages or far above the 52-week low.",,,2026-09-25,,66.54,144.02,1962503502.48,0.31,0.35,0.35,True,True,"Stage 2, Extended Stage 2, trend_template_ok, volume_dryup, weekly_volume_dryup",watchlist,weekly_watchlist,watchlist,36.12,23.6,30.49,10.0,40.49,141
SSWL.NS,Steel Strips Wheels Limited,Automobile and Auto Components,Unknown,Unknown,False,Cash,1,Stage 2,Stage 2,Extended Stage 2,Extended Stage 2,Stage 2 • Extended Stage 2,0.78,"Advancing structure remains intact, but price is stretched versus key moving averages or far above the 52-week low.",,,2026-09-25,,62.43,108.47,1008218889.35,0.87,0.69,0.97,False,False,"Stage 2, Extended Stage 2, trend_template_ok",watchlist,weekly_watchlist,watchlist,38.53,31.6,35.41,5.0,40.41,142
ARVIND.NS,Arvind Limited,Textiles,Unknown,Unknown,False,Cash,1,Stage 2,Stage 2,Messy Stage 2,Messy Stage 2,Stage 2 • Messy Stage 2,0.64,"Long-term structure is still constructive, but the short-term/weekly structure is not clean.",,,2026-09-25,,1.58,52.28,360364312.41,1.02,0.31,0.75,False,True,"Stage 2, Messy Stage 2, trend_template_ok, weekly_volume_dryup",watchlist,weekly_watchlist,watchlist,37.14,22.19,30.41,10.0,40.41,143
LODHA.NS,Macrotech Developers Limited,Realty,Unknown,Unknown,True,F&O,1,Stage 2,Stage 2,Early Stage 2,Early Stage 2,Stage 2 • Early Stage 2,0.72,"Price has moved above long-term structure, but the full moving-average stack is not clean yet.",,,2026-09-25,,16.52,63.31,1773172302.93,0.81,0.78,0.55,True,True,"Stage 2, Early Stage 2, weekly_vcp_ok, volume_dryup, weekly_volume_dryup, weekly_strong",watchlist,weekly_forming,watchlist,15.96,65.78,38.38,2.0,40.38,144
BOROLTD.NS,Borosil Limited,Consumer Durables,Unknown,Unknown,False,Cash,1,Not Sure,Stage 2,Pending Stage 2,Pending Stage 2,Not Sure • Pending Stage 2,0.55,Stage 2 pending confirmation: needs 3 raw Stage 2 runs; current count 1.,Stage 2 pending confirmation: needs 3 raw Stage 2 runs; current count 1.,,,Stage 2,19.33,19.56,92697856.43,0.65,1.56,1.16,True,False,"Stage 2, Early Stage 2, weekly_vcp_ok, volume_dryup, weekly_strong | Stage 2 pending confirmation: needs 3 raw Stage 2 runs; current count 1.",watchlist,weekly_near_pivot,watchlist,16.26,69.69,40.3,0.0,40.3,145
DYNAMATECH.NS,Dynamatic Technologies Limited,Capital Goods,Unknown,Unknown,False,Cash,1,Stage 2,Stage 2,Clean Stage 2,Clean Stage 2,Stage 2 • Clean Stage 2,0.9,"Price is above rising key averages, weekly structure is supportive, and the stock is near its 52-week high.",,,2026-09-25,,31.24,42.31,265349400.55,1.43,2.32,1.94,False,False,"Stage 2, Clean Stage 2, trend_template_ok",watchlist,weekly_watchlist,watchlist,42.25,25.35,34.65,5.0,39.65,146
DEVYANI.NS,Devyani International Limited,Consumer Services,Unknown,Unknown,False,Cash,1,Stage 2,Stage 2,Early Stage 2,Early Stage 2,Stage 2 • Early Stage 2,0.72,"Price has moved above long-term structure, but the full moving-average stack is not clean yet.",,,2026-09-25,,19.79,38.2,220663388.15,0.42,1.54,0.4,True,True,"Stage 2, Early Stage 2, weekly_vcp_ok, volume_dryup, weekly_volume_dryup, weekly_strong",watchlist,weekly_forming,watchlist,19.31,59.93,37.59,2.0,39.59,147
GODREJAGRO.NS,Godrej Agrovet Limited,Fast Moving Consumer Goods,Unknown,Unknown,False,Cash,1,Stage 2,Stage 2,Clean Stage 2,Clean Stage 2,Stage 2 • Clean Stage 2,0.9,"Price is above rising key averages, weekly structure is supportive, and the stock is near its 52-week high.",,,2026-09-25,,23.28,17.23,580267228.14,0.4,0.14,0.5,True,True,"Stage 2, Clean Stage 2, weekly_vcp_ok, volume_dryup, weekly_volume_dryup, weekly_strong",watchlist,weekly_breakout,watchlist,20.43,62.95,39.56,0.0,39.56,148
ASAHIINDIA.NS,Asahi India Glass Limited,Automobile and Auto Components,Unknown,Unknown,False,Cash,1,Stage 2,Stage 2,Early Stage 2,Early Stage 2,Stage 2 • Early Stage 2,0.72,"Price has moved above long-term structure, but the full moving-average stack is not clean yet.",,,2026-09-25,,10.35,16.12,130829962.63,0.71,0.71,0.83,True,True,"Stage 2, Early Stage 2, daily_vcp_ok, volume_dryup, weekly_volume_dryup",watchlist,weekly_watchlist,watchlist,39.39,28.65,34.56,5.0,39.56,149
NEOGEN.NS,Neogen Chemicals Limited,Chemicals,Unknown,Unknown,False,Cash,1,Stage 2,Stage 2,Clean Stage 2,Clean Stage 2,Stage 2 • Clean Stage 2,0.9,"Price is above rising key averages, weekly structure is supportive, and the stock is near its 52-week high.",,,2026-09-25,,26.76,102.92,510075678.51,1.3,0.74,0.83,False,True,"Stage 2, Clean Stage 2, trend_template_ok, weekly_volume_dryup",watchlist,weekly_watchlist,watchlist,36.25,31.6,34.16,5.0,39.16,150
HNDFDS.NS,Hindustan Foods Limited,Fast Moving Consumer Goods,Unknown,Unknown,False,Cash,1,Stage 2,Stage 2,Early Stage 2,Early Stage 2,Stage 2 • Early Stage 2,0.72,"Price has moved above long-term structure, but the full moving-average stack is not clean yet.",,,2026-09-25,,12.47,24.19,53716876.54,0.58,0.47,0.41,True,True,"Stage 2, Early Stage 2, weekly_vcp_ok, volume_dryup, weekly_volume_dryup, weekly_strong",watchlist,weekly_forming,watchlist,19.92,62.57,39.11,0.0,39.11,151
SUNFLAG.NS,Sunflag Iron And Steel Company Limited,Metals & Mining,Unknown,Unknown,False,Cash,1,Stage 2,Stage 2,Extended Stage 2,Extended Stage 2,Stage 2 • Extended Stage 2,0.78,"Advancing structure remains intact, but price is stretched versus key moving averages or far above the 52-week low.",,,2026-09-25,,31.9,112.61,233717077.65,2.8,15.43,6.77,False,False,"Stage 2, Extended Stage 2",watchlist,weekly_watchlist,watchlist,46.2,26.0,37.11,2.0,39.11,152
RADICO.NS,Radico Khaitan Limited,Fast Moving Consumer Goods,Unknown,Unknown,False,Cash,1,Stage 2,Stage 2,Messy Stage 2,Messy Stage 2,Stage 2 • Messy Stage 2,0.64,"Long-term structure is still constructive, but the short-term/weekly structure is not clean.",,,2026-09-25,,18.09,73.36,1019023890.71,0.82,0.52,0.75,True,True,"Stage 2, Messy Stage 2, trend_template_ok, volume_dryup, weekly_volume_dryup",watchlist,weekly_watchlist,watchlist,39.13,38.8,38.98,0.0,38.98,153
METROPOLIS.NS,Metropolis Healthcare Limited,Healthcare,Unknown,Unknown,False,Cash,1,Stage 2,Stage 2,Early Stage 2,Early Stage 2,Stage 2 • Early Stage 2,0.72,"Price has moved above long-term structure, but the full moving-average stack is not clean yet.",,,2026-09-25,,10.25,38.22,115597151.47,0.7,0.38,0.56,True,True,"Stage 2, Early Stage 2, volume_dryup, weekly_volume_dryup",watchlist,weekly_watchlist,watchlist,20.69,38.85,28.86,10.0,38.86,154
CARBORUNIV.NS,Carborundum Universal Limited,Capital Goods,Unknown,Unknown,False,Cash,1,Stage 2,Stage 2,Stage 2,Stage 2,Stage 2,0.76,Advancing structure detected.,,,2026-09-25,,14.66,48.72,725217745.29,2.86,0.48,3.1,False,False,"Stage 2, Stage 2",watchlist,weekly_watchlist,watchlist,41.2,24.34,33.61,5.0,38.61,155
SKIPPER.NS,Skipper Limited,Capital Goods,Unknown,Unknown,False,Cash,1,Stage 2,Stage 2,Early Stage 2,Early Stage 2,Stage 2 • Early Stage 2,0.72,"Price has moved above long-term structure, but the full moving-average stack is not clean yet.",,,2026-09-25,,-0.25,54.07,861388999.43,0.75,0.27,0.61,True,True,"Stage 2, Early Stage 2, daily_vcp_ok, volume_dryup, weekly_volume_dryup",watchlist,weekly_watchlist,watchlist,38.92,26.98,33.55,5.0,38.55,156
KARURVYSYA.NS,Karur Vysya Bank Limited,Financial Services,Unknown,Unknown,False,Cash,1,Stage 2,Stage 2,Early Stage 2,Early Stage 2,Stage 2 • Early Stage 2,0.72,"Price has moved above long-term structure, but the full moving-average stack is not clean yet.",,,2026-09-25,,15.07,20.81,481355038.5,0.47,0.53,0.36,True,True,"Stage 2, Early Stage 2, weekly_vcp_ok, volume_dryup, weekly_volume_dryup, weekly_strong",watchlist,weekly_forming,watchlist,19.84,61.39,38.54,0.0,38.54,157
IDFCFIRSTB.NS,IDFC First Bank Limited,Financial Services,Unknown,Unknown,True,F&O,1,Stage 2,Stage 2,Early Stage 2,Early Stage 2,Stage 2 • Early Stage 2,0.72,"Price has moved above long-term structure, but the full moving-average stack is not clean yet.",,,2026-09-25,,6.7,36.41,1797519973.13,1.28,1.19,1.52,False,False,"Stage 2, Early Stage 2, weekly_vcp_ok, weekly_strong",watchlist,weekly_forming,watchlist,19.21,62.11,38.52,0.0,38.52,158
RBLBANK.NS,RBL Bank Limited,Financial Services,Unknown,Unknown,True,F&O,1,Stage 2,Stage 2,Clean Stage 2,Clean Stage 2,Stage 2 • Clean Stage 2,0.9,"Price is above rising key averages, weekly structure is supportive, and the stock is near its 52-week high.",,,2026-09-25,,19.89,37.82,1755148976.14,0.99,0.57,1.25,False,False,"Stage 2, Clean Stage 2, trend_template_ok",watchlist,weekly_watchlist,watchlist,35.5,41.97,38.41,0.0,38.41,159
SOUTHBANK.NS,The South Indian Bank Limited,Financial Services,Unknown,Unknown,False,Cash,1,Stage 2,Stage 2,Clean Stage 2,Clean Stage 2,Stage 2 • Clean Stage 2,0.9,"Price is above rising key averages, weekly structure is supportive, and the stock is near its 52-week high.",,,2026-09-25,,12.96,35.95,617154449.58,1.62,1.46,2.22,False,False,"Stage 2, Clean Stage 2, trend_template_ok",watchlist,weekly_watchlist,watchlist,42.54,33.29,38.38,0.0,38.38,160
TECHM.NS,Tech Mahindra Limited,Information Technology,Unknown,Unknown,True,F&O,1,Not Sure,Stage 2,Pending Stage 2,Pending Stage 2,Not Sure • Pending Stage 2,0.55,Stage 2 pending confirmation: needs 3 raw Stage 2 runs; current count 1.,Stage 2 pending confirmation: needs 3 raw Stage 2 runs; current count 1.,,2026-09-04,Stage 2,16.43,12.02,2481356213.43,0.75,0.72,0.52,True,True,"Stage 2, Early Stage 2, weekly_vcp_ok, volume_dryup, weekly_volume_dryup, weekly_strong | Stage 2 pending confirmation: needs 3 raw Stage 2 runs; current count 1.",watchlist,weekly_forming,watchlist,16.53,60.65,36.38,2.0,38.38,161
IIFL.NS,IIFL Finance Limited,Financial Services,Unknown,Unknown,False,Cash,1,Stage 2,Stage 2,Early Stage 2,Early Stage 2,Stage 2 • Early Stage 2,0.72,"Price has moved above long-term structure, but the full moving-average stack is not clean yet.",,,2026-09-25,,20.42,39.8,1618569715.46,0.68,0.42,0.64,True,True,"Stage 2, Early Stage 2, weekly_vcp_ok, volume_dryup, weekly_volume_dryup, weekly_strong",watchlist,weekly_forming,watchlist,16.8,63.82,37.96,0.0,37.96,162
THELEELA.NS,Leela Palaces Hotels & Resorts Ltd.,Consumer Services,Unknown,Unknown,False,Cash,1,Stage 2,Stage 2,Clean Stage 2,Clean Stage 2,Stage 2 • Clean Stage 2,0.9,"Price is above rising key averages, weekly structure is supportive, and the stock is near its 52-week high.",,,2026-09-25,,19.28,36.02,184191292.36,0.39,0.77,0.52,True,True,"Stage 2, Clean Stage 2, trend_template_ok, volume_dryup, weekly_volume_dryup",watchlist,weekly_watchlist,watchlist,39.9,30.33,35.59,2.0,37.59,163
QUESS.NS,Quess Corp Limited,Services,Unknown,Unknown,False,Cash,1,Stage 2,Stage 2,Messy Stage 2,Messy Stage 2,Stage 2 • Messy Stage 2,0.64,"Long-term structure is still constructive, but the short-term/weekly structure is not clean.",,,2026-09-25,,26.49,97.22,204674025.93,0.62,0.89,0.61,True,True,"Stage 2, Messy Stage 2, trend_template_ok, volume_dryup, weekly_volume_dryup",watchlist,weekly_watchlist,watchlist,41.39,28.4,35.54,2.0,37.54,164
KDDL.NS,KDDL Limited,Consumer Durables,Unknown,Unknown,False,Cash,1,Stage 2,Stage 2,Clean Stage 2,Clean Stage 2,Stage 2 • Clean Stage 2,0.9,"Price is above rising key averages, weekly structure is supportive, and the stock is near its 52-week high.",,,2026-09-25,,27.69,88.27,143498172.86,0.92,0.84,1.33,False,False,"Stage 2, Clean Stage 2, trend_template_ok",watchlist,weekly_watchlist,watchlist,38.46,36.4,37.53,0.0,37.53,165
FCL.NS,Fineotex Chemical Limited,Chemicals,Unknown,Unknown,False,Cash,1,Stage 2,Stage 2,Extended Stage 2,Extended Stage 2,Stage 2 • Extended Stage 2,0.78,"Advancing structure remains intact, but price is stretched versus key moving averages or far above the 52-week low.",,,2026-09-25,,49.15,173.42,1443898628.1,1.27,1.29,1.37,False,False,"Stage 2, Extended Stage 2, trend_template_ok",watchlist,weekly_watchlist,watchlist,39.77,23.6,32.49,5.0,37.49,166
ELGIEQUIP.NS,Elgi Equipments Limited,Capital Goods,Unknown,Unknown,False,Cash,1,Stage 2,Stage 2,Early Stage 2,Early Stage 2,Stage 2 • Early Stage 2,0.72,"Price has moved above long-term structure, but the full moving-average stack is not clean yet.",,,2026-09-25,,6.39,27.68,234160109.63,0.61,0.27,0.41,True,True,"Stage 2, Early Stage 2, daily_vcp_ok, volume_dryup, weekly_volume_dryup",watchlist,weekly_watchlist,watchlist,39.54,23.81,32.46,5.0,37.46,167
TEJASNET.NS,Tejas Networks Limited,Telecommunication,Unknown,Unknown,False,Cash,1,Stage 2 Failed,Stage 1,Failed Stage 2,Failed Stage 2,Stage 2 Failed • Failed Stage 2,0.72,"This stock was recently Stage 2, but the latest structure no longer satisfies Stage 2 rules. It is kept as Stage 2 Failed until a fresh base/repair structure forms.",Recent Stage 2 break; public stage held as Stage 2 Failed.,2026-09-28,2026-09-25,,-13.37,19.4,1941965743.61,0.47,0.25,0.32,True,True,"Stage 1, Stage 1 - Base/Repair, weekly_vcp_ok, volume_dryup, weekly_volume_dryup, weekly_strong, stage1_not_actionable, stage1_needs_more_base | Stage 2 failed state applied from stage memory.",watchlist,weekly_watchlist,watchlist,15.05,42.4,27.36,10.0,37.36,168
ZYDUSLIFE.NS,Zydus Lifesciences Limited,Healthcare,Unknown,Unknown,True,F&O,1,Stage 2,Stage 2,Stage 2,Stage 2,Stage 2,0.76,Advancing structure detected.,,,2026-09-25,,15.68,42.97,1594737678.1,1.13,3.08,1.5,False,False,"Stage 2, Stage 2",watchlist,weekly_watchlist,watchlist,23.49,31.86,27.26,10.0,37.26,169
TDPOWERSYS.NS,TD Power Systems Limited,Capital Goods,Unknown,Unknown,False,Cash,1,Stage 2,Stage 2,Messy Stage 2,Messy Stage 2,Stage 2 • Messy Stage 2,0.64,"Long-term structure is still constructive, but the short-term/weekly structure is not clean.",,,2026-09-25,,26.47,69.67,1511167902.75,0.93,1.12,0.62,False,True,"Stage 2, Messy Stage 2, trend_template_ok, weekly_volume_dryup",watchlist,weekly_watchlist,watchlist,37.34,26.0,32.24,5.0,37.24,170
SUDARSCHEM.NS,Sudarshan Chemical Industries Limited,Chemicals,Unknown,Unknown,False,Cash,1,Stage 2,Stage 2,Stage 2,Stage 2,Stage 2,0.76,Advancing structure detected.,,,2026-09-25,,39.47,57.07,327788801.32,0.33,0.25,0.23,True,True,"Stage 2, Stage 2, trend_template_ok, volume_dryup, weekly_volume_dryup",watchlist,weekly_watchlist,watchlist,35.38,28.4,32.24,5.0,37.24,171
CHENNPETRO.NS,Chennai Petroleum Corporation Limited,"Oil, Gas & Consumable Fuels",Unknown,Unknown,False,Cash,1,Stage 2,Stage 2,Stage 2,Stage 2,Stage 2,0.76,Advancing structure detected.,,,2026-09-25,,34.68,44.62,2839737087.1,0.65,1.53,0.63,True,True,"Stage 2, Stage 2, trend_template_ok, volume_dryup, weekly_volume_dryup",watchlist,weekly_watchlist,watchlist,38.18,24.73,32.13,5.0,37.13,172
KRBL.NS,KRBL Limited,Fast Moving Consumer Goods,Unknown,Unknown,False,Cash,1,Stage 2,Stage 2,Early Stage 2,Early Stage 2,Stage 2 • Early Stage 2,0.72,"Price has moved above long-term structure, but the full moving-average stack is not clean yet.",,,2026-09-25,,7.04,30.16,170240723.38,0.58,0.38,0.59,True,True,"Stage 2, Early Stage 2, weekly_vcp_ok, volume_dryup, weekly_volume_dryup, weekly_strong",watchlist,weekly_forming,watchlist,15.93,62.62,36.94,0.0,36.94,173
CYIENTDLM.NS,Cyient DLM Limited,Capital Goods,Unknown,Unknown,False,Cash,1,Stage 2,Stage 2,Extended Stage 2,Extended Stage 2,Stage 2 • Extended Stage 2,0.78,"Advancing structure remains intact, but price is stretched versus key moving averages or far above the 52-week low.",,,2026-09-25,,99.65,229.98,615823042.94,0.55,0.39,0.37,True,True,"Stage 2, Extended Stage 2, trend_template_ok, volume_dryup, weekly_volume_dryup",watchlist,weekly_watchlist,watchlist,39.75,22.4,31.94,5.0,36.94,174
GESHIP.NS,The Great Eastern Shipping Company Limited,Services,Unknown,Unknown,False,Cash,1,Not Sure,Stage 2,Pending Stage 2,Pending Stage 2,Not Sure • Pending Stage 2,0.55,Stage 2 pending confirmation: needs 3 raw Stage 2 runs; current count 1.,Stage 2 pending confirmation: needs 3 raw Stage 2 runs; current count 1.,,2026-08-04,Stage 2,14.11,10.66,1282217295.16,1.03,3.77,1.21,False,False,"Stage 2, Early Stage 2 | Stage 2 pending confirmation: needs 3 raw Stage 2 runs; current count 1.",watchlist,weekly_watchlist,watchlist,42.68,24.88,34.67,2.0,36.67,175
OIL.NS,Oil India Limited,"Oil, Gas & Consumable Fuels",Unknown,Unknown,True,F&O,1,Stage 2,Stage 2,Early Stage 2,Early Stage 2,Stage 2 • Early Stage 2,0.72,"Price has moved above long-term structure, but the full moving-average stack is not clean yet.",,,2026-09-25,,16.71,-0.07,1051925240.77,0.64,0.82,0.53,True,True,"Stage 2, Early Stage 2, daily_vcp_ok, volume_dryup, weekly_volume_dryup",watchlist,weekly_watchlist,watchlist,40.45,20.86,31.63,5.0,36.63,176
MRPL.NS,Mangalore Refinery and Petrochemicals Limited,"Oil, Gas & Consumable Fuels",Unknown,Unknown,False,Cash,1,Stage 2 Failed,Stage 3,Failed Stage 2,Failed Stage 2,Stage 2 Failed • Failed Stage 2,0.72,"This stock was recently Stage 2, but the latest structure no longer satisfies Stage 2 rules. It is kept as Stage 2 Failed until a fresh base/repair structure forms.",Recent Stage 2 break; public stage held as Stage 2 Failed.,2026-09-28,2026-09-14,,18.31,-4.52,1811000083.13,0.61,2.06,0.67,True,True,"Stage 3, Stage 3 - Distribution/Damage, weekly_vcp_ok, volume_dryup, weekly_volume_dryup, weekly_strong, distribution_risk | Stage 2 failed state applied from stage memory.",watchlist,weekly_watchlist,watchlist,22.66,42.28,31.49,5.0,36.49,177
MANKIND.NS,Mankind Pharma Limited,Healthcare,Unknown,Unknown,True,F&O,1,Stage 2,Stage 2,Stage 2,Stage 2,Stage 2,0.76,Advancing structure detected.,,,2026-09-25,,3.04,23.96,919644877.99,1.41,1.01,1.09,False,False,"Stage 2, Stage 2",watchlist,weekly_watchlist,watchlist,23.55,29.9,26.41,10.0,36.41,178
PRIVISCL.NS,Privi Speciality Chemicals Limited,Chemicals,Unknown,Unknown,False,Cash,1,Stage 2,Stage 2,Stage 2,Stage 2,Stage 2,0.76,Advancing structure detected.,,,2026-09-25,,3.24,25.61,301790508.18,1.16,1.09,1.53,False,False,"Stage 2, Stage 2",watchlist,weekly_watchlist,watchlist,26.76,36.88,31.31,5.0,36.31,179
ALKYLAMINE.NS,Alkyl Amines Chemicals Limited,Chemicals,Unknown,Unknown,False,Cash,1,Stage 2,Stage 2,Early Stage 2,Early Stage 2,Stage 2 • Early Stage 2,0.72,"Price has moved above long-term structure, but the full moving-average stack is not clean yet.",,,2026-09-25,,3.57,39.48,109009475.11,0.38,0.43,0.26,True,True,"Stage 2, Early Stage 2, volume_dryup, weekly_volume_dryup",watchlist,weekly_watchlist,watchlist,36.64,24.7,31.27,5.0,36.27,180
BRIGADE.NS,Brigade Enterprises Limited,Realty,Unknown,Unknown,False,Cash,1,Stage 2 Failed,Not Sure,Failed Stage 2,Failed Stage 2,Stage 2 Failed • Failed Stage 2,0.72,"This stock was recently Stage 2, but the latest structure no longer satisfies Stage 2 rules. It is kept as Stage 2 Failed until a fresh base/repair structure forms.",Recent Stage 2 break; public stage held as Stage 2 Failed.,2026-09-28,2026-09-23,,22.0,15.88,429729204.32,0.48,0.27,0.38,True,True,"Not Sure, Not Sure, weekly_vcp_ok, volume_dryup, weekly_volume_dryup, weekly_strong | Stage 2 failed state applied from stage memory.",watchlist,weekly_watchlist,watchlist,21.69,49.59,34.25,2.0,36.25,181
RSYSTEMS.NS,R Systems International Limited,Information Technology,Unknown,Unknown,False,Cash,1,Not Sure,Stage 1,Pending Stage 1,Pending Stage 1,Not Sure • Pending Stage 1,0.55,Blocked public stage jump Stage 4 -> Stage 1; waiting for intermediate/confirmed structure.,Blocked public stage jump Stage 4 -> Stage 1; waiting for intermediate/confirmed structure.,,,Stage 1,28.06,10.08,884753818.27,4.23,368.94,48.7,False,False,"Stage 1, Stage 1 - Early Turn, weekly_vcp_ok, weekly_strong, stage1_not_actionable, stage1_needs_more_base | Blocked public stage jump Stage 4 -> Stage 1; waiting for intermediate/confirmed structure.",watchlist,weekly_watchlist,watchlist,18.39,53.61,34.24,2.0,36.24,182
RACE.NS,Race Eco Chain Limited,Utilities,Unknown,Unknown,False,Cash,1,Not Sure,Not Sure,Not Sure,Not Sure,Not Sure,0.0,Stage rules did not identify a reliable structure.,No confident stage classification.,,,,14.36,43.69,12308916.92,4.07,1.45,7.46,False,False,"Not Sure, Not Sure, weekly_vcp_ok, weekly_strong",watchlist,weekly_watchlist,watchlist,5.42,51.6,26.2,10.0,36.2,183
SHOPERSTOP.NS,Shoppers Stop Limited,Consumer Services,Unknown,Unknown,False,Cash,1,Stage 2,Stage 2,Early Stage 2,Early Stage 2,Stage 2 • Early Stage 2,0.72,"Price has moved above long-term structure, but the full moving-average stack is not clean yet.",Stage 2 confirmed with 3 raw confirmation runs.,,2026-09-25,,23.41,44.9,160157822.34,4.04,0.46,4.07,False,False,"Stage 2, Early Stage 2",watchlist,weekly_watchlist,watchlist,36.2,31.63,34.14,2.0,36.14,184
ASTERDM.NS,Aster DM Healthcare Limited,Healthcare,Unknown,Unknown,False,Cash,1,Stage 2 Failed,Stage 3,Failed Stage 2,Failed Stage 2,Stage 2 Failed • Failed Stage 2,0.72,"This stock was recently Stage 2, but the latest structure no longer satisfies Stage 2 rules. It is kept as Stage 2 Failed until a fresh base/repair structure forms.",Recent Stage 2 break; public stage held as Stage 2 Failed.,2026-09-28,2026-09-15,,-0.41,15.82,793499138.56,0.34,0.13,0.34,True,True,"Stage 3, Stage 3 - Distribution/Damage, weekly_vcp_ok, volume_dryup, weekly_volume_dryup, weekly_strong, distribution_risk | Stage 2 failed state applied from stage memory.",watchlist,weekly_watchlist,watchlist,14.05,40.54,25.97,10.0,35.97,185
SCHAEFFLER.NS,Schaeffler India Limited,Automobile and Auto Components,Unknown,Unknown,False,Cash,1,Not Sure,Stage 1,Pending Stage 1,Pending Stage 1,Not Sure • Pending Stage 1,0.55,Blocked public stage jump Stage 3 -> Stage 1; waiting for intermediate/confirmed structure.,Blocked public stage jump Stage 3 -> Stage 1; waiting for intermediate/confirmed structure.,,2026-07-29,Stage 1,1.42,8.2,189884449.44,0.95,0.42,0.56,False,True,"Stage 1, Stage 1 - Base/Repair, weekly_vcp_ok, weekly_volume_dryup, weekly_strong, stage1_not_actionable, stage1_needs_more_base | Blocked public stage jump Stage 3 -> Stage 1; waiting for intermediate/confirmed structure.",watchlist,weekly_watchlist,watchlist,19.42,44.96,30.91,5.0,35.91,186
CRAFTSMAN.NS,Craftsman Automation Limited,Automobile and Auto Components,Unknown,Unknown,False,Cash,1,Stage 2,Stage 2,Early Stage 2,Early Stage 2,Stage 2 • Early Stage 2,0.72,"Price has moved above long-term structure, but the full moving-average stack is not clean yet.",,,2026-09-25,,18.81,56.5,630034755.05,1.08,0.89,0.88,False,True,"Stage 2, Early Stage 2, weekly_volume_dryup",watchlist,weekly_watchlist,watchlist,31.26,30.33,30.84,5.0,35.84,187
SANSERA.NS,Sansera Engineering Limited,Automobile and Auto Components,Unknown,Unknown,False,Cash,1,Stage 2,Stage 2,Extended Stage 2,Extended Stage 2,Stage 2 • Extended Stage 2,0.78,"Advancing structure remains intact, but price is stretched versus key moving averages or far above the 52-week low.",,,2026-09-25,,43.68,111.08,1140624428.92,1.36,1.25,1.77,False,False,"Stage 2, Extended Stage 2, trend_template_ok",watchlist,weekly_watchlist,watchlist,37.63,22.4,30.78,5.0,35.78,188
PAGEIND.NS,Page Industries Limited,Textiles,Unknown,Unknown,True,F&O,1,Stage 3,Stage 3,Stage 3 - Transition,Stage 3 - Transition,Stage 3 • Stage 3 - Transition,0.62,"The structure is transitioning after prior strength, but it is not yet a confirmed Stage 4 decline.",,,2026-08-05,,-6.97,18.31,680498417.0,0.81,0.69,0.8,True,True,"Stage 3, Stage 3 - Transition, weekly_vcp_ok, volume_dryup, weekly_volume_dryup, weekly_strong, distribution_risk",watchlist,weekly_watchlist,watchlist,12.9,40.93,25.51,10.0,35.51,189
PPLPHARMA.NS,Piramal Pharma Ltd.,Healthcare,Unknown,Unknown,False,Cash,1,Stage 2,Stage 2,Early Stage 2,Early Stage 2,Stage 2 • Early Stage 2,0.72,"Price has moved above long-term structure, but the full moving-average stack is not clean yet.",,,2026-09-25,,27.86,47.56,866612938.56,0.57,0.68,0.56,True,True,"Stage 2, Early Stage 2, volume_dryup, weekly_volume_dryup",watchlist,weekly_watchlist,watchlist,23.25,27.94,25.36,10.0,35.36,190
JINDALSAW.NS,Jindal Saw Limited,Capital Goods,Unknown,Unknown,False,Cash,1,Stage 2,Stage 2,Early Stage 2,Early Stage 2,Stage 2 • Early Stage 2,0.72,"Price has moved above long-term structure, but the full moving-average stack is not clean yet.",,,2026-09-25,,10.15,47.57,539983197.24,0.73,0.4,0.51,True,True,"Stage 2, Early Stage 2, volume_dryup, weekly_volume_dryup",watchlist,weekly_watchlist,watchlist,37.38,21.37,30.18,5.0,35.18,191
FEDERALBNK.NS,The Federal Bank Limited,Financial Services,Unknown,Unknown,True,F&O,1,Stage 2,Stage 2,Early Stage 2,Early Stage 2,Stage 2 • Early Stage 2,0.72,"Price has moved above long-term structure, but the full moving-average stack is not clean yet.",,,2026-09-25,,3.63,25.06,1723291820.08,1.22,1.52,1.22,False,False,"Stage 2, Early Stage 2, weekly_vcp_ok, weekly_strong",watchlist,weekly_forming,watchlist,14.95,59.87,35.16,0.0,35.16,192
JINDALSTEL.NS,Jindal Steel & Power Limited,Metals & Mining,Unknown,Unknown,True,F&O,1,Stage 2 Failed,Stage 1,Failed Stage 2,Failed Stage 2,Stage 2 Failed • Failed Stage 2,0.72,"This stock was recently Stage 2, but the latest structure no longer satisfies Stage 2 rules. It is kept as Stage 2 Failed until a fresh base/repair structure forms.",Recent Stage 2 break; public stage held as Stage 2 Failed.,2026-09-28,2026-09-25,,14.48,2.59,761004882.25,0.91,0.96,0.88,False,True,"Stage 1, Stage 1 - Early Turn, weekly_vcp_ok, weekly_volume_dryup, weekly_strong, stage1_not_actionable, stage1_needs_more_base | Stage 2 failed state applied from stage memory.",watchlist,weekly_watchlist,watchlist,17.42,51.51,32.76,2.0,34.76,193
HSCL.NS,Himadri Speciality Chemical Limited,Chemicals,Unknown,Unknown,False,Cash,1,Stage 2 Failed,Stage 3,Failed Stage 2,Failed Stage 2,Stage 2 Failed • Failed Stage 2,0.72,"This stock was recently Stage 2, but the latest structure no longer satisfies Stage 2 rules. It is kept as Stage 2 Failed until a fresh base/repair structure forms.",Recent Stage 2 break; public stage held as Stage 2 Failed.,2026-09-28,2026-09-14,,6.21,51.95,2207880772.93,0.45,0.23,0.25,True,True,"Stage 3, Stage 3 - Transition, weekly_vcp_ok, volume_dryup, weekly_volume_dryup, weekly_strong, distribution_risk | Stage 2 failed state applied from stage memory.",watchlist,weekly_watchlist,watchlist,16.77,45.62,29.75,5.0,34.75,194
MSTCLTD.NS,Mstc Limited,Services,Unknown,Unknown,False,Cash,1,Stage 2,Stage 2,Clean Stage 2,Clean Stage 2,Stage 2 • Clean Stage 2,0.9,"Price is above rising key averages, weekly structure is supportive, and the stock is near its 52-week high.",,,2026-09-25,,8.49,78.68,213215340.41,0.75,0.36,0.74,True,True,"Stage 2, Clean Stage 2, trend_template_ok, volume_dryup, weekly_volume_dryup",watchlist,weekly_watchlist,watchlist,38.25,26.0,32.74,2.0,34.74,195
KOLTEPATIL.NS,Kolte - Patil Developers Limited,Realty,Unknown,Unknown,False,Cash,1,Stage 2,Stage 2,Early Stage 2,Early Stage 2,Stage 2 • Early Stage 2,0.72,"Price has moved above long-term structure, but the full moving-average stack is not clean yet.",,,2026-09-25,,20.19,45.22,50769815.18,0.15,0.15,0.12,True,True,"Stage 2, Early Stage 2, weekly_vcp_ok, volume_dryup, weekly_volume_dryup",watchlist,weekly_forming,watchlist,18.0,50.64,32.69,2.0,34.69,196
TEGA.NS,Tega Industries Limited,Capital Goods,Unknown,Unknown,False,Cash,1,Stage 2,Stage 2,Extended Stage 2,Extended Stage 2,Stage 2 • Extended Stage 2,0.78,"Advancing structure remains intact, but price is stretched versus key moving averages or far above the 52-week low.",,,2026-09-25,,25.66,21.21,1641809883.45,2.8,0.42,1.27,False,False,"Stage 2, Extended Stage 2",watchlist,weekly_watchlist,watchlist,32.09,26.29,29.48,5.0,34.48,197
CGCL.NS,Capri Global Capital Limited,Financial Services,Unknown,Unknown,False,Cash,1,Stage 2,Stage 2,Messy Stage 2,Messy Stage 2,Stage 2 • Messy Stage 2,0.64,"Long-term structure is still constructive, but the short-term/weekly structure is not clean.",,,2026-09-25,,14.47,52.01,1084017071.01,0.61,0.33,0.41,True,True,"Stage 2, Messy Stage 2, trend_template_ok, volume_dryup, weekly_volume_dryup",watchlist,weekly_watchlist,watchlist,41.53,25.85,34.47,0.0,34.47,198
DALMIASUG.NS,Dalmia Bharat Sugar and Industries Limited,Fast Moving Consumer Goods,Unknown,Unknown,False,Cash,1,Stage 2,Stage 2,Early Stage 2,Early Stage 2,Stage 2 • Early Stage 2,0.72,"Price has moved above long-term structure, but the full moving-average stack is not clean yet.",,,2026-09-25,,29.24,10.92,107505951.24,0.41,1.06,0.59,True,True,"Stage 2, Early Stage 2, volume_dryup, weekly_volume_dryup",watchlist,weekly_watchlist,watchlist,39.34,28.02,34.25,0.0,34.25,199
WHIRLPOOL.NS,Whirlpool of India Limited,Consumer Durables,Unknown,Unknown,False,Cash,1,Not Sure,Not Sure,Not Sure,Not Sure,Not Sure,0.0,Stage rules did not identify a reliable structure.,No confident stage classification.,,2025-11-07,,18.84,15.54,2438011569.78,3.72,2.1,7.46,False,False,"Not Sure, Not Sure, weekly_vcp_ok, weekly_strong",watchlist,weekly_watchlist,watchlist,21.72,49.24,34.1,0.0,34.1,200
IMAGICAA.NS,Imagicaaworld Entertainment Limited,Consumer Services,Unknown,Unknown,False,Cash,1,Stage 2,Stage 2,Early Stage 2,Early Stage 2,Stage 2 • Early Stage 2,0.72,"Price has moved above long-term structure, but the full moving-average stack is not clean yet.",,,2026-09-25,,11.49,28.25,47544429.69,0.52,0.14,0.31,True,True,"Stage 2, Early Stage 2, weekly_vcp_ok, volume_dryup, weekly_volume_dryup, weekly_strong",watchlist,weekly_forming,watchlist,7.78,61.77,32.08,2.0,34.08,201
RBA.NS,Restaurant Brands Asia Limited,Consumer Services,Unknown,Unknown,False,Cash,1,Stage 2,Stage 2,Messy Stage 2,Messy Stage 2,Stage 2 • Messy Stage 2,0.64,"Long-term structure is still constructive, but the short-term/weekly structure is not clean.",,,2026-09-25,,23.22,57.27,291451532.71,0.29,0.56,0.23,True,True,"Stage 2, Messy Stage 2, trend_template_ok, volume_dryup, weekly_volume_dryup",watchlist,weekly_watchlist,watchlist,37.68,24.8,31.88,2.0,33.88,202
SOLARINDS.NS,Solar Industries India Limited,Chemicals,Unknown,Unknown,True,F&O,1,Stage 2,Stage 2,Early Stage 2,Early Stage 2,Stage 2 • Early Stage 2,0.72,"Price has moved above long-term structure, but the full moving-average stack is not clean yet.",,,2026-09-25,,7.8,48.43,5167920809.25,2.0,0.75,1.23,False,False,"Stage 2, Early Stage 2",watchlist,weekly_watchlist,watchlist,35.0,21.22,28.8,5.0,33.8,203
HLEGLAS.NS,HLE Glascoat Limited,Capital Goods,Unknown,Unknown,False,Cash,1,Not Sure,Not Sure,Not Sure,Not Sure,Not Sure,0.0,Stage rules did not identify a reliable structure.,No confident stage classification.,,2025-11-11,,12.33,59.71,193299256.26,1.23,0.44,0.79,False,True,"Not Sure, Not Sure, weekly_vcp_ok, weekly_volume_dryup, weekly_strong",watchlist,weekly_watchlist,watchlist,8.75,53.0,28.66,5.0,33.66,204
MAXHEALTH.NS,Max Healthcare Institute Limited,Healthcare,Unknown,Unknown,True,F&O,1,Stage 2 Failed,Stage 4,Failed Stage 2,Failed Stage 2,Stage 2 Failed • Failed Stage 2,0.72,"This stock was recently Stage 2, but the latest structure no longer satisfies Stage 2 rules. It is kept as Stage 2 Failed until a fresh base/repair structure forms.",Recent Stage 2 break; public stage held as Stage 2 Failed.,2026-09-28,2026-09-24,,-6.03,8.32,1908693488.85,0.98,1.48,1.04,False,False,"Stage 4, Stage 4 - Weak/Declining, weekly_vcp_ok, weekly_strong, downtrend | Stage 2 failed state applied from stage memory.",watchlist,weekly_watchlist,watchlist,11.45,38.23,23.5,10.0,33.5,205
HONASA.NS,Honasa Consumer Ltd.,Fast Moving Consumer Goods,Unknown,Unknown,False,Cash,1,Stage 2,Stage 2,Early Stage 2,Early Stage 2,Stage 2 • Early Stage 2,0.72,"Price has moved above long-term structure, but the full moving-average stack is not clean yet.",,,2026-09-25,,5.63,54.79,378600467.14,0.56,0.97,0.59,True,True,"Stage 2, Early Stage 2, volume_dryup, weekly_volume_dryup",watchlist,weekly_watchlist,watchlist,42.83,21.64,33.29,0.0,33.29,206
ABBOTINDIA.NS,Abbott India Limited,Healthcare,Unknown,Unknown,False,Cash,1,Not Sure,Stage 3,Pending Stage 3,Pending Stage 3,Not Sure • Pending Stage 3,0.55,Blocked public stage jump Stage 1 -> Stage 3; waiting for intermediate/confirmed structure.,Blocked public stage jump Stage 1 -> Stage 3; waiting for intermediate/confirmed structure.,,2026-08-12,Stage 3,12.21,5.56,214935260.5,0.96,0.65,0.47,False,True,"Stage 3, Stage 3 - Transition, weekly_volume_dryup, distribution_risk | Blocked public stage jump Stage 1 -> Stage 3; waiting for intermediate/confirmed structure.",watchlist,weekly_watchlist,watchlist,19.33,28.04,23.25,10.0,33.25,207
JUBLPHARMA.NS,Jubilant Pharmova Limited,Healthcare,Unknown,Unknown,False,Cash,1,Stage 2,Stage 2,Early Stage 2,Early Stage 2,Stage 2 • Early Stage 2,0.72,"Price has moved above long-term structure, but the full moving-average stack is not clean yet.",,,2026-09-25,,14.63,32.8,264135390.32,0.63,0.3,0.5,True,True,"Stage 2, Early Stage 2, volume_dryup, weekly_volume_dryup",watchlist,weekly_watchlist,watchlist,23.56,22.74,23.19,10.0,33.19,208
MANINFRA.NS,Man Infraconstruction Limited,Construction,Unknown,Unknown,False,Cash,1,Stage 2,Stage 2,Early Stage 2,Early Stage 2,Stage 2 • Early Stage 2,0.72,"Price has moved above long-term structure, but the full moving-average stack is not clean yet.",,,2026-09-25,,25.61,52.24,327488998.95,0.95,1.72,1.09,False,False,"Stage 2, Early Stage 2",watchlist,weekly_watchlist,watchlist,26.53,40.98,33.03,0.0,33.03,209
IONEXCHANG.NS,ION Exchange (India) Limited,Construction,Unknown,Unknown,False,Cash,1,Stage 2,Stage 2,Clean Stage 2,Clean Stage 2,Stage 2 • Clean Stage 2,0.9,"Price is above rising key averages, weekly structure is supportive, and the stock is near its 52-week high.",,,2026-09-25,,6.89,24.37,274839501.87,0.53,0.49,0.33,True,True,"Stage 2, Clean Stage 2, trend_template_ok, volume_dryup, weekly_volume_dryup",watchlist,weekly_watchlist,watchlist,40.63,23.53,32.94,0.0,32.94,210
IDEA.NS,Vodafone Idea Limited,Telecommunication,Unknown,Unknown,True,F&O,1,Stage 2,Stage 2,Early Stage 2,Early Stage 2,Stage 2 • Early Stage 2,0.72,"Price has moved above long-term structure, but the full moving-average stack is not clean yet.",,,2026-09-25,,-1.87,59.25,5954559510.55,0.89,1.26,1.02,False,False,"Stage 2, Early Stage 2",watchlist,weekly_watchlist,watchlist,20.07,26.14,22.8,10.0,32.8,211
ANANTRAJ.NS,Anant Raj Limited,Realty,Unknown,Unknown,False,Cash,1,Stage 2,Stage 2,Early Stage 2,Early Stage 2,Stage 2 • Early Stage 2,0.72,"Price has moved above long-term structure, but the full moving-average stack is not clean yet.",,,2026-09-25,,18.37,37.06,1794920565.14,0.71,0.42,0.7,True,True,"Stage 2, Early Stage 2, volume_dryup, weekly_volume_dryup",watchlist,weekly_watchlist,watchlist,33.05,27.94,30.75,2.0,32.75,212
PNB.NS,Punjab National Bank,Financial Services,Unknown,Unknown,True,F&O,1,Stage 2 Failed,Stage 3,Failed Stage 2,Failed Stage 2,Stage 2 Failed • Failed Stage 2,0.72,"This stock was recently Stage 2, but the latest structure no longer satisfies Stage 2 rules. It is kept as Stage 2 Failed until a fresh base/repair structure forms.",Recent Stage 2 break; public stage held as Stage 2 Failed.,2026-09-28,2026-09-08,,10.43,13.16,1428691836.78,0.97,1.21,0.73,False,True,"Stage 3, Stage 3 - Distribution/Damage, weekly_vcp_ok, weekly_volume_dryup, weekly_strong, distribution_risk | Stage 2 failed state applied from stage memory.",watchlist,weekly_watchlist,watchlist,19.14,49.36,32.74,0.0,32.74,213
RAILTEL.NS,Railtel Corporation Of India Limited,Telecommunication,Unknown,Unknown,False,Cash,1,Stage 4,Stage 4,Stage 4 - Confirmed Downtrend,Stage 4 - Confirmed Downtrend,Stage 4 • Stage 4 - Confirmed Downtrend,0.86,Price is below a bearish moving-average stack with falling trend signals.,,,,,-13.39,-0.12,130127521.1,0.74,0.48,0.59,True,True,"Stage 4, Stage 4 - Confirmed Downtrend, weekly_vcp_ok, volume_dryup, weekly_volume_dryup, weekly_strong, downtrend",watchlist,weekly_watchlist,watchlist,11.65,35.8,22.52,10.0,32.52,214
AIIL.NS,Authum Investment & Infrastructure Ltd.,Financial Services,Unknown,Unknown,False,Cash,1,Stage 2,Stage 2,Early Stage 2,Early Stage 2,Stage 2 • Early Stage 2,0.72,"Price has moved above long-term structure, but the full moving-average stack is not clean yet.",,,2026-09-25,,9.93,32.89,290006511.79,0.43,0.21,0.3,True,True,"Stage 2, Early Stage 2, volume_dryup, weekly_volume_dryup",watchlist,weekly_watchlist,watchlist,40.28,22.28,32.18,0.0,32.18,215
MAHABANK.NS,Bank of Maharashtra,Financial Services,Unknown,Unknown,False,Cash,1,Stage 2,Stage 2,Messy Stage 2,Messy Stage 2,Stage 2 • Messy Stage 2,0.64,"Long-term structure is still constructive, but the short-term/weekly structure is not clean.",,,2026-09-25,,-6.09,30.73,1240327101.98,0.97,1.12,0.83,False,True,"Stage 2, Messy Stage 2, weekly_volume_dryup",watchlist,weekly_watchlist,watchlist,34.57,28.46,31.82,0.0,31.82,216
UNITDSPR.NS,United Spirits Ltd.,Fast Moving Consumer Goods,Unknown,Unknown,True,F&O,1,Stage 2,Stage 2,Early Stage 2,Early Stage 2,Stage 2 • Early Stage 2,0.72,"Price has moved above long-term structure, but the full moving-average stack is not clean yet.",,,2026-09-25,,8.96,19.05,656233642.58,0.67,0.65,0.61,True,True,"Stage 2, Early Stage 2, weekly_vcp_ok, volume_dryup, weekly_volume_dryup",watchlist,weekly_forming,watchlist,19.31,46.9,31.73,0.0,31.73,217
ABREL.NS,Aditya Birla Real Estate Ltd.,Forest Materials,Unknown,Unknown,False,Cash,1,Stage 4,Stage 4,Stage 4 - Weak/Declining,Stage 4 - Weak/Declining,Stage 4 • Stage 4 - Weak/Declining,0.72,Price is below long-term support with weak trend evidence.,,,,,-11.08,6.54,206125808.9,1.2,1.75,1.62,False,False,"Stage 4, Stage 4 - Weak/Declining, weekly_vcp_ok, weekly_strong, downtrend",watchlist,weekly_watchlist,watchlist,10.19,35.8,21.71,10.0,31.71,218
SAREGAMA.NS,Saregama India Limited,"Media, Entertainment & Publication",Unknown,Unknown,False,Cash,1,Stage 2,Stage 2,Early Stage 2,Early Stage 2,Stage 2 • Early Stage 2,0.72,"Price has moved above long-term structure, but the full moving-average stack is not clean yet.",,,2026-09-25,,4.15,55.02,170432950.69,0.49,0.34,0.43,True,True,"Stage 2, Early Stage 2, daily_vcp_ok, volume_dryup, weekly_volume_dryup",watchlist,weekly_watchlist,watchlist,38.73,22.72,31.53,0.0,31.53,219
TIMETECHNO.NS,Time Technoplast Limited,Capital Goods,Unknown,Unknown,False,Cash,1,Stage 3,Stage 3,Stage 3 - Distribution/Damage,Stage 3 - Distribution/Damage,Stage 3 • Stage 3 - Distribution/Damage,0.76,"Prior strength exists, but short-term and/or weekly structure is deteriorating.",,,2026-08-20,,5.81,11.84,433393783.6,0.9,1.4,0.86,False,True,"Stage 3, Stage 3 - Distribution/Damage, weekly_vcp_ok, weekly_volume_dryup, weekly_strong, distribution_risk",watchlist,weekly_watchlist,watchlist,12.98,42.67,26.34,5.0,31.34,220
RRKABEL.NS,R R Kabel Limited,Capital Goods,Unknown,Unknown,False,Cash,1,Stage 2,Stage 2,Early Stage 2,Early Stage 2,Stage 2 • Early Stage 2,0.72,"Price has moved above long-term structure, but the full moving-average stack is not clean yet.",,,2026-09-25,,7.88,87.17,1362824716.92,0.45,0.27,0.42,True,True,"Stage 2, Early Stage 2, volume_dryup, weekly_volume_dryup",watchlist,weekly_watchlist,watchlist,18.12,36.2,26.26,5.0,31.26,221
BHARTIARTL.NS,Bharti Airtel Limited,Telecommunication,Unknown,Unknown,True,F&O,1,Stage 4,Stage 4,Stage 4 - Weak/Declining,Stage 4 - Weak/Declining,Stage 4 • Stage 4 - Weak/Declining,0.72,Price is below long-term support with weak trend evidence.,,,2026-08-21,,0.77,2.48,9479461025.31,0.95,0.84,0.72,False,True,"Stage 4, Stage 4 - Weak/Declining, weekly_vcp_ok, weekly_volume_dryup, weekly_strong, downtrend",watchlist,weekly_watchlist,watchlist,9.05,36.12,21.23,10.0,31.23,222
GULFOILLUB.NS,Gulf Oil Lubricants India Limited,"Oil, Gas & Consumable Fuels",Unknown,Unknown,False,Cash,1,Stage 2,Stage 2,Early Stage 2,Early Stage 2,Stage 2 • Early Stage 2,0.72,"Price has moved above long-term structure, but the full moving-average stack is not clean yet.",,,2026-09-25,,14.1,30.61,58691895.5,0.49,0.81,0.57,True,True,"Stage 2, Early Stage 2, volume_dryup, weekly_volume_dryup",watchlist,weekly_watchlist,watchlist,22.72,30.47,26.21,5.0,31.21,223
IKS.NS,Inventurus Knowledge Solutions Ltd.,Information Technology,Unknown,Unknown,False,Cash,1,Stage 2 Failed,Stage 3,Failed Stage 2,Failed Stage 2,Stage 2 Failed • Failed Stage 2,0.72,"This stock was recently Stage 2, but the latest structure no longer satisfies Stage 2 rules. It is kept as Stage 2 Failed until a fresh base/repair structure forms.",Recent Stage 2 break; public stage held as Stage 2 Failed.,2026-09-28,2026-09-25,,1.34,33.94,395497027.92,1.83,0.72,2.49,False,False,"Stage 3, Stage 3 - Distribution/Damage, weekly_vcp_ok, weekly_strong, distribution_risk | Stage 2 failed state applied from stage memory.",watchlist,weekly_watchlist,watchlist,17.48,43.33,29.11,2.0,31.11,224
PFIZER.NS,Pfizer Limited,Healthcare,Unknown,Unknown,False,Cash,1,Stage 4,Stage 4,Stage 4 - Confirmed Downtrend,Stage 4 - Confirmed Downtrend,Stage 4 • Stage 4 - Confirmed Downtrend,0.86,Price is below a bearish moving-average stack with falling trend signals.,,,2026-08-28,,-4.06,-14.65,215867858.85,0.47,0.35,0.33,True,True,"Stage 4, Stage 4 - Confirmed Downtrend, weekly_vcp_ok, volume_dryup, weekly_volume_dryup, weekly_strong, downtrend",watchlist,weekly_watchlist,watchlist,7.95,36.9,20.98,10.0,30.98,225
WELENT.NS,Welspun Enterprises Limited,Construction,Unknown,Unknown,False,Cash,1,Stage 2,Stage 2,Clean Stage 2,Clean Stage 2,Stage 2 • Clean Stage 2,0.9,"Price is above rising key averages, weekly structure is supportive, and the stock is near its 52-week high.",,,2026-09-25,,28.13,73.94,706635781.37,1.62,0.62,0.56,False,True,"Stage 2, Clean Stage 2, trend_template_ok, weekly_volume_dryup",watchlist,weekly_watchlist,watchlist,36.0,24.8,30.96,0.0,30.96,226
ONGC.NS,Oil & Natural Gas Corporation Limited,"Oil, Gas & Consumable Fuels",Unknown,Unknown,True,F&O,1,Stage 1,Stage 1,Stage 1 - Unclear/Repair,Stage 1 - Unclear/Repair,Stage 1 • Stage 1 - Unclear/Repair,0.58,Not enough evidence for Stage 2 or Stage 4; classified as repair/unclear structure.,,,2026-05-22,,2.99,-17.32,2273438654.53,0.83,0.91,0.73,True,True,"Stage 1, Stage 1 - Unclear/Repair, weekly_vcp_ok, volume_dryup, weekly_volume_dryup, weekly_strong, stage1_not_actionable, stage1_needs_more_base",watchlist,weekly_watchlist,watchlist,12.92,41.8,25.92,5.0,30.92,227
INDUSTOWER.NS,Indus Towers Limited,Telecommunication,Unknown,Unknown,True,F&O,1,Stage 4,Stage 4,Stage 4 - Weak/Declining,Stage 4 - Weak/Declining,Stage 4 • Stage 4 - Weak/Declining,0.72,Price is below long-term support with weak trend evidence.,,,2026-03-27,,2.45,-9.82,1561758779.18,0.85,1.48,0.92,False,False,"Stage 4, Stage 4 - Weak/Declining, weekly_vcp_ok, weekly_strong, downtrend",watchlist,weekly_watchlist,watchlist,8.6,35.8,20.84,10.0,30.84,228
NAUKRI.NS,Info Edge (India) Limited,Consumer Services,Unknown,Unknown,True,F&O,1,Stage 2 Failed,Not Sure,Failed Stage 2,Failed Stage 2,Stage 2 Failed • Failed Stage 2,0.72,"This stock was recently Stage 2, but the latest structure no longer satisfies Stage 2 rules. It is kept as Stage 2 Failed until a fresh base/repair structure forms.",Recent Stage 2 break; public stage held as Stage 2 Failed.,2026-09-28,2026-09-23,,31.7,29.92,1748350521.91,0.85,0.8,0.95,True,False,"Not Sure, Not Sure, weekly_vcp_ok, volume_dryup, weekly_strong | Stage 2 failed state applied from stage memory.",watchlist,weekly_watchlist,watchlist,9.76,51.96,28.75,2.0,30.75,229
KSB.NS,Ksb Limited,Capital Goods,Unknown,Unknown,False,Cash,1,Stage 1,Stage 1,Stage 1 - Base/Repair,Stage 1 - Base/Repair,Stage 1 • Stage 1 - Base/Repair,0.7,Price is near long-term moving averages with no strong long-term downtrend signal.,,,2026-08-04,,-10.21,-1.69,116430099.63,0.9,0.37,0.83,False,True,"Stage 1, Stage 1 - Base/Repair, weekly_vcp_ok, weekly_volume_dryup, weekly_strong, stage1_not_actionable, stage1_needs_more_base",watchlist,weekly_watchlist,watchlist,12.23,41.8,25.54,5.0,30.54,230
PRAJIND.NS,Praj Industries Limited,Capital Goods,Unknown,Unknown,False,Cash,1,Stage 1,Stage 1,Stage 1 - Unclear/Repair,Stage 1 - Unclear/Repair,Stage 1 • Stage 1 - Unclear/Repair,0.58,Not enough evidence for Stage 2 or Stage 4; classified as repair/unclear structure.,,,2026-08-31,,-7.22,-3.3,129387426.43,0.45,0.43,0.42,True,True,"Stage 1, Stage 1 - Unclear/Repair, weekly_vcp_ok, volume_dryup, weekly_volume_dryup, weekly_strong, stage1_not_actionable, stage1_needs_more_base",watchlist,weekly_watchlist,watchlist,12.2,41.8,25.52,5.0,30.52,231
SAPPHIRE.NS,Sapphire Foods India Limited,Consumer Services,Unknown,Unknown,False,Cash,1,Stage 2 Failed,Not Sure,Failed Stage 2,Failed Stage 2,Stage 2 Failed • Failed Stage 2,0.72,"This stock was recently Stage 2, but the latest structure no longer satisfies Stage 2 rules. It is kept as Stage 2 Failed until a fresh base/repair structure forms.",Recent Stage 2 break; public stage held as Stage 2 Failed.,2026-09-28,2026-09-23,,22.3,42.99,153435568.34,0.38,0.42,0.24,True,True,"Not Sure, Not Sure, weekly_vcp_ok, volume_dryup, weekly_volume_dryup, weekly_strong | Stage 2 failed state applied from stage memory.",watchlist,weekly_watchlist,watchlist,7.5,53.43,28.17,2.0,30.17,232
BALAMINES.NS,Balaji Amines Limited,Chemicals,Unknown,Unknown,False,Cash,1,Stage 2,Stage 2,Early Stage 2,Early Stage 2,Stage 2 • Early Stage 2,0.72,"Price has moved above long-term structure, but the full moving-average stack is not clean yet.",,,2026-09-25,,2.11,105.42,494240139.7,0.65,0.37,0.67,True,True,"Stage 2, Early Stage 2, volume_dryup, weekly_volume_dryup",watchlist,weekly_watchlist,watchlist,26.17,23.6,25.01,5.0,30.01,233
HONAUT.NS,Honeywell Automation India Limited,Capital Goods,Unknown,Unknown,False,Cash,1,Stage 3,Stage 3,Stage 3 - Distribution/Damage,Stage 3 - Distribution/Damage,Stage 3 • Stage 3 - Distribution/Damage,0.76,"Prior strength exists, but short-term and/or weekly structure is deteriorating.",,,2026-09-04,,-9.28,31.23,123189478.25,0.78,0.67,0.5,True,True,"Stage 3, Stage 3 - Distribution/Damage, weekly_vcp_ok, volume_dryup, weekly_volume_dryup, weekly_strong, distribution_risk",watchlist,weekly_watchlist,watchlist,10.75,41.99,24.81,5.0,29.81,234
ABB.NS,ABB India Limited,Capital Goods,Unknown,Unknown,True,F&O,1,Stage 2,Stage 2,Early Stage 2,Early Stage 2,Stage 2 • Early Stage 2,0.72,"Price has moved above long-term structure, but the full moving-average stack is not clean yet.",,,2026-09-25,,7.93,17.59,1224003470.85,0.78,1.29,0.63,True,True,"Stage 2, Early Stage 2, volume_dryup, weekly_volume_dryup",watchlist,weekly_watchlist,watchlist,24.21,25.35,24.72,5.0,29.72,235
TITAN.NS,Titan Company Limited,Consumer Durables,Unknown,Unknown,True,F&O,1,Stage 2,Stage 2,Early Stage 2,Early Stage 2,Stage 2 • Early Stage 2,0.72,"Price has moved above long-term structure, but the full moving-average stack is not clean yet.",,,2026-09-25,,13.01,20.27,2693130064.85,0.93,1.2,1.0,False,False,"Stage 2, Early Stage 2",watchlist,weekly_watchlist,watchlist,20.84,39.53,29.25,0.0,29.25,236
ADANIPORTS.NS,Adani Ports and Special Economic Zone Limited,Services,Unknown,Unknown,True,F&O,1,Stage 2,Stage 2,Stage 2,Stage 2,Stage 2,0.76,Advancing structure detected.,Stage 2 confirmed with 3 raw confirmation runs.,,2026-09-25,,-2.3,29.37,3391764904.4,0.72,0.59,0.53,True,True,"Stage 2, Stage 2, volume_dryup, weekly_volume_dryup",watchlist,weekly_watchlist,watchlist,21.68,33.51,27.0,2.0,29.0,237
AMBER.NS,Amber Enterprises India Limited,Consumer Durables,Unknown,Unknown,True,F&O,1,Stage 1,Stage 1,Stage 1 - Base/Repair,Stage 1 - Base/Repair,Stage 1 • Stage 1 - Base/Repair,0.7,Price is near long-term moving averages with no strong long-term downtrend signal.,,,2026-07-20,,-0.48,13.54,758138026.8,0.46,0.67,0.41,True,True,"Stage 1, Stage 1 - Base/Repair, weekly_vcp_ok, volume_dryup, weekly_volume_dryup, weekly_strong, stage1_not_actionable, stage1_needs_more_base",watchlist,weekly_watchlist,watchlist,17.41,43.11,28.98,0.0,28.98,238
BANCOINDIA.NS,Banco Products (I) Limited,Automobile and Auto Components,Unknown,Unknown,False,Cash,1,Stage 4,Stage 4,Stage 4 - Weak/Declining,Stage 4 - Weak/Declining,Stage 4 • Stage 4 - Weak/Declining,0.72,Price is below long-term support with weak trend evidence.,,,2026-07-16,,-6.35,13.79,51446085.48,0.66,0.72,0.47,True,True,"Stage 4, Stage 4 - Weak/Declining, weekly_vcp_ok, volume_dryup, weekly_volume_dryup, weekly_strong, downtrend",watchlist,weekly_watchlist,watchlist,11.89,38.74,23.97,5.0,28.97,239
ASHOKLEY.NS,Ashok Leyland Limited,Capital Goods,Unknown,Unknown,True,F&O,1,Stage 2 Failed,Stage 1,Failed Stage 2,Failed Stage 2,Stage 2 Failed • Failed Stage 2,0.72,"This stock was recently Stage 2, but the latest structure no longer satisfies Stage 2 rules. It is kept as Stage 2 Failed until a fresh base/repair structure forms.",Recent Stage 2 break; public stage held as Stage 2 Failed.,2026-09-28,2026-09-07,,-0.67,8.61,1822057270.26,0.71,1.02,0.59,True,True,"Stage 1, Stage 1 - Base/Repair, weekly_vcp_ok, volume_dryup, weekly_volume_dryup, weekly_strong, stage1_not_actionable, stage1_needs_more_base | Stage 2 failed state applied from stage memory.",watchlist,weekly_watchlist,watchlist,7.63,43.69,23.86,5.0,28.86,240
COHANCE.NS,Cohance Lifesciences Ltd.,Healthcare,Unknown,Unknown,False,Cash,1,Not Sure,Not Sure,Not Sure,Not Sure,Not Sure,0.0,Stage rules did not identify a reliable structure.,No confident stage classification.,,,,5.26,49.79,549001178.65,1.29,0.44,0.58,False,True,"Not Sure, Not Sure, weekly_volume_dryup",watchlist,weekly_watchlist,watchlist,19.03,18.31,18.71,10.0,28.71,241
HBLENGINE.NS,HBL Engineering Ltd.,Capital Goods,Unknown,Unknown,False,Cash,1,Not Sure,Not Sure,Not Sure,Not Sure,Not Sure,0.0,Stage rules did not identify a reliable structure.,No confident stage classification.,,2026-06-26,,0.61,20.14,2026974547.11,1.65,2.06,1.81,False,False,"Not Sure, Not Sure",watchlist,weekly_watchlist,watchlist,24.63,22.08,23.48,5.0,28.48,242
WABAG.NS,VA Tech Wabag Limited,Utilities,Unknown,Unknown,False,Cash,1,Stage 2,Stage 2,Messy Stage 2,Messy Stage 2,Stage 2 • Messy Stage 2,0.64,"Long-term structure is still constructive, but the short-term/weekly structure is not clean.",,,2026-09-25,,-4.4,62.15,1373045250.08,0.79,0.3,0.55,True,True,"Stage 2, Messy Stage 2, volume_dryup, weekly_volume_dryup",watchlist,weekly_watchlist,watchlist,17.1,20.17,18.48,10.0,28.48,243
EXIDEIND.NS,Exide Industries Limited,Automobile and Auto Components,Unknown,Unknown,True,F&O,1,Stage 2,Stage 2,Early Stage 2,Early Stage 2,Stage 2 • Early Stage 2,0.72,"Price has moved above long-term structure, but the full moving-average stack is not clean yet.",,,2026-09-25,,3.76,40.51,857450449.15,0.55,0.43,0.46,True,True,"Stage 2, Early Stage 2, volume_dryup, weekly_volume_dryup",watchlist,weekly_watchlist,watchlist,17.55,30.43,23.35,5.0,28.35,244
MGL.NS,Mahanagar Gas Limited,"Oil, Gas & Consumable Fuels",Unknown,Unknown,False,Cash,1,Stage 2 Failed,Stage 4,Failed Stage 2,Failed Stage 2,Stage 2 Failed • Failed Stage 2,0.72,"This stock was recently Stage 2, but the latest structure no longer satisfies Stage 2 rules. It is kept as Stage 2 Failed until a fresh base/repair structure forms.",Recent Stage 2 break; public stage held as Stage 2 Failed.,2026-09-28,2026-09-23,,-1.68,15.21,145027290.2,0.5,0.64,0.63,True,True,"Stage 4, Stage 4 - Weak/Declining, weekly_vcp_ok, volume_dryup, weekly_volume_dryup, weekly_strong, downtrend | Stage 2 failed state applied from stage memory.",watchlist,weekly_watchlist,watchlist,11.93,37.15,23.28,5.0,28.28,245
GPPL.NS,Gujarat Pipavav Port Limited,Services,Unknown,Unknown,False,Cash,1,Stage 1,Stage 1,Stage 1 - Early Turn,Stage 1 - Early Turn,Stage 1 • Stage 1 - Early Turn,0.66,The stock is improving from a repair/base area but has not confirmed a clean Stage 2 yet.,,,2026-02-10,,12.3,15.43,235288116.05,0.79,0.45,0.54,True,True,"Stage 1, Stage 1 - Early Turn, weekly_vcp_ok, volume_dryup, weekly_volume_dryup, stage1_not_actionable, stage1_needs_more_base",watchlist,weekly_watchlist,watchlist,15.93,38.87,26.25,2.0,28.25,246
KKCL.NS,Kewal Kiran Clothing Limited,Textiles,Unknown,Unknown,False,Cash,1,Stage 2 Failed,Stage 4,Failed Stage 2,Failed Stage 2,Stage 2 Failed • Failed Stage 2,0.72,"This stock was recently Stage 2, but the latest structure no longer satisfies Stage 2 rules. It is kept as Stage 2 Failed until a fresh base/repair structure forms.",Recent Stage 2 break; public stage held as Stage 2 Failed.,2026-09-28,2026-09-18,,-2.44,7.53,14590364.45,0.72,0.81,0.64,True,True,"Stage 4, Stage 4 - Weak/Declining, weekly_vcp_ok, volume_dryup, weekly_volume_dryup, weekly_strong, downtrend | Stage 2 failed state applied from stage memory.",watchlist,weekly_watchlist,watchlist,3.48,36.31,18.25,10.0,28.25,247
BEL.NS,Bharat Electronics Limited,Capital Goods,Unknown,Unknown,True,F&O,1,Stage 1,Stage 1,Stage 1 - Unclear/Repair,Stage 1 - Unclear/Repair,Stage 1 • Stage 1 - Unclear/Repair,0.58,Not enough evidence for Stage 2 or Stage 4; classified as repair/unclear structure.,,,2026-04-29,,-1.89,-6.18,3698599840.99,0.88,1.26,0.73,False,True,"Stage 1, Stage 1 - Unclear/Repair, weekly_vcp_ok, weekly_volume_dryup, weekly_strong, stage1_not_actionable, stage1_needs_more_base",watchlist,weekly_watchlist,watchlist,7.13,42.9,23.23,5.0,28.23,248
FORCEMOT.NS,FORCE MOTORS LTD,Automobile and Auto Components,Unknown,Unknown,True,F&O,1,Stage 4,Stage 4,Stage 4 - Confirmed Downtrend,Stage 4 - Confirmed Downtrend,Stage 4 • Stage 4 - Confirmed Downtrend,0.86,Price is below a bearish moving-average stack with falling trend signals.,,,2026-05-06,,-6.35,-16.57,1196028927.33,0.72,0.98,0.71,True,True,"Stage 4, Stage 4 - Confirmed Downtrend, weekly_vcp_ok, volume_dryup, weekly_volume_dryup, weekly_strong, downtrend",watchlist,weekly_watchlist,watchlist,11.91,36.9,23.16,5.0,28.16,249
HINDPETRO.NS,Hindustan Petroleum Corporation Limited,"Oil, Gas & Consumable Fuels",Unknown,Unknown,True,F&O,1,Stage 4,Stage 4,Stage 4 - Weak/Declining,Stage 4 - Weak/Declining,Stage 4 • Stage 4 - Weak/Declining,0.72,Price is below long-term support with weak trend evidence.,,,2026-01-07,,-4.77,12.72,1299768396.01,0.71,1.05,0.76,True,True,"Stage 4, Stage 4 - Weak/Declining, weekly_vcp_ok, volume_dryup, weekly_volume_dryup, weekly_strong, downtrend",watchlist,weekly_watchlist,watchlist,12.09,36.59,23.12,5.0,28.12,250
HINDZINC.NS,Hindustan Zinc Limited,Metals & Mining,Unknown,Unknown,True,F&O,1,Stage 2 Failed,Stage 1,Failed Stage 2,Failed Stage 2,Stage 2 Failed • Failed Stage 2,0.72,"This stock was recently Stage 2, but the latest structure no longer satisfies Stage 2 rules. It is kept as Stage 2 Failed until a fresh base/repair structure forms.",Recent Stage 2 break; public stage held as Stage 2 Failed.,2026-09-28,2026-09-25,,13.48,15.39,2512613690.43,0.71,0.67,0.69,True,True,"Stage 1, Stage 1 - Base/Repair, weekly_vcp_ok, volume_dryup, weekly_volume_dryup, weekly_strong, stage1_not_actionable, stage1_needs_more_base | Stage 2 failed state applied from stage memory.",watchlist,weekly_watchlist,watchlist,10.67,44.69,25.98,2.0,27.98,251
DCXINDIA.NS,DCX Systems Limited,Capital Goods,Unknown,Unknown,False,Cash,1,Stage 4,Stage 4,Stage 4 - Weak/Declining,Stage 4 - Weak/Declining,Stage 4 • Stage 4 - Weak/Declining,0.72,Price is below long-term support with weak trend evidence.,,,,,-16.66,-1.77,61880293.06,0.85,0.53,0.71,False,True,"Stage 4, Stage 4 - Weak/Declining, weekly_vcp_ok, weekly_volume_dryup, weekly_strong, downtrend",watchlist,weekly_watchlist,watchlist,10.58,38.0,22.92,5.0,27.92,252
CHOLAFIN.NS,Cholamandalam Investment and Finance Company Limited,Financial Services,Unknown,Unknown,True,F&O,1,Stage 2 Failed,Stage 1,Failed Stage 2,Failed Stage 2,Stage 2 Failed • Failed Stage 2,0.72,"This stock was recently Stage 2, but the latest structure no longer satisfies Stage 2 rules. It is kept as Stage 2 Failed until a fresh base/repair structure forms.",Recent Stage 2 break; public stage held as Stage 2 Failed.,2026-09-28,2026-09-23,,-3.49,22.79,2567214062.52,1.26,0.97,1.49,False,False,"Stage 1, Stage 1 - Base/Repair, weekly_vcp_ok, weekly_strong, stage1_not_actionable, stage1_needs_more_base | Stage 2 failed state applied from stage memory.",watchlist,weekly_watchlist,watchlist,14.03,44.83,27.89,0.0,27.89,253
INDIANB.NS,Indian Bank,Financial Services,Unknown,Unknown,True,F&O,1,Stage 2 Failed,Stage 1,Failed Stage 2,Failed Stage 2,Stage 2 Failed • Failed Stage 2,0.72,"This stock was recently Stage 2, but the latest structure no longer satisfies Stage 2 rules. It is kept as Stage 2 Failed until a fresh base/repair structure forms.",Recent Stage 2 break; public stage held as Stage 2 Failed.,2026-09-28,2026-09-07,,3.55,-3.48,819968813.22,0.67,0.82,0.64,True,True,"Stage 1, Stage 1 - Base/Repair, weekly_vcp_ok, volume_dryup, weekly_volume_dryup, weekly_strong, stage1_not_actionable, stage1_needs_more_base | Stage 2 failed state applied from stage memory.",watchlist,weekly_watchlist,watchlist,16.3,41.81,27.78,0.0,27.78,254
TBOTEK.NS,TBO Tek Ltd.,Consumer Services,Unknown,Unknown,False,Cash,1,Stage 2,Stage 2,Early Stage 2,Early Stage 2,Stage 2 • Early Stage 2,0.72,"Price has moved above long-term structure, but the full moving-average stack is not clean yet.",,,2026-09-25,,14.55,53.53,276252897.72,0.71,0.29,0.88,True,True,"Stage 2, Early Stage 2, volume_dryup, weekly_volume_dryup",watchlist,weekly_watchlist,watchlist,21.94,30.41,25.75,2.0,27.75,255
GARFIBRES.NS,Garware Technical Fibres Limited,Textiles,Unknown,Unknown,False,Cash,1,Stage 2,Stage 2,Early Stage 2,Early Stage 2,Stage 2 • Early Stage 2,0.72,"Price has moved above long-term structure, but the full moving-average stack is not clean yet.",,,2026-09-25,,12.18,31.52,36445594.41,0.62,0.56,0.46,True,True,"Stage 2, Early Stage 2, volume_dryup, weekly_volume_dryup",watchlist,weekly_watchlist,watchlist,12.0,24.77,17.75,10.0,27.75,256
JKTYRE.NS,JK Tyre & Industries Limited,Automobile and Auto Components,Unknown,Unknown,False,Cash,1,Stage 4,Stage 4,Stage 4 - Confirmed Downtrend,Stage 4 - Confirmed Downtrend,Stage 4 • Stage 4 - Confirmed Downtrend,0.86,Price is below a bearish moving-average stack with falling trend signals.,,,2026-03-02,,-12.97,-10.02,145828894.11,0.83,0.94,0.9,True,False,"Stage 4, Stage 4 - Confirmed Downtrend, weekly_vcp_ok, volume_dryup, weekly_strong, downtrend",watchlist,weekly_watchlist,watchlist,10.82,36.9,22.56,5.0,27.56,257
NHPC.NS,NHPC Limited,Power,Unknown,Unknown,True,F&O,1,Stage 1,Stage 1,Stage 1 - Base/Repair,Stage 1 - Base/Repair,Stage 1 • Stage 1 - Base/Repair,0.7,Price is near long-term moving averages with no strong long-term downtrend signal.,,,2026-05-06,,-2.2,1.43,747756660.38,0.87,0.6,0.66,False,True,"Stage 1, Stage 1 - Base/Repair, weekly_vcp_ok, weekly_volume_dryup, weekly_strong, stage1_not_actionable, stage1_needs_more_base",watchlist,weekly_watchlist,watchlist,15.82,41.8,27.51,0.0,27.51,258
CONCORDBIO.NS,Concord Biotech Limited,Healthcare,Unknown,Unknown,False,Cash,1,Stage 2,Stage 2,Early Stage 2,Early Stage 2,Stage 2 • Early Stage 2,0.72,"Price has moved above long-term structure, but the full moving-average stack is not clean yet.",,,2026-09-25,,14.04,38.93,238858618.79,1.1,0.62,1.02,False,False,"Stage 2, Early Stage 2",watchlist,weekly_watchlist,watchlist,12.7,23.3,17.47,10.0,27.47,259
BASF.NS,BASF India Limited,Chemicals,Unknown,Unknown,False,Cash,1,Stage 2 Failed,Stage 4,Failed Stage 2,Failed Stage 2,Stage 2 Failed • Failed Stage 2,0.72,"This stock was recently Stage 2, but the latest structure no longer satisfies Stage 2 rules. It is kept as Stage 2 Failed until a fresh base/repair structure forms.",Recent Stage 2 break; public stage held as Stage 2 Failed.,2026-09-28,2026-09-08,,1.86,8.55,71241094.71,0.47,0.81,0.3,True,True,"Stage 4, Stage 4 - Weak/Declining, weekly_vcp_ok, volume_dryup, weekly_volume_dryup, weekly_strong, downtrend | Stage 2 failed state applied from stage memory.",watchlist,weekly_watchlist,watchlist,10.62,36.84,22.42,5.0,27.42,260
IOC.NS,Indian Oil Corporation Ltd.,"Oil, Gas & Consumable Fuels",Unknown,Unknown,True,F&O,1,Stage 4,Stage 4,Stage 4 - Confirmed Downtrend,Stage 4 - Confirmed Downtrend,Stage 4 • Stage 4 - Confirmed Downtrend,0.86,Price is below a bearish moving-average stack with falling trend signals.,,,2026-03-06,,0.08,2.54,977785027.38,1.05,0.74,0.93,False,False,"Stage 4, Stage 4 - Confirmed Downtrend, weekly_vcp_ok, weekly_strong, downtrend",watchlist,weekly_watchlist,watchlist,10.26,37.16,22.36,5.0,27.36,261
MRF.NS,MRF Limited,Automobile and Auto Components,Unknown,Unknown,False,Cash,1,Stage 4,Stage 4,Stage 4 - Confirmed Downtrend,Stage 4 - Confirmed Downtrend,Stage 4 • Stage 4 - Confirmed Downtrend,0.86,Price is below a bearish moving-average stack with falling trend signals.,,,2025-12-01,,-1.27,0.08,412130518.75,0.87,0.45,0.56,False,True,"Stage 4, Stage 4 - Confirmed Downtrend, weekly_vcp_ok, weekly_volume_dryup, weekly_strong, downtrend",watchlist,weekly_watchlist,watchlist,10.45,36.9,22.35,5.0,27.35,262
BAJAJ-AUTO.NS,Bajaj Auto Limited,Automobile and Auto Components,Unknown,Unknown,True,F&O,1,Stage 2,Stage 2,Early Stage 2,Early Stage 2,Stage 2 • Early Stage 2,0.72,"Price has moved above long-term structure, but the full moving-average stack is not clean yet.",,,2026-09-25,,16.94,29.9,2275233396.6,0.65,1.2,0.55,True,True,"Stage 2, Early Stage 2, volume_dryup, weekly_volume_dryup",watchlist,weekly_watchlist,watchlist,21.89,22.68,22.25,5.0,27.25,263
BHARTIHEXA.NS,Bharti Hexacom Ltd.,Telecommunication,Unknown,Unknown,False,Cash,1,Stage 4,Stage 4,Stage 4 - Weak/Declining,Stage 4 - Weak/Declining,Stage 4 • Stage 4 - Weak/Declining,0.72,Price is below long-term support with weak trend evidence.,,,2026-01-05,,5.22,-2.03,118204699.1,0.73,1.06,0.47,True,True,"Stage 4, Stage 4 - Weak/Declining, weekly_vcp_ok, volume_dryup, weekly_volume_dryup, weekly_strong, downtrend",watchlist,weekly_watchlist,watchlist,0.0,38.32,17.24,10.0,27.24,264
ASTRAZEN.NS,AstraZeneca Pharma India Limited,Healthcare,Unknown,Unknown,False,Cash,1,Stage 4,Stage 4,Stage 4 - Confirmed Downtrend,Stage 4 - Confirmed Downtrend,Stage 4 • Stage 4 - Confirmed Downtrend,0.86,Price is below a bearish moving-average stack with falling trend signals.,,,2025-11-28,,-18.36,-17.15,37132174.3,0.61,1.01,0.5,True,True,"Stage 4, Stage 4 - Confirmed Downtrend, weekly_vcp_ok, volume_dryup, weekly_volume_dryup, weekly_strong, downtrend",watchlist,weekly_watchlist,watchlist,1.12,36.9,17.22,10.0,27.22,265
ONESOURCE.NS,Onesource Specialty Pharma Ltd.,Healthcare,Unknown,Unknown,False,Cash,1,Stage 2 Failed,Stage 4,Failed Stage 2,Failed Stage 2,Stage 2 Failed • Failed Stage 2,0.72,"This stock was recently Stage 2, but the latest structure no longer satisfies Stage 2 rules. It is kept as Stage 2 Failed until a fresh base/repair structure forms.",Recent Stage 2 break; public stage held as Stage 2 Failed.,2026-09-28,2026-09-16,,-2.11,13.74,580784609.04,0.95,0.94,0.67,False,True,"Stage 4, Stage 4 - Weak/Declining, weekly_vcp_ok, weekly_volume_dryup, weekly_strong, downtrend | Stage 2 failed state applied from stage memory.",watchlist,weekly_watchlist,watchlist,0.0,38.06,17.13,10.0,27.13,266
SAGILITY.NS,Sagility Ltd.,Information Technology,Unknown,Unknown,False,Cash,1,Not Sure,Stage 4,Pending Stage 4,Pending Stage 4,Not Sure • Pending Stage 4,0.55,Blocked public stage jump Stage 1 -> Stage 4; waiting for intermediate/confirmed structure.,Blocked public stage jump Stage 1 -> Stage 4; waiting for intermediate/confirmed structure.,,,Stage 4,10.68,6.62,570961533.26,0.54,0.4,0.36,True,True,"Stage 4, Stage 4 - Weak/Declining, weekly_vcp_ok, volume_dryup, weekly_volume_dryup, weekly_strong, downtrend | Blocked public stage jump Stage 1 -> Stage 4; waiting for intermediate/confirmed structure.",watchlist,weekly_watchlist,watchlist,14.83,37.53,25.05,2.0,27.05,267
DATAPATTNS.NS,Data Patterns (India) Limited,Capital Goods,Unknown,Unknown,False,Cash,1,Stage 2,Stage 2,Early Stage 2,Early Stage 2,Stage 2 • Early Stage 2,0.72,"Price has moved above long-term structure, but the full moving-average stack is not clean yet.",,,2026-09-25,,-2.85,42.54,2785762803.68,0.61,0.41,0.35,True,True,"Stage 2, Early Stage 2, volume_dryup, weekly_volume_dryup",watchlist,weekly_watchlist,watchlist,16.2,29.17,22.04,5.0,27.04,268
COROMANDEL.NS,Coromandel International Limited,Chemicals,Unknown,Unknown,False,Cash,1,Stage 4,Stage 4,Stage 4 - Weak/Declining,Stage 4 - Weak/Declining,Stage 4 • Stage 4 - Weak/Declining,0.72,Price is below long-term support with weak trend evidence.,,,2025-12-09,,-0.15,3.46,211242119.9,1.1,0.44,1.1,False,False,"Stage 4, Stage 4 - Weak/Declining, weekly_vcp_ok, weekly_strong, downtrend",watchlist,weekly_watchlist,watchlist,9.43,37.23,21.94,5.0,26.94,269
GRSE.NS,Garden Reach Shipbuilders & Engineers Limited,Capital Goods,Unknown,Unknown,False,Cash,1,Stage 4,Stage 4,Stage 4 - Weak/Declining,Stage 4 - Weak/Declining,Stage 4 • Stage 4 - Weak/Declining,0.72,Price is below long-term support with weak trend evidence.,,,2026-07-08,,-13.64,2.1,735321359.31,0.81,1.07,0.8,True,True,"Stage 4, Stage 4 - Weak/Declining, weekly_vcp_ok, volume_dryup, weekly_volume_dryup, weekly_strong, downtrend",watchlist,weekly_watchlist,watchlist,10.39,35.8,21.82,5.0,26.82,270
BIOCON.NS,Biocon Ltd.,Healthcare,Unknown,Unknown,True,F&O,1,Stage 4,Stage 4,Stage 4 - Weak/Declining,Stage 4 - Weak/Declining,Stage 4 • Stage 4 - Weak/Declining,0.72,Price is below long-term support with weak trend evidence.,,,2026-08-14,,-5.23,8.72,1214891443.84,0.93,0.77,0.73,False,True,"Stage 4, Stage 4 - Weak/Declining, weekly_vcp_ok, weekly_volume_dryup, weekly_strong, downtrend",watchlist,weekly_watchlist,watchlist,0.0,37.25,16.76,10.0,26.76,271
AEGISLOG.NS,Aegis Logistics Ltd.,"Oil, Gas & Consumable Fuels",Unknown,Unknown,False,Cash,1,Stage 2,Stage 2,Early Stage 2,Early Stage 2,Stage 2 • Early Stage 2,0.72,"Price has moved above long-term structure, but the full moving-average stack is not clean yet.",,,2026-09-25,,4.59,125.43,1271747441.07,0.99,0.4,0.71,False,True,"Stage 2, Early Stage 2, weekly_volume_dryup",watchlist,weekly_watchlist,watchlist,19.14,24.8,21.69,5.0,26.69,272
JSL.NS,Jindal Stainless Limited,Metals & Mining,Unknown,Unknown,False,Cash,1,Stage 1,Stage 1,Stage 1 - Early Turn,Stage 1 - Early Turn,Stage 1 • Stage 1 - Early Turn,0.66,The stock is improving from a repair/base area but has not confirmed a clean Stage 2 yet.,,,2026-02-26,,13.4,6.58,975123929.18,1.67,1.34,1.52,False,False,"Stage 1, Stage 1 - Early Turn, stage1_base_ready, weekly_vcp_ok, weekly_strong, stage1_not_actionable",watchlist,weekly_watchlist,watchlist,0.0,54.8,24.66,2.0,26.66,273
ARE&M.NS,Amara Raja Energy & Mobility Ltd.,Automobile and Auto Components,Unknown,Unknown,False,Cash,1,Stage 4,Stage 4,Stage 4 - Weak/Declining,Stage 4 - Weak/Declining,Stage 4 • Stage 4 - Weak/Declining,0.72,Price is below long-term support with weak trend evidence.,,,2026-08-28,,-4.53,9.34,334016320.96,0.55,0.91,0.48,True,True,"Stage 4, Stage 4 - Weak/Declining, weekly_vcp_ok, volume_dryup, weekly_volume_dryup, weekly_strong, downtrend",watchlist,weekly_watchlist,watchlist,9.68,36.28,21.65,5.0,26.65,274
ERIS.NS,Eris Lifesciences Limited,Healthcare,Unknown,Unknown,False,Cash,1,Stage 4,Stage 4,Stage 4 - Confirmed Downtrend,Stage 4 - Confirmed Downtrend,Stage 4 • Stage 4 - Confirmed Downtrend,0.86,Price is below a bearish moving-average stack with falling trend signals.,,,,,-9.56,-2.88,66474562.72,0.67,0.52,0.53,True,True,"Stage 4, Stage 4 - Confirmed Downtrend, weekly_vcp_ok, volume_dryup, weekly_volume_dryup, weekly_strong, downtrend",watchlist,weekly_watchlist,watchlist,0.0,36.9,16.61,10.0,26.61,275
ANANDRATHI.NS,Anand Rathi Wealth Limited,Financial Services,Unknown,Unknown,False,Cash,1,Stage 2,Stage 2,Early Stage 2,Early Stage 2,Stage 2 • Early Stage 2,0.72,"Price has moved above long-term structure, but the full moving-average stack is not clean yet.",,,2026-09-25,,12.97,36.31,588294728.11,1.48,1.67,1.64,False,False,"Stage 2, Early Stage 2",watchlist,weekly_watchlist,watchlist,19.87,34.53,26.47,0.0,26.47,276
DCAL.NS,Dishman Carbogen Amcis Limited,Healthcare,Unknown,Unknown,False,Cash,1,Stage 4,Stage 4,Stage 4 - Weak/Declining,Stage 4 - Weak/Declining,Stage 4 • Stage 4 - Weak/Declining,0.72,Price is below long-term support with weak trend evidence.,,,2025-11-12,,-7.4,14.66,36875371.4,0.87,0.23,0.32,False,True,"Stage 4, Stage 4 - Weak/Declining, weekly_vcp_ok, weekly_volume_dryup, weekly_strong, downtrend",watchlist,weekly_watchlist,watchlist,0.0,36.53,16.44,10.0,26.44,277
JLHL.NS,Jupiter Life Line Hospitals Limited,Healthcare,Unknown,Unknown,False,Cash,1,Stage 2 Failed,Stage 4,Failed Stage 2,Failed Stage 2,Stage 2 Failed • Failed Stage 2,0.72,"This stock was recently Stage 2, but the latest structure no longer satisfies Stage 2 rules. It is kept as Stage 2 Failed until a fresh base/repair structure forms.",Recent Stage 2 break; public stage held as Stage 2 Failed.,2026-09-28,2026-09-18,,-4.12,9.67,27036611.76,0.75,1.46,0.7,True,True,"Stage 4, Stage 4 - Weak/Declining, weekly_vcp_ok, volume_dryup, weekly_volume_dryup, weekly_strong, downtrend | Stage 2 failed state applied from stage memory.",watchlist,weekly_watchlist,watchlist,0.0,36.35,16.36,10.0,26.36,278
DELTACORP.NS,Delta Corp Limited,Consumer Services,Unknown,Unknown,False,Cash,1,Not Sure,Not Sure,Not Sure,Not Sure,Not Sure,0.0,Stage rules did not identify a reliable structure.,No confident stage classification.,,,,12.36,32.77,384695215.47,3.74,3.92,7.24,False,False,"Not Sure, Not Sure",watchlist,weekly_watchlist,watchlist,33.59,12.91,24.28,2.0,26.28,279
CEATLTD.NS,Ceat Ltd.,Automobile and Auto Components,Unknown,Unknown,False,Cash,1,Stage 4,Stage 4,Stage 4 - Weak/Declining,Stage 4 - Weak/Declining,Stage 4 • Stage 4 - Weak/Declining,0.72,Price is below long-term support with weak trend evidence.,,,2026-08-06,,-7.97,0.47,181792586.73,0.84,1.17,0.55,True,True,"Stage 4, Stage 4 - Weak/Declining, weekly_vcp_ok, volume_dryup, weekly_volume_dryup, weekly_strong, downtrend",watchlist,weekly_watchlist,watchlist,8.48,36.9,21.27,5.0,26.27,280
APOLLOTYRE.NS,Apollo Tyres Limited,Automobile and Auto Components,Unknown,Unknown,False,Cash,1,Stage 4,Stage 4,Stage 4 - Weak/Declining,Stage 4 - Weak/Declining,Stage 4 • Stage 4 - Weak/Declining,0.72,Price is below long-term support with weak trend evidence.,,,2026-01-15,,-9.08,-2.05,259376170.63,1.2,0.54,0.66,False,True,"Stage 4, Stage 4 - Weak/Declining, weekly_vcp_ok, weekly_volume_dryup, weekly_strong, downtrend",watchlist,weekly_watchlist,watchlist,8.35,36.9,21.2,5.0,26.2,281
TATACHEM.NS,Tata Chemicals Limited,Chemicals,Unknown,Unknown,False,Cash,1,Stage 4,Stage 4,Stage 4 - Confirmed Downtrend,Stage 4 - Confirmed Downtrend,Stage 4 • Stage 4 - Confirmed Downtrend,0.86,Price is below a bearish moving-average stack with falling trend signals.,,,,,-1.76,2.17,2532233834.42,3.69,0.93,0.8,False,True,"Stage 4, Stage 4 - Confirmed Downtrend, weekly_vcp_ok, weekly_volume_dryup, weekly_strong, downtrend",watchlist,weekly_watchlist,watchlist,9.14,35.84,21.16,5.0,26.16,282
SIEMENS.NS,Siemens Ltd.,Capital Goods,Unknown,Unknown,True,F&O,1,Stage 2,Stage 2,Early Stage 2,Early Stage 2,Stage 2 • Early Stage 2,0.72,"Price has moved above long-term structure, but the full moving-average stack is not clean yet.",,,2026-09-25,,11.35,27.95,985814435.34,0.74,0.59,0.49,True,True,"Stage 2, Early Stage 2, volume_dryup, weekly_volume_dryup",watchlist,weekly_watchlist,watchlist,19.49,23.13,21.13,5.0,26.13,283
ALKEM.NS,Alkem Laboratories Limited,Healthcare,Unknown,Unknown,True,F&O,1,Stage 4,Stage 4,Stage 4 - Confirmed Downtrend,Stage 4 - Confirmed Downtrend,Stage 4 • Stage 4 - Confirmed Downtrend,0.86,Price is below a bearish moving-average stack with falling trend signals.,,,2026-08-11,,-0.64,0.86,736893734.73,1.35,0.76,0.83,False,True,"Stage 4, Stage 4 - Confirmed Downtrend, weekly_vcp_ok, weekly_volume_dryup, weekly_strong, downtrend",watchlist,weekly_watchlist,watchlist,0.0,35.82,16.12,10.0,26.12,284
ALOKINDS.NS,Alok Industries Limited,Textiles,Unknown,Unknown,False,Cash,1,Stage 4,Stage 4,Stage 4 - Confirmed Downtrend,Stage 4 - Confirmed Downtrend,Stage 4 • Stage 4 - Confirmed Downtrend,0.86,Price is below a bearish moving-average stack with falling trend signals.,,,,,-40.49,-39.75,244338985.68,1.1,0.42,1.05,False,False,"Stage 4, Stage 4 - Confirmed Downtrend, weekly_vcp_ok, weekly_strong, downtrend",watchlist,weekly_watchlist,watchlist,0.0,35.8,16.11,10.0,26.11,285
FORTIS.NS,Fortis Healthcare Limited,Healthcare,Unknown,Unknown,True,F&O,1,Stage 4,Stage 4,Stage 4 - Weak/Declining,Stage 4 - Weak/Declining,Stage 4 • Stage 4 - Weak/Declining,0.72,Price is below long-term support with weak trend evidence.,,,2026-07-29,,-9.59,7.69,947696640.65,1.11,2.47,1.3,False,False,"Stage 4, Stage 4 - Weak/Declining, weekly_vcp_ok, weekly_strong, downtrend",watchlist,weekly_watchlist,watchlist,0.0,35.8,16.11,10.0,26.11,286
ROUTE.NS,ROUTE MOBILE LIMITED,Telecommunication,Unknown,Unknown,False,Cash,1,Stage 4,Stage 4,Stage 4 - Weak/Declining,Stage 4 - Weak/Declining,Stage 4 • Stage 4 - Weak/Declining,0.72,Price is below long-term support with weak trend evidence.,,,,,-10.47,2.12,109320803.74,0.38,0.6,0.34,True,True,"Stage 4, Stage 4 - Weak/Declining, weekly_vcp_ok, volume_dryup, weekly_volume_dryup, weekly_strong, downtrend",watchlist,weekly_watchlist,watchlist,0.0,35.8,16.11,10.0,26.11,287
SANOFI.NS,Sanofi India Limited,Healthcare,Unknown,Unknown,False,Cash,1,Stage 4,Stage 4,Stage 4 - Confirmed Downtrend,Stage 4 - Confirmed Downtrend,Stage 4 • Stage 4 - Confirmed Downtrend,0.86,Price is below a bearish moving-average stack with falling trend signals.,,,,,-5.56,-1.4,55827455.64,1.1,0.77,1.49,False,False,"Stage 4, Stage 4 - Confirmed Downtrend, weekly_vcp_ok, weekly_strong, downtrend",watchlist,weekly_watchlist,watchlist,0.0,35.8,16.11,10.0,26.11,288
SYNGENE.NS,Syngene International Limited,Healthcare,Unknown,Unknown,False,Cash,1,Stage 4,Stage 4,Stage 4 - Confirmed Downtrend,Stage 4 - Confirmed Downtrend,Stage 4 • Stage 4 - Confirmed Downtrend,0.86,Price is below a bearish moving-average stack with falling trend signals.,,,,,-9.42,-1.33,236350507.62,0.78,0.44,0.27,True,True,"Stage 4, Stage 4 - Confirmed Downtrend, weekly_vcp_ok, volume_dryup, weekly_volume_dryup, weekly_strong, downtrend",watchlist,weekly_watchlist,watchlist,0.0,35.8,16.11,10.0,26.11,289
TRIDENT.NS,Trident Limited,Textiles,Unknown,Unknown,False,Cash,1,Stage 4,Stage 4,Stage 4 - Confirmed Downtrend,Stage 4 - Confirmed Downtrend,Stage 4 • Stage 4 - Confirmed Downtrend,0.86,Price is below a bearish moving-average stack with falling trend signals.,,,,,-9.33,-0.7,58489362.03,0.75,0.85,0.67,True,True,"Stage 4, Stage 4 - Confirmed Downtrend, weekly_vcp_ok, volume_dryup, weekly_volume_dryup, weekly_strong, downtrend",watchlist,weekly_watchlist,watchlist,0.0,35.8,16.11,10.0,26.11,290
TTML.NS,Tata Teleservices (Maharashtra) Limited,Telecommunication,Unknown,Unknown,False,Cash,1,Stage 4,Stage 4,Stage 4 - Confirmed Downtrend,Stage 4 - Confirmed Downtrend,Stage 4 • Stage 4 - Confirmed Downtrend,0.86,Price is below a bearish moving-average stack with falling trend signals.,,,,,-10.87,1.79,195138900.63,2.16,25.78,5.95,False,False,"Stage 4, Stage 4 - Confirmed Downtrend, weekly_vcp_ok, weekly_strong, downtrend",watchlist,weekly_watchlist,watchlist,0.0,35.8,16.11,10.0,26.11,291
MTARTECH.NS,Mtar Technologies Limited,Capital Goods,Unknown,Unknown,False,Cash,1,Stage 2,Stage 2,Stage 2,Stage 2,Stage 2,0.76,Advancing structure detected.,,,2026-09-25,,0.67,100.02,761037008.05,0.67,1.04,0.67,True,True,"Stage 2, Stage 2, volume_dryup, weekly_volume_dryup",watchlist,weekly_watchlist,watchlist,16.05,27.2,21.07,5.0,26.07,292
ELECTCAST.NS,Electrosteel Castings Limited,Capital Goods,Unknown,Unknown,False,Cash,1,Stage 2 Failed,Stage 1,Failed Stage 2,Failed Stage 2,Stage 2 Failed • Failed Stage 2,0.72,"This stock was recently Stage 2, but the latest structure no longer satisfies Stage 2 rules. It is kept as Stage 2 Failed until a fresh base/repair structure forms.",Recent Stage 2 break; public stage held as Stage 2 Failed.,2026-09-28,2026-09-14,,-1.23,-6.14,201597094.57,1.43,8.58,2.65,False,False,"Stage 1, Stage 1 - Base/Repair, weekly_vcp_ok, stage1_not_actionable, stage1_needs_more_base | Stage 2 failed state applied from stage memory.",watchlist,weekly_watchlist,watchlist,15.32,28.1,21.07,5.0,26.07,293
GALLANTT.NS,Gallantt Ispat Limited,Capital Goods,Unknown,Unknown,False,Cash,1,Stage 4,Stage 4,Stage 4 - Weak/Declining,Stage 4 - Weak/Declining,Stage 4 • Stage 4 - Weak/Declining,0.72,Price is below long-term support with weak trend evidence.,,,2026-06-26,,-15.69,-0.87,52526887.54,0.87,0.43,1.08,False,False,"Stage 4, Stage 4 - Weak/Declining, weekly_vcp_ok, weekly_strong, downtrend",watchlist,weekly_watchlist,watchlist,10.38,33.8,20.92,5.0,25.92,294
UPL.NS,UPL Limited,Chemicals,Unknown,Unknown,True,F&O,1,Stage 4,Stage 4,Stage 4 - Confirmed Downtrend,Stage 4 - Confirmed Downtrend,Stage 4 • Stage 4 - Confirmed Downtrend,0.86,Price is below a bearish moving-average stack with falling trend signals.,,,2026-01-20,,-0.66,-4.18,1219899916.18,1.19,0.74,1.08,False,False,"Stage 4, Stage 4 - Confirmed Downtrend, weekly_vcp_ok, weekly_strong, downtrend",watchlist,weekly_watchlist,watchlist,7.82,36.9,20.91,5.0,25.91,295
EPIGRAL.NS,Epigral Limited,Chemicals,Unknown,Unknown,False,Cash,1,Stage 4,Stage 4,Stage 4 - Weak/Declining,Stage 4 - Weak/Declining,Stage 4 • Stage 4 - Weak/Declining,0.72,Price is below long-term support with weak trend evidence.,,,,,2.72,22.22,39912670.4,0.33,0.45,0.34,True,True,"Stage 4, Stage 4 - Weak/Declining, weekly_vcp_ok, volume_dryup, weekly_volume_dryup, weekly_strong, downtrend",watchlist,weekly_watchlist,watchlist,6.69,38.29,20.91,5.0,25.91,296
LTTS.NS,L&T Technology Services Ltd.,Information Technology,Unknown,Unknown,False,Cash,1,Stage 4,Stage 4,Stage 4 - Weak/Declining,Stage 4 - Weak/Declining,Stage 4 • Stage 4 - Weak/Declining,0.72,Price is below long-term support with weak trend evidence.,,,,,6.52,-0.72,152715657.54,0.56,0.47,0.4,True,True,"Stage 4, Stage 4 - Weak/Declining, weekly_vcp_ok, volume_dryup, weekly_volume_dryup, weekly_strong, downtrend",watchlist,weekly_watchlist,watchlist,13.68,36.38,23.9,2.0,25.9,297
BLS.NS,BLS International Services Ltd.,Consumer Services,Unknown,Unknown,False,Cash,1,Stage 4,Stage 4,Stage 4 - Confirmed Downtrend,Stage 4 - Confirmed Downtrend,Stage 4 • Stage 4 - Confirmed Downtrend,0.86,Price is below a bearish moving-average stack with falling trend signals.,,,,,-7.16,-15.14,175788864.9,0.41,0.22,0.29,True,True,"Stage 4, Stage 4 - Confirmed Downtrend, weekly_vcp_ok, volume_dryup, weekly_volume_dryup, weekly_strong, downtrend",watchlist,weekly_watchlist,watchlist,13.1,36.9,23.81,2.0,25.81,298
JWL.NS,Jupiter Wagons Limited,Capital Goods,Unknown,Unknown,False,Cash,1,Stage 4,Stage 4,Stage 4 - Confirmed Downtrend,Stage 4 - Confirmed Downtrend,Stage 4 • Stage 4 - Confirmed Downtrend,0.86,Price is below a bearish moving-average stack with falling trend signals.,,,,,-11.49,-11.14,153878231.22,0.77,0.98,0.75,True,True,"Stage 4, Stage 4 - Confirmed Downtrend, weekly_vcp_ok, volume_dryup, weekly_volume_dryup, weekly_strong, downtrend",watchlist,weekly_watchlist,watchlist,7.52,36.9,20.74,5.0,25.74,299
MIDHANI.NS,Mishra Dhatu Nigam Limited,Capital Goods,Unknown,Unknown,False,Cash,1,Stage 2,Stage 2,Early Stage 2,Early Stage 2,Stage 2 • Early Stage 2,0.72,"Price has moved above long-term structure, but the full moving-average stack is not clean yet.",,,2026-09-25,,2.15,44.89,1383866627.05,0.53,0.6,0.3,True,True,"Stage 2, Early Stage 2, volume_dryup, weekly_volume_dryup",watchlist,weekly_watchlist,watchlist,17.93,23.9,20.62,5.0,25.62,300
YESBANK.NS,Yes Bank Limited,Financial Services,Unknown,Unknown,True,F&O,1,Not Sure,Not Sure,Not Sure,Not Sure,Not Sure,0.0,Stage rules did not identify a reliable structure.,No confident stage classification.,,2026-08-17,,-7.55,20.78,1623967937.37,1.37,1.93,1.1,False,False,"Not Sure, Not Sure, weekly_vcp_ok, weekly_strong",watchlist,weekly_watchlist,watchlist,7.79,47.12,25.49,0.0,25.49,301
MSUMI.NS,Motherson Sumi Wiring India Limited,Automobile and Auto Components,Unknown,Unknown,False,Cash,1,Stage 4,Stage 4,Stage 4 - Confirmed Downtrend,Stage 4 - Confirmed Downtrend,Stage 4 • Stage 4 - Confirmed Downtrend,0.86,Price is below a bearish moving-average stack with falling trend signals.,,,2026-01-09,,-9.76,-2.5,390277060.97,1.42,1.42,1.2,False,False,"Stage 4, Stage 4 - Confirmed Downtrend, weekly_vcp_ok, weekly_strong, downtrend",watchlist,weekly_watchlist,watchlist,7.89,35.8,20.45,5.0,25.45,302
ESCORTS.NS,Escorts Kubota Limited,Capital Goods,Unknown,Unknown,False,Cash,1,Stage 4,Stage 4,Stage 4 - Confirmed Downtrend,Stage 4 - Confirmed Downtrend,Stage 4 • Stage 4 - Confirmed Downtrend,0.86,Price is below a bearish moving-average stack with falling trend signals.,,,2026-02-10,,-0.92,-0.28,204361514.82,0.97,1.48,1.21,False,False,"Stage 4, Stage 4 - Confirmed Downtrend, weekly_vcp_ok, weekly_strong, downtrend",watchlist,weekly_watchlist,watchlist,7.78,35.8,20.39,5.0,25.39,303
BANKINDIA.NS,Bank of India,Financial Services,Unknown,Unknown,True,F&O,1,Not Sure,Stage 4,Pending Stage 4,Pending Stage 4,Not Sure • Pending Stage 4,0.55,Blocked public stage jump Stage 1 -> Stage 4; waiting for intermediate/confirmed structure.,Blocked public stage jump Stage 1 -> Stage 4; waiting for intermediate/confirmed structure.,,2026-08-27,Stage 4,-5.22,-1.28,642453375.1,0.78,2.14,0.71,True,True,"Stage 4, Stage 4 - Confirmed Downtrend, weekly_vcp_ok, volume_dryup, weekly_volume_dryup, weekly_strong, downtrend | Blocked public stage jump Stage 1 -> Stage 4; waiting for intermediate/confirmed structure.",watchlist,weekly_watchlist,watchlist,15.86,36.9,25.33,0.0,25.33,304
M&M.NS,Mahindra & Mahindra Limited,Automobile and Auto Components,Unknown,Unknown,True,F&O,1,Stage 4,Stage 4,Stage 4 - Weak/Declining,Stage 4 - Weak/Declining,Stage 4 • Stage 4 - Weak/Declining,0.72,Price is below long-term support with weak trend evidence.,,,2026-01-13,,0.41,2.75,5713408686.41,1.0,1.18,1.0,False,False,"Stage 4, Stage 4 - Weak/Declining, weekly_vcp_ok, weekly_strong, downtrend",watchlist,weekly_watchlist,watchlist,7.37,36.12,20.31,5.0,25.31,305
TARC.NS,TARC Limited,Realty,Unknown,Unknown,False,Cash,1,Stage 4,Stage 4,Stage 4 - Weak/Declining,Stage 4 - Weak/Declining,Stage 4 • Stage 4 - Weak/Declining,0.72,Price is below long-term support with weak trend evidence.,,,,,5.65,15.65,71733049.64,0.41,0.37,0.32,True,True,"Stage 4, Stage 4 - Weak/Declining, weekly_vcp_ok, volume_dryup, weekly_volume_dryup, weekly_strong, downtrend",watchlist,weekly_watchlist,watchlist,11.2,37.93,23.23,2.0,25.23,306
MINDACORP.NS,Minda Corporation Limited,Automobile and Auto Components,Unknown,Unknown,False,Cash,1,Stage 2,Stage 2,Early Stage 2,Early Stage 2,Stage 2 • Early Stage 2,0.72,"Price has moved above long-term structure, but the full moving-average stack is not clean yet.",,,2026-09-25,,0.13,33.3,101187300.96,0.31,0.44,0.26,True,True,"Stage 2, Early Stage 2, volume_dryup, weekly_volume_dryup",watchlist,weekly_watchlist,watchlist,21.22,18.94,20.19,5.0,25.19,307
LTM.NS,LTIMindtree Ltd.,Information Technology,Unknown,Unknown,True,F&O,1,Stage 4,Stage 4,Stage 4 - Weak/Declining,Stage 4 - Weak/Declining,Stage 4 • Stage 4 - Weak/Declining,0.72,Price is below long-term support with weak trend evidence.,,,,,16.26,-1.41,1617295265.65,1.02,1.04,1.14,False,False,"Stage 4, Stage 4 - Weak/Declining, weekly_vcp_ok, weekly_strong, downtrend",watchlist,weekly_watchlist,watchlist,10.74,38.39,23.18,2.0,25.18,308
NESCO.NS,Nesco Limited,Services,Unknown,Unknown,False,Cash,1,Stage 4,Stage 4,Stage 4 - Weak/Declining,Stage 4 - Weak/Declining,Stage 4 • Stage 4 - Weak/Declining,0.72,Price is below long-term support with weak trend evidence.,,,2025-10-29,,3.03,7.07,57166682.72,0.93,2.09,1.06,False,False,"Stage 4, Stage 4 - Weak/Declining, weekly_vcp_ok, weekly_strong, downtrend",watchlist,weekly_watchlist,watchlist,10.96,37.91,23.09,2.0,25.09,309
NATIONALUM.NS,National Aluminium Company Limited,Metals & Mining,Unknown,Unknown,True,F&O,1,Not Sure,Stage 4,Pending Stage 4,Pending Stage 4,Not Sure • Pending Stage 4,0.55,Blocked public stage jump Stage 1 -> Stage 4; waiting for intermediate/confirmed structure.,Blocked public stage jump Stage 1 -> Stage 4; waiting for intermediate/confirmed structure.,,2026-08-31,Stage 4,10.41,-10.23,1599848514.31,0.65,1.53,0.68,True,True,"Stage 4, Stage 4 - Weak/Declining, weekly_vcp_ok, volume_dryup, weekly_volume_dryup, weekly_strong, downtrend | Blocked public stage jump Stage 1 -> Stage 4; waiting for intermediate/confirmed structure.",watchlist,weekly_watchlist,watchlist,12.58,35.82,23.04,2.0,25.04,310
FINPIPE.NS,Finolex Industries Limited,Capital Goods,Unknown,Unknown,False,Cash,1,Stage 4,Stage 4,Stage 4 - Confirmed Downtrend,Stage 4 - Confirmed Downtrend,Stage 4 • Stage 4 - Confirmed Downtrend,0.86,Price is below a bearish moving-average stack with falling trend signals.,,,,,-7.37,-0.72,57480998.2,0.81,0.67,0.79,True,True,"Stage 4, Stage 4 - Confirmed Downtrend, weekly_vcp_ok, volume_dryup, weekly_volume_dryup, weekly_strong, downtrend",watchlist,weekly_watchlist,watchlist,7.12,35.8,20.03,5.0,25.03,311
BECTORFOOD.NS,Mrs. Bectors Food Specialities Limited,Fast Moving Consumer Goods,Unknown,Unknown,False,Cash,1,Stage 2 Failed,Not Sure,Failed Stage 2,Failed Stage 2,Stage 2 Failed • Failed Stage 2,0.72,"This stock was recently Stage 2, but the latest structure no longer satisfies Stage 2 rules. It is kept as Stage 2 Failed until a fresh base/repair structure forms.",Recent Stage 2 break; public stage held as Stage 2 Failed.,2026-09-28,2026-09-21,,22.83,14.39,260574453.46,0.38,0.36,0.15,True,True,"Not Sure, Not Sure, weekly_vcp_ok, volume_dryup, weekly_volume_dryup, weekly_strong | Stage 2 failed state applied from stage memory.",watchlist,weekly_watchlist,watchlist,4.97,49.52,25.02,0.0,25.02,312
ASIANPAINT.NS,Asian Paints Limited,Consumer Durables,Unknown,Unknown,True,F&O,1,Stage 4,Stage 4,Stage 4 - Weak/Declining,Stage 4 - Weak/Declining,Stage 4 • Stage 4 - Weak/Declining,0.72,Price is below long-term support with weak trend evidence.,,,2026-08-19,,-6.72,14.8,1269757086.39,0.75,2.11,0.72,True,True,"Stage 4, Stage 4 - Weak/Declining, weekly_vcp_ok, volume_dryup, weekly_volume_dryup, weekly_strong, downtrend",watchlist,weekly_watchlist,watchlist,15.49,36.61,24.99,0.0,24.99,313
MPHASIS.NS,MphasiS Limited,Information Technology,Unknown,Unknown,True,F&O,1,Stage 4,Stage 4,Stage 4 - Weak/Declining,Stage 4 - Weak/Declining,Stage 4 • Stage 4 - Weak/Declining,0.72,Price is below long-term support with weak trend evidence.,,,2026-01-19,,7.43,6.22,934045502.64,0.79,0.8,0.56,True,True,"Stage 4, Stage 4 - Weak/Declining, weekly_vcp_ok, volume_dryup, weekly_volume_dryup, weekly_strong, downtrend",watchlist,weekly_watchlist,watchlist,10.41,38.26,22.94,2.0,24.94,314
DEEPAKNTR.NS,Deepak Nitrite Limited,Chemicals,Unknown,Unknown,False,Cash,1,Stage 2 Failed,Stage 1,Failed Stage 2,Failed Stage 2,Stage 2 Failed • Failed Stage 2,0.72,"This stock was recently Stage 2, but the latest structure no longer satisfies Stage 2 rules. It is kept as Stage 2 Failed until a fresh base/repair structure forms.",Recent Stage 2 break; public stage held as Stage 2 Failed.,2026-09-28,2026-09-23,,4.18,17.47,451565358.32,0.52,0.33,0.3,True,True,"Stage 1, Stage 1 - Base/Repair, weekly_vcp_ok, volume_dryup, weekly_volume_dryup, weekly_strong, stage1_not_actionable, stage1_needs_more_base | Stage 2 failed state applied from stage memory.",watchlist,weekly_watchlist,watchlist,0.0,43.97,19.79,5.0,24.79,315
LEMONTREE.NS,Lemon Tree Hotels Limited,Consumer Services,Unknown,Unknown,False,Cash,1,Stage 4,Stage 4,Stage 4 - Confirmed Downtrend,Stage 4 - Confirmed Downtrend,Stage 4 • Stage 4 - Confirmed Downtrend,0.86,Price is below a bearish moving-average stack with falling trend signals.,,,2025-11-17,,-7.64,-1.83,233370728.54,0.79,0.97,0.74,True,True,"Stage 4, Stage 4 - Confirmed Downtrend, weekly_vcp_ok, volume_dryup, weekly_volume_dryup, weekly_strong, downtrend",watchlist,weekly_watchlist,watchlist,12.13,35.8,22.78,2.0,24.78,316
VINATIORGA.NS,Vinati Organics Limited,Chemicals,Unknown,Unknown,False,Cash,1,Stage 4,Stage 4,Stage 4 - Confirmed Downtrend,Stage 4 - Confirmed Downtrend,Stage 4 • Stage 4 - Confirmed Downtrend,0.86,Price is below a bearish moving-average stack with falling trend signals.,,,,,-2.66,-6.14,73938994.65,1.2,0.53,1.13,False,False,"Stage 4, Stage 4 - Confirmed Downtrend, weekly_vcp_ok, weekly_strong, downtrend",watchlist,weekly_watchlist,watchlist,5.7,36.9,19.74,5.0,24.74,317
NYKAA.NS,FSN E-Commerce Ventures Limited,Consumer Services,Unknown,Unknown,True,F&O,1,Stage 2,Stage 2,Early Stage 2,Early Stage 2,Stage 2 • Early Stage 2,0.72,"Price has moved above long-term structure, but the full moving-average stack is not clean yet.",,,2026-09-25,,8.77,34.59,1237136109.58,0.72,0.89,0.59,True,True,"Stage 2, Early Stage 2, volume_dryup, weekly_volume_dryup",watchlist,weekly_watchlist,watchlist,19.4,26.74,22.7,2.0,24.7,318
PRINCEPIPE.NS,Prince Pipes And Fittings Limited,Capital Goods,Unknown,Unknown,False,Cash,1,Stage 2 Failed,Stage 4,Failed Stage 2,Failed Stage 2,Stage 2 Failed • Failed Stage 2,0.72,"This stock was recently Stage 2, but the latest structure no longer satisfies Stage 2 rules. It is kept as Stage 2 Failed until a fresh base/repair structure forms.",Recent Stage 2 break; public stage held as Stage 2 Failed.,2026-09-28,2026-09-10,,-2.63,18.1,37915150.57,0.59,0.62,0.43,True,True,"Stage 4, Stage 4 - Weak/Declining, weekly_vcp_ok, volume_dryup, weekly_volume_dryup, weekly_strong, downtrend | Stage 2 failed state applied from stage memory.",watchlist,weekly_watchlist,watchlist,5.25,37.35,19.7,5.0,24.7,319
RHIM.NS,RHI MAGNESITA INDIA LIMITED,Capital Goods,Unknown,Unknown,False,Cash,1,Stage 4,Stage 4,Stage 4 - Weak/Declining,Stage 4 - Weak/Declining,Stage 4 • Stage 4 - Weak/Declining,0.72,Price is below long-term support with weak trend evidence.,,,,,1.63,9.13,391514474.8,2.34,0.56,4.49,False,False,"Stage 4, Stage 4 - Weak/Declining, weekly_vcp_ok, weekly_strong, downtrend",watchlist,weekly_watchlist,watchlist,4.65,37.98,19.65,5.0,24.65,320
INGERRAND.NS,Ingersoll Rand (India) Limited,Capital Goods,Unknown,Unknown,False,Cash,1,Stage 2 Failed,Stage 1,Failed Stage 2,Failed Stage 2,Stage 2 Failed • Failed Stage 2,0.72,"This stock was recently Stage 2, but the latest structure no longer satisfies Stage 2 rules. It is kept as Stage 2 Failed until a fresh base/repair structure forms.",Recent Stage 2 break; public stage held as Stage 2 Failed.,2026-09-28,2026-09-16,,0.11,18.61,105604654.35,0.88,0.38,0.71,False,True,"Stage 1, Stage 1 - Base/Repair, weekly_vcp_ok, weekly_volume_dryup, weekly_strong, stage1_not_actionable, stage1_needs_more_base | Stage 2 failed state applied from stage memory.",watchlist,weekly_watchlist,watchlist,0.0,43.67,19.65,5.0,24.65,321
IOB.NS,Indian Overseas Bank,Financial Services,Unknown,Unknown,False,Cash,1,Stage 4,Stage 4,Stage 4 - Confirmed Downtrend,Stage 4 - Confirmed Downtrend,Stage 4 • Stage 4 - Confirmed Downtrend,0.86,Price is below a bearish moving-average stack with falling trend signals.,,,,,-2.79,-0.94,62383154.2,0.71,1.65,0.6,True,True,"Stage 4, Stage 4 - Confirmed Downtrend, weekly_vcp_ok, volume_dryup, weekly_volume_dryup, weekly_strong, downtrend",watchlist,weekly_watchlist,watchlist,14.6,36.9,24.64,0.0,24.64,322
EICHERMOT.NS,Eicher Motors Limited,Automobile and Auto Components,Unknown,Unknown,True,F&O,1,Stage 2 Failed,Stage 1,Failed Stage 2,Failed Stage 2,Stage 2 Failed • Failed Stage 2,0.72,"This stock was recently Stage 2, but the latest structure no longer satisfies Stage 2 rules. It is kept as Stage 2 Failed until a fresh base/repair structure forms.",Recent Stage 2 break; public stage held as Stage 2 Failed.,2026-09-28,2026-09-23,,5.64,11.88,2974381902.65,0.71,1.14,0.68,True,True,"Stage 1, Stage 1 - Base/Repair, weekly_vcp_ok, volume_dryup, weekly_volume_dryup, weekly_strong, stage1_not_actionable, stage1_needs_more_base | Stage 2 failed state applied from stage memory.",watchlist,weekly_watchlist,watchlist,0.0,43.55,19.6,5.0,24.6,323
SBFC.NS,SBFC Finance Limited,Financial Services,Unknown,Unknown,False,Cash,1,Stage 2 Failed,Stage 4,Failed Stage 2,Failed Stage 2,Stage 2 Failed • Failed Stage 2,0.72,"This stock was recently Stage 2, but the latest structure no longer satisfies Stage 2 rules. It is kept as Stage 2 Failed until a fresh base/repair structure forms.",Recent Stage 2 break; public stage held as Stage 2 Failed.,2026-09-28,2026-09-14,,0.39,7.4,149157944.31,0.47,0.42,0.49,True,True,"Stage 4, Stage 4 - Weak/Declining, weekly_vcp_ok, volume_dryup, weekly_volume_dryup, weekly_strong, downtrend | Stage 2 failed state applied from stage memory.",watchlist,weekly_watchlist,watchlist,14.78,36.58,24.59,0.0,24.59,324
WESTLIFE.NS,WESTLIFE FOODWORLD LIMITED,Consumer Services,Unknown,Unknown,False,Cash,1,Stage 2,Stage 2,Early Stage 2,Early Stage 2,Stage 2 • Early Stage 2,0.72,"Price has moved above long-term structure, but the full moving-average stack is not clean yet.",,,2026-09-25,,19.44,28.41,289801617.39,0.59,0.24,1.0,True,False,"Stage 2, Early Stage 2, volume_dryup",watchlist,weekly_watchlist,watchlist,15.79,30.79,22.54,2.0,24.54,325
JAYNECOIND.NS,Jayaswal Neco Industries Limited,Capital Goods,Unknown,Unknown,False,Cash,1,Stage 2 Failed,Stage 1,Failed Stage 2,Failed Stage 2,Stage 2 Failed • Failed Stage 2,0.72,"This stock was recently Stage 2, but the latest structure no longer satisfies Stage 2 rules. It is kept as Stage 2 Failed until a fresh base/repair structure forms.",Recent Stage 2 break; public stage held as Stage 2 Failed.,2026-09-28,2026-09-23,,2.51,13.64,459226325.71,0.4,0.41,0.3,True,True,"Stage 1, Stage 1 - Base/Repair, weekly_vcp_ok, volume_dryup, weekly_volume_dryup, weekly_strong, stage1_not_actionable, stage1_needs_more_base | Stage 2 failed state applied from stage memory.",watchlist,weekly_watchlist,watchlist,0.0,43.42,19.54,5.0,24.54,326
NEWGEN.NS,Newgen Software Technologies Limited,Information Technology,Unknown,Unknown,False,Cash,1,Stage 4,Stage 4,Stage 4 - Weak/Declining,Stage 4 - Weak/Declining,Stage 4 • Stage 4 - Weak/Declining,0.72,Price is below long-term support with weak trend evidence.,,,,,4.86,11.2,331811415.35,0.42,0.33,0.3,True,True,"Stage 4, Stage 4 - Weak/Declining, weekly_vcp_ok, volume_dryup, weekly_volume_dryup, weekly_strong, downtrend",watchlist,weekly_watchlist,watchlist,9.18,38.51,22.38,2.0,24.38,327
KPRMILL.NS,K.P.R. Mill Ltd.,Textiles,Unknown,Unknown,False,Cash,1,Stage 2 Failed,Stage 1,Failed Stage 2,Failed Stage 2,Stage 2 Failed • Failed Stage 2,0.72,"This stock was recently Stage 2, but the latest structure no longer satisfies Stage 2 rules. It is kept as Stage 2 Failed until a fresh base/repair structure forms.",Recent Stage 2 break; public stage held as Stage 2 Failed.,2026-09-28,2026-09-24,,-2.28,34.05,273230246.33,0.65,0.38,0.43,True,True,"Stage 1, Stage 1 - Base/Repair, volume_dryup, weekly_volume_dryup, stage1_not_actionable, stage1_needs_more_base | Stage 2 failed state applied from stage memory.",watchlist,weekly_watchlist,watchlist,22.83,3.98,14.35,10.0,24.35,328
TVSHLTD.NS,TVS Holdings Limited,Automobile and Auto Components,Unknown,Unknown,False,Cash,1,Stage 4,Stage 4,Stage 4 - Confirmed Downtrend,Stage 4 - Confirmed Downtrend,Stage 4 • Stage 4 - Confirmed Downtrend,0.86,Price is below a bearish moving-average stack with falling trend signals.,,,2026-08-13,,-4.44,-8.1,102835334.2,1.01,0.48,0.51,False,True,"Stage 4, Stage 4 - Confirmed Downtrend, weekly_vcp_ok, weekly_volume_dryup, weekly_strong, downtrend",watchlist,weekly_watchlist,watchlist,4.07,38.0,19.34,5.0,24.34,329
ALLCARGO.NS,Allcargo Logistics Limited,Services,Unknown,Unknown,False,Cash,1,Stage 1,Stage 1,Stage 1 - Early Turn,Stage 1 - Early Turn,Stage 1 • Stage 1 - Early Turn,0.66,The stock is improving from a repair/base area but has not confirmed a clean Stage 2 yet.,,,,,34.38,42.41,142270790.46,0.33,0.35,0.29,True,True,"Stage 1, Stage 1 - Early Turn, weekly_vcp_ok, volume_dryup, weekly_volume_dryup, weekly_strong, stage1_not_actionable, stage1_needs_more_base",watchlist,weekly_watchlist,watchlist,0.0,49.48,22.27,2.0,24.27,330
CONCOR.NS,Container Corporation of India Limited,Services,Unknown,Unknown,True,F&O,1,Stage 2 Failed,Stage 4,Failed Stage 2,Failed Stage 2,Stage 2 Failed • Failed Stage 2,0.72,"This stock was recently Stage 2, but the latest structure no longer satisfies Stage 2 rules. It is kept as Stage 2 Failed until a fresh base/repair structure forms.",Recent Stage 2 break; public stage held as Stage 2 Failed.,2026-09-28,2026-09-18,,-0.17,5.22,558280909.21,0.8,0.74,1.02,True,False,"Stage 4, Stage 4 - Weak/Declining, weekly_vcp_ok, volume_dryup, weekly_strong, downtrend | Stage 2 failed state applied from stage memory.",watchlist,weekly_watchlist,watchlist,10.67,36.31,22.21,2.0,24.21,331
HEROMOTOCO.NS,Hero MotoCorp Limited,Automobile and Auto Components,Unknown,Unknown,True,F&O,1,Stage 2 Failed,Stage 3,Failed Stage 2,Failed Stage 2,Stage 2 Failed • Failed Stage 2,0.72,"This stock was recently Stage 2, but the latest structure no longer satisfies Stage 2 rules. It is kept as Stage 2 Failed until a fresh base/repair structure forms.",Recent Stage 2 break; public stage held as Stage 2 Failed.,2026-09-28,2026-09-08,,17.48,11.39,2865979441.65,0.72,0.68,0.58,True,True,"Stage 3, Stage 3 - Distribution/Damage, weekly_vcp_ok, volume_dryup, weekly_volume_dryup, weekly_strong, distribution_risk | Stage 2 failed state applied from stage memory.",watchlist,weekly_watchlist,watchlist,0.0,42.69,19.21,5.0,24.21,332
SWIGGY.NS,Swiggy Ltd.,Consumer Services,Unknown,Unknown,True,F&O,1,Stage 4,Stage 4,Stage 4 - Weak/Declining,Stage 4 - Weak/Declining,Stage 4 • Stage 4 - Weak/Declining,0.72,Price is below long-term support with weak trend evidence.,,,,,7.92,-4.77,7217149331.3,0.73,0.53,0.8,True,True,"Stage 4, Stage 4 - Weak/Declining, weekly_vcp_ok, volume_dryup, weekly_volume_dryup, weekly_strong, downtrend",watchlist,weekly_watchlist,watchlist,8.99,38.31,22.18,2.0,24.18,333
CANBK.NS,Canara Bank,Financial Services,Unknown,Unknown,True,F&O,1,Stage 4,Stage 4,Stage 4 - Confirmed Downtrend,Stage 4 - Confirmed Downtrend,Stage 4 • Stage 4 - Confirmed Downtrend,0.86,Price is below a bearish moving-average stack with falling trend signals.,,,2026-02-23,,0.38,0.36,1367824847.82,0.74,1.47,0.73,True,True,"Stage 4, Stage 4 - Confirmed Downtrend, weekly_vcp_ok, volume_dryup, weekly_volume_dryup, weekly_strong, downtrend",watchlist,weekly_watchlist,watchlist,13.65,36.97,24.14,0.0,24.14,334
INFY.NS,Infosys Limited,Information Technology,Unknown,Unknown,True,F&O,1,Stage 4,Stage 4,Stage 4 - Weak/Declining,Stage 4 - Weak/Declining,Stage 4 • Stage 4 - Weak/Declining,0.72,Price is below long-term support with weak trend evidence.,,,2026-02-03,,1.48,-18.95,9100336804.68,0.92,1.03,0.78,False,True,"Stage 4, Stage 4 - Weak/Declining, weekly_vcp_ok, weekly_volume_dryup, weekly_strong, downtrend",watchlist,weekly_watchlist,watchlist,10.03,36.9,22.12,2.0,24.12,335
OFSS.NS,Oracle Financial Services Software Limited,Information Technology,Unknown,Unknown,True,F&O,1,Stage 2,Stage 2,Early Stage 2,Early Stage 2,Stage 2 • Early Stage 2,0.72,"Price has moved above long-term structure, but the full moving-average stack is not clean yet.",,,2026-09-25,,3.41,61.13,2467049780.5,0.87,0.88,0.84,False,True,"Stage 2, Early Stage 2, weekly_volume_dryup",watchlist,weekly_watchlist,watchlist,16.81,28.05,21.87,2.0,23.87,336
SUPRAJIT.NS,Suprajit Engineering Limited,Automobile and Auto Components,Unknown,Unknown,False,Cash,1,Stage 2,Stage 2,Early Stage 2,Early Stage 2,Stage 2 • Early Stage 2,0.72,"Price has moved above long-term structure, but the full moving-average stack is not clean yet.",,,2026-09-25,,9.24,23.61,44517572.25,0.87,0.47,0.39,False,True,"Stage 2, Early Stage 2, weekly_volume_dryup",watchlist,weekly_watchlist,watchlist,10.36,29.28,18.87,5.0,23.87,337
ASTRAL.NS,Astral Limited,Capital Goods,Unknown,Unknown,True,F&O,1,Stage 1,Stage 1,Stage 1 - Unclear/Repair,Stage 1 - Unclear/Repair,Stage 1 • Stage 1 - Unclear/Repair,0.58,Not enough evidence for Stage 2 or Stage 4; classified as repair/unclear structure.,,,2026-05-06,,5.8,-9.38,866264624.6,0.52,0.26,0.37,True,True,"Stage 1, Stage 1 - Unclear/Repair, weekly_vcp_ok, volume_dryup, weekly_volume_dryup, weekly_strong, stage1_not_actionable, stage1_needs_more_base",watchlist,weekly_watchlist,watchlist,0.0,41.8,18.81,5.0,23.81,338
ATUL.NS,Atul Limited,Chemicals,Unknown,Unknown,False,Cash,1,Stage 1,Stage 1,Stage 1 - Unclear/Repair,Stage 1 - Unclear/Repair,Stage 1 • Stage 1 - Unclear/Repair,0.58,Not enough evidence for Stage 2 or Stage 4; classified as repair/unclear structure.,,,2026-07-03,,-1.83,-2.12,159699675.93,0.56,0.83,0.66,True,True,"Stage 1, Stage 1 - Unclear/Repair, weekly_vcp_ok, volume_dryup, weekly_volume_dryup, weekly_strong, stage1_not_actionable, stage1_needs_more_base",watchlist,weekly_watchlist,watchlist,0.0,41.8,18.81,5.0,23.81,339
CHOICEIN.NS,Choice International Limited,Financial Services,Unknown,Unknown,False,Cash,1,Not Sure,Not Sure,Not Sure,Not Sure,Not Sure,0.0,Stage rules did not identify a reliable structure.,No confident stage classification.,,2026-08-24,,2.12,20.48,287168530.06,0.99,1.08,0.67,False,True,"Not Sure, Not Sure, weekly_vcp_ok, weekly_volume_dryup, weekly_strong",watchlist,weekly_watchlist,watchlist,3.94,48.06,23.79,0.0,23.79,340
FUSION.NS,Fusion Micro Finance Limited,Financial Services,Unknown,Unknown,False,Cash,1,Stage 2 Failed,Stage 4,Failed Stage 2,Failed Stage 2,Stage 2 Failed • Failed Stage 2,0.72,"This stock was recently Stage 2, but the latest structure no longer satisfies Stage 2 rules. It is kept as Stage 2 Failed until a fresh base/repair structure forms.",Recent Stage 2 break; public stage held as Stage 2 Failed.,2026-09-28,2026-09-14,,-15.37,18.76,96915078.59,0.58,0.5,0.46,True,True,"Stage 4, Stage 4, weekly_vcp_ok, volume_dryup, weekly_volume_dryup, weekly_strong, downtrend | Stage 2 failed state applied from stage memory.",watchlist,weekly_watchlist,watchlist,13.44,36.14,23.66,0.0,23.66,341
SOBHA.NS,Sobha Limited,Realty,Unknown,Unknown,False,Cash,1,Stage 4,Stage 4,Stage 4 - Confirmed Downtrend,Stage 4 - Confirmed Downtrend,Stage 4 • Stage 4 - Confirmed Downtrend,0.86,Price is below a bearish moving-average stack with falling trend signals.,,,2026-01-12,,-9.6,8.04,92626095.04,0.51,0.65,0.45,True,True,"Stage 4, Stage 4 - Confirmed Downtrend, weekly_vcp_ok, volume_dryup, weekly_volume_dryup, weekly_strong, downtrend",watchlist,weekly_watchlist,watchlist,10.1,35.8,21.66,2.0,23.66,342
JIOFIN.NS,Jio Financial Services Limited,Financial Services,Unknown,Unknown,True,F&O,1,Stage 4,Stage 4,Stage 4 - Weak/Declining,Stage 4 - Weak/Declining,Stage 4 • Stage 4 - Weak/Declining,0.72,Price is below long-term support with weak trend evidence.,,,,,-2.7,-1.43,2491971372.41,0.77,1.77,0.75,True,True,"Stage 4, Stage 4 - Weak/Declining, weekly_vcp_ok, volume_dryup, weekly_volume_dryup, weekly_strong, downtrend",watchlist,weekly_watchlist,watchlist,12.77,36.9,23.63,0.0,23.63,343
DELHIVERY.NS,Delhivery Limited,Services,Unknown,Unknown,True,F&O,1,Stage 4,Stage 4,Stage 4 - Weak/Declining,Stage 4 - Weak/Declining,Stage 4 • Stage 4 - Weak/Declining,0.72,Price is below long-term support with weak trend evidence.,,,2026-09-04,,-14.88,-2.14,993311963.61,1.14,2.23,1.19,False,False,"Stage 4, Stage 4 - Weak/Declining, weekly_vcp_ok, weekly_strong, downtrend",watchlist,weekly_watchlist,watchlist,9.12,36.9,21.62,2.0,23.62,344
UTKARSHBNK.NS,Utkarsh Small Finance Bank Limited,Financial Services,Unknown,Unknown,False,Cash,1,Stage 4,Stage 4,Stage 4 - Weak/Declining,Stage 4 - Weak/Declining,Stage 4 • Stage 4 - Weak/Declining,0.72,Price is below long-term support with weak trend evidence.,,,,,-5.13,18.21,243007085.4,0.7,0.25,0.48,True,True,"Stage 4, Stage 4 - Weak/Declining, weekly_vcp_ok, volume_dryup, weekly_volume_dryup, weekly_strong, downtrend",watchlist,weekly_watchlist,watchlist,11.56,38.21,23.55,0.0,23.55,345
UNOMINDA.NS,UNO Minda Limited,Automobile and Auto Components,Unknown,Unknown,True,F&O,1,Stage 2 Failed,Not Sure,Failed Stage 2,Failed Stage 2,Stage 2 Failed • Failed Stage 2,0.72,"This stock was recently Stage 2, but the latest structure no longer satisfies Stage 2 rules. It is kept as Stage 2 Failed until a fresh base/repair structure forms.",Recent Stage 2 break; public stage held as Stage 2 Failed.,2026-09-28,2026-09-22,,9.74,16.83,732206251.59,0.79,0.95,0.66,True,True,"Not Sure, Not Sure, weekly_vcp_ok, volume_dryup, weekly_volume_dryup | Stage 2 failed state applied from stage memory.",watchlist,weekly_watchlist,watchlist,5.06,34.76,18.43,5.0,23.43,346
DOMS.NS,DOMS Industries Ltd.,Fast Moving Consumer Goods,Unknown,Unknown,False,Cash,1,Stage 4,Stage 4,Stage 4 - Confirmed Downtrend,Stage 4 - Confirmed Downtrend,Stage 4 • Stage 4 - Confirmed Downtrend,0.86,Price is below a bearish moving-average stack with falling trend signals.,,,,,-5.34,-8.55,89129218.32,0.52,0.92,0.53,True,True,"Stage 4, Stage 4 - Confirmed Downtrend, weekly_vcp_ok, volume_dryup, weekly_volume_dryup, weekly_strong, downtrend",watchlist,weekly_watchlist,watchlist,12.2,36.9,23.32,0.0,23.32,347
DALBHARAT.NS,Dalmia Bharat Limited,Construction Materials,Unknown,Unknown,True,F&O,1,Stage 4,Stage 4,Stage 4 - Confirmed Downtrend,Stage 4 - Confirmed Downtrend,Stage 4 • Stage 4 - Confirmed Downtrend,0.86,Price is below a bearish moving-average stack with falling trend signals.,,,,,-0.4,-6.02,150963174.92,0.5,0.4,0.39,True,True,"Stage 4, Stage 4 - Confirmed Downtrend, weekly_vcp_ok, volume_dryup, weekly_volume_dryup, weekly_strong, downtrend",watchlist,weekly_watchlist,watchlist,13.1,35.8,23.31,0.0,23.31,348
SYMPHONY.NS,Symphony Limited,Consumer Durables,Unknown,Unknown,False,Cash,1,Stage 4,Stage 4,Stage 4 - Confirmed Downtrend,Stage 4 - Confirmed Downtrend,Stage 4 • Stage 4 - Confirmed Downtrend,0.86,Price is below a bearish moving-average stack with falling trend signals.,,,,,-9.41,-16.58,190683774.15,0.36,0.82,0.39,True,True,"Stage 4, Stage 4 - Confirmed Downtrend, weekly_vcp_ok, volume_dryup, weekly_volume_dryup, weekly_strong, downtrend",watchlist,weekly_watchlist,watchlist,13.1,35.8,23.31,0.0,23.31,349
OBEROIRLTY.NS,Oberoi Realty Limited,Realty,Unknown,Unknown,True,F&O,1,Stage 2,Stage 2,Stage 2,Stage 2,Stage 2,0.76,Advancing structure detected.,,,2026-09-25,,3.35,26.66,836919583.52,1.26,0.69,1.09,False,False,"Stage 2, Stage 2",watchlist,weekly_watchlist,watchlist,15.0,29.0,21.3,2.0,23.3,350
NUVOCO.NS,Nuvoco Vistas Corporation Limited,Construction Materials,Unknown,Unknown,False,Cash,1,Stage 4,Stage 4,Stage 4 - Weak/Declining,Stage 4 - Weak/Declining,Stage 4 • Stage 4 - Weak/Declining,0.72,Price is below long-term support with weak trend evidence.,,,2025-10-17,,8.29,13.51,134742947.57,0.67,0.66,0.58,True,True,"Stage 4, Stage 4 - Weak/Declining, weekly_vcp_ok, volume_dryup, weekly_volume_dryup, weekly_strong, downtrend",watchlist,weekly_watchlist,watchlist,11.26,37.98,23.28,0.0,23.28,351
POLICYBZR.NS,PB Fintech Limited,Financial Services,Unknown,Unknown,True,F&O,1,Stage 2 Failed,Stage 4,Failed Stage 2,Failed Stage 2,Stage 2 Failed • Failed Stage 2,0.72,"This stock was recently Stage 2, but the latest structure no longer satisfies Stage 2 rules. It is kept as Stage 2 Failed until a fresh base/repair structure forms.",Recent Stage 2 break; public stage held as Stage 2 Failed.,2026-09-28,2026-09-23,,-26.45,-17.06,6773101543.05,3.43,3.08,6.49,False,False,"Stage 4, Stage 4 - Weak/Declining, weekly_vcp_ok, weekly_strong, downtrend | Stage 2 failed state applied from stage memory.",watchlist,weekly_watchlist,watchlist,11.97,36.9,23.19,0.0,23.19,352
GHCL.NS,GHCL Limited,Chemicals,Unknown,Unknown,False,Cash,1,Stage 4,Stage 4,Stage 4 - Confirmed Downtrend,Stage 4 - Confirmed Downtrend,Stage 4 • Stage 4 - Confirmed Downtrend,0.86,Price is below a bearish moving-average stack with falling trend signals.,,,,,-0.79,-4.9,39540411.17,0.82,0.86,0.91,True,False,"Stage 4, Stage 4 - Confirmed Downtrend, weekly_vcp_ok, volume_dryup, weekly_strong, downtrend",watchlist,weekly_watchlist,watchlist,3.77,35.8,18.18,5.0,23.18,353
KALYANKJIL.NS,Kalyan Jewellers India Limited,Consumer Durables,Unknown,Unknown,True,F&O,1,Stage 2,Stage 2,Early Stage 2,Early Stage 2,Stage 2 • Early Stage 2,0.72,"Price has moved above long-term structure, but the full moving-average stack is not clean yet.",,,2026-09-25,,51.02,45.86,3903931337.43,0.36,0.37,0.23,True,True,"Stage 2, Early Stage 2, volume_dryup, weekly_volume_dryup",watchlist,weekly_watchlist,watchlist,20.86,26.0,23.17,0.0,23.17,354
GRASIM.NS,Grasim Industries Limited,Construction Materials,Unknown,Unknown,True,F&O,1,Stage 2,Stage 2,Early Stage 2,Early Stage 2,Stage 2 • Early Stage 2,0.72,"Price has moved above long-term structure, but the full moving-average stack is not clean yet.",,,2026-09-25,,4.81,25.49,2679031905.48,0.79,0.77,0.72,True,True,"Stage 2, Early Stage 2, volume_dryup, weekly_volume_dryup",watchlist,weekly_watchlist,watchlist,17.12,30.23,23.02,0.0,23.02,355
VMART.NS,V-Mart Retail Limited,Consumer Services,Unknown,Unknown,False,Cash,1,Stage 2,Stage 2,Early Stage 2,Early Stage 2,Stage 2 • Early Stage 2,0.72,"Price has moved above long-term structure, but the full moving-average stack is not clean yet.",,,2026-09-25,,2.25,61.1,58167099.84,0.7,0.63,0.67,True,True,"Stage 2, Early Stage 2, volume_dryup, weekly_volume_dryup",watchlist,weekly_watchlist,watchlist,19.24,23.14,21.0,2.0,23.0,356
NETWORK18.NS,Network18 Media & Investments Limited,"Media, Entertainment & Publication",Unknown,Unknown,False,Cash,1,Stage 4,Stage 4,Stage 4 - Confirmed Downtrend,Stage 4 - Confirmed Downtrend,Stage 4 • Stage 4 - Confirmed Downtrend,0.86,Price is below a bearish moving-average stack with falling trend signals.,,,,,-16.43,-10.94,97848230.9,0.75,0.45,0.62,True,True,"Stage 4, Stage 4 - Confirmed Downtrend, weekly_vcp_ok, volume_dryup, weekly_volume_dryup, weekly_strong, downtrend",watchlist,weekly_watchlist,watchlist,11.57,36.9,22.97,0.0,22.97,357
WONDERLA.NS,Wonderla Holidays Limited,Consumer Services,Unknown,Unknown,False,Cash,1,Stage 2 Failed,Stage 1,Failed Stage 2,Failed Stage 2,Stage 2 Failed • Failed Stage 2,0.72,"This stock was recently Stage 2, but the latest structure no longer satisfies Stage 2 rules. It is kept as Stage 2 Failed until a fresh base/repair structure forms.",Recent Stage 2 break; public stage held as Stage 2 Failed.,2026-09-28,2026-09-25,,7.1,-0.63,27354936.35,0.42,0.41,0.36,True,True,"Stage 1, Stage 1 - Early Turn, weekly_vcp_ok, volume_dryup, weekly_volume_dryup, weekly_strong, stage1_not_actionable, stage1_needs_more_base | Stage 2 failed state applied from stage memory.",watchlist,weekly_watchlist,watchlist,3.35,42.45,20.95,2.0,22.95,358
VGUARD.NS,V-Guard Industries Limited,Consumer Durables,Unknown,Unknown,False,Cash,1,Stage 2 Failed,Stage 4,Failed Stage 2,Failed Stage 2,Stage 2 Failed • Failed Stage 2,0.72,"This stock was recently Stage 2, but the latest structure no longer satisfies Stage 2 rules. It is kept as Stage 2 Failed until a fresh base/repair structure forms.",Recent Stage 2 break; public stage held as Stage 2 Failed.,2026-09-28,2026-09-21,,4.26,0.04,139368186.94,0.24,0.72,0.2,True,True,"Stage 4, Stage 4 - Weak/Declining, weekly_vcp_ok, volume_dryup, weekly_volume_dryup, weekly_strong, downtrend | Stage 2 failed state applied from stage memory.",watchlist,weekly_watchlist,watchlist,11.76,36.23,22.77,0.0,22.77,359
PDSL.NS,PDS Limited,Textiles,Unknown,Unknown,False,Cash,1,Stage 2 Failed,Not Sure,Failed Stage 2,Failed Stage 2,Stage 2 Failed • Failed Stage 2,0.72,"This stock was recently Stage 2, but the latest structure no longer satisfies Stage 2 rules. It is kept as Stage 2 Failed until a fresh base/repair structure forms.",Recent Stage 2 break; public stage held as Stage 2 Failed.,2026-09-28,2026-09-23,,2.02,36.45,40578690.33,0.68,0.94,0.6,True,True,"Not Sure, Not Sure, volume_dryup, weekly_volume_dryup | Stage 2 failed state applied from stage memory.",watchlist,weekly_watchlist,watchlist,18.1,6.25,12.77,10.0,22.77,360
BATAINDIA.NS,Bata India Limited,Consumer Durables,Unknown,Unknown,False,Cash,1,Stage 4,Stage 4,Stage 4 - Weak/Declining,Stage 4 - Weak/Declining,Stage 4 • Stage 4 - Weak/Declining,0.72,Price is below long-term support with weak trend evidence.,,,,,-1.19,1.86,98525349.21,0.55,0.52,0.27,True,True,"Stage 4, Stage 4 - Weak/Declining, weekly_vcp_ok, volume_dryup, weekly_volume_dryup, weekly_strong, downtrend",watchlist,weekly_watchlist,watchlist,11.14,36.97,22.76,0.0,22.76,361
CDSL.NS,Central Depository Services (India) Ltd.,Financial Services,Unknown,Unknown,True,F&O,1,Stage 2 Failed,Stage 4,Failed Stage 2,Failed Stage 2,Stage 2 Failed • Failed Stage 2,0.72,"This stock was recently Stage 2, but the latest structure no longer satisfies Stage 2 rules. It is kept as Stage 2 Failed until a fresh base/repair structure forms.",Recent Stage 2 break; public stage held as Stage 2 Failed.,2026-09-28,2026-09-18,,1.4,11.91,1486978299.27,0.95,0.86,0.78,False,True,"Stage 4, Stage 4 - Weak/Declining, weekly_vcp_ok, weekly_volume_dryup, weekly_strong, downtrend | Stage 2 failed state applied from stage memory.",watchlist,weekly_watchlist,watchlist,10.98,37.13,22.75,0.0,22.75,362
RENUKA.NS,Shree Renuka Sugars Limited,Fast Moving Consumer Goods,Unknown,Unknown,False,Cash,1,Stage 2 Failed,Stage 4,Failed Stage 2,Failed Stage 2,Stage 2 Failed • Failed Stage 2,0.72,"This stock was recently Stage 2, but the latest structure no longer satisfies Stage 2 rules. It is kept as Stage 2 Failed until a fresh base/repair structure forms.",Recent Stage 2 break; public stage held as Stage 2 Failed.,2026-09-28,2026-09-14,,4.03,-16.27,335344046.26,0.65,0.55,0.72,True,True,"Stage 4, Stage 4 - Weak/Declining, weekly_vcp_ok, volume_dryup, weekly_volume_dryup, weekly_strong, downtrend | Stage 2 failed state applied from stage memory.",watchlist,weekly_watchlist,watchlist,12.63,35.0,22.7,0.0,22.7,363
BBL.NS,Bharat Bijlee Limited,Capital Goods,Unknown,Unknown,False,Cash,1,Stage 4,Stage 4,Stage 4 - Confirmed Downtrend,Stage 4 - Confirmed Downtrend,Stage 4 • Stage 4 - Confirmed Downtrend,0.86,Price is below a bearish moving-average stack with falling trend signals.,,,,,-18.6,-3.0,41555982.54,0.7,0.72,0.68,True,True,"Stage 4, Stage 4 - Confirmed Downtrend, weekly_vcp_ok, volume_dryup, weekly_volume_dryup, weekly_strong, downtrend",watchlist,weekly_watchlist,watchlist,1.72,36.9,17.55,5.0,22.55,364
VOLTAS.NS,Voltas Limited,Consumer Durables,Unknown,Unknown,True,F&O,1,Stage 4,Stage 4,Stage 4 - Confirmed Downtrend,Stage 4 - Confirmed Downtrend,Stage 4 • Stage 4 - Confirmed Downtrend,0.86,Price is below a bearish moving-average stack with falling trend signals.,,,2026-03-12,,-6.91,-5.54,746228913.16,0.86,1.11,0.99,False,False,"Stage 4, Stage 4 - Confirmed Downtrend, weekly_vcp_ok, weekly_strong, downtrend",watchlist,weekly_watchlist,watchlist,10.7,36.9,22.49,0.0,22.49,365
JUBLFOOD.NS,Jubilant Foodworks Limited,Consumer Services,Unknown,Unknown,True,F&O,1,Stage 1,Stage 1,Stage 1 - Early Turn,Stage 1 - Early Turn,Stage 1 • Stage 1 - Early Turn,0.66,The stock is improving from a repair/base area but has not confirmed a clean Stage 2 yet.,,,,,16.33,9.76,435795746.37,0.54,1.03,0.44,True,True,"Stage 1, Stage 1 - Early Turn, weekly_vcp_ok, volume_dryup, weekly_volume_dryup, weekly_strong, stage1_not_actionable, stage1_needs_more_base",watchlist,weekly_watchlist,watchlist,0.0,45.51,20.48,2.0,22.48,366
KOTAKBANK.NS,Kotak Mahindra Bank Limited,Financial Services,Unknown,Unknown,True,F&O,1,Stage 2 Failed,Stage 3,Failed Stage 2,Failed Stage 2,Stage 2 Failed • Failed Stage 2,0.72,"This stock was recently Stage 2, but the latest structure no longer satisfies Stage 2 rules. It is kept as Stage 2 Failed until a fresh base/repair structure forms.",Recent Stage 2 break; public stage held as Stage 2 Failed.,2026-09-28,2026-09-25,,5.84,14.62,4256679509.5,1.04,1.29,0.99,False,False,"Stage 3, Stage 3 - Distribution/Damage, weekly_vcp_ok, weekly_strong, distribution_risk | Stage 2 failed state applied from stage memory.",watchlist,weekly_watchlist,watchlist,0.0,49.85,22.43,0.0,22.43,367
POWERGRID.NS,Power Grid Corporation of India Limited,Power,Unknown,Unknown,True,F&O,1,Stage 1,Stage 1,Stage 1 - Unclear/Repair,Stage 1 - Unclear/Repair,Stage 1 • Stage 1 - Unclear/Repair,0.58,Not enough evidence for Stage 2 or Stage 4; classified as repair/unclear structure.,,,2026-07-23,,-3.61,-7.01,2307060323.17,1.03,1.22,0.91,False,False,"Stage 1, Stage 1 - Unclear/Repair, weekly_vcp_ok, weekly_strong, stage1_not_actionable, stage1_needs_more_base",watchlist,weekly_watchlist,watchlist,6.57,41.8,22.42,0.0,22.42,368
TMB.NS,Tamilnad Mercantile Bank Limited,Financial Services,Unknown,Unknown,False,Cash,1,Stage 2,Stage 2,Early Stage 2,Early Stage 2,Stage 2 • Early Stage 2,0.72,"Price has moved above long-term structure, but the full moving-average stack is not clean yet.",,,2026-09-25,,20.61,42.72,128530243.22,0.46,1.01,0.44,True,True,"Stage 2, Early Stage 2, volume_dryup, weekly_volume_dryup",watchlist,weekly_watchlist,watchlist,21.8,23.13,22.4,0.0,22.4,369
DRREDDY.NS,Dr. Reddy's Laboratories Limited,Healthcare,Unknown,Unknown,True,F&O,1,Stage 4,Stage 4,Stage 4 - Weak/Declining,Stage 4 - Weak/Declining,Stage 4 • Stage 4 - Weak/Declining,0.72,Price is below long-term support with weak trend evidence.,,,2026-07-08,,-3.59,3.2,1652515424.92,1.16,2.52,1.2,False,False,"Stage 4, Stage 4 - Weak/Declining, downtrend",watchlist,weekly_watchlist,watchlist,16.27,7.6,12.37,10.0,22.37,370
UTIAMC.NS,UTI Asset Management Company Limited,Financial Services,Unknown,Unknown,False,Cash,1,Stage 4,Stage 4,Stage 4 - Confirmed Downtrend,Stage 4 - Confirmed Downtrend,Stage 4 • Stage 4 - Confirmed Downtrend,0.86,Price is below a bearish moving-average stack with falling trend signals.,,,,,3.54,1.08,101724628.26,0.56,0.6,0.45,True,True,"Stage 4, Stage 4 - Confirmed Downtrend, weekly_vcp_ok, volume_dryup, weekly_volume_dryup, weekly_strong, downtrend",watchlist,weekly_watchlist,watchlist,9.16,38.46,22.35,0.0,22.35,371
CMSINFO.NS,CMS Info Systems Limited,Services,Unknown,Unknown,False,Cash,1,Stage 4,Stage 4,Stage 4 - Confirmed Downtrend,Stage 4 - Confirmed Downtrend,Stage 4 • Stage 4 - Confirmed Downtrend,0.86,Price is below a bearish moving-average stack with falling trend signals.,,,,,-11.23,-15.79,205180064.62,1.33,0.42,0.55,False,True,"Stage 4, Stage 4 - Confirmed Downtrend, weekly_vcp_ok, weekly_volume_dryup, weekly_strong, downtrend",watchlist,weekly_watchlist,watchlist,7.7,35.8,20.34,2.0,22.34,372
ABFRL.NS,Aditya Birla Fashion and Retail Limited,Consumer Services,Unknown,Unknown,False,Cash,1,Stage 4,Stage 4,Stage 4 - Confirmed Downtrend,Stage 4 - Confirmed Downtrend,Stage 4 • Stage 4 - Confirmed Downtrend,0.86,Price is below a bearish moving-average stack with falling trend signals.,,,,,-17.99,-15.21,214630979.44,0.8,0.89,0.69,True,True,"Stage 4, Stage 4 - Confirmed Downtrend, weekly_vcp_ok, volume_dryup, weekly_volume_dryup, weekly_strong, downtrend",watchlist,weekly_watchlist,watchlist,7.65,35.8,20.32,2.0,22.32,373
SBIN.NS,State Bank of India,Financial Services,Unknown,Unknown,True,F&O,1,Stage 4,Stage 4,Stage 4 - Confirmed Downtrend,Stage 4 - Confirmed Downtrend,Stage 4 • Stage 4 - Confirmed Downtrend,0.86,Price is below a bearish moving-average stack with falling trend signals.,,,2026-08-31,,-3.41,-1.58,7366332605.61,0.86,1.41,0.86,False,True,"Stage 4, Stage 4 - Confirmed Downtrend, weekly_vcp_ok, weekly_volume_dryup, weekly_strong, downtrend",watchlist,weekly_watchlist,watchlist,11.23,35.8,22.29,0.0,22.29,374
INTELLECT.NS,Intellect Design Arena Limited,Information Technology,Unknown,Unknown,False,Cash,1,Stage 4,Stage 4,Stage 4 - Confirmed Downtrend,Stage 4 - Confirmed Downtrend,Stage 4 • Stage 4 - Confirmed Downtrend,0.86,Price is below a bearish moving-average stack with falling trend signals.,,,2025-12-05,,-10.48,-0.82,215054503.67,0.78,0.7,0.85,True,True,"Stage 4, Stage 4 - Confirmed Downtrend, weekly_vcp_ok, volume_dryup, weekly_volume_dryup, weekly_strong, downtrend",watchlist,weekly_watchlist,watchlist,7.54,35.8,20.26,2.0,22.26,375
SIGNATURE.NS,Signatureglobal (India) Ltd.,Realty,Unknown,Unknown,False,Cash,1,Stage 4,Stage 4,Stage 4 - Confirmed Downtrend,Stage 4 - Confirmed Downtrend,Stage 4 • Stage 4 - Confirmed Downtrend,0.86,Price is below a bearish moving-average stack with falling trend signals.,,,,,8.33,11.52,257874339.03,1.69,6.87,2.6,False,False,"Stage 4, Stage 4 - Confirmed Downtrend, weekly_vcp_ok, downtrend",watchlist,weekly_watchlist,watchlist,16.98,24.08,20.18,2.0,22.18,376
CENTRALBK.NS,Central Bank of India,Financial Services,Unknown,Unknown,False,Cash,1,Stage 4,Stage 4,Stage 4 - Confirmed Downtrend,Stage 4 - Confirmed Downtrend,Stage 4 • Stage 4 - Confirmed Downtrend,0.86,Price is below a bearish moving-average stack with falling trend signals.,,,,,-0.92,-4.35,216037820.79,1.48,0.63,0.53,False,True,"Stage 4, Stage 4 - Confirmed Downtrend, weekly_vcp_ok, weekly_volume_dryup, weekly_strong, downtrend",watchlist,weekly_watchlist,watchlist,10.0,36.9,22.11,0.0,22.11,377
AWL.NS,Adani Wilmar Limited,Fast Moving Consumer Goods,Unknown,Unknown,False,Cash,1,Stage 4,Stage 4,Stage 4 - Weak/Declining,Stage 4 - Weak/Declining,Stage 4 • Stage 4 - Weak/Declining,0.72,Price is below long-term support with weak trend evidence.,,,2025-11-25,,3.31,1.11,305350338.71,0.59,0.25,0.57,True,True,"Stage 4, Stage 4 - Weak/Declining, weekly_vcp_ok, volume_dryup, weekly_volume_dryup, weekly_strong, downtrend",watchlist,weekly_watchlist,watchlist,10.39,36.24,22.02,0.0,22.02,378
NETWEB.NS,Netweb Technologies India Limited,Information Technology,Unknown,Unknown,False,Cash,1,Stage 2,Stage 2,Early Stage 2,Early Stage 2,Stage 2 • Early Stage 2,0.72,"Price has moved above long-term structure, but the full moving-average stack is not clean yet.",,,2026-09-25,,8.13,47.09,5615226173.45,0.66,0.4,0.43,True,True,"Stage 2, Early Stage 2, volume_dryup, weekly_volume_dryup",watchlist,weekly_watchlist,watchlist,17.05,23.52,19.96,2.0,21.96,379
JUBLINGREA.NS,Jubilant Ingrevia Limited,Chemicals,Unknown,Unknown,False,Cash,1,Stage 2 Failed,Stage 4,Failed Stage 2,Failed Stage 2,Stage 2 Failed • Failed Stage 2,0.72,"This stock was recently Stage 2, but the latest structure no longer satisfies Stage 2 rules. It is kept as Stage 2 Failed until a fresh base/repair structure forms.",Recent Stage 2 break; public stage held as Stage 2 Failed.,2026-09-28,2026-09-09,,3.05,15.7,188923742.85,0.91,2.34,0.98,False,False,"Stage 4, Stage 4 - Weak/Declining, weekly_vcp_ok, weekly_strong, downtrend | Stage 2 failed state applied from stage memory.",watchlist,weekly_watchlist,watchlist,0.0,37.67,16.95,5.0,21.95,380
FIRSTCRY.NS,Brainbees Solutions Ltd.,Consumer Services,Unknown,Unknown,False,Cash,1,Stage 4,Stage 4,Stage 4 - Confirmed Downtrend,Stage 4 - Confirmed Downtrend,Stage 4 • Stage 4 - Confirmed Downtrend,0.86,Price is below a bearish moving-average stack with falling trend signals.,,,,,-13.26,-15.4,1594675260.9,3.78,7.32,5.21,False,False,"Stage 4, Stage 4 - Confirmed Downtrend, weekly_vcp_ok, weekly_strong, downtrend",watchlist,weekly_watchlist,watchlist,6.9,35.8,19.91,2.0,21.91,381
SBICARD.NS,SBI Cards and Payment Services Limited,Financial Services,Unknown,Unknown,True,F&O,1,Stage 4,Stage 4,Stage 4 - Weak/Declining,Stage 4 - Weak/Declining,Stage 4 • Stage 4 - Weak/Declining,0.72,Price is below long-term support with weak trend evidence.,,,2025-10-29,,2.86,-5.14,1135803998.5,0.65,0.51,0.46,True,True,"Stage 4, Stage 4 - Weak/Declining, weekly_vcp_ok, volume_dryup, weekly_volume_dryup, weekly_strong, downtrend",watchlist,weekly_watchlist,watchlist,13.48,32.13,21.87,0.0,21.87,382
SUNTECK.NS,Sunteck Realty Limited,Realty,Unknown,Unknown,False,Cash,1,Stage 4,Stage 4,Stage 4 - Confirmed Downtrend,Stage 4 - Confirmed Downtrend,Stage 4 • Stage 4 - Confirmed Downtrend,0.86,Price is below a bearish moving-average stack with falling trend signals.,,,2025-11-14,,-10.7,-6.2,31929522.44,0.5,1.21,0.39,True,True,"Stage 4, Stage 4 - Confirmed Downtrend, weekly_vcp_ok, volume_dryup, weekly_volume_dryup, weekly_strong, downtrend",watchlist,weekly_watchlist,watchlist,5.92,36.9,19.86,2.0,21.86,383
IRCON.NS,Ircon International Limited,Construction,Unknown,Unknown,False,Cash,1,Stage 4,Stage 4,Stage 4 - Confirmed Downtrend,Stage 4 - Confirmed Downtrend,Stage 4 • Stage 4 - Confirmed Downtrend,0.86,Price is below a bearish moving-average stack with falling trend signals.,,,,,-17.66,-14.58,179716150.78,1.47,1.32,1.48,False,False,"Stage 4, Stage 4 - Confirmed Downtrend, weekly_vcp_ok, weekly_strong, downtrend",watchlist,weekly_watchlist,watchlist,10.4,35.8,21.83,0.0,21.83,384
RECLTD.NS,REC Limited,Financial Services,Unknown,Unknown,True,F&O,1,Stage 4,Stage 4,Stage 4 - Confirmed Downtrend,Stage 4 - Confirmed Downtrend,Stage 4 • Stage 4 - Confirmed Downtrend,0.86,Price is below a bearish moving-average stack with falling trend signals.,,,2026-08-07,,-11.53,-2.88,1372548577.25,0.91,1.32,1.02,False,False,"Stage 4, Stage 4 - Confirmed Downtrend, weekly_vcp_ok, weekly_strong, downtrend",watchlist,weekly_watchlist,watchlist,10.37,35.8,21.81,0.0,21.81,385
RAMCOCEM.NS,The Ramco Cements Limited,Construction Materials,Unknown,Unknown,False,Cash,1,Stage 4,Stage 4,Stage 4 - Confirmed Downtrend,Stage 4 - Confirmed Downtrend,Stage 4 • Stage 4 - Confirmed Downtrend,0.86,Price is below a bearish moving-average stack with falling trend signals.,,,2026-03-04,,-3.56,-7.55,175172219.94,0.88,0.29,0.83,False,True,"Stage 4, Stage 4 - Confirmed Downtrend, weekly_vcp_ok, weekly_volume_dryup, weekly_strong, downtrend",watchlist,weekly_watchlist,watchlist,10.26,35.8,21.75,0.0,21.75,386
VIPIND.NS,VIP Industries Limited,Consumer Durables,Unknown,Unknown,False,Cash,1,Stage 4,Stage 4,Stage 4 - Weak/Declining,Stage 4 - Weak/Declining,Stage 4 • Stage 4 - Weak/Declining,0.72,Price is below long-term support with weak trend evidence.,,,,,-0.53,-4.16,100417600.1,1.14,0.3,0.72,False,True,"Stage 4, Stage 4 - Weak/Declining, weekly_vcp_ok, weekly_volume_dryup, weekly_strong, downtrend",watchlist,weekly_watchlist,watchlist,9.1,36.9,21.61,0.0,21.61,387
CLEAN.NS,Clean Science and Technology Limited,Chemicals,Unknown,Unknown,False,Cash,1,Not Sure,Stage 4,Pending Stage 4,Pending Stage 4,Not Sure • Pending Stage 4,0.55,Blocked public stage jump Stage 1 -> Stage 4; waiting for intermediate/confirmed structure.,Blocked public stage jump Stage 1 -> Stage 4; waiting for intermediate/confirmed structure.,,,Stage 4,6.15,12.83,303244637.61,0.71,0.59,0.48,True,True,"Stage 4, Stage 4 - Weak/Declining, weekly_vcp_ok, volume_dryup, weekly_volume_dryup, weekly_strong, downtrend | Blocked public stage jump Stage 1 -> Stage 4; waiting for intermediate/confirmed structure.",watchlist,weekly_watchlist,watchlist,0.0,36.9,16.61,5.0,21.61,388
COCHINSHIP.NS,Cochin Shipyard Limited,Capital Goods,Unknown,Unknown,True,F&O,1,Stage 4,Stage 4,Stage 4 - Confirmed Downtrend,Stage 4 - Confirmed Downtrend,Stage 4 • Stage 4 - Confirmed Downtrend,0.86,Price is below a bearish moving-average stack with falling trend signals.,,,2025-10-17,,-7.32,3.47,1469477471.22,0.87,0.43,0.52,False,True,"Stage 4, Stage 4 - Confirmed Downtrend, weekly_vcp_ok, weekly_volume_dryup, weekly_strong, downtrend",watchlist,weekly_watchlist,watchlist,0.0,36.9,16.61,5.0,21.61,389
MAZDOCK.NS,Mazagon Dock Shipbuilders Limited,Capital Goods,Unknown,Unknown,True,F&O,1,Stage 2 Failed,Stage 4,Failed Stage 2,Failed Stage 2,Stage 2 Failed • Failed Stage 2,0.72,"This stock was recently Stage 2, but the latest structure no longer satisfies Stage 2 rules. It is kept as Stage 2 Failed until a fresh base/repair structure forms.",Recent Stage 2 break; public stage held as Stage 2 Failed.,2026-09-28,2026-09-08,,-11.06,-3.16,1316358776.33,0.92,1.01,0.68,False,True,"Stage 4, Stage 4 - Weak/Declining, weekly_vcp_ok, weekly_volume_dryup, weekly_strong, downtrend | Stage 2 failed state applied from stage memory.",watchlist,weekly_watchlist,watchlist,0.0,36.9,16.61,5.0,21.61,390
SHARDACROP.NS,Sharda Cropchem Limited,Chemicals,Unknown,Unknown,False,Cash,1,Stage 4,Stage 4,Stage 4 - Confirmed Downtrend,Stage 4 - Confirmed Downtrend,Stage 4 • Stage 4 - Confirmed Downtrend,0.86,Price is below a bearish moving-average stack with falling trend signals.,,,2026-05-06,,-12.14,-14.88,77422195.86,0.69,1.06,0.6,True,True,"Stage 4, Stage 4 - Confirmed Downtrend, weekly_vcp_ok, volume_dryup, weekly_volume_dryup, weekly_strong, downtrend",watchlist,weekly_watchlist,watchlist,0.0,36.9,16.61,5.0,21.61,391
SWANCORP.NS,Swan Corp Ltd.,Chemicals,Unknown,Unknown,False,Cash,1,Stage 4,Stage 4,Stage 4 - Confirmed Downtrend,Stage 4 - Confirmed Downtrend,Stage 4 • Stage 4 - Confirmed Downtrend,0.86,Price is below a bearish moving-average stack with falling trend signals.,,,2026-01-07,,-2.12,-5.48,1129632287.6,0.56,0.19,0.35,True,True,"Stage 4, Stage 4 - Confirmed Downtrend, weekly_vcp_ok, volume_dryup, weekly_volume_dryup, weekly_strong, downtrend",watchlist,weekly_watchlist,watchlist,0.0,36.9,16.61,5.0,21.61,392
APTUS.NS,Aptus Value Housing Finance India Limited,Financial Services,Unknown,Unknown,False,Cash,1,Stage 4,Stage 4,Stage 4 - Weak/Declining,Stage 4 - Weak/Declining,Stage 4 • Stage 4 - Weak/Declining,0.72,Price is below long-term support with weak trend evidence.,,,2026-07-30,,-12.71,22.45,371956856.67,1.56,0.47,1.63,False,False,"Stage 4, Stage 4 - Weak/Declining, weekly_vcp_ok, weekly_strong, downtrend",watchlist,weekly_watchlist,watchlist,9.17,36.77,21.59,0.0,21.59,393
ABCAPITAL.NS,Aditya Birla Capital Limited,Financial Services,Unknown,Unknown,True,F&O,1,Stage 2 Failed,Stage 3,Failed Stage 2,Failed Stage 2,Stage 2 Failed • Failed Stage 2,0.72,"This stock was recently Stage 2, but the latest structure no longer satisfies Stage 2 rules. It is kept as Stage 2 Failed until a fresh base/repair structure forms.",Recent Stage 2 break; public stage held as Stage 2 Failed.,2026-09-28,2026-09-24,,2.5,30.57,965195975.59,0.81,0.66,0.81,True,True,"Stage 3, Stage 3 - Transition, weekly_vcp_ok, volume_dryup, weekly_volume_dryup, weekly_strong, distribution_risk | Stage 2 failed state applied from stage memory.",watchlist,weekly_watchlist,watchlist,3.98,43.11,21.59,0.0,21.59,394
GSFC.NS,Gujarat State Fertilizers & Chemicals Limited,Chemicals,Unknown,Unknown,False,Cash,1,Stage 4,Stage 4,Stage 4 - Weak/Declining,Stage 4 - Weak/Declining,Stage 4 • Stage 4 - Weak/Declining,0.72,Price is below long-term support with weak trend evidence.,,,,,3.62,6.25,157189612.55,1.03,0.62,0.87,False,True,"Stage 4, Stage 4 - Weak/Declining, weekly_vcp_ok, weekly_volume_dryup, weekly_strong, downtrend",watchlist,weekly_watchlist,watchlist,0.0,36.79,16.56,5.0,21.56,395
TASTYBITE.NS,Tasty Bite Eatables Limited,Fast Moving Consumer Goods,Unknown,Unknown,False,Cash,1,Stage 2,Stage 2,Early Stage 2,Early Stage 2,Stage 2 • Early Stage 2,0.72,"Price has moved above long-term structure, but the full moving-average stack is not clean yet.",,,2026-09-25,,14.99,45.36,27159701.3,0.27,0.41,0.29,True,True,"Stage 2, Early Stage 2, volume_dryup, weekly_volume_dryup",watchlist,weekly_watchlist,watchlist,14.62,30.03,21.55,0.0,21.55,396
TCI.NS,Transport Corporation of India Limited,Services,Unknown,Unknown,False,Cash,1,Stage 4,Stage 4,Stage 4 - Confirmed Downtrend,Stage 4 - Confirmed Downtrend,Stage 4 • Stage 4 - Confirmed Downtrend,0.86,Price is below a bearish moving-average stack with falling trend signals.,,,2025-11-04,,-2.51,-14.49,280493390.54,4.19,0.6,8.25,False,False,"Stage 4, Stage 4 - Confirmed Downtrend, weekly_vcp_ok, weekly_strong, downtrend",watchlist,weekly_watchlist,watchlist,5.2,36.9,19.46,2.0,21.46,397
NAVA.NS,NAVA LIMITED,Power,Unknown,Unknown,False,Cash,1,Stage 4,Stage 4,Stage 4 - Weak/Declining,Stage 4 - Weak/Declining,Stage 4 • Stage 4 - Weak/Declining,0.72,Price is below long-term support with weak trend evidence.,,,2026-05-28,,-5.86,0.83,124469829.11,1.05,1.03,0.98,False,False,"Stage 4, Stage 4 - Weak/Declining, weekly_vcp_ok, weekly_strong, downtrend",watchlist,weekly_watchlist,watchlist,10.11,35.0,21.31,0.0,21.31,398
IGIL.NS,International Gemmological Institute (India) Ltd.,Services,Unknown,Unknown,False,Cash,1,Stage 1,Stage 1,Stage 1 - Base/Repair,Stage 1 - Base/Repair,Stage 1 • Stage 1 - Base/Repair,0.7,Price is near long-term moving averages with no strong long-term downtrend signal.,,,2026-07-09,,-4.79,3.89,175071336.05,1.04,0.62,0.89,False,True,"Stage 1, Stage 1 - Base/Repair, weekly_vcp_ok, weekly_volume_dryup, weekly_strong, stage1_not_actionable, stage1_needs_more_base",watchlist,weekly_watchlist,watchlist,0.0,42.9,19.3,2.0,21.3,399
AMBUJACEM.NS,Ambuja Cements Limited,Construction Materials,Unknown,Unknown,True,F&O,1,Stage 4,Stage 4,Stage 4 - Confirmed Downtrend,Stage 4 - Confirmed Downtrend,Stage 4 • Stage 4 - Confirmed Downtrend,0.86,Price is below a bearish moving-average stack with falling trend signals.,,,,,-7.62,-7.84,444729396.37,0.62,0.98,0.54,True,True,"Stage 4, Stage 4 - Confirmed Downtrend, weekly_vcp_ok, volume_dryup, weekly_volume_dryup, weekly_strong, downtrend",watchlist,weekly_watchlist,watchlist,9.28,35.8,21.21,0.0,21.21,400
EMAMILTD.NS,Emami Limited,Fast Moving Consumer Goods,Unknown,Unknown,False,Cash,1,Stage 4,Stage 4,Stage 4 - Confirmed Downtrend,Stage 4 - Confirmed Downtrend,Stage 4 • Stage 4 - Confirmed Downtrend,0.86,Price is below a bearish moving-average stack with falling trend signals.,,,,,-1.64,-0.14,946077742.58,2.08,1.01,1.65,False,False,"Stage 4, Stage 4 - Confirmed Downtrend, weekly_vcp_ok, weekly_strong, downtrend",watchlist,weekly_watchlist,watchlist,8.24,36.9,21.14,0.0,21.14,401
CUMMINSIND.NS,Cummins India Limited,Capital Goods,Unknown,Unknown,True,F&O,1,Stage 4,Stage 4,Stage 4 - Weak/Declining,Stage 4 - Weak/Declining,Stage 4 • Stage 4 - Weak/Declining,0.72,Price is below long-term support with weak trend evidence.,,,2026-08-11,,-7.14,7.61,1740063316.58,0.79,1.19,0.74,True,True,"Stage 4, Stage 4 - Weak/Declining, weekly_vcp_ok, volume_dryup, weekly_volume_dryup, weekly_strong, downtrend",watchlist,weekly_watchlist,watchlist,0.0,35.85,16.13,5.0,21.13,402
SAFARI.NS,Safari Industries (India) Limited,Consumer Durables,Unknown,Unknown,False,Cash,1,Stage 4,Stage 4,Stage 4 - Confirmed Downtrend,Stage 4 - Confirmed Downtrend,Stage 4 • Stage 4 - Confirmed Downtrend,0.86,Price is below a bearish moving-average stack with falling trend signals.,,,2025-12-24,,-5.06,3.93,59221353.6,1.12,0.69,0.83,False,True,"Stage 4, Stage 4 - Confirmed Downtrend, weekly_vcp_ok, weekly_volume_dryup, weekly_strong, downtrend",watchlist,weekly_watchlist,watchlist,8.2,36.9,21.12,0.0,21.12,403
IRB.NS,IRB Infrastructure Developers Limited,Construction,Unknown,Unknown,False,Cash,1,Stage 4,Stage 4,Stage 4 - Confirmed Downtrend,Stage 4 - Confirmed Downtrend,Stage 4 • Stage 4 - Confirmed Downtrend,0.86,Price is below a bearish moving-average stack with falling trend signals.,,,,,-14.68,-18.74,340041903.81,1.12,0.89,1.28,False,False,"Stage 4, Stage 4 - Confirmed Downtrend, weekly_vcp_ok, weekly_strong, downtrend",watchlist,weekly_watchlist,watchlist,9.1,35.8,21.11,0.0,21.11,404
JSWHL.NS,JSW Holdings Limited,Financial Services,Unknown,Unknown,False,Cash,1,Stage 4,Stage 4,Stage 4 - Confirmed Downtrend,Stage 4 - Confirmed Downtrend,Stage 4 • Stage 4 - Confirmed Downtrend,0.86,Price is below a bearish moving-average stack with falling trend signals.,,,,,-3.52,-4.0,79743179.65,1.65,0.23,0.35,False,True,"Stage 4, Stage 4 - Confirmed Downtrend, weekly_vcp_ok, weekly_volume_dryup, weekly_strong, downtrend",watchlist,weekly_watchlist,watchlist,9.1,35.8,21.11,0.0,21.11,405
AIAENG.NS,AIA Engineering Limited,Capital Goods,Unknown,Unknown,False,Cash,1,Stage 4,Stage 4,Stage 4,Stage 4,Stage 4,0.66,Declining structure detected.,,,2026-08-28,,-17.72,8.29,261715478.76,1.42,0.55,1.46,False,False,"Stage 4, Stage 4, weekly_vcp_ok, weekly_strong, downtrend",watchlist,weekly_watchlist,watchlist,0.0,35.8,16.11,5.0,21.11,406
ANURAS.NS,Anupam Rasayan India Limited,Chemicals,Unknown,Unknown,False,Cash,1,Stage 4,Stage 4,Stage 4 - Confirmed Downtrend,Stage 4 - Confirmed Downtrend,Stage 4 • Stage 4 - Confirmed Downtrend,0.86,Price is below a bearish moving-average stack with falling trend signals.,,,2026-06-05,,-1.58,-4.62,682543931.73,2.53,0.39,1.07,False,False,"Stage 4, Stage 4 - Confirmed Downtrend, weekly_vcp_ok, weekly_strong, downtrend",watchlist,weekly_watchlist,watchlist,0.0,35.8,16.11,5.0,21.11,407
BORORENEW.NS,BOROSIL RENEWABLES LIMITED,Capital Goods,Unknown,Unknown,False,Cash,1,Stage 4,Stage 4,Stage 4 - Weak/Declining,Stage 4 - Weak/Declining,Stage 4 • Stage 4 - Weak/Declining,0.72,Price is below long-term support with weak trend evidence.,,,2026-08-04,,-22.24,11.31,200743581.55,1.18,0.72,0.82,False,True,"Stage 4, Stage 4 - Weak/Declining, weekly_vcp_ok, weekly_volume_dryup, weekly_strong, downtrend",watchlist,weekly_watchlist,watchlist,0.0,35.8,16.11,5.0,21.11,408
RCF.NS,Rashtriya Chemicals and Fertilizers Limited,Chemicals,Unknown,Unknown,False,Cash,1,Stage 4,Stage 4,Stage 4 - Confirmed Downtrend,Stage 4 - Confirmed Downtrend,Stage 4 • Stage 4 - Confirmed Downtrend,0.86,Price is below a bearish moving-average stack with falling trend signals.,,,,,-11.03,-0.89,110924048.84,0.84,1.32,0.89,True,True,"Stage 4, Stage 4 - Confirmed Downtrend, weekly_vcp_ok, volume_dryup, weekly_volume_dryup, weekly_strong, downtrend",watchlist,weekly_watchlist,watchlist,0.0,35.8,16.11,5.0,21.11,409
SALASAR.NS,Salasar Techno Engineering Limited,Capital Goods,Unknown,Unknown,False,Cash,1,Stage 4,Stage 4,Stage 4 - Confirmed Downtrend,Stage 4 - Confirmed Downtrend,Stage 4 • Stage 4 - Confirmed Downtrend,0.86,Price is below a bearish moving-average stack with falling trend signals.,,,,,-22.15,-26.83,37088498.17,1.03,1.13,1.02,False,False,"Stage 4, Stage 4 - Confirmed Downtrend, weekly_vcp_ok, weekly_strong, downtrend",watchlist,weekly_watchlist,watchlist,0.0,35.8,16.11,5.0,21.11,410
SANDUMA.NS,Sandur Manganese & Iron Ores Limited,"Oil, Gas & Consumable Fuels",Unknown,Unknown,False,Cash,1,Stage 4,Stage 4,Stage 4 - Confirmed Downtrend,Stage 4 - Confirmed Downtrend,Stage 4 • Stage 4 - Confirmed Downtrend,0.86,Price is below a bearish moving-average stack with falling trend signals.,,,2026-06-05,,-7.01,1.67,92591691.19,0.82,1.05,0.69,True,True,"Stage 4, Stage 4 - Confirmed Downtrend, weekly_vcp_ok, volume_dryup, weekly_volume_dryup, weekly_strong, downtrend",watchlist,weekly_watchlist,watchlist,0.0,35.8,16.11,5.0,21.11,411
SUBROS.NS,Subros Limited,Automobile and Auto Components,Unknown,Unknown,False,Cash,1,Stage 4,Stage 4,Stage 4 - Confirmed Downtrend,Stage 4 - Confirmed Downtrend,Stage 4 • Stage 4 - Confirmed Downtrend,0.86,Price is below a bearish moving-average stack with falling trend signals.,,,2025-11-10,,-12.03,5.44,24703394.0,0.78,1.08,0.73,True,True,"Stage 4, Stage 4 - Confirmed Downtrend, weekly_vcp_ok, volume_dryup, weekly_volume_dryup, weekly_strong, downtrend",watchlist,weekly_watchlist,watchlist,0.0,35.8,16.11,5.0,21.11,412
SURYAROSNI.NS,Surya Roshni Limited,Capital Goods,Unknown,Unknown,False,Cash,1,Stage 4,Stage 4,Stage 4 - Confirmed Downtrend,Stage 4 - Confirmed Downtrend,Stage 4 • Stage 4 - Confirmed Downtrend,0.86,Price is below a bearish moving-average stack with falling trend signals.,,,2026-07-10,,-8.48,4.68,87913110.54,0.77,1.18,0.88,True,True,"Stage 4, Stage 4 - Confirmed Downtrend, weekly_vcp_ok, volume_dryup, weekly_volume_dryup, weekly_strong, downtrend",watchlist,weekly_watchlist,watchlist,0.0,35.8,16.11,5.0,21.11,413
VESUVIUS.NS,Vesuvius India Limited,Capital Goods,Unknown,Unknown,False,Cash,1,Stage 4,Stage 4,Stage 4 - Confirmed Downtrend,Stage 4 - Confirmed Downtrend,Stage 4 • Stage 4 - Confirmed Downtrend,0.86,Price is below a bearish moving-average stack with falling trend signals.,,,,,-13.57,-13.44,27705241.53,1.14,1.18,1.08,False,False,"Stage 4, Stage 4 - Confirmed Downtrend, weekly_vcp_ok, weekly_strong, downtrend",watchlist,weekly_watchlist,watchlist,0.0,35.8,16.11,5.0,21.11,414
VSTTILLERS.NS,V.S.T Tillers Tractors Limited,Capital Goods,Unknown,Unknown,False,Cash,1,Stage 4,Stage 4,Stage 4 - Confirmed Downtrend,Stage 4 - Confirmed Downtrend,Stage 4 • Stage 4 - Confirmed Downtrend,0.86,Price is below a bearish moving-average stack with falling trend signals.,,,2026-02-26,,-0.04,-10.78,41116669.9,1.27,1.8,1.45,False,False,"Stage 4, Stage 4 - Confirmed Downtrend, weekly_vcp_ok, weekly_strong, downtrend",watchlist,weekly_watchlist,watchlist,0.0,35.8,16.11,5.0,21.11,415
PURVA.NS,Puravankara Limited,Realty,Unknown,Unknown,False,Cash,1,Stage 4,Stage 4,Stage 4 - Weak/Declining,Stage 4 - Weak/Declining,Stage 4 • Stage 4 - Weak/Declining,0.72,Price is below long-term support with weak trend evidence.,,,,,2.68,21.73,254155495.11,0.31,0.05,0.15,True,True,"Stage 4, Stage 4 - Weak/Declining, weekly_vcp_ok, volume_dryup, weekly_volume_dryup, downtrend",watchlist,weekly_watchlist,watchlist,14.64,24.54,19.09,2.0,21.09,416
BBOX.NS,Black Box Limited,Information Technology,Unknown,Unknown,False,Cash,1,Stage 3,Stage 3,Stage 3 - Transition,Stage 3 - Transition,Stage 3 • Stage 3 - Transition,0.62,"The structure is transitioning after prior strength, but it is not yet a confirmed Stage 4 decline.",,,2026-07-21,,-15.56,68.42,456221713.67,1.44,1.26,1.18,False,False,"Stage 3, Stage 3 - Transition, distribution_risk",watchlist,weekly_watchlist,watchlist,17.26,21.29,19.07,2.0,21.07,417
JSWENERGY.NS,JSW Energy Limited,Power,Unknown,Unknown,True,F&O,1,Stage 4,Stage 4,Stage 4 - Weak/Declining,Stage 4 - Weak/Declining,Stage 4 • Stage 4 - Weak/Declining,0.72,Price is below long-term support with weak trend evidence.,,,2026-08-27,,-7.34,3.39,929326427.28,0.94,0.86,0.84,False,True,"Stage 4, Stage 4 - Weak/Declining, weekly_vcp_ok, weekly_volume_dryup, weekly_strong, downtrend",watchlist,weekly_watchlist,watchlist,10.64,33.8,21.06,0.0,21.06,418
CGPOWER.NS,CG Power and Industrial Solutions Limited,Capital Goods,Unknown,Unknown,True,F&O,1,Stage 2 Failed,Stage 1,Failed Stage 2,Failed Stage 2,Stage 2 Failed • Failed Stage 2,0.72,"This stock was recently Stage 2, but the latest structure no longer satisfies Stage 2 rules. It is kept as Stage 2 Failed until a fresh base/repair structure forms.",Recent Stage 2 break; public stage held as Stage 2 Failed.,2026-09-28,2026-09-25,,-4.73,29.45,2018913366.78,0.75,0.81,0.54,True,True,"Stage 1, Stage 1 - Base/Repair, volume_dryup, weekly_volume_dryup, stage1_not_actionable, stage1_needs_more_base | Stage 2 failed state applied from stage memory.",watchlist,weekly_watchlist,watchlist,19.76,11.27,15.94,5.0,20.94,419
AFFLE.NS,Affle (India) Limited,Information Technology,Unknown,Unknown,False,Cash,1,Stage 2 Failed,Stage 3,Failed Stage 2,Failed Stage 2,Stage 2 Failed • Failed Stage 2,0.72,"This stock was recently Stage 2, but the latest structure no longer satisfies Stage 2 rules. It is kept as Stage 2 Failed until a fresh base/repair structure forms.",Recent Stage 2 break; public stage held as Stage 2 Failed.,2026-09-28,2026-09-07,,11.29,11.18,590069632.1,0.38,0.34,0.27,True,True,"Stage 3, Stage 3 - Transition, weekly_vcp_ok, volume_dryup, weekly_volume_dryup, weekly_strong, distribution_risk | Stage 2 failed state applied from stage memory.",watchlist,weekly_watchlist,watchlist,0.0,42.05,18.92,2.0,20.92,420
BAJAJFINSV.NS,Bajaj Finserv Limited,Financial Services,Unknown,Unknown,True,F&O,1,Stage 4,Stage 4,Stage 4 - Weak/Declining,Stage 4 - Weak/Declining,Stage 4 • Stage 4 - Weak/Declining,0.72,Price is below long-term support with weak trend evidence.,,,2026-09-04,,-0.48,9.13,1199430587.26,0.74,0.85,0.94,True,False,"Stage 4, Stage 4 - Weak/Declining, weekly_vcp_ok, volume_dryup, weekly_strong, downtrend",watchlist,weekly_watchlist,watchlist,8.03,36.66,20.91,0.0,20.91,421
HINDCOPPER.NS,Hindustan Copper Ltd.,Metals & Mining,Unknown,Unknown,False,Cash,1,Stage 1,Stage 1,Stage 1 - Unclear/Repair,Stage 1 - Unclear/Repair,Stage 1 • Stage 1 - Unclear/Repair,0.58,Not enough evidence for Stage 2 or Stage 4; classified as repair/unclear structure.,,,2026-08-24,,2.37,-0.52,3994203176.68,0.57,0.48,0.54,True,True,"Stage 1, Stage 1 - Unclear/Repair, weekly_vcp_ok, volume_dryup, weekly_volume_dryup, weekly_strong, stage1_not_actionable, stage1_needs_more_base",watchlist,weekly_watchlist,watchlist,0.0,41.99,18.9,2.0,20.9,422
SCI.NS,Shipping Corporation Of India Limited,Services,Unknown,Unknown,False,Cash,1,Stage 2 Failed,Stage 1,Failed Stage 2,Failed Stage 2,Stage 2 Failed • Failed Stage 2,0.72,"This stock was recently Stage 2, but the latest structure no longer satisfies Stage 2 rules. It is kept as Stage 2 Failed until a fresh base/repair structure forms.",Recent Stage 2 break; public stage held as Stage 2 Failed.,2026-09-28,2026-09-10,,-4.97,21.7,443499902.05,0.62,0.78,0.48,True,True,"Stage 1, Stage 1 - Base/Repair, weekly_vcp_ok, volume_dryup, weekly_volume_dryup, weekly_strong, stage1_not_actionable, stage1_needs_more_base | Stage 2 failed state applied from stage memory.",watchlist,weekly_watchlist,watchlist,0.0,41.47,18.66,2.0,20.66,423
DIXON.NS,Dixon Technologies (India) Limited,Consumer Durables,Unknown,Unknown,True,F&O,1,Stage 2 Failed,Stage 3,Failed Stage 2,Failed Stage 2,Stage 2 Failed • Failed Stage 2,0.72,"This stock was recently Stage 2, but the latest structure no longer satisfies Stage 2 rules. It is kept as Stage 2 Failed until a fresh base/repair structure forms.",Recent Stage 2 break; public stage held as Stage 2 Failed.,2026-09-28,2026-09-08,,15.43,39.86,4350435277.03,0.98,1.64,0.93,False,False,"Stage 3, Stage 3 - Transition, weekly_vcp_ok, weekly_strong, distribution_risk | Stage 2 failed state applied from stage memory.",watchlist,weekly_watchlist,watchlist,0.37,45.33,20.6,0.0,20.6,424
FIVESTAR.NS,Five-Star Business Finance Limited,Financial Services,Unknown,Unknown,False,Cash,1,Stage 2 Failed,Stage 3,Failed Stage 2,Failed Stage 2,Stage 2 Failed • Failed Stage 2,0.72,"This stock was recently Stage 2, but the latest structure no longer satisfies Stage 2 rules. It is kept as Stage 2 Failed until a fresh base/repair structure forms.",Recent Stage 2 break; public stage held as Stage 2 Failed.,2026-09-28,2026-09-23,,0.75,46.75,332682910.81,1.13,0.61,1.34,False,False,"Stage 3, Stage 3 - Transition, weekly_vcp_ok, weekly_strong, distribution_risk | Stage 2 failed state applied from stage memory.",watchlist,weekly_watchlist,watchlist,0.0,45.65,20.54,0.0,20.54,425
ABLBL.NS,Aditya Birla Lifestyle Brands Ltd.,Consumer Services,Unknown,Unknown,False,Cash,1,Stage 4,Stage 4,Stage 4 - Confirmed Downtrend,Stage 4 - Confirmed Downtrend,Stage 4 • Stage 4 - Confirmed Downtrend,0.86,Price is below a bearish moving-average stack with falling trend signals.,,,,,-15.97,-14.74,51112033.58,0.92,0.56,0.84,False,True,"Stage 4, Stage 4 - Confirmed Downtrend, weekly_vcp_ok, weekly_volume_dryup, weekly_strong, downtrend",watchlist,weekly_watchlist,watchlist,4.35,35.8,18.5,2.0,20.5,426
SKFINDIA.NS,SKF India Limited,Capital Goods,Unknown,Unknown,False,Cash,1,Stage 4,Stage 4,Stage 4 - Confirmed Downtrend,Stage 4 - Confirmed Downtrend,Stage 4 • Stage 4 - Confirmed Downtrend,0.86,Price is below a bearish moving-average stack with falling trend signals.,,,,,-2.59,3.21,74578266.52,0.83,0.6,0.45,True,True,"Stage 4, Stage 4 - Confirmed Downtrend, weekly_vcp_ok, volume_dryup, weekly_volume_dryup, downtrend",watchlist,weekly_watchlist,watchlist,10.0,22.16,15.47,5.0,20.47,427
SJVN.NS,SJVN Limited,Power,Unknown,Unknown,False,Cash,1,Stage 4,Stage 4,Stage 4 - Confirmed Downtrend,Stage 4 - Confirmed Downtrend,Stage 4 • Stage 4 - Confirmed Downtrend,0.86,Price is below a bearish moving-average stack with falling trend signals.,,,,,-10.3,-6.59,140843325.22,1.18,1.06,1.15,False,False,"Stage 4, Stage 4 - Confirmed Downtrend, weekly_vcp_ok, weekly_strong, downtrend",watchlist,weekly_watchlist,watchlist,6.93,36.9,20.42,0.0,20.42,428
HUDCO.NS,Housing & Urban Development Corporation Limited,Financial Services,Unknown,Unknown,False,Cash,1,Stage 4,Stage 4,Stage 4 - Confirmed Downtrend,Stage 4 - Confirmed Downtrend,Stage 4 • Stage 4 - Confirmed Downtrend,0.86,Price is below a bearish moving-average stack with falling trend signals.,,,2026-07-06,,-12.18,4.11,290073157.03,0.95,0.93,0.95,False,False,"Stage 4, Stage 4 - Confirmed Downtrend, weekly_vcp_ok, weekly_strong, downtrend",watchlist,weekly_watchlist,watchlist,7.61,35.8,20.3,0.0,20.3,429
M&MFIN.NS,Mahindra & Mahindra Financial Services Limited,Financial Services,Unknown,Unknown,False,Cash,1,Stage 2 Failed,Stage 1,Failed Stage 2,Failed Stage 2,Stage 2 Failed • Failed Stage 2,0.72,"This stock was recently Stage 2, but the latest structure no longer satisfies Stage 2 rules. It is kept as Stage 2 Failed until a fresh base/repair structure forms.",Recent Stage 2 break; public stage held as Stage 2 Failed.,2026-09-28,2026-09-22,,11.78,21.22,614956921.48,0.38,0.44,0.34,True,True,"Stage 1, Stage 1 - Base/Repair, weekly_vcp_ok, volume_dryup, weekly_volume_dryup, weekly_strong, stage1_not_actionable, stage1_needs_more_base | Stage 2 failed state applied from stage memory.",watchlist,weekly_watchlist,watchlist,0.0,45.1,20.3,0.0,20.3,430
SPARC.NS,Sun Pharma Advanced Research Company Limited,Healthcare,Unknown,Unknown,False,Cash,1,Stage 3,Stage 3,Stage 3 - Transition,Stage 3 - Transition,Stage 3 • Stage 3 - Transition,0.62,"The structure is transitioning after prior strength, but it is not yet a confirmed Stage 4 decline.",,,2026-08-07,,-10.13,65.77,194785801.23,1.08,1.42,1.46,False,False,"Stage 3, Stage 3 - Transition, distribution_risk",watchlist,weekly_watchlist,watchlist,13.14,6.76,10.27,10.0,20.27,431
HDFCAMC.NS,HDFC Asset Management Company Limited,Financial Services,Unknown,Unknown,True,F&O,1,Stage 4,Stage 4,Stage 4 - Confirmed Downtrend,Stage 4 - Confirmed Downtrend,Stage 4 • Stage 4 - Confirmed Downtrend,0.86,Price is below a bearish moving-average stack with falling trend signals.,,,2026-07-15,,-11.47,2.43,1422841032.4,0.83,1.27,0.76,True,True,"Stage 4, Stage 4 - Confirmed Downtrend, weekly_vcp_ok, volume_dryup, weekly_volume_dryup, weekly_strong, downtrend",watchlist,weekly_watchlist,watchlist,6.65,36.9,20.26,0.0,20.26,432
JMFINANCIL.NS,JM Financial Limited,Financial Services,Unknown,Unknown,False,Cash,1,Stage 4,Stage 4,Stage 4 - Weak/Declining,Stage 4 - Weak/Declining,Stage 4 • Stage 4 - Weak/Declining,0.72,Price is below long-term support with weak trend evidence.,,,,,2.0,8.1,302480642.81,0.81,0.89,0.67,True,True,"Stage 4, Stage 4 - Weak/Declining, weekly_vcp_ok, volume_dryup, weekly_volume_dryup, weekly_strong, downtrend",watchlist,weekly_watchlist,watchlist,4.85,39.01,20.22,0.0,20.22,433
LGBBROSLTD.NS,LG Balakrishnan & Bros Limited,Automobile and Auto Components,Unknown,Unknown,False,Cash,1,Stage 1,Stage 1,Stage 1 - Early Turn,Stage 1 - Early Turn,Stage 1 • Stage 1 - Early Turn,0.66,The stock is improving from a repair/base area but has not confirmed a clean Stage 2 yet.,,,2026-09-03,,13.84,4.97,43320196.08,0.95,1.14,0.85,False,True,"Stage 1, Stage 1 - Early Turn, weekly_volume_dryup, stage1_not_actionable, stage1_needs_more_base",watchlist,weekly_watchlist,watchlist,9.43,22.15,15.15,5.0,20.15,434
AUBANK.NS,AU Small Finance Bank Limited,Financial Services,Unknown,Unknown,True,F&O,1,Stage 2 Failed,Stage 1,Failed Stage 2,Failed Stage 2,Stage 2 Failed • Failed Stage 2,0.72,"This stock was recently Stage 2, but the latest structure no longer satisfies Stage 2 rules. It is kept as Stage 2 Failed until a fresh base/repair structure forms.",Recent Stage 2 break; public stage held as Stage 2 Failed.,2026-09-28,2026-09-25,,-0.64,17.0,1183577763.16,0.92,0.99,1.21,False,False,"Stage 1, Stage 1 - Base/Repair, weekly_vcp_ok, weekly_strong, stage1_not_actionable, stage1_needs_more_base | Stage 2 failed state applied from stage memory.",watchlist,weekly_watchlist,watchlist,0.0,44.54,20.04,0.0,20.04,435
NCC.NS,NCC Limited,Construction,Unknown,Unknown,False,Cash,1,Stage 4,Stage 4,Stage 4 - Confirmed Downtrend,Stage 4 - Confirmed Downtrend,Stage 4 • Stage 4 - Confirmed Downtrend,0.86,Price is below a bearish moving-average stack with falling trend signals.,,,,,-7.03,-4.38,286030393.78,0.92,0.59,0.8,False,True,"Stage 4, Stage 4 - Confirmed Downtrend, weekly_vcp_ok, weekly_volume_dryup, weekly_strong, downtrend",watchlist,weekly_watchlist,watchlist,6.1,36.9,19.96,0.0,19.96,436
SONATSOFTW.NS,Sonata Software Limited,Information Technology,Unknown,Unknown,False,Cash,1,Stage 4,Stage 4,Stage 4 - Weak/Declining,Stage 4 - Weak/Declining,Stage 4 • Stage 4 - Weak/Declining,0.72,Price is below long-term support with weak trend evidence.,,,,,6.99,22.56,318864698.49,0.94,0.23,0.33,False,True,"Stage 4, Stage 4 - Weak/Declining, weekly_vcp_ok, weekly_volume_dryup, weekly_strong, downtrend",watchlist,weekly_watchlist,watchlist,0.0,39.86,17.94,2.0,19.94,437
SHRIRAMFIN.NS,Shriram Finance Ltd.,Financial Services,Unknown,Unknown,True,F&O,1,Stage 2 Failed,Stage 1,Failed Stage 2,Failed Stage 2,Stage 2 Failed • Failed Stage 2,0.72,"This stock was recently Stage 2, but the latest structure no longer satisfies Stage 2 rules. It is kept as Stage 2 Failed until a fresh base/repair structure forms.",Recent Stage 2 break; public stage held as Stage 2 Failed.,2026-09-28,2026-09-10,,-2.85,12.38,4033151856.13,0.95,1.37,0.82,False,True,"Stage 1, Stage 1 - Base/Repair, weekly_vcp_ok, weekly_volume_dryup, weekly_strong, stage1_not_actionable, stage1_needs_more_base | Stage 2 failed state applied from stage memory.",watchlist,weekly_watchlist,watchlist,0.0,43.85,19.73,0.0,19.73,438
CSBBANK.NS,CSB Bank Limited,Financial Services,Unknown,Unknown,False,Cash,1,Stage 4,Stage 4,Stage 4 - Confirmed Downtrend,Stage 4 - Confirmed Downtrend,Stage 4 • Stage 4 - Confirmed Downtrend,0.86,Price is below a bearish moving-average stack with falling trend signals.,,,2026-01-30,,-2.79,-10.02,306639799.99,1.96,0.39,0.43,False,True,"Stage 4, Stage 4 - Confirmed Downtrend, weekly_vcp_ok, weekly_volume_dryup, weekly_strong, downtrend",watchlist,weekly_watchlist,watchlist,5.2,36.9,19.46,0.0,19.46,439
HDFCLIFE.NS,HDFC Life Insurance Company Limited,Financial Services,Unknown,Unknown,True,F&O,1,Stage 4,Stage 4,Stage 4 - Confirmed Downtrend,Stage 4 - Confirmed Downtrend,Stage 4 • Stage 4 - Confirmed Downtrend,0.86,Price is below a bearish moving-average stack with falling trend signals.,,,,,-1.85,-3.5,2356989744.82,1.51,0.6,1.57,False,False,"Stage 4, Stage 4 - Confirmed Downtrend, weekly_vcp_ok, weekly_strong, downtrend",watchlist,weekly_watchlist,watchlist,5.2,36.9,19.46,0.0,19.46,440
BDL.NS,Bharat Dynamics Limited,Capital Goods,Unknown,Unknown,True,F&O,1,Stage 4,Stage 4,Stage 4 - Confirmed Downtrend,Stage 4 - Confirmed Downtrend,Stage 4 • Stage 4 - Confirmed Downtrend,0.86,Price is below a bearish moving-average stack with falling trend signals.,,,,,-14.36,-3.67,1205583918.79,0.81,1.03,0.84,True,True,"Stage 4, Stage 4 - Confirmed Downtrend, weekly_vcp_ok, volume_dryup, weekly_volume_dryup, weekly_strong, downtrend",watchlist,weekly_watchlist,watchlist,0.0,32.13,14.46,5.0,19.46,441
EQUITASBNK.NS,Equitas Small Finance Bank Limited,Financial Services,Unknown,Unknown,False,Cash,1,Stage 1,Stage 1,Stage 1 - Base/Repair,Stage 1 - Base/Repair,Stage 1 • Stage 1 - Base/Repair,0.7,Price is near long-term moving averages with no strong long-term downtrend signal.,,,2026-08-31,,-9.65,23.95,116818835.27,0.95,1.35,1.12,False,False,"Stage 1, Stage 1 - Base/Repair, weekly_vcp_ok, weekly_strong, stage1_not_actionable, stage1_needs_more_base",watchlist,weekly_watchlist,watchlist,0.0,43.23,19.45,0.0,19.45,442
HOMEFIRST.NS,Home First Finance Company India Limited,Financial Services,Unknown,Unknown,False,Cash,1,Stage 2 Failed,Stage 1,Failed Stage 2,Failed Stage 2,Stage 2 Failed • Failed Stage 2,0.72,"This stock was recently Stage 2, but the latest structure no longer satisfies Stage 2 rules. It is kept as Stage 2 Failed until a fresh base/repair structure forms.",Recent Stage 2 break; public stage held as Stage 2 Failed.,2026-09-28,2026-09-23,,-3.81,17.9,313641893.6,1.57,0.93,1.29,False,False,"Stage 1, Stage 1 - Base/Repair, weekly_vcp_ok, weekly_strong, stage1_not_actionable, stage1_needs_more_base | Stage 2 failed state applied from stage memory.",watchlist,weekly_watchlist,watchlist,0.0,43.21,19.44,0.0,19.44,443
BALKRISIND.NS,Balkrishna Industries Limited,Automobile and Auto Components,Unknown,Unknown,False,Cash,1,Stage 2 Failed,Stage 4,Failed Stage 2,Failed Stage 2,Stage 2 Failed • Failed Stage 2,0.72,"This stock was recently Stage 2, but the latest structure no longer satisfies Stage 2 rules. It is kept as Stage 2 Failed until a fresh base/repair structure forms.",Recent Stage 2 break; public stage held as Stage 2 Failed.,2026-09-28,2026-09-07,,2.02,3.84,576763547.38,0.31,0.13,0.15,True,True,"Stage 4, Stage 4 - Weak/Declining, weekly_vcp_ok, volume_dryup, weekly_volume_dryup, weekly_strong, downtrend | Stage 2 failed state applied from stage memory.",watchlist,weekly_watchlist,watchlist,0.0,31.99,14.4,5.0,19.4,444
ACC.NS,ACC Limited,Construction Materials,Unknown,Unknown,False,Cash,1,Stage 4,Stage 4,Stage 4 - Confirmed Downtrend,Stage 4 - Confirmed Downtrend,Stage 4 • Stage 4 - Confirmed Downtrend,0.86,Price is below a bearish moving-average stack with falling trend signals.,,,,,-5.05,-5.69,139059817.88,0.82,1.33,0.55,True,True,"Stage 4, Stage 4 - Confirmed Downtrend, weekly_vcp_ok, volume_dryup, weekly_volume_dryup, weekly_strong, downtrend",watchlist,weekly_watchlist,watchlist,5.06,36.9,19.39,0.0,19.39,445
BLUEJET.NS,Blue Jet Healthcare Ltd.,Healthcare,Unknown,Unknown,False,Cash,1,Stage 2 Failed,Stage 3,Failed Stage 2,Failed Stage 2,Stage 2 Failed • Failed Stage 2,0.72,"This stock was recently Stage 2, but the latest structure no longer satisfies Stage 2 rules. It is kept as Stage 2 Failed until a fresh base/repair structure forms.",Recent Stage 2 break; public stage held as Stage 2 Failed.,2026-09-28,2026-09-25,,3.39,58.54,233025678.17,0.65,0.41,0.54,True,True,"Stage 3, Stage 3 - Transition, volume_dryup, weekly_volume_dryup, distribution_risk | Stage 2 failed state applied from stage memory.",watchlist,weekly_watchlist,watchlist,5.28,14.19,9.29,10.0,19.29,446
ICICIBANK.NS,ICICI Bank Limited,Financial Services,Unknown,Unknown,True,F&O,1,Stage 2 Failed,Stage 1,Failed Stage 2,Failed Stage 2,Stage 2 Failed • Failed Stage 2,0.72,"This stock was recently Stage 2, but the latest structure no longer satisfies Stage 2 rules. It is kept as Stage 2 Failed until a fresh base/repair structure forms.",Recent Stage 2 break; public stage held as Stage 2 Failed.,2026-09-28,2026-09-17,,-1.11,10.25,11441517023.53,0.81,0.76,0.75,True,True,"Stage 1, Stage 1 - Base/Repair, weekly_vcp_ok, volume_dryup, weekly_volume_dryup, weekly_strong, stage1_not_actionable, stage1_needs_more_base | Stage 2 failed state applied from stage memory.",watchlist,weekly_watchlist,watchlist,0.0,42.71,19.22,0.0,19.22,447
NH.NS,Narayana Hrudayalaya Ltd.,Healthcare,Unknown,Unknown,False,Cash,1,Stage 2 Failed,Stage 4,Failed Stage 2,Failed Stage 2,Stage 2 Failed • Failed Stage 2,0.72,"This stock was recently Stage 2, but the latest structure no longer satisfies Stage 2 rules. It is kept as Stage 2 Failed until a fresh base/repair structure forms.",Recent Stage 2 break; public stage held as Stage 2 Failed.,2026-09-28,2026-09-23,,-3.05,14.51,327042579.17,0.59,0.68,0.36,True,True,"Stage 4, Stage 4 - Weak/Declining, volume_dryup, weekly_volume_dryup, downtrend | Stage 2 failed state applied from stage memory.",watchlist,weekly_watchlist,watchlist,14.46,2.75,9.19,10.0,19.19,448
PRESTIGE.NS,Prestige Estates Projects Ltd.,Realty,Unknown,Unknown,True,F&O,1,Stage 4,Stage 4,Stage 4 - Weak/Declining,Stage 4 - Weak/Declining,Stage 4 • Stage 4 - Weak/Declining,0.72,Price is below long-term support with weak trend evidence.,,,2026-08-31,,-6.93,30.09,698715229.08,0.82,1.25,0.72,True,True,"Stage 4, Stage 4 - Weak/Declining, weekly_vcp_ok, volume_dryup, weekly_volume_dryup, weekly_strong, downtrend",watchlist,weekly_watchlist,watchlist,0.0,38.12,17.15,2.0,19.15,449
MANAPPURAM.NS,Manappuram Finance Limited,Financial Services,Unknown,Unknown,True,F&O,1,Stage 2 Failed,Stage 3,Failed Stage 2,Failed Stage 2,Stage 2 Failed • Failed Stage 2,0.72,"This stock was recently Stage 2, but the latest structure no longer satisfies Stage 2 rules. It is kept as Stage 2 Failed until a fresh base/repair structure forms.",Recent Stage 2 break; public stage held as Stage 2 Failed.,2026-09-28,2026-09-25,,2.26,25.17,1309739699.05,0.68,1.9,0.83,True,True,"Stage 3, Stage 3 - Transition, weekly_vcp_ok, volume_dryup, weekly_volume_dryup, weekly_strong, distribution_risk | Stage 2 failed state applied from stage memory.",watchlist,weekly_watchlist,watchlist,0.0,42.54,19.14,0.0,19.14,450
AADHARHFC.NS,Aadhar Housing Finance Ltd.,Financial Services,Unknown,Unknown,False,Cash,1,Stage 4,Stage 4,Stage 4 - Weak/Declining,Stage 4 - Weak/Declining,Stage 4 • Stage 4 - Weak/Declining,0.72,Price is below long-term support with weak trend evidence.,,,2026-08-17,,-13.33,1.77,155034719.12,1.27,0.45,0.8,False,True,"Stage 4, Stage 4 - Weak/Declining, weekly_vcp_ok, weekly_volume_dryup, weekly_strong, downtrend",watchlist,weekly_watchlist,watchlist,4.57,36.9,19.12,0.0,19.12,451
LAOPALA.NS,La Opala RG Limited,Consumer Durables,Unknown,Unknown,False,Cash,1,Stage 4,Stage 4,Stage 4 - Confirmed Downtrend,Stage 4 - Confirmed Downtrend,Stage 4 • Stage 4 - Confirmed Downtrend,0.86,Price is below a bearish moving-average stack with falling trend signals.,,,,,-7.34,-7.33,22957858.35,0.56,1.29,0.3,True,True,"Stage 4, Stage 4 - Confirmed Downtrend, weekly_vcp_ok, volume_dryup, weekly_volume_dryup, weekly_strong, downtrend",watchlist,weekly_watchlist,watchlist,5.35,35.8,19.05,0.0,19.05,452
JKIL.NS,J.Kumar Infraprojects Limited,Construction,Unknown,Unknown,False,Cash,1,Stage 4,Stage 4,Stage 4 - Confirmed Downtrend,Stage 4 - Confirmed Downtrend,Stage 4 • Stage 4 - Confirmed Downtrend,0.86,Price is below a bearish moving-average stack with falling trend signals.,,,,,0.11,4.63,20333589.47,0.76,0.73,0.7,True,True,"Stage 4, Stage 4 - Confirmed Downtrend, weekly_vcp_ok, volume_dryup, weekly_volume_dryup, weekly_strong, downtrend",watchlist,weekly_watchlist,watchlist,4.0,37.37,19.02,0.0,19.02,453
GRAVITA.NS,Gravita India Limited,Metals & Mining,Unknown,Unknown,False,Cash,1,Stage 2 Failed,Stage 4,Failed Stage 2,Failed Stage 2,Stage 2 Failed • Failed Stage 2,0.72,"This stock was recently Stage 2, but the latest structure no longer satisfies Stage 2 rules. It is kept as Stage 2 Failed until a fresh base/repair structure forms.",Recent Stage 2 break; public stage held as Stage 2 Failed.,2026-09-28,2026-09-10,,-7.46,16.18,310091080.2,1.03,0.89,1.15,False,False,"Stage 4, Stage 4 - Weak/Declining, weekly_vcp_ok, weekly_strong, downtrend | Stage 2 failed state applied from stage memory.",watchlist,weekly_watchlist,watchlist,0.0,37.77,17.0,2.0,19.0,454
MASTEK.NS,Mastek Limited,Information Technology,Unknown,Unknown,False,Cash,1,Stage 4,Stage 4,Stage 4 - Weak/Declining,Stage 4 - Weak/Declining,Stage 4 • Stage 4 - Weak/Declining,0.72,Price is below long-term support with weak trend evidence.,,,,,2.36,6.29,187369648.59,0.46,0.14,0.33,True,True,"Stage 4, Stage 4 - Weak/Declining, weekly_vcp_ok, volume_dryup, weekly_volume_dryup, weekly_strong, downtrend",watchlist,weekly_watchlist,watchlist,0.0,37.76,16.99,2.0,18.99,455
GREENPANEL.NS,Greenpanel Industries Limited,Consumer Durables,Unknown,Unknown,False,Cash,1,Stage 4,Stage 4,Stage 4 - Confirmed Downtrend,Stage 4 - Confirmed Downtrend,Stage 4 • Stage 4 - Confirmed Downtrend,0.86,Price is below a bearish moving-average stack with falling trend signals.,,,,,-11.01,-9.99,76363877.17,1.51,0.28,0.9,False,True,"Stage 4, Stage 4 - Confirmed Downtrend, weekly_vcp_ok, weekly_volume_dryup, weekly_strong, downtrend",watchlist,weekly_watchlist,watchlist,5.2,35.8,18.97,0.0,18.97,456
SUNDARMFIN.NS,Sundaram Finance Limited,Financial Services,Unknown,Unknown,False,Cash,1,Stage 1,Stage 1,Stage 1 - Base/Repair,Stage 1 - Base/Repair,Stage 1 • Stage 1 - Base/Repair,0.7,Price is near long-term moving averages with no strong long-term downtrend signal.,,,2026-03-17,,2.66,0.91,199606253.79,1.12,0.64,0.95,False,False,"Stage 1, Stage 1 - Base/Repair, weekly_vcp_ok, weekly_strong, stage1_not_actionable, stage1_needs_more_base",watchlist,weekly_watchlist,watchlist,0.0,42.16,18.97,0.0,18.97,457
HCG.NS,Healthcare Global Enterprises Limited,Healthcare,Unknown,Unknown,False,Cash,1,Stage 2 Failed,Not Sure,Failed Stage 2,Failed Stage 2,Stage 2 Failed • Failed Stage 2,0.72,"This stock was recently Stage 2, but the latest structure no longer satisfies Stage 2 rules. It is kept as Stage 2 Failed until a fresh base/repair structure forms.",Recent Stage 2 break; public stage held as Stage 2 Failed.,2026-09-28,2026-09-22,,11.61,33.24,93917763.36,0.83,0.41,0.42,True,True,"Not Sure, Not Sure, volume_dryup, weekly_volume_dryup | Stage 2 failed state applied from stage memory.",watchlist,weekly_watchlist,watchlist,7.74,10.48,8.97,10.0,18.97,458
UNIONBANK.NS,Union Bank of India,Financial Services,Unknown,Unknown,True,F&O,1,Stage 2 Failed,Stage 3,Failed Stage 2,Failed Stage 2,Stage 2 Failed • Failed Stage 2,0.72,"This stock was recently Stage 2, but the latest structure no longer satisfies Stage 2 rules. It is kept as Stage 2 Failed until a fresh base/repair structure forms.",Recent Stage 2 break; public stage held as Stage 2 Failed.,2026-09-28,2026-09-25,,6.52,5.07,1262232917.83,0.61,1.13,0.58,True,True,"Stage 3, Stage 3 - Distribution/Damage, weekly_vcp_ok, volume_dryup, weekly_volume_dryup, weekly_strong, distribution_risk | Stage 2 failed state applied from stage memory.",watchlist,weekly_watchlist,watchlist,0.0,42.06,18.93,0.0,18.93,459
RELIGARE.NS,Religare Enterprises Limited,Financial Services,Unknown,Unknown,False,Cash,1,Stage 2 Failed,Stage 1,Failed Stage 2,Failed Stage 2,Stage 2 Failed • Failed Stage 2,0.72,"This stock was recently Stage 2, but the latest structure no longer satisfies Stage 2 rules. It is kept as Stage 2 Failed until a fresh base/repair structure forms.",Recent Stage 2 break; public stage held as Stage 2 Failed.,2026-09-28,2026-09-23,,-5.68,6.92,210462472.13,0.54,0.2,0.52,True,True,"Stage 1, Stage 1 - Base/Repair, weekly_vcp_ok, volume_dryup, weekly_volume_dryup, weekly_strong, stage1_not_actionable, stage1_needs_more_base | Stage 2 failed state applied from stage memory.",watchlist,weekly_watchlist,watchlist,0.0,41.92,18.86,0.0,18.86,460
RELIANCE.NS,Reliance Industries Limited,"Oil, Gas & Consumable Fuels",Unknown,Unknown,True,F&O,1,Stage 4,Stage 4,Stage 4 - Confirmed Downtrend,Stage 4 - Confirmed Downtrend,Stage 4 • Stage 4 - Confirmed Downtrend,0.86,Price is below a bearish moving-average stack with falling trend signals.,,,2026-01-14,,-3.02,-8.65,13587409629.61,1.07,1.29,1.1,False,False,"Stage 4, Stage 4 - Confirmed Downtrend, weekly_vcp_ok, downtrend",watchlist,weekly_watchlist,watchlist,7.1,22.1,13.85,5.0,18.85,461
TATATECH.NS,Tata Technologies Ltd.,Information Technology,Unknown,Unknown,False,Cash,1,Stage 2,Stage 2,Early Stage 2,Early Stage 2,Stage 2 • Early Stage 2,0.72,"Price has moved above long-term structure, but the full moving-average stack is not clean yet.",,,2026-09-25,,4.35,34.93,700944668.42,0.66,0.88,0.49,True,True,"Stage 2, Early Stage 2, volume_dryup, weekly_volume_dryup",watchlist,weekly_watchlist,watchlist,14.62,19.53,16.83,2.0,18.83,462
GODREJPROP.NS,Godrej Properties Limited,Realty,Unknown,Unknown,True,F&O,1,Stage 4,Stage 4,Stage 4 - Weak/Declining,Stage 4 - Weak/Declining,Stage 4 • Stage 4 - Weak/Declining,0.72,Price is below long-term support with weak trend evidence.,,,2026-08-28,,-9.67,13.5,1197861702.45,0.84,0.67,0.6,True,True,"Stage 4, Stage 4 - Weak/Declining, weekly_vcp_ok, volume_dryup, weekly_volume_dryup, weekly_strong, downtrend",watchlist,weekly_watchlist,watchlist,0.0,37.28,16.78,2.0,18.78,463
NIITMTS.NS,NIIT Learning Systems Limited,Consumer Services,Unknown,Unknown,False,Cash,1,Stage 4,Stage 4,Stage 4 - Confirmed Downtrend,Stage 4 - Confirmed Downtrend,Stage 4 • Stage 4 - Confirmed Downtrend,0.86,Price is below a bearish moving-average stack with falling trend signals.,,,2026-02-17,,-5.67,-21.86,45424154.52,0.91,0.63,0.66,False,True,"Stage 4, Stage 4 - Confirmed Downtrend, weekly_vcp_ok, weekly_volume_dryup, weekly_strong, downtrend",watchlist,weekly_watchlist,watchlist,1.07,35.8,16.7,2.0,18.7,464
BLUEDART.NS,Blue Dart Express Limited,Services,Unknown,Unknown,False,Cash,1,Stage 4,Stage 4,Stage 4 - Weak/Declining,Stage 4 - Weak/Declining,Stage 4 • Stage 4 - Weak/Declining,0.72,Price is below long-term support with weak trend evidence.,,,,,2.16,-0.55,41562469.55,0.28,0.75,0.24,True,True,"Stage 4, Stage 4 - Weak/Declining, weekly_vcp_ok, volume_dryup, weekly_volume_dryup, weekly_strong, downtrend",watchlist,weekly_watchlist,watchlist,0.0,37.06,16.68,2.0,18.68,465
IMFA.NS,Indian Metals & Ferro Alloys Limited,Metals & Mining,Unknown,Unknown,False,Cash,1,Stage 4,Stage 4,Stage 4 - Weak/Declining,Stage 4 - Weak/Declining,Stage 4 • Stage 4 - Weak/Declining,0.72,Price is below long-term support with weak trend evidence.,,,2026-08-24,,-5.49,-1.17,109168594.53,0.58,0.6,0.46,True,True,"Stage 4, Stage 4 - Weak/Declining, weekly_vcp_ok, volume_dryup, weekly_volume_dryup, weekly_strong, downtrend",watchlist,weekly_watchlist,watchlist,0.0,36.9,16.61,2.0,18.61,466
INDIAMART.NS,Indiamart Intermesh Limited,Consumer Services,Unknown,Unknown,False,Cash,1,Stage 4,Stage 4,Stage 4 - Confirmed Downtrend,Stage 4 - Confirmed Downtrend,Stage 4 • Stage 4 - Confirmed Downtrend,0.86,Price is below a bearish moving-average stack with falling trend signals.,,,,,-8.6,-14.32,182855230.01,1.2,0.3,0.41,False,True,"Stage 4, Stage 4 - Confirmed Downtrend, weekly_vcp_ok, weekly_volume_dryup, weekly_strong, downtrend",watchlist,weekly_watchlist,watchlist,0.0,36.9,16.61,2.0,18.61,467
MHRIL.NS,Mahindra Holidays & Resorts India Limited,Consumer Services,Unknown,Unknown,False,Cash,1,Stage 4,Stage 4,Stage 4 - Confirmed Downtrend,Stage 4 - Confirmed Downtrend,Stage 4 • Stage 4 - Confirmed Downtrend,0.86,Price is below a bearish moving-average stack with falling trend signals.,,,,,-12.35,-18.34,25050216.64,0.81,1.71,0.69,True,True,"Stage 4, Stage 4 - Confirmed Downtrend, weekly_vcp_ok, volume_dryup, weekly_volume_dryup, weekly_strong, downtrend",watchlist,weekly_watchlist,watchlist,0.0,36.9,16.61,2.0,18.61,468
NUCLEUS.NS,Nucleus Software Exports Limited,Information Technology,Unknown,Unknown,False,Cash,1,Stage 4,Stage 4,Stage 4 - Confirmed Downtrend,Stage 4 - Confirmed Downtrend,Stage 4 • Stage 4 - Confirmed Downtrend,0.86,Price is below a bearish moving-average stack with falling trend signals.,,,,,-5.53,-10.96,12398212.32,0.43,0.69,0.42,True,True,"Stage 4, Stage 4 - Confirmed Downtrend, weekly_vcp_ok, volume_dryup, weekly_volume_dryup, weekly_strong, downtrend",watchlist,weekly_watchlist,watchlist,0.0,36.9,16.61,2.0,18.61,469
ZAGGLE.NS,Zaggle Prepaid Ocean Services Limited,Information Technology,Unknown,Unknown,False,Cash,1,Stage 4,Stage 4,Stage 4 - Confirmed Downtrend,Stage 4 - Confirmed Downtrend,Stage 4 • Stage 4 - Confirmed Downtrend,0.86,Price is below a bearish moving-average stack with falling trend signals.,,,,,-12.05,-23.01,168321767.95,0.29,0.14,0.25,True,True,"Stage 4, Stage 4 - Confirmed Downtrend, weekly_vcp_ok, volume_dryup, weekly_volume_dryup, weekly_strong, downtrend",watchlist,weekly_watchlist,watchlist,0.0,36.9,16.61,2.0,18.61,470
VTL.NS,Vardhman Textiles Limited,Textiles,Unknown,Unknown,False,Cash,1,Stage 4,Stage 4,Stage 4 - Weak/Declining,Stage 4 - Weak/Declining,Stage 4 • Stage 4 - Weak/Declining,0.72,Price is below long-term support with weak trend evidence.,,,2026-08-14,,-12.0,3.85,998004055.5,0.53,0.23,0.72,True,True,"Stage 4, Stage 4 - Weak/Declining, volume_dryup, weekly_volume_dryup, downtrend",watchlist,weekly_watchlist,watchlist,12.2,4.0,8.51,10.0,18.51,471
ORISSAMINE.NS,The Orissa Minerals Development Company Limited,Metals & Mining,Unknown,Unknown,False,Cash,1,Stage 4,Stage 4,Stage 4 - Weak/Declining,Stage 4 - Weak/Declining,Stage 4 • Stage 4 - Weak/Declining,0.72,Price is below long-term support with weak trend evidence.,,,,,-2.59,11.02,29302418.1,0.31,0.47,0.21,True,True,"Stage 4, Stage 4 - Weak/Declining, weekly_vcp_ok, volume_dryup, weekly_volume_dryup, weekly_strong, downtrend",watchlist,weekly_watchlist,watchlist,0.0,36.64,16.49,2.0,18.49,472
HEXT.NS,Hexaware Technologies Ltd.,Information Technology,Unknown,Unknown,False,Cash,1,Stage 4,Stage 4,Stage 4 - Weak/Declining,Stage 4 - Weak/Declining,Stage 4 • Stage 4 - Weak/Declining,0.72,Price is below long-term support with weak trend evidence.,,,,,-6.77,14.54,160709945.86,0.31,0.49,0.26,True,True,"Stage 4, Stage 4 - Weak/Declining, weekly_vcp_ok, volume_dryup, weekly_volume_dryup, weekly_strong, downtrend",watchlist,weekly_watchlist,watchlist,0.0,36.58,16.46,2.0,18.46,473
UJJIVANSFB.NS,Ujjivan Small Finance Bank Limited,Financial Services,Unknown,Unknown,False,Cash,1,Stage 2,Stage 2,Early Stage 2,Early Stage 2,Stage 2 • Early Stage 2,0.72,"Price has moved above long-term structure, but the full moving-average stack is not clean yet.",,,2026-09-25,,7.86,16.1,845642100.72,0.59,1.23,0.83,True,True,"Stage 2, Early Stage 2, volume_dryup, weekly_volume_dryup",watchlist,weekly_watchlist,watchlist,18.74,18.0,18.41,0.0,18.41,474
HIKAL.NS,Hikal Limited,Healthcare,Unknown,Unknown,False,Cash,1,Stage 2 Failed,Stage 1,Failed Stage 2,Failed Stage 2,Stage 2 Failed • Failed Stage 2,0.72,"This stock was recently Stage 2, but the latest structure no longer satisfies Stage 2 rules. It is kept as Stage 2 Failed until a fresh base/repair structure forms.",Recent Stage 2 break; public stage held as Stage 2 Failed.,2026-09-28,2026-09-23,,-1.14,32.2,900786100.81,0.53,0.24,0.57,True,True,"Stage 1, Stage 1 - Base/Repair, stage1_base_ready, volume_dryup, weekly_volume_dryup, stage1_not_actionable | Stage 2 failed state applied from stage memory.",watchlist,weekly_watchlist,watchlist,6.68,10.51,8.4,10.0,18.4,475
MAHSCOOTER.NS,Maharashtra Scooters Limited,Financial Services,Unknown,Unknown,False,Cash,1,Stage 2 Failed,Stage 4,Failed Stage 2,Failed Stage 2,Stage 2 Failed • Failed Stage 2,0.72,"This stock was recently Stage 2, but the latest structure no longer satisfies Stage 2 rules. It is kept as Stage 2 Failed until a fresh base/repair structure forms.",Recent Stage 2 break; public stage held as Stage 2 Failed.,2026-09-28,2026-09-24,,7.39,19.44,43906281.14,0.89,0.61,0.75,False,True,"Stage 4, Stage 4 - Weak/Declining, weekly_vcp_ok, weekly_volume_dryup, weekly_strong, downtrend | Stage 2 failed state applied from stage memory.",watchlist,weekly_watchlist,watchlist,1.03,39.58,18.38,0.0,18.38,476
MARICO.NS,Marico Limited,Fast Moving Consumer Goods,Unknown,Unknown,True,F&O,1,Stage 3,Stage 3,Stage 3 - Distribution/Damage,Stage 3 - Distribution/Damage,Stage 3 • Stage 3 - Distribution/Damage,0.76,"Prior strength exists, but short-term and/or weekly structure is deteriorating.",,,2026-09-01,,0.55,9.56,1288667038.72,0.93,0.69,0.52,False,True,"Stage 3, Stage 3 - Distribution/Damage, weekly_vcp_ok, weekly_volume_dryup, weekly_strong, distribution_risk",watchlist,weekly_watchlist,watchlist,0.0,40.81,18.36,0.0,18.36,477
MAPMYINDIA.NS,C.E. Info Systems Limited,Information Technology,Unknown,Unknown,False,Cash,1,Stage 4,Stage 4,Stage 4 - Weak/Declining,Stage 4 - Weak/Declining,Stage 4 • Stage 4 - Weak/Declining,0.72,Price is below long-term support with weak trend evidence.,,,,,0.11,2.85,172246408.57,0.94,0.4,1.44,False,False,"Stage 4, Stage 4 - Weak/Declining, weekly_vcp_ok, weekly_strong, downtrend",watchlist,weekly_watchlist,watchlist,0.0,36.1,16.25,2.0,18.25,478
VENTIVE.NS,Ventive Hospitality Ltd.,Consumer Services,Unknown,Unknown,False,Cash,1,Stage 4,Stage 4,Stage 4 - Confirmed Downtrend,Stage 4 - Confirmed Downtrend,Stage 4 • Stage 4 - Confirmed Downtrend,0.86,Price is below a bearish moving-average stack with falling trend signals.,,,,,-6.02,-0.91,19531361.81,1.28,0.9,1.23,False,False,"Stage 4, Stage 4 - Confirmed Downtrend, weekly_vcp_ok, weekly_strong, downtrend",watchlist,weekly_watchlist,watchlist,0.2,35.8,16.22,2.0,18.22,479
ORIENTELEC.NS,Orient Electric Limited,Consumer Durables,Unknown,Unknown,False,Cash,1,Stage 4,Stage 4,Stage 4 - Weak/Declining,Stage 4 - Weak/Declining,Stage 4 • Stage 4 - Weak/Declining,0.72,Price is below long-term support with weak trend evidence.,,,2026-09-04,,-5.63,2.59,21448594.08,0.15,1.29,0.17,True,True,"Stage 4, Stage 4 - Weak/Declining, weekly_vcp_ok, volume_dryup, weekly_volume_dryup, weekly_strong, downtrend",watchlist,weekly_watchlist,watchlist,2.87,36.9,18.18,0.0,18.18,480
EIHOTEL.NS,EIH Limited,Consumer Services,Unknown,Unknown,False,Cash,1,Stage 4,Stage 4,Stage 4 - Confirmed Downtrend,Stage 4 - Confirmed Downtrend,Stage 4 • Stage 4 - Confirmed Downtrend,0.86,Price is below a bearish moving-average stack with falling trend signals.,,,2025-11-07,,-3.86,5.12,89666601.62,1.41,0.57,0.48,False,True,"Stage 4, Stage 4 - Confirmed Downtrend, weekly_vcp_ok, weekly_volume_dryup, weekly_strong, downtrend",watchlist,weekly_watchlist,watchlist,0.0,35.93,16.17,2.0,18.17,481
SAKSOFT.NS,Saksoft Limited,Information Technology,Unknown,Unknown,False,Cash,1,Stage 4,Stage 4,Stage 4 - Weak/Declining,Stage 4 - Weak/Declining,Stage 4 • Stage 4 - Weak/Declining,0.72,Price is below long-term support with weak trend evidence.,,,2025-11-20,,-15.79,16.93,36202748.52,0.61,0.64,0.39,True,True,"Stage 4, Stage 4 - Weak/Declining, weekly_vcp_ok, volume_dryup, weekly_volume_dryup, weekly_strong, downtrend",watchlist,weekly_watchlist,watchlist,0.0,35.91,16.16,2.0,18.16,482
ARVINDFASN.NS,Arvind Fashions Limited,Consumer Services,Unknown,Unknown,False,Cash,1,Stage 4,Stage 4,Stage 4 - Confirmed Downtrend,Stage 4 - Confirmed Downtrend,Stage 4 • Stage 4 - Confirmed Downtrend,0.86,Price is below a bearish moving-average stack with falling trend signals.,,,,,-6.6,3.19,83619957.17,0.66,0.46,0.68,True,True,"Stage 4, Stage 4 - Confirmed Downtrend, weekly_vcp_ok, volume_dryup, weekly_volume_dryup, weekly_strong, downtrend",watchlist,weekly_watchlist,watchlist,0.0,35.8,16.11,2.0,18.11,483
BSOFT.NS,BIRLASOFT LIMITED,Information Technology,Unknown,Unknown,False,Cash,1,Stage 4,Stage 4,Stage 4 - Weak/Declining,Stage 4 - Weak/Declining,Stage 4 • Stage 4 - Weak/Declining,0.72,Price is below long-term support with weak trend evidence.,,,2026-01-30,,2.75,-23.52,410579475.92,1.06,0.78,0.46,False,True,"Stage 4, Stage 4 - Weak/Declining, weekly_vcp_ok, weekly_volume_dryup, weekly_strong, downtrend",watchlist,weekly_watchlist,watchlist,0.0,35.8,16.11,2.0,18.11,484
DBREALTY.NS,D B Realty Limited,Realty,Unknown,Unknown,False,Cash,1,Stage 4,Stage 4,Stage 4 - Confirmed Downtrend,Stage 4 - Confirmed Downtrend,Stage 4 • Stage 4 - Confirmed Downtrend,0.86,Price is below a bearish moving-average stack with falling trend signals.,,,,,-11.49,8.62,96541764.44,1.19,0.3,1.17,False,False,"Stage 4, Stage 4 - Confirmed Downtrend, weekly_vcp_ok, weekly_strong, downtrend",watchlist,weekly_watchlist,watchlist,0.0,35.8,16.11,2.0,18.11,485
EASEMYTRIP.NS,Easy Trip Planners Limited,Consumer Services,Unknown,Unknown,False,Cash,1,Stage 4,Stage 4,Stage 4 - Confirmed Downtrend,Stage 4 - Confirmed Downtrend,Stage 4 • Stage 4 - Confirmed Downtrend,0.86,Price is below a bearish moving-average stack with falling trend signals.,,,,,-12.09,-5.9,89969161.11,0.89,0.91,1.09,False,False,"Stage 4, Stage 4 - Confirmed Downtrend, weekly_vcp_ok, weekly_strong, downtrend",watchlist,weekly_watchlist,watchlist,0.0,35.8,16.11,2.0,18.11,486
GATEWAY.NS,Gateway Distriparks Limited,Services,Unknown,Unknown,False,Cash,1,Stage 4,Stage 4,Stage 4 - Confirmed Downtrend,Stage 4 - Confirmed Downtrend,Stage 4 • Stage 4 - Confirmed Downtrend,0.86,Price is below a bearish moving-average stack with falling trend signals.,,,2026-07-15,,-8.55,-0.11,30495054.99,0.48,0.85,0.47,True,True,"Stage 4, Stage 4 - Confirmed Downtrend, weekly_vcp_ok, volume_dryup, weekly_volume_dryup, weekly_strong, downtrend",watchlist,weekly_watchlist,watchlist,0.0,35.8,16.11,2.0,18.11,487
GMRAIRPORT.NS,GMR Airports Ltd.,Services,Unknown,Unknown,True,F&O,1,Stage 4,Stage 4,Stage 4 - Weak/Declining,Stage 4 - Weak/Declining,Stage 4 • Stage 4 - Weak/Declining,0.72,Price is below long-term support with weak trend evidence.,,,2026-08-19,,-10.14,8.87,1050956455.32,1.07,0.51,0.77,False,True,"Stage 4, Stage 4 - Weak/Declining, weekly_vcp_ok, weekly_volume_dryup, weekly_strong, downtrend",watchlist,weekly_watchlist,watchlist,0.0,35.8,16.11,2.0,18.11,488
IRCTC.NS,Indian Railway Catering And Tourism Corporation Ltd.,Consumer Services,Unknown,Unknown,False,Cash,1,Stage 4,Stage 4,Stage 4 - Confirmed Downtrend,Stage 4 - Confirmed Downtrend,Stage 4 • Stage 4 - Confirmed Downtrend,0.86,Price is below a bearish moving-average stack with falling trend signals.,,,,,-5.21,-9.04,291658967.15,0.92,0.54,0.65,False,True,"Stage 4, Stage 4 - Confirmed Downtrend, weekly_vcp_ok, weekly_volume_dryup, weekly_strong, downtrend",watchlist,weekly_watchlist,watchlist,0.0,35.8,16.11,2.0,18.11,489
KPITTECH.NS,KPIT Technologies Limited,Information Technology,Unknown,Unknown,True,F&O,1,Stage 4,Stage 4,Stage 4 - Confirmed Downtrend,Stage 4 - Confirmed Downtrend,Stage 4 • Stage 4 - Confirmed Downtrend,0.86,Price is below a bearish moving-average stack with falling trend signals.,,,,,-3.04,-24.08,756934635.98,0.62,0.6,0.44,True,True,"Stage 4, Stage 4 - Confirmed Downtrend, weekly_vcp_ok, volume_dryup, weekly_volume_dryup, weekly_strong, downtrend",watchlist,weekly_watchlist,watchlist,0.0,35.8,16.11,2.0,18.11,490
RTNINDIA.NS,RattanIndia Enterprises Limited,Services,Unknown,Unknown,False,Cash,1,Stage 4,Stage 4,Stage 4 - Confirmed Downtrend,Stage 4 - Confirmed Downtrend,Stage 4 • Stage 4 - Confirmed Downtrend,0.86,Price is below a bearish moving-average stack with falling trend signals.,,,,,-18.17,-6.74,45125041.06,1.07,0.59,0.75,False,True,"Stage 4, Stage 4 - Confirmed Downtrend, weekly_vcp_ok, weekly_volume_dryup, weekly_strong, downtrend",watchlist,weekly_watchlist,watchlist,0.0,35.8,16.11,2.0,18.11,491
TEAMLEASE.NS,Teamlease Services Limited,Services,Unknown,Unknown,False,Cash,1,Stage 4,Stage 4,Stage 4 - Confirmed Downtrend,Stage 4 - Confirmed Downtrend,Stage 4 • Stage 4 - Confirmed Downtrend,0.86,Price is below a bearish moving-average stack with falling trend signals.,,,,,-17.21,-0.36,21171673.51,0.54,1.03,0.65,True,True,"Stage 4, Stage 4 - Confirmed Downtrend, weekly_vcp_ok, volume_dryup, weekly_volume_dryup, weekly_strong, downtrend",watchlist,weekly_watchlist,watchlist,0.0,35.8,16.11,2.0,18.11,492
PIDILITIND.NS,Pidilite Industries Limited,Chemicals,Unknown,Unknown,True,F&O,1,Stage 2 Failed,Stage 3,Failed Stage 2,Failed Stage 2,Stage 2 Failed • Failed Stage 2,0.72,"This stock was recently Stage 2, but the latest structure no longer satisfies Stage 2 rules. It is kept as Stage 2 Failed until a fresh base/repair structure forms.",Recent Stage 2 break; public stage held as Stage 2 Failed.,2026-09-28,2026-09-23,,-0.6,21.12,898765564.08,0.68,0.92,0.74,True,True,"Stage 3, Stage 3 - Transition, volume_dryup, weekly_volume_dryup, distribution_risk | Stage 2 failed state applied from stage memory.",watchlist,weekly_watchlist,watchlist,21.04,3.25,13.03,5.0,18.03,493
OLAELEC.NS,Ola Electric Mobility Ltd.,Automobile and Auto Components,Unknown,Unknown,False,Cash,1,Not Sure,Not Sure,Not Sure,Not Sure,Not Sure,0.0,Stage rules did not identify a reliable structure.,No confident stage classification.,,,,-11.7,35.85,3759078359.15,1.99,1.08,3.34,False,False,"Not Sure, Not Sure",watchlist,weekly_watchlist,watchlist,15.49,9.61,12.84,5.0,17.84,494
DBL.NS,Dilip Buildcon Limited,Construction,Unknown,Unknown,False,Cash,1,Stage 4,Stage 4,Stage 4 - Confirmed Downtrend,Stage 4 - Confirmed Downtrend,Stage 4 • Stage 4 - Confirmed Downtrend,0.86,Price is below a bearish moving-average stack with falling trend signals.,,,2025-11-04,,-1.62,2.58,214282980.88,0.41,0.69,0.22,True,True,"Stage 4, Stage 4 - Confirmed Downtrend, weekly_vcp_ok, volume_dryup, weekly_volume_dryup, weekly_strong, downtrend",watchlist,weekly_watchlist,watchlist,6.0,32.23,17.8,0.0,17.8,495
SANGHVIMOV.NS,Sanghvi Movers Limited,Capital Goods,Unknown,Unknown,False,Cash,1,Stage 2 Failed,Stage 3,Failed Stage 2,Failed Stage 2,Stage 2 Failed • Failed Stage 2,0.72,"This stock was recently Stage 2, but the latest structure no longer satisfies Stage 2 rules. It is kept as Stage 2 Failed until a fresh base/repair structure forms.",Recent Stage 2 break; public stage held as Stage 2 Failed.,2026-09-28,2026-09-18,,3.31,57.87,103658792.49,0.65,0.61,0.56,True,True,"Stage 3, Stage 3 - Distribution/Damage, volume_dryup, weekly_volume_dryup, distribution_risk | Stage 2 failed state applied from stage memory.",watchlist,weekly_watchlist,watchlist,20.15,3.72,12.76,5.0,17.76,496
VMM.NS,Vishal Mega Mart Ltd.,Consumer Services,Unknown,Unknown,True,F&O,1,Stage 4,Stage 4,Stage 4 - Confirmed Downtrend,Stage 4 - Confirmed Downtrend,Stage 4 • Stage 4 - Confirmed Downtrend,0.86,Price is below a bearish moving-average stack with falling trend signals.,,,,,-11.89,-4.3,1018645825.53,0.83,0.61,1.06,True,False,"Stage 4, Stage 4 - Confirmed Downtrend, weekly_vcp_ok, volume_dryup, weekly_strong, downtrend",watchlist,weekly_watchlist,watchlist,0.0,35.0,15.75,2.0,17.75,497
IRFC.NS,Indian Railway Finance Corporation Limited,Financial Services,Unknown,Unknown,True,F&O,1,Stage 4,Stage 4,Stage 4 - Confirmed Downtrend,Stage 4 - Confirmed Downtrend,Stage 4 • Stage 4 - Confirmed Downtrend,0.86,Price is below a bearish moving-average stack with falling trend signals.,,,,,-8.41,-12.21,559966715.71,1.03,1.2,0.82,False,True,"Stage 4, Stage 4 - Confirmed Downtrend, weekly_vcp_ok, weekly_volume_dryup, weekly_strong, downtrend",watchlist,weekly_watchlist,watchlist,2.7,35.8,17.59,0.0,17.59,498
AHLUCONT.NS,Ahluwalia Contracts (India) Limited,Construction,Unknown,Unknown,False,Cash,1,Stage 4,Stage 4,Stage 4 - Confirmed Downtrend,Stage 4 - Confirmed Downtrend,Stage 4 • Stage 4 - Confirmed Downtrend,0.86,Price is below a bearish moving-average stack with falling trend signals.,,,2025-12-05,,-27.96,-15.2,37999530.1,0.71,0.26,0.48,True,True,"Stage 4, Stage 4 - Confirmed Downtrend, weekly_vcp_ok, volume_dryup, weekly_volume_dryup, weekly_strong, downtrend",watchlist,weekly_watchlist,watchlist,2.5,35.8,17.48,0.0,17.48,499
GUJALKALI.NS,Gujarat Alkalies and Chemicals Limited,Chemicals,Unknown,Unknown,False,Cash,1,Stage 2 Failed,Stage 1,Failed Stage 2,Failed Stage 2,Stage 2 Failed • Failed Stage 2,0.72,"This stock was recently Stage 2, but the latest structure no longer satisfies Stage 2 rules. It is kept as Stage 2 Failed until a fresh base/repair structure forms.",Recent Stage 2 break; public stage held as Stage 2 Failed.,2026-09-28,2026-09-25,,6.71,5.42,73929605.99,0.73,0.42,0.36,True,True,"Stage 1, Stage 1 - Base/Repair, volume_dryup, weekly_volume_dryup, stage1_not_actionable, stage1_needs_more_base | Stage 2 failed state applied from stage memory.",watchlist,weekly_watchlist,watchlist,15.1,9.21,12.45,5.0,17.45,500
ENRIN.NS,Siemens Energy India Ltd.,Capital Goods,Unknown,Unknown,False,Cash,1,Stage 3,Stage 3,Stage 3 - Distribution/Damage,Stage 3 - Distribution/Damage,Stage 3 • Stage 3 - Distribution/Damage,0.76,"Prior strength exists, but short-term and/or weekly structure is deteriorating.",,,,,-5.05,24.35,1099260619.97,0.68,0.8,0.68,True,True,"Stage 3, Stage 3 - Distribution/Damage, volume_dryup, weekly_volume_dryup, distribution_risk",watchlist,weekly_watchlist,watchlist,16.99,6.73,12.37,5.0,17.37,501
DODLA.NS,Dodla Dairy Limited,Fast Moving Consumer Goods,Unknown,Unknown,False,Cash,1,Stage 4,Stage 4,Stage 4 - Confirmed Downtrend,Stage 4 - Confirmed Downtrend,Stage 4 • Stage 4 - Confirmed Downtrend,0.86,Price is below a bearish moving-average stack with falling trend signals.,,,,,-4.22,6.58,24687264.91,0.7,1.09,0.78,True,True,"Stage 4, Stage 4 - Confirmed Downtrend, weekly_vcp_ok, volume_dryup, weekly_volume_dryup, weekly_strong, downtrend",watchlist,weekly_watchlist,watchlist,1.1,37.14,17.32,0.0,17.32,502
TATAINVEST.NS,Tata Investment Corporation Ltd.,Financial Services,Unknown,Unknown,False,Cash,1,Stage 4,Stage 4,Stage 4 - Weak/Declining,Stage 4 - Weak/Declining,Stage 4 • Stage 4 - Weak/Declining,0.72,Price is below long-term support with weak trend evidence.,,,2025-10-29,,1.65,13.25,1666448619.96,3.29,0.3,0.38,False,True,"Stage 4, Stage 4 - Weak/Declining, weekly_vcp_ok, weekly_volume_dryup, weekly_strong, downtrend",watchlist,weekly_watchlist,watchlist,0.0,38.39,17.28,0.0,17.28,503
GRINFRA.NS,G R Infraprojects Limited,Construction,Unknown,Unknown,False,Cash,1,Stage 4,Stage 4,Stage 4 - Confirmed Downtrend,Stage 4 - Confirmed Downtrend,Stage 4 • Stage 4 - Confirmed Downtrend,0.86,Price is below a bearish moving-average stack with falling trend signals.,,,,,-8.91,-3.07,23849570.2,1.2,0.5,0.84,False,True,"Stage 4, Stage 4 - Confirmed Downtrend, weekly_vcp_ok, weekly_volume_dryup, weekly_strong, downtrend",watchlist,weekly_watchlist,watchlist,1.1,36.9,17.21,0.0,17.21,504
ASTRAMICRO.NS,Astra Microwave Products Limited,Capital Goods,Unknown,Unknown,False,Cash,1,Stage 2 Failed,Stage 3,Failed Stage 2,Failed Stage 2,Stage 2 Failed • Failed Stage 2,0.72,"This stock was recently Stage 2, but the latest structure no longer satisfies Stage 2 rules. It is kept as Stage 2 Failed until a fresh base/repair structure forms.",Recent Stage 2 break; public stage held as Stage 2 Failed.,2026-09-28,2026-09-15,,-6.22,69.41,496376616.93,0.58,0.39,0.46,True,True,"Stage 3, Stage 3 - Distribution/Damage, volume_dryup, weekly_volume_dryup, distribution_risk | Stage 2 failed state applied from stage memory.",watchlist,weekly_watchlist,watchlist,18.86,3.92,12.14,5.0,17.14,505
INOXWIND.NS,Inox Wind Limited,Capital Goods,Unknown,Unknown,True,F&O,1,Stage 4,Stage 4,Stage 4 - Confirmed Downtrend,Stage 4 - Confirmed Downtrend,Stage 4 • Stage 4 - Confirmed Downtrend,0.86,Price is below a bearish moving-average stack with falling trend signals.,,,,,-14.86,-7.23,902189434.74,0.8,0.47,0.89,True,True,"Stage 4, Stage 4 - Confirmed Downtrend, weekly_vcp_ok, volume_dryup, weekly_volume_dryup, downtrend",watchlist,weekly_watchlist,watchlist,3.95,22.1,12.12,5.0,17.12,506
PILANIINVS.NS,Pilani Investment and Industries Corporation Limited,Financial Services,Unknown,Unknown,False,Cash,1,Stage 4,Stage 4,Stage 4 - Confirmed Downtrend,Stage 4 - Confirmed Downtrend,Stage 4 • Stage 4 - Confirmed Downtrend,0.86,Price is below a bearish moving-average stack with falling trend signals.,,,2025-11-17,,-3.9,-1.34,9704972.4,0.92,0.64,0.59,False,True,"Stage 4, Stage 4 - Confirmed Downtrend, weekly_vcp_ok, weekly_volume_dryup, weekly_strong, downtrend",watchlist,weekly_watchlist,watchlist,0.0,38.0,17.1,0.0,17.1,507
BLUESTARCO.NS,Blue Star Limited,Consumer Durables,Unknown,Unknown,True,F&O,1,Stage 4,Stage 4,Stage 4 - Weak/Declining,Stage 4 - Weak/Declining,Stage 4 • Stage 4 - Weak/Declining,0.72,Price is below long-term support with weak trend evidence.,,,2026-03-12,,4.11,5.85,957486698.33,1.11,2.94,1.19,False,False,"Stage 4, Stage 4 - Weak/Declining, weekly_vcp_ok, weekly_strong, downtrend",watchlist,weekly_watchlist,watchlist,0.0,37.9,17.05,0.0,17.05,508
ELECON.NS,Elecon Engineering Company Limited,Capital Goods,Unknown,Unknown,False,Cash,1,Stage 3,Stage 3,Stage 3 - Transition,Stage 3 - Transition,Stage 3 • Stage 3 - Transition,0.62,"The structure is transitioning after prior strength, but it is not yet a confirmed Stage 4 decline.",,,2026-07-06,,-5.95,26.47,1177996305.16,3.24,4.18,7.02,False,False,"Stage 3, Stage 3 - Transition, distribution_risk",watchlist,weekly_watchlist,watchlist,19.25,3.25,12.05,5.0,17.05,509
POONAWALLA.NS,Poonawalla Fincorp Limited,Financial Services,Unknown,Unknown,False,Cash,1,Stage 2 Failed,Not Sure,Failed Stage 2,Failed Stage 2,Stage 2 Failed • Failed Stage 2,0.72,"This stock was recently Stage 2, but the latest structure no longer satisfies Stage 2 rules. It is kept as Stage 2 Failed until a fresh base/repair structure forms.",Recent Stage 2 break; public stage held as Stage 2 Failed.,2026-09-28,2026-09-23,,2.53,15.44,558579655.73,1.45,1.01,0.99,False,False,"Not Sure, Not Sure, weekly_vcp_ok | Stage 2 failed state applied from stage memory.",watchlist,weekly_watchlist,watchlist,3.09,33.9,16.95,0.0,16.95,510
BIRLACORPN.NS,Birla Corporation Limited,Construction Materials,Unknown,Unknown,False,Cash,1,Stage 4,Stage 4,Stage 4 - Confirmed Downtrend,Stage 4 - Confirmed Downtrend,Stage 4 • Stage 4 - Confirmed Downtrend,0.86,Price is below a bearish moving-average stack with falling trend signals.,,,,,-8.27,-2.21,41796845.07,0.73,0.58,0.5,True,True,"Stage 4, Stage 4 - Confirmed Downtrend, weekly_vcp_ok, volume_dryup, weekly_volume_dryup, weekly_strong, downtrend",watchlist,weekly_watchlist,watchlist,0.52,36.9,16.89,0.0,16.89,511
RESPONIND.NS,Responsive Industries Limited,Consumer Durables,Unknown,Unknown,False,Cash,1,Stage 4,Stage 4,Stage 4 - Confirmed Downtrend,Stage 4 - Confirmed Downtrend,Stage 4 • Stage 4 - Confirmed Downtrend,0.86,Price is below a bearish moving-average stack with falling trend signals.,,,2026-07-20,,-14.76,27.03,525374893.05,0.43,0.32,0.5,True,True,"Stage 4, Stage 4 - Confirmed Downtrend, weekly_vcp_ok, volume_dryup, weekly_volume_dryup, weekly_strong, downtrend",watchlist,weekly_watchlist,watchlist,0.0,37.03,16.66,0.0,16.66,512
TIMKEN.NS,Timken India Limited,Capital Goods,Unknown,Unknown,False,Cash,1,Stage 1,Stage 1,Stage 1 - Base/Repair,Stage 1 - Base/Repair,Stage 1 • Stage 1 - Base/Repair,0.7,Price is near long-term moving averages with no strong long-term downtrend signal.,,,2026-07-06,,-3.8,-2.66,119275330.87,1.18,0.52,0.88,False,True,"Stage 1, Stage 1 - Base/Repair, weekly_volume_dryup, stage1_not_actionable, stage1_needs_more_base",watchlist,weekly_watchlist,watchlist,10.07,13.6,11.66,5.0,16.66,513
HEIDELBERG.NS,HeidelbergCement India Limited,Construction Materials,Unknown,Unknown,False,Cash,1,Stage 4,Stage 4,Stage 4 - Weak/Declining,Stage 4 - Weak/Declining,Stage 4 • Stage 4 - Weak/Declining,0.72,Price is below long-term support with weak trend evidence.,,,,,-5.7,-3.67,33449084.6,1.3,1.03,1.29,False,False,"Stage 4, Stage 4 - Weak/Declining, weekly_vcp_ok, weekly_strong, downtrend",watchlist,weekly_watchlist,watchlist,0.0,36.9,16.61,0.0,16.61,514
HINDWAREAP.NS,Hindware Home Innovation Limited,Consumer Durables,Unknown,Unknown,False,Cash,1,Stage 4,Stage 4,Stage 4 - Confirmed Downtrend,Stage 4 - Confirmed Downtrend,Stage 4 • Stage 4 - Confirmed Downtrend,0.86,Price is below a bearish moving-average stack with falling trend signals.,,,2025-11-28,,-26.95,-9.48,17349528.4,0.76,0.88,0.84,True,True,"Stage 4, Stage 4 - Confirmed Downtrend, weekly_vcp_ok, volume_dryup, weekly_volume_dryup, weekly_strong, downtrend",watchlist,weekly_watchlist,watchlist,0.0,36.9,16.61,0.0,16.61,515
JKLAKSHMI.NS,JK Lakshmi Cement Limited,Construction Materials,Unknown,Unknown,False,Cash,1,Stage 4,Stage 4,Stage 4 - Confirmed Downtrend,Stage 4 - Confirmed Downtrend,Stage 4 • Stage 4 - Confirmed Downtrend,0.86,Price is below a bearish moving-average stack with falling trend signals.,,,,,-7.33,-12.65,62372267.6,0.49,0.96,0.37,True,True,"Stage 4, Stage 4 - Confirmed Downtrend, weekly_vcp_ok, volume_dryup, weekly_volume_dryup, weekly_strong, downtrend",watchlist,weekly_watchlist,watchlist,0.0,36.9,16.61,0.0,16.61,516
KSCL.NS,Kaveri Seed Company Limited,Fast Moving Consumer Goods,Unknown,Unknown,False,Cash,1,Stage 4,Stage 4,Stage 4 - Weak/Declining,Stage 4 - Weak/Declining,Stage 4 • Stage 4 - Weak/Declining,0.72,Price is below long-term support with weak trend evidence.,,,,,-10.72,-5.47,1210229009.57,4.32,0.98,8.79,False,False,"Stage 4, Stage 4 - Weak/Declining, weekly_vcp_ok, weekly_strong, downtrend",watchlist,weekly_watchlist,watchlist,0.0,36.9,16.61,0.0,16.61,517
PNC.NS,Pritish Nandy Communications Limited,"Media, Entertainment & Publication",Unknown,Unknown,False,Cash,1,Stage 4,Stage 4,Stage 4 - Confirmed Downtrend,Stage 4 - Confirmed Downtrend,Stage 4 • Stage 4 - Confirmed Downtrend,0.86,Price is below a bearish moving-average stack with falling trend signals.,,,,,-19.25,-8.5,376430.8,2.16,0.19,0.53,False,True,"Stage 4, Stage 4 - Confirmed Downtrend, weekly_vcp_ok, weekly_volume_dryup, weekly_strong, downtrend",watchlist,weekly_watchlist,watchlist,0.0,36.9,16.61,0.0,16.61,518
PSB.NS,Punjab & Sind Bank,Financial Services,Unknown,Unknown,False,Cash,1,Stage 4,Stage 4,Stage 4 - Confirmed Downtrend,Stage 4 - Confirmed Downtrend,Stage 4 • Stage 4 - Confirmed Downtrend,0.86,Price is below a bearish moving-average stack with falling trend signals.,,,,,-7.98,-0.92,21554291.96,0.81,0.8,0.6,True,True,"Stage 4, Stage 4 - Confirmed Downtrend, weekly_vcp_ok, volume_dryup, weekly_volume_dryup, weekly_strong, downtrend",watchlist,weekly_watchlist,watchlist,0.0,36.9,16.61,0.0,16.61,519
SAMMAANCAP.NS,Sammaan Capital Ltd.,Financial Services,Unknown,Unknown,True,F&O,1,Stage 4,Stage 4,Stage 4 - Weak/Declining,Stage 4 - Weak/Declining,Stage 4 • Stage 4 - Weak/Declining,0.72,Price is below long-term support with weak trend evidence.,,,2026-08-13,,-15.09,-3.27,713021213.3,0.59,0.46,0.51,True,True,"Stage 4, Stage 4 - Weak/Declining, weekly_vcp_ok, volume_dryup, weekly_volume_dryup, weekly_strong, downtrend",watchlist,weekly_watchlist,watchlist,0.0,36.9,16.61,0.0,16.61,520
SULA.NS,Sula Vineyards Limited,Fast Moving Consumer Goods,Unknown,Unknown,False,Cash,1,Stage 4,Stage 4,Stage 4 - Confirmed Downtrend,Stage 4 - Confirmed Downtrend,Stage 4 • Stage 4 - Confirmed Downtrend,0.86,Price is below a bearish moving-average stack with falling trend signals.,,,,,-8.65,-11.35,56285226.82,1.06,0.44,0.42,False,True,"Stage 4, Stage 4 - Confirmed Downtrend, weekly_vcp_ok, weekly_volume_dryup, weekly_strong, downtrend",watchlist,weekly_watchlist,watchlist,0.0,36.9,16.61,0.0,16.61,521
ULTRACEMCO.NS,UltraTech Cement Limited,Construction Materials,Unknown,Unknown,True,F&O,1,Stage 4,Stage 4,Stage 4 - Weak/Declining,Stage 4 - Weak/Declining,Stage 4 • Stage 4 - Weak/Declining,0.72,Price is below long-term support with weak trend evidence.,,,2026-08-28,,2.63,8.19,2777673650.35,1.04,1.35,1.03,False,False,"Stage 4, Stage 4 - Weak/Declining, weekly_vcp_ok, weekly_strong, downtrend",watchlist,weekly_watchlist,watchlist,0.0,36.88,16.6,0.0,16.6,522
PGEL.NS,PG Electroplast Limited,Consumer Durables,Unknown,Unknown,True,F&O,1,Stage 2 Failed,Stage 4,Failed Stage 2,Failed Stage 2,Stage 2 Failed • Failed Stage 2,0.72,"This stock was recently Stage 2, but the latest structure no longer satisfies Stage 2 rules. It is kept as Stage 2 Failed until a fresh base/repair structure forms.",Recent Stage 2 break; public stage held as Stage 2 Failed.,2026-09-28,2026-09-07,,-4.49,13.87,442173811.69,0.46,0.55,0.43,True,True,"Stage 4, Stage 4 - Weak/Declining, weekly_vcp_ok, volume_dryup, weekly_volume_dryup, weekly_strong, downtrend | Stage 2 failed state applied from stage memory.",watchlist,weekly_watchlist,watchlist,0.0,36.74,16.53,0.0,16.53,523
BALMLAWRIE.NS,Balmer Lawrie & Company Limited,Diversified,Unknown,Unknown,False,Cash,1,Stage 2 Failed,Stage 4,Failed Stage 2,Failed Stage 2,Stage 2 Failed • Failed Stage 2,0.72,"This stock was recently Stage 2, but the latest structure no longer satisfies Stage 2 rules. It is kept as Stage 2 Failed until a fresh base/repair structure forms.",Recent Stage 2 break; public stage held as Stage 2 Failed.,2026-09-28,2026-09-07,,-3.52,6.85,22616139.22,0.83,0.36,0.72,True,True,"Stage 4, Stage 4 - Weak/Declining, weekly_vcp_ok, volume_dryup, weekly_volume_dryup, weekly_strong, downtrend | Stage 2 failed state applied from stage memory.",watchlist,weekly_watchlist,watchlist,0.0,36.13,16.26,0.0,16.26,524
SBILIFE.NS,SBI Life Insurance Company Limited,Financial Services,Unknown,Unknown,True,F&O,1,Stage 4,Stage 4,Stage 4 - Confirmed Downtrend,Stage 4 - Confirmed Downtrend,Stage 4 • Stage 4 - Confirmed Downtrend,0.86,Price is below a bearish moving-average stack with falling trend signals.,,,2026-03-02,,1.95,-0.33,1694184723.58,1.3,1.45,1.46,False,False,"Stage 4, Stage 4 - Confirmed Downtrend, weekly_vcp_ok, weekly_strong, downtrend",watchlist,weekly_watchlist,watchlist,0.0,35.96,16.18,0.0,16.18,525
SPANDANA.NS,Spandana Sphoorty Financial Limited,Financial Services,Unknown,Unknown,False,Cash,1,Stage 4,Stage 4,Stage 4 - Confirmed Downtrend,Stage 4 - Confirmed Downtrend,Stage 4 • Stage 4 - Confirmed Downtrend,0.86,Price is below a bearish moving-average stack with falling trend signals.,,,2026-07-29,,-14.4,15.84,21087042.19,0.55,1.91,0.52,True,True,"Stage 4, Stage 4 - Confirmed Downtrend, weekly_vcp_ok, volume_dryup, weekly_volume_dryup, weekly_strong, downtrend",watchlist,weekly_watchlist,watchlist,0.0,35.94,16.17,0.0,16.17,526
RITES.NS,RITES Limited,Construction,Unknown,Unknown,False,Cash,1,Stage 4,Stage 4,Stage 4 - Weak/Declining,Stage 4 - Weak/Declining,Stage 4 • Stage 4 - Weak/Declining,0.72,Price is below long-term support with weak trend evidence.,,,,,-6.01,7.07,66477230.38,0.77,0.92,0.8,True,True,"Stage 4, Stage 4 - Weak/Declining, weekly_vcp_ok, volume_dryup, weekly_volume_dryup, weekly_strong, downtrend",watchlist,weekly_watchlist,watchlist,0.0,35.91,16.16,0.0,16.16,527
GODFRYPHLP.NS,Godfrey Phillips India Limited,Fast Moving Consumer Goods,Unknown,Unknown,True,F&O,1,Stage 4,Stage 4,Stage 4 - Confirmed Downtrend,Stage 4 - Confirmed Downtrend,Stage 4 • Stage 4 - Confirmed Downtrend,0.86,Price is below a bearish moving-average stack with falling trend signals.,,,2025-10-20,,-4.64,4.87,302890156.63,0.44,1.53,0.37,True,True,"Stage 4, Stage 4 - Confirmed Downtrend, weekly_vcp_ok, volume_dryup, weekly_volume_dryup, weekly_strong, downtrend",watchlist,weekly_watchlist,watchlist,0.0,35.82,16.12,0.0,16.12,528
SCHNEIDER.NS,Schneider Electric Infrastructure Limited,Capital Goods,Unknown,Unknown,False,Cash,1,Stage 2 Failed,Stage 1,Failed Stage 2,Failed Stage 2,Stage 2 Failed • Failed Stage 2,0.72,"This stock was recently Stage 2, but the latest structure no longer satisfies Stage 2 rules. It is kept as Stage 2 Failed until a fresh base/repair structure forms.",Recent Stage 2 break; public stage held as Stage 2 Failed.,2026-09-28,2026-09-25,,-13.17,33.4,264903215.42,0.65,0.36,0.48,True,True,"Stage 1, Stage 1 - Base/Repair, volume_dryup, weekly_volume_dryup, stage1_not_actionable, stage1_needs_more_base | Stage 2 failed state applied from stage memory.",watchlist,weekly_watchlist,watchlist,10.39,12.02,11.12,5.0,16.12,529
BIKAJI.NS,Bikaji Foods International Limited,Fast Moving Consumer Goods,Unknown,Unknown,False,Cash,1,Stage 4,Stage 4,Stage 4 - Confirmed Downtrend,Stage 4 - Confirmed Downtrend,Stage 4 • Stage 4 - Confirmed Downtrend,0.86,Price is below a bearish moving-average stack with falling trend signals.,,,,,-9.58,-7.79,217268827.47,2.41,0.19,4.37,False,False,"Stage 4, Stage 4 - Confirmed Downtrend, weekly_vcp_ok, weekly_strong, downtrend",watchlist,weekly_watchlist,watchlist,0.0,35.8,16.11,0.0,16.11,530
CANFINHOME.NS,Can Fin Homes Limited,Financial Services,Unknown,Unknown,False,Cash,1,Stage 4,Stage 4,Stage 4 - Confirmed Downtrend,Stage 4 - Confirmed Downtrend,Stage 4 • Stage 4 - Confirmed Downtrend,0.86,Price is below a bearish moving-average stack with falling trend signals.,,,2026-07-17,,-10.55,-7.26,199979362.63,1.16,0.42,1.0,False,False,"Stage 4, Stage 4 - Confirmed Downtrend, weekly_vcp_ok, weekly_strong, downtrend",watchlist,weekly_watchlist,watchlist,0.0,35.8,16.11,0.0,16.11,531
CENTURYPLY.NS,Century Plyboards (India) Limited,Consumer Durables,Unknown,Unknown,False,Cash,1,Stage 4,Stage 4,Stage 4 - Weak/Declining,Stage 4 - Weak/Declining,Stage 4 • Stage 4 - Weak/Declining,0.72,Price is below long-term support with weak trend evidence.,,,2026-08-11,,-4.89,-3.64,48219792.68,1.36,0.86,1.18,False,False,"Stage 4, Stage 4 - Weak/Declining, weekly_vcp_ok, weekly_strong, downtrend",watchlist,weekly_watchlist,watchlist,0.0,35.8,16.11,0.0,16.11,532
CREDITACC.NS,CREDITACCESS GRAMEEN LIMITED,Financial Services,Unknown,Unknown,False,Cash,1,Stage 2 Failed,Stage 4,Failed Stage 2,Failed Stage 2,Stage 2 Failed • Failed Stage 2,0.72,"This stock was recently Stage 2, but the latest structure no longer satisfies Stage 2 rules. It is kept as Stage 2 Failed until a fresh base/repair structure forms.",Recent Stage 2 break; public stage held as Stage 2 Failed.,2026-09-28,2026-09-14,,-13.56,8.82,241594287.26,0.5,0.88,0.47,True,True,"Stage 4, Stage 4, weekly_vcp_ok, volume_dryup, weekly_volume_dryup, weekly_strong, downtrend | Stage 2 failed state applied from stage memory.",watchlist,weekly_watchlist,watchlist,0.0,35.8,16.11,0.0,16.11,533
DBCORP.NS,D.B.Corp Limited,"Media, Entertainment & Publication",Unknown,Unknown,False,Cash,1,Stage 4,Stage 4,Stage 4 - Confirmed Downtrend,Stage 4 - Confirmed Downtrend,Stage 4 • Stage 4 - Confirmed Downtrend,0.86,Price is below a bearish moving-average stack with falling trend signals.,,,,,-3.87,-2.84,11560155.16,0.7,0.64,0.5,True,True,"Stage 4, Stage 4 - Confirmed Downtrend, weekly_vcp_ok, volume_dryup, weekly_volume_dryup, weekly_strong, downtrend",watchlist,weekly_watchlist,watchlist,0.0,35.8,16.11,0.0,16.11,534
DISHTV.NS,Dish TV India Limited,"Media, Entertainment & Publication",Unknown,Unknown,False,Cash,1,Stage 4,Stage 4,Stage 4 - Confirmed Downtrend,Stage 4 - Confirmed Downtrend,Stage 4 • Stage 4 - Confirmed Downtrend,0.86,Price is below a bearish moving-average stack with falling trend signals.,,,,,-21.52,-8.77,4617486.31,2.17,3.05,2.28,False,False,"Stage 4, Stage 4 - Confirmed Downtrend, weekly_vcp_ok, weekly_strong, downtrend",watchlist,weekly_watchlist,watchlist,0.0,35.8,16.11,0.0,16.11,535
GREENLAM.NS,Greenlam Industries Limited,Consumer Durables,Unknown,Unknown,False,Cash,1,Stage 4,Stage 4,Stage 4 - Weak/Declining,Stage 4 - Weak/Declining,Stage 4 • Stage 4 - Weak/Declining,0.72,Price is below long-term support with weak trend evidence.,,,2026-08-27,,-10.83,1.96,10556572.98,0.35,1.58,0.35,True,True,"Stage 4, Stage 4 - Weak/Declining, weekly_vcp_ok, volume_dryup, weekly_volume_dryup, weekly_strong, downtrend",watchlist,weekly_watchlist,watchlist,0.0,35.8,16.11,0.0,16.11,536
HAVELLS.NS,Havells India Limited,Consumer Durables,Unknown,Unknown,True,F&O,1,Stage 4,Stage 4,Stage 4 - Confirmed Downtrend,Stage 4 - Confirmed Downtrend,Stage 4 • Stage 4 - Confirmed Downtrend,0.86,Price is below a bearish moving-average stack with falling trend signals.,,,,,-3.46,-5.38,862445403.63,0.7,0.97,0.5,True,True,"Stage 4, Stage 4 - Confirmed Downtrend, weekly_vcp_ok, volume_dryup, weekly_volume_dryup, weekly_strong, downtrend",watchlist,weekly_watchlist,watchlist,0.0,35.8,16.11,0.0,16.11,537
HGINFRA.NS,H.G. Infra Engineering Limited,Construction,Unknown,Unknown,False,Cash,1,Stage 4,Stage 4,Stage 4 - Confirmed Downtrend,Stage 4 - Confirmed Downtrend,Stage 4 • Stage 4 - Confirmed Downtrend,0.86,Price is below a bearish moving-average stack with falling trend signals.,,,,,-15.82,-5.25,341562724.99,3.32,0.2,6.49,False,False,"Stage 4, Stage 4 - Confirmed Downtrend, weekly_vcp_ok, weekly_strong, downtrend",watchlist,weekly_watchlist,watchlist,0.0,35.8,16.11,0.0,16.11,538
HINDUNILVR.NS,Hindustan Unilever Limited,Fast Moving Consumer Goods,Unknown,Unknown,True,F&O,1,Stage 4,Stage 4,Stage 4 - Confirmed Downtrend,Stage 4 - Confirmed Downtrend,Stage 4 • Stage 4 - Confirmed Downtrend,0.86,Price is below a bearish moving-average stack with falling trend signals.,,,2025-10-23,,-9.13,-5.01,2392146498.44,0.86,1.58,0.8,False,True,"Stage 4, Stage 4 - Confirmed Downtrend, weekly_vcp_ok, weekly_volume_dryup, weekly_strong, downtrend",watchlist,weekly_watchlist,watchlist,0.0,35.8,16.11,0.0,16.11,539
ICICIPRULI.NS,ICICI Prudential Life Insurance Company Limited,Financial Services,Unknown,Unknown,True,F&O,1,Stage 4,Stage 4,Stage 4 - Confirmed Downtrend,Stage 4 - Confirmed Downtrend,Stage 4 • Stage 4 - Confirmed Downtrend,0.86,Price is below a bearish moving-average stack with falling trend signals.,,,2026-02-06,,-2.41,-6.31,740503235.41,1.25,0.91,1.52,False,False,"Stage 4, Stage 4 - Confirmed Downtrend, weekly_vcp_ok, weekly_strong, downtrend",watchlist,weekly_watchlist,watchlist,0.0,35.8,16.11,0.0,16.11,540
ICRA.NS,ICRA Limited,Financial Services,Unknown,Unknown,False,Cash,1,Stage 4,Stage 4,Stage 4 - Confirmed Downtrend,Stage 4 - Confirmed Downtrend,Stage 4 • Stage 4 - Confirmed Downtrend,0.86,Price is below a bearish moving-average stack with falling trend signals.,,,2025-11-06,,-12.19,-11.22,122563033.88,0.76,0.64,0.87,True,True,"Stage 4, Stage 4 - Confirmed Downtrend, weekly_vcp_ok, volume_dryup, weekly_volume_dryup, weekly_strong, downtrend",watchlist,weekly_watchlist,watchlist,0.0,35.8,16.11,0.0,16.11,541
IREDA.NS,Indian Renewable Energy Development Agency Ltd.,Financial Services,Unknown,Unknown,True,F&O,1,Stage 4,Stage 4,Stage 4 - Confirmed Downtrend,Stage 4 - Confirmed Downtrend,Stage 4 • Stage 4 - Confirmed Downtrend,0.86,Price is below a bearish moving-average stack with falling trend signals.,,,,,-5.0,2.82,488160997.12,1.2,4.34,1.73,False,False,"Stage 4, Stage 4 - Confirmed Downtrend, weekly_vcp_ok, weekly_strong, downtrend",watchlist,weekly_watchlist,watchlist,0.0,35.8,16.11,0.0,16.11,542
JPPOWER.NS,Jaiprakash Power Ventures Limited,Power,Unknown,Unknown,False,Cash,1,Stage 4,Stage 4,Stage 4 - Weak/Declining,Stage 4 - Weak/Declining,Stage 4 • Stage 4 - Weak/Declining,0.72,Price is below long-term support with weak trend evidence.,,,2026-08-12,,-8.0,5.66,1093671983.85,1.66,0.59,0.86,False,True,"Stage 4, Stage 4 - Weak/Declining, weekly_vcp_ok, weekly_volume_dryup, weekly_strong, downtrend",watchlist,weekly_watchlist,watchlist,0.0,35.8,16.11,0.0,16.11,543
KANSAINER.NS,Kansai Nerolac Paints Limited,Consumer Durables,Unknown,Unknown,False,Cash,1,Stage 4,Stage 4,Stage 4 - Confirmed Downtrend,Stage 4 - Confirmed Downtrend,Stage 4 • Stage 4 - Confirmed Downtrend,0.86,Price is below a bearish moving-average stack with falling trend signals.,,,2025-11-17,,-11.4,4.56,56479880.7,0.66,0.6,0.47,True,True,"Stage 4, Stage 4 - Confirmed Downtrend, weekly_vcp_ok, volume_dryup, weekly_volume_dryup, weekly_strong, downtrend",watchlist,weekly_watchlist,watchlist,0.0,35.8,16.11,0.0,16.11,544
KPIGREEN.NS,KPI Green Energy Limited,Power,Unknown,Unknown,False,Cash,1,Stage 4,Stage 4,Stage 4 - Weak/Declining,Stage 4 - Weak/Declining,Stage 4 • Stage 4 - Weak/Declining,0.72,Price is below long-term support with weak trend evidence.,,,,,-6.01,-5.34,934125797.02,2.6,4.65,3.26,False,False,"Stage 4, Stage 4 - Weak/Declining, weekly_vcp_ok, weekly_strong, downtrend",watchlist,weekly_watchlist,watchlist,0.0,35.8,16.11,0.0,16.11,545
METROBRAND.NS,Metro Brands Limited,Consumer Durables,Unknown,Unknown,False,Cash,1,Stage 4,Stage 4,Stage 4 - Confirmed Downtrend,Stage 4 - Confirmed Downtrend,Stage 4 • Stage 4 - Confirmed Downtrend,0.86,Price is below a bearish moving-average stack with falling trend signals.,,,,,-9.13,-2.3,97171928.55,1.92,0.31,0.84,False,True,"Stage 4, Stage 4 - Confirmed Downtrend, weekly_vcp_ok, weekly_volume_dryup, weekly_strong, downtrend",watchlist,weekly_watchlist,watchlist,0.0,35.8,16.11,0.0,16.11,546
MFSL.NS,Max Financial Services Limited,Financial Services,Unknown,Unknown,True,F&O,1,Stage 4,Stage 4,Stage 4 - Confirmed Downtrend,Stage 4 - Confirmed Downtrend,Stage 4 • Stage 4 - Confirmed Downtrend,0.86,Price is below a bearish moving-average stack with falling trend signals.,,,2026-03-11,,-5.67,0.88,1790552487.18,2.13,0.46,3.42,False,False,"Stage 4, Stage 4 - Confirmed Downtrend, weekly_vcp_ok, weekly_strong, downtrend",watchlist,weekly_watchlist,watchlist,0.0,35.8,16.11,0.0,16.11,547
MUTHOOTFIN.NS,Muthoot Finance Limited,Financial Services,Unknown,Unknown,True,F&O,1,Stage 4,Stage 4,Stage 4 - Confirmed Downtrend,Stage 4 - Confirmed Downtrend,Stage 4 • Stage 4 - Confirmed Downtrend,0.86,Price is below a bearish moving-average stack with falling trend signals.,,,2026-02-12,,-1.33,-10.18,1704888276.9,0.59,1.02,0.57,True,True,"Stage 4, Stage 4 - Confirmed Downtrend, weekly_vcp_ok, volume_dryup, weekly_volume_dryup, weekly_strong, downtrend",watchlist,weekly_watchlist,watchlist,0.0,35.8,16.11,0.0,16.11,548
PNCINFRA.NS,PNC Infratech Limited,Construction,Unknown,Unknown,False,Cash,1,Stage 4,Stage 4,Stage 4 - Confirmed Downtrend,Stage 4 - Confirmed Downtrend,Stage 4 • Stage 4 - Confirmed Downtrend,0.86,Price is below a bearish moving-average stack with falling trend signals.,,,,,-39.01,-21.98,310765947.99,3.2,1.24,1.2,False,False,"Stage 4, Stage 4 - Confirmed Downtrend, weekly_vcp_ok, weekly_strong, downtrend",watchlist,weekly_watchlist,watchlist,0.0,35.8,16.11,0.0,16.11,549
RAJESHEXPO.NS,Rajesh Exports Limited,Consumer Durables,Unknown,Unknown,False,Cash,1,Stage 4,Stage 4,Stage 4 - Confirmed Downtrend,Stage 4 - Confirmed Downtrend,Stage 4 • Stage 4 - Confirmed Downtrend,0.86,Price is below a bearish moving-average stack with falling trend signals.,,,2025-12-30,,-23.83,-23.1,17446499.11,1.88,0.83,1.53,False,False,"Stage 4, Stage 4 - Confirmed Downtrend, weekly_vcp_ok, weekly_strong, downtrend",watchlist,weekly_watchlist,watchlist,0.0,35.8,16.11,0.0,16.11,550
RELAXO.NS,Relaxo Footwears Limited,Consumer Durables,Unknown,Unknown,False,Cash,1,Stage 4,Stage 4,Stage 4 - Weak/Declining,Stage 4 - Weak/Declining,Stage 4 • Stage 4 - Weak/Declining,0.72,Price is below long-term support with weak trend evidence.,,,2026-08-17,,-22.38,15.16,79337355.54,1.07,0.47,0.3,False,True,"Stage 4, Stage 4 - Weak/Declining, weekly_vcp_ok, weekly_volume_dryup, weekly_strong, downtrend",watchlist,weekly_watchlist,watchlist,0.0,35.8,16.11,0.0,16.11,551
RVNL.NS,Rail Vikas Nigam Limited,Construction,Unknown,Unknown,True,F&O,1,Stage 4,Stage 4,Stage 4 - Confirmed Downtrend,Stage 4 - Confirmed Downtrend,Stage 4 • Stage 4 - Confirmed Downtrend,0.86,Price is below a bearish moving-average stack with falling trend signals.,,,,,-9.03,-19.72,912417512.49,0.99,0.59,0.67,False,True,"Stage 4, Stage 4 - Confirmed Downtrend, weekly_vcp_ok, weekly_volume_dryup, weekly_strong, downtrend",watchlist,weekly_watchlist,watchlist,0.0,35.8,16.11,0.0,16.11,552
SHREECEM.NS,SHREE CEMENT LIMITED,Construction Materials,Unknown,Unknown,True,F&O,1,Stage 4,Stage 4,Stage 4 - Confirmed Downtrend,Stage 4 - Confirmed Downtrend,Stage 4 • Stage 4 - Confirmed Downtrend,0.86,Price is below a bearish moving-average stack with falling trend signals.,,,2026-08-10,,-10.12,-1.62,394610999.25,0.9,0.74,0.55,False,True,"Stage 4, Stage 4 - Confirmed Downtrend, weekly_vcp_ok, weekly_volume_dryup, weekly_strong, downtrend",watchlist,weekly_watchlist,watchlist,0.0,35.8,16.11,0.0,16.11,553
STARCEMENT.NS,Star Cement Limited,Construction Materials,Unknown,Unknown,False,Cash,1,Stage 4,Stage 4,Stage 4 - Confirmed Downtrend,Stage 4 - Confirmed Downtrend,Stage 4 • Stage 4 - Confirmed Downtrend,0.86,Price is below a bearish moving-average stack with falling trend signals.,,,2025-11-03,,-7.35,-9.57,33455253.28,0.65,0.38,0.36,True,True,"Stage 4, Stage 4 - Confirmed Downtrend, weekly_vcp_ok, volume_dryup, weekly_volume_dryup, weekly_strong, downtrend",watchlist,weekly_watchlist,watchlist,0.0,35.8,16.11,0.0,16.11,554
TATAPOWER.NS,Tata Power Company Limited,Power,Unknown,Unknown,True,F&O,1,Stage 4,Stage 4,Stage 4 - Weak/Declining,Stage 4 - Weak/Declining,Stage 4 • Stage 4 - Weak/Declining,0.72,Price is below long-term support with weak trend evidence.,,,2026-06-05,,1.25,-3.16,1333297456.76,0.72,0.68,0.56,True,True,"Stage 4, Stage 4 - Weak/Declining, weekly_vcp_ok, volume_dryup, weekly_volume_dryup, weekly_strong, downtrend",watchlist,weekly_watchlist,watchlist,0.0,35.8,16.11,0.0,16.11,555
ZEEL.NS,Zee Entertainment Enterprises Limited,"Media, Entertainment & Publication",Unknown,Unknown,False,Cash,1,Stage 4,Stage 4,Stage 4 - Weak/Declining,Stage 4 - Weak/Declining,Stage 4 • Stage 4 - Weak/Declining,0.72,Price is below long-term support with weak trend evidence.,,,2026-08-21,,-21.8,7.92,1429471436.28,0.56,0.46,0.42,True,True,"Stage 4, Stage 4 - Weak/Declining, weekly_vcp_ok, volume_dryup, weekly_volume_dryup, weekly_strong, downtrend",watchlist,weekly_watchlist,watchlist,0.0,35.8,16.11,0.0,16.11,556
LUPIN.NS,Lupin Limited,Healthcare,Unknown,Unknown,True,F&O,1,Not Sure,Stage 4,Pending Stage 4,Pending Stage 4,Not Sure • Pending Stage 4,0.55,Blocked public stage jump Stage 1 -> Stage 4; waiting for intermediate/confirmed structure.,Blocked public stage jump Stage 1 -> Stage 4; waiting for intermediate/confirmed structure.,,2026-08-07,Stage 4,-8.34,-6.43,1367934987.09,0.71,0.77,0.62,True,True,"Stage 4, Stage 4 - Weak/Declining, volume_dryup, weekly_volume_dryup, downtrend | Blocked public stage jump Stage 1 -> Stage 4; waiting for intermediate/confirmed structure.",watchlist,weekly_watchlist,watchlist,11.1,0.0,6.11,10.0,16.11,557
BHARATRAS.NS,Bharat Rasayan Limited,Chemicals,Unknown,Unknown,False,Cash,1,Stage 4,Stage 4,Stage 4 - Confirmed Downtrend,Stage 4 - Confirmed Downtrend,Stage 4 • Stage 4 - Confirmed Downtrend,0.86,Price is below a bearish moving-average stack with falling trend signals.,,,2025-12-12,,-16.85,-17.59,20467043.09,1.27,1.83,1.35,False,False,"Stage 4, Stage 4 - Confirmed Downtrend, weekly_vcp_ok, downtrend",watchlist,weekly_watchlist,watchlist,1.56,22.1,10.8,5.0,15.8,558
APOLLO.NS,Apollo Micro Systems Limited,Capital Goods,Unknown,Unknown,False,Cash,1,Stage 2 Failed,Stage 1,Failed Stage 2,Failed Stage 2,Stage 2 Failed • Failed Stage 2,0.72,"This stock was recently Stage 2, but the latest structure no longer satisfies Stage 2 rules. It is kept as Stage 2 Failed until a fresh base/repair structure forms.",Recent Stage 2 break; public stage held as Stage 2 Failed.,2026-09-28,2026-09-22,,-1.95,109.51,3107855118.01,1.42,1.78,1.29,False,False,"Stage 1, Stage 1 - Unclear/Repair, stage1_not_actionable, stage1_needs_more_base | Stage 2 failed state applied from stage memory.",watchlist,weekly_watchlist,watchlist,1.76,21.6,10.69,5.0,15.69,559
CHOLAHLDNG.NS,Cholamandalam Financial Holdings Limited,Financial Services,Unknown,Unknown,False,Cash,1,Stage 4,Stage 4,Stage 4 - Confirmed Downtrend,Stage 4 - Confirmed Downtrend,Stage 4 • Stage 4 - Confirmed Downtrend,0.86,Price is below a bearish moving-average stack with falling trend signals.,,,2025-12-05,,-12.41,1.87,230165036.81,1.26,1.29,1.46,False,False,"Stage 4, Stage 4 - Confirmed Downtrend, weekly_vcp_ok, downtrend",watchlist,weekly_watchlist,watchlist,10.28,22.1,15.6,0.0,15.6,560
JUSTDIAL.NS,Just Dial Limited,Consumer Services,Unknown,Unknown,False,Cash,1,Stage 2 Failed,Stage 3,Failed Stage 2,Failed Stage 2,Stage 2 Failed • Failed Stage 2,0.72,"This stock was recently Stage 2, but the latest structure no longer satisfies Stage 2 rules. It is kept as Stage 2 Failed until a fresh base/repair structure forms.",Recent Stage 2 break; public stage held as Stage 2 Failed.,2026-09-28,2026-09-23,,23.74,30.12,95892415.34,0.34,0.27,0.25,True,True,"Stage 3, Stage 3 - Transition, volume_dryup, weekly_volume_dryup, distribution_risk | Stage 2 failed state applied from stage memory.",watchlist,weekly_watchlist,watchlist,19.09,6.59,13.47,2.0,15.47,561
PFC.NS,Power Finance Corporation Limited,Financial Services,Unknown,Unknown,True,F&O,1,Stage 4,Stage 4,Stage 4 - Weak/Declining,Stage 4 - Weak/Declining,Stage 4 • Stage 4 - Weak/Declining,0.72,Price is below long-term support with weak trend evidence.,,,2026-07-01,,-16.6,-14.04,2875312054.6,1.06,1.19,1.13,False,False,"Stage 4, Stage 4 - Weak/Declining, weekly_vcp_ok, weekly_strong, downtrend",watchlist,weekly_watchlist,watchlist,0.0,33.8,15.21,0.0,15.21,562
NMDC.NS,NMDC Limited,Metals & Mining,Unknown,Unknown,True,F&O,1,Stage 1,Stage 1,Stage 1 - Unclear/Repair,Stage 1 - Unclear/Repair,Stage 1 • Stage 1 - Unclear/Repair,0.58,Not enough evidence for Stage 2 or Stage 4; classified as repair/unclear structure.,,,2026-09-02,,-4.41,1.43,938785021.58,0.73,1.65,0.79,True,True,"Stage 1, Stage 1 - Unclear/Repair, volume_dryup, weekly_volume_dryup, stage1_not_actionable, stage1_needs_more_base",watchlist,weekly_watchlist,watchlist,16.48,9.2,13.2,2.0,15.2,563
HCC.NS,Hindustan Construction Company Limited,Construction,Unknown,Unknown,False,Cash,1,Stage 2 Failed,Stage 1,Failed Stage 2,Failed Stage 2,Stage 2 Failed • Failed Stage 2,0.72,"This stock was recently Stage 2, but the latest structure no longer satisfies Stage 2 rules. It is kept as Stage 2 Failed until a fresh base/repair structure forms.",Recent Stage 2 break; public stage held as Stage 2 Failed.,2026-09-28,2026-09-23,,-14.53,35.7,447346193.56,0.58,0.32,0.42,True,True,"Stage 1, Stage 1 - Base/Repair, volume_dryup, weekly_volume_dryup, stage1_not_actionable, stage1_needs_more_base | Stage 2 failed state applied from stage memory.",watchlist,weekly_watchlist,watchlist,17.32,12.12,14.98,0.0,14.98,564
ROSSARI.NS,Rossari Biotech Limited,Chemicals,Unknown,Unknown,False,Cash,1,Stage 4,Stage 4,Stage 4 - Confirmed Downtrend,Stage 4 - Confirmed Downtrend,Stage 4 • Stage 4 - Confirmed Downtrend,0.86,Price is below a bearish moving-average stack with falling trend signals.,,,,,-10.75,5.23,30603338.65,0.76,0.45,0.83,True,True,"Stage 4, Stage 4 - Confirmed Downtrend, weekly_vcp_ok, volume_dryup, weekly_volume_dryup, downtrend",watchlist,weekly_watchlist,watchlist,0.0,22.1,9.95,5.0,14.95,565
KIRLOSIND.NS,Kirloskar Industries Limited,Capital Goods,Unknown,Unknown,False,Cash,1,Stage 2 Failed,Stage 3,Failed Stage 2,Failed Stage 2,Stage 2 Failed • Failed Stage 2,0.72,"This stock was recently Stage 2, but the latest structure no longer satisfies Stage 2 rules. It is kept as Stage 2 Failed until a fresh base/repair structure forms.",Recent Stage 2 break; public stage held as Stage 2 Failed.,2026-09-28,2026-09-14,,-8.67,34.33,149289734.84,0.55,0.12,0.25,True,True,"Stage 3, Stage 3 - Distribution/Damage, volume_dryup, weekly_volume_dryup, distribution_risk | Stage 2 failed state applied from stage memory.",watchlist,weekly_watchlist,watchlist,13.77,4.97,9.81,5.0,14.81,566
BOMDYEING.NS,Bombay Dyeing & Mfg Company Limited,Textiles,Unknown,Unknown,False,Cash,1,Stage 4,Stage 4,Stage 4 - Confirmed Downtrend,Stage 4 - Confirmed Downtrend,Stage 4 • Stage 4 - Confirmed Downtrend,0.86,Price is below a bearish moving-average stack with falling trend signals.,,,,,-13.3,6.94,52218946.92,0.67,0.28,0.5,True,True,"Stage 4, Stage 4 - Confirmed Downtrend, volume_dryup, weekly_volume_dryup, downtrend",watchlist,weekly_watchlist,watchlist,8.46,0.0,4.65,10.0,14.65,567
SARDAEN.NS,Sarda Energy & Minerals Limited,Metals & Mining,Unknown,Unknown,False,Cash,1,Stage 1,Stage 1,Stage 1 - Base/Repair,Stage 1 - Base/Repair,Stage 1 • Stage 1 - Base/Repair,0.7,Price is near long-term moving averages with no strong long-term downtrend signal.,,,2026-03-12,,7.28,-1.98,330572727.25,0.38,1.02,0.31,True,True,"Stage 1, Stage 1 - Base/Repair, volume_dryup, weekly_volume_dryup, stage1_not_actionable, stage1_needs_more_base",watchlist,weekly_watchlist,watchlist,15.81,8.53,12.53,2.0,14.53,568
ITC.NS,ITC Limited,Fast Moving Consumer Goods,Unknown,Unknown,True,F&O,1,Stage 4,Stage 4,Stage 4 - Confirmed Downtrend,Stage 4 - Confirmed Downtrend,Stage 4 • Stage 4 - Confirmed Downtrend,0.86,Price is below a bearish moving-average stack with falling trend signals.,,,,,-3.41,-4.72,3060298887.09,0.77,0.62,0.61,True,True,"Stage 4, Stage 4 - Confirmed Downtrend, weekly_vcp_ok, volume_dryup, weekly_volume_dryup, weekly_strong, downtrend",watchlist,weekly_watchlist,watchlist,0.0,32.13,14.46,0.0,14.46,569
DATAMATICS.NS,Datamatics Global Services Limited,Information Technology,Unknown,Unknown,False,Cash,1,Stage 2 Failed,Stage 3,Failed Stage 2,Failed Stage 2,Stage 2 Failed • Failed Stage 2,0.72,"This stock was recently Stage 2, but the latest structure no longer satisfies Stage 2 rules. It is kept as Stage 2 Failed until a fresh base/repair structure forms.",Recent Stage 2 break; public stage held as Stage 2 Failed.,2026-09-28,2026-09-25,,0.55,14.15,116499692.03,1.93,1.02,1.1,False,False,"Stage 3, Stage 3 - Distribution/Damage, weekly_vcp_ok, distribution_risk | Stage 2 failed state applied from stage memory.",watchlist,weekly_watchlist,watchlist,0.0,27.57,12.41,2.0,14.41,570
BAYERCROP.NS,Bayer Cropscience Limited,Chemicals,Unknown,Unknown,False,Cash,1,Stage 4,Stage 4,Stage 4 - Confirmed Downtrend,Stage 4 - Confirmed Downtrend,Stage 4 • Stage 4 - Confirmed Downtrend,0.86,Price is below a bearish moving-average stack with falling trend signals.,,,,,-5.3,-19.52,100615564.12,1.46,2.43,1.57,False,False,"Stage 4, Stage 4 - Confirmed Downtrend, downtrend",watchlist,weekly_watchlist,watchlist,14.1,3.2,9.2,5.0,14.2,571
NTPCGREEN.NS,NTPC Green Energy Ltd.,Power,Unknown,Unknown,False,Cash,1,Stage 4,Stage 4,Stage 4 - Weak/Declining,Stage 4 - Weak/Declining,Stage 4 • Stage 4 - Weak/Declining,0.72,Price is below long-term support with weak trend evidence.,,,2026-06-05,,0.69,-2.9,254781815.44,0.76,0.68,0.99,True,False,"Stage 4, Stage 4 - Weak/Declining, weekly_vcp_ok, volume_dryup, downtrend",watchlist,weekly_watchlist,watchlist,7.51,22.1,14.08,0.0,14.08,572
COFORGE.NS,Coforge Limited,Information Technology,Unknown,Unknown,True,F&O,1,Stage 2 Failed,Not Sure,Failed Stage 2,Failed Stage 2,Stage 2 Failed • Failed Stage 2,0.72,"This stock was recently Stage 2, but the latest structure no longer satisfies Stage 2 rules. It is kept as Stage 2 Failed until a fresh base/repair structure forms.",Recent Stage 2 break; public stage held as Stage 2 Failed.,2026-09-28,2026-09-25,,28.35,48.72,4186421341.52,0.73,0.48,0.43,True,True,"Not Sure, Not Sure, volume_dryup, weekly_volume_dryup | Stage 2 failed state applied from stage memory.",watchlist,weekly_watchlist,watchlist,9.16,14.91,11.75,2.0,13.75,573
SUPREMEIND.NS,Supreme Industries Limited,Capital Goods,Unknown,Unknown,True,F&O,1,Stage 1,Stage 1,Stage 1 - Base/Repair,Stage 1 - Base/Repair,Stage 1 • Stage 1 - Base/Repair,0.7,Price is near long-term moving averages with no strong long-term downtrend signal.,,,,,11.95,-0.97,546588645.4,0.86,1.09,0.72,False,True,"Stage 1, Stage 1 - Base/Repair, weekly_volume_dryup, stage1_not_actionable, stage1_needs_more_base",watchlist,weekly_watchlist,watchlist,0.0,19.1,8.6,5.0,13.6,574
COALINDIA.NS,Coal India Limited,"Oil, Gas & Consumable Fuels",Unknown,Unknown,True,F&O,1,Stage 1,Stage 1,Stage 1 - Base/Repair,Stage 1 - Base/Repair,Stage 1 • Stage 1 - Base/Repair,0.7,Price is near long-term moving averages with no strong long-term downtrend signal.,,,2026-07-03,,3.89,-1.26,3824730319.72,0.78,0.58,0.91,True,False,"Stage 1, Stage 1 - Base/Repair, volume_dryup, stage1_not_actionable, stage1_needs_more_base",watchlist,weekly_watchlist,watchlist,1.3,17.46,8.57,5.0,13.57,575
BAJAJHFL.NS,Bajaj Housing Finance Ltd.,Financial Services,Unknown,Unknown,False,Cash,1,Stage 4,Stage 4,Stage 4 - Confirmed Downtrend,Stage 4 - Confirmed Downtrend,Stage 4 • Stage 4 - Confirmed Downtrend,0.86,Price is below a bearish moving-average stack with falling trend signals.,,,,,-1.81,8.05,241185479.35,1.04,1.04,1.02,False,False,"Stage 4, Stage 4 - Confirmed Downtrend, weekly_vcp_ok, downtrend",watchlist,weekly_watchlist,watchlist,5.97,22.72,13.51,0.0,13.51,576
AXISBANK.NS,Axis Bank Limited,Financial Services,Unknown,Unknown,True,F&O,1,Not Sure,Stage 4,Pending Stage 4,Pending Stage 4,Not Sure • Pending Stage 4,0.55,Blocked public stage jump Stage 1 -> Stage 4; waiting for intermediate/confirmed structure.,Blocked public stage jump Stage 1 -> Stage 4; waiting for intermediate/confirmed structure.,,2026-07-17,Stage 4,-6.03,3.34,5726997427.29,0.98,1.05,0.95,False,False,"Stage 4, Stage 4 - Confirmed Downtrend, weekly_vcp_ok, downtrend | Blocked public stage jump Stage 1 -> Stage 4; waiting for intermediate/confirmed structure.",watchlist,weekly_watchlist,watchlist,6.42,22.1,13.48,0.0,13.48,577
ADVENZYMES.NS,Advanced Enzyme Technologies Limited,Healthcare,Unknown,Unknown,False,Cash,1,Stage 4,Stage 4,Stage 4 - Weak/Declining,Stage 4 - Weak/Declining,Stage 4 • Stage 4 - Weak/Declining,0.72,Price is below long-term support with weak trend evidence.,,,2026-07-13,,-4.17,6.61,61040545.27,0.85,0.83,0.78,True,True,"Stage 4, Stage 4 - Weak/Declining, volume_dryup, weekly_volume_dryup, downtrend",watchlist,weekly_watchlist,watchlist,6.32,0.0,3.48,10.0,13.48,578
CIPLA.NS,Cipla Limited,Healthcare,Unknown,Unknown,True,F&O,1,Stage 3,Stage 3,Stage 3 - Distribution/Damage,Stage 3 - Distribution/Damage,Stage 3 • Stage 3 - Distribution/Damage,0.76,"Prior strength exists, but short-term and/or weekly structure is deteriorating.",,,2026-08-24,,0.14,19.39,1246926146.58,0.98,0.85,0.94,False,False,"Stage 3, Stage 3 - Distribution/Damage, distribution_risk",watchlist,weekly_watchlist,watchlist,0.0,7.55,3.4,10.0,13.4,579
ESABINDIA.NS,Esab India Limited,Capital Goods,Unknown,Unknown,False,Cash,1,Stage 2 Failed,Stage 1,Failed Stage 2,Failed Stage 2,Stage 2 Failed • Failed Stage 2,0.72,"This stock was recently Stage 2, but the latest structure no longer satisfies Stage 2 rules. It is kept as Stage 2 Failed until a fresh base/repair structure forms.",Recent Stage 2 break; public stage held as Stage 2 Failed.,2026-09-28,2026-09-14,,0.39,10.69,24691121.38,0.65,0.44,0.55,True,True,"Stage 1, Stage 1 - Base/Repair, volume_dryup, weekly_volume_dryup, stage1_not_actionable, stage1_needs_more_base | Stage 2 failed state applied from stage memory.",watchlist,weekly_watchlist,watchlist,6.08,11.11,8.34,5.0,13.34,580
TATASTEEL.NS,Tata Steel Limited,Metals & Mining,Unknown,Unknown,True,F&O,1,Stage 1,Stage 1,Stage 1 - Base/Repair,Stage 1 - Base/Repair,Stage 1 • Stage 1 - Base/Repair,0.7,Price is near long-term moving averages with no strong long-term downtrend signal.,,,2026-06-04,,4.38,0.2,4702657312.68,0.95,0.51,0.84,False,True,"Stage 1, Stage 1 - Base/Repair, weekly_volume_dryup, stage1_not_actionable, stage1_needs_more_base",watchlist,weekly_watchlist,watchlist,10.11,12.66,11.26,2.0,13.26,581
ASHOKA.NS,Ashoka Buildcon Limited,Construction,Unknown,Unknown,False,Cash,1,Stage 4,Stage 4,Stage 4 - Confirmed Downtrend,Stage 4 - Confirmed Downtrend,Stage 4 • Stage 4 - Confirmed Downtrend,0.86,Price is below a bearish moving-average stack with falling trend signals.,,,,,-11.67,0.69,130328014.2,0.2,0.13,0.15,True,True,"Stage 4, Stage 4 - Confirmed Downtrend, volume_dryup, weekly_volume_dryup, downtrend",watchlist,weekly_watchlist,watchlist,12.2,14.27,13.13,0.0,13.13,582
GPIL.NS,Godawari Power And Ispat limited,Capital Goods,Unknown,Unknown,False,Cash,1,Stage 4,Stage 4,Stage 4 - Weak/Declining,Stage 4 - Weak/Declining,Stage 4 • Stage 4 - Weak/Declining,0.72,Price is below long-term support with weak trend evidence.,,,2026-06-05,,-6.82,-15.94,332006647.89,0.82,0.84,0.74,True,True,"Stage 4, Stage 4 - Weak/Declining, volume_dryup, weekly_volume_dryup, downtrend",watchlist,weekly_watchlist,watchlist,10.93,4.0,7.81,5.0,12.81,583
HEG.NS,HEG Limited,Capital Goods,Unknown,Unknown,False,Cash,1,Stage 4,Stage 4,Stage 4 - Weak/Declining,Stage 4 - Weak/Declining,Stage 4 • Stage 4 - Weak/Declining,0.72,Price is below long-term support with weak trend evidence.,,,2026-09-04,,-47.86,-54.18,688174214.02,0.72,1.76,0.75,True,True,"Stage 4, Stage 4 - Weak/Declining, volume_dryup, weekly_volume_dryup, downtrend",watchlist,weekly_watchlist,watchlist,14.09,0.0,7.75,5.0,12.75,584
KIRLOSENG.NS,Kirloskar Oil Engines Limited,Capital Goods,Unknown,Unknown,False,Cash,1,Stage 2 Failed,Stage 1,Failed Stage 2,Failed Stage 2,Stage 2 Failed • Failed Stage 2,0.72,"This stock was recently Stage 2, but the latest structure no longer satisfies Stage 2 rules. It is kept as Stage 2 Failed until a fresh base/repair structure forms.",Recent Stage 2 break; public stage held as Stage 2 Failed.,2026-09-28,2026-09-24,,-2.46,57.31,917126106.74,0.95,0.98,0.69,False,True,"Stage 1, Stage 1 - Unclear/Repair, weekly_volume_dryup, stage1_not_actionable, stage1_needs_more_base | Stage 2 failed state applied from stage memory.",watchlist,weekly_watchlist,watchlist,0.0,16.68,7.51,5.0,12.51,585
DLF.NS,DLF Limited,Realty,Unknown,Unknown,True,F&O,1,Stage 2 Failed,Not Sure,Failed Stage 2,Failed Stage 2,Stage 2 Failed • Failed Stage 2,0.72,"This stock was recently Stage 2, but the latest structure no longer satisfies Stage 2 rules. It is kept as Stage 2 Failed until a fresh base/repair structure forms.",Recent Stage 2 break; public stage held as Stage 2 Failed.,2026-09-28,2026-09-25,,7.18,30.91,2423519061.73,1.0,0.81,1.14,False,False,"Not Sure, Not Sure | Stage 2 failed state applied from stage memory.",watchlist,weekly_watchlist,watchlist,2.5,20.21,10.47,2.0,12.47,586
TATACOMM.NS,Tata Communications Limited,Telecommunication,Unknown,Unknown,False,Cash,1,Stage 2 Failed,Stage 4,Failed Stage 2,Failed Stage 2,Stage 2 Failed • Failed Stage 2,0.72,"This stock was recently Stage 2, but the latest structure no longer satisfies Stage 2 rules. It is kept as Stage 2 Failed until a fresh base/repair structure forms.",Recent Stage 2 break; public stage held as Stage 2 Failed.,2026-09-28,2026-09-18,,-9.48,22.66,403729214.75,0.86,0.58,0.49,False,True,"Stage 4, Stage 4 - Weak/Declining, weekly_volume_dryup, downtrend | Stage 2 failed state applied from stage memory.",watchlist,weekly_watchlist,watchlist,0.0,5.32,2.39,10.0,12.39,587
ZYDUSWELL.NS,Zydus Wellness Limited,Fast Moving Consumer Goods,Unknown,Unknown,False,Cash,1,Stage 3,Stage 3,Stage 3 - Distribution/Damage,Stage 3 - Distribution/Damage,Stage 3 • Stage 3 - Distribution/Damage,0.76,"Prior strength exists, but short-term and/or weekly structure is deteriorating.",,,2026-09-04,,-6.5,20.86,313626553.76,0.48,0.34,0.27,True,True,"Stage 3, Stage 3 - Distribution/Damage, volume_dryup, weekly_volume_dryup, distribution_risk",watchlist,weekly_watchlist,watchlist,20.57,1.44,11.96,0.0,11.96,588
INDIGOPNTS.NS,Indigo Paints Limited,Consumer Durables,Unknown,Unknown,False,Cash,1,Stage 2 Failed,Not Sure,Failed Stage 2,Failed Stage 2,Stage 2 Failed • Failed Stage 2,0.72,"This stock was recently Stage 2, but the latest structure no longer satisfies Stage 2 rules. It is kept as Stage 2 Failed until a fresh base/repair structure forms.",Recent Stage 2 break; public stage held as Stage 2 Failed.,2026-09-28,2026-09-25,,8.6,47.48,66752057.62,0.45,0.71,0.39,True,True,"Not Sure, Not Sure, volume_dryup, weekly_volume_dryup | Stage 2 failed state applied from stage memory.",watchlist,weekly_watchlist,watchlist,6.36,18.81,11.96,0.0,11.96,589
FDC.NS,FDC Limited,Healthcare,Unknown,Unknown,False,Cash,1,Stage 4,Stage 4,Stage 4 - Confirmed Downtrend,Stage 4 - Confirmed Downtrend,Stage 4 • Stage 4 - Confirmed Downtrend,0.86,Price is below a bearish moving-average stack with falling trend signals.,,,2026-07-31,,-15.77,6.92,51357056.35,0.85,0.99,0.61,False,True,"Stage 4, Stage 4 - Confirmed Downtrend, weekly_volume_dryup, downtrend",watchlist,weekly_watchlist,watchlist,0.0,4.0,1.8,10.0,11.8,590
IGL.NS,Indraprastha Gas Limited,"Oil, Gas & Consumable Fuels",Unknown,Unknown,False,Cash,1,Stage 4,Stage 4,Stage 4 - Confirmed Downtrend,Stage 4 - Confirmed Downtrend,Stage 4 • Stage 4 - Confirmed Downtrend,0.86,Price is below a bearish moving-average stack with falling trend signals.,,,2025-11-14,,-2.83,0.3,230867589.56,0.85,0.56,0.79,False,True,"Stage 4, Stage 4 - Confirmed Downtrend, weekly_volume_dryup, downtrend",watchlist,weekly_watchlist,watchlist,10.58,2.0,6.72,5.0,11.72,591
GMDCLTD.NS,Gujarat Mineral Development Corporation Limited,Metals & Mining,Unknown,Unknown,False,Cash,1,Stage 4,Stage 4,Stage 4 - Weak/Declining,Stage 4 - Weak/Declining,Stage 4 • Stage 4 - Weak/Declining,0.72,Price is below long-term support with weak trend evidence.,,,2026-06-24,,-7.65,-6.53,518059333.25,0.63,0.8,0.58,True,True,"Stage 4, Stage 4 - Weak/Declining, volume_dryup, weekly_volume_dryup, downtrend",watchlist,weekly_watchlist,watchlist,13.73,4.0,9.35,2.0,11.35,592
LUXIND.NS,Lux Industries Limited,Textiles,Unknown,Unknown,False,Cash,1,Stage 4,Stage 4,Stage 4 - Weak/Declining,Stage 4 - Weak/Declining,Stage 4 • Stage 4 - Weak/Declining,0.72,Price is below long-term support with weak trend evidence.,,,2026-06-04,,-3.89,25.87,59858126.96,2.63,0.6,1.13,False,False,"Stage 4, Stage 4 - Weak/Declining, downtrend",watchlist,weekly_watchlist,watchlist,0.0,3.0,1.35,10.0,11.35,593
ECLERX.NS,eClerx Services Limited,Services,Unknown,Unknown,False,Cash,1,Stage 2 Failed,Not Sure,Failed Stage 2,Failed Stage 2,Stage 2 Failed • Failed Stage 2,0.72,"This stock was recently Stage 2, but the latest structure no longer satisfies Stage 2 rules. It is kept as Stage 2 Failed until a fresh base/repair structure forms.",Recent Stage 2 break; public stage held as Stage 2 Failed.,2026-09-28,2026-09-23,,35.72,27.85,314735453.22,0.73,1.52,0.59,True,True,"Not Sure, Not Sure, volume_dryup, weekly_volume_dryup | Stage 2 failed state applied from stage memory.",watchlist,weekly_watchlist,watchlist,7.81,11.16,9.32,2.0,11.32,594
JBMA.NS,JBM Auto Ltd.,Automobile and Auto Components,Unknown,Unknown,False,Cash,1,Stage 4,Stage 4,Stage 4 - Weak/Declining,Stage 4 - Weak/Declining,Stage 4 • Stage 4 - Weak/Declining,0.72,Price is below long-term support with weak trend evidence.,,,2026-07-30,,-14.61,4.06,156302300.72,0.45,0.19,0.51,True,True,"Stage 4, Stage 4 - Weak/Declining, volume_dryup, weekly_volume_dryup, downtrend",watchlist,weekly_watchlist,watchlist,9.45,2.0,6.1,5.0,11.1,595
TMPV.NS,Tata Motors Passenger Vehicles Ltd.,Automobile and Auto Components,Unknown,Unknown,True,F&O,1,Stage 4,Stage 4,Stage 4 - Confirmed Downtrend,Stage 4 - Confirmed Downtrend,Stage 4 • Stage 4 - Confirmed Downtrend,0.86,Price is below a bearish moving-average stack with falling trend signals.,,,,,-13.45,-4.08,2824454341.5,1.4,1.58,1.29,False,False,"Stage 4, Stage 4 - Confirmed Downtrend, downtrend",watchlist,weekly_watchlist,watchlist,10.52,0.0,5.79,5.0,10.79,596
BANDHANBNK.NS,Bandhan Bank Limited,Financial Services,Unknown,Unknown,True,F&O,1,Stage 1,Stage 1,Stage 1 - Base/Repair,Stage 1 - Base/Repair,Stage 1 • Stage 1 - Base/Repair,0.7,Price is near long-term moving averages with no strong long-term downtrend signal.,,,2026-07-21,,-5.88,27.01,2281002498.74,1.14,0.86,1.45,False,False,"Stage 1, Stage 1 - Base/Repair, stage1_not_actionable, stage1_needs_more_base",watchlist,weekly_watchlist,watchlist,9.69,12.11,10.78,0.0,10.78,597
SRF.NS,SRF Limited,Chemicals,Unknown,Unknown,True,F&O,1,Stage 4,Stage 4,Stage 4 - Confirmed Downtrend,Stage 4 - Confirmed Downtrend,Stage 4 • Stage 4 - Confirmed Downtrend,0.86,Price is below a bearish moving-average stack with falling trend signals.,,,2026-01-05,,-5.72,5.57,494865705.42,0.61,0.87,0.3,True,True,"Stage 4, Stage 4 - Confirmed Downtrend, volume_dryup, weekly_volume_dryup, downtrend",watchlist,weekly_watchlist,watchlist,9.26,0.8,5.45,5.0,10.45,598
NATCOPHARM.NS,Natco Pharma Limited,Healthcare,Unknown,Unknown,False,Cash,1,Stage 4,Stage 4,Stage 4 - Weak/Declining,Stage 4 - Weak/Declining,Stage 4 • Stage 4 - Weak/Declining,0.72,Price is below long-term support with weak trend evidence.,,,2026-05-29,,-6.08,-16.97,338884833.5,1.18,1.25,1.26,False,False,"Stage 4, Stage 4 - Weak/Declining, downtrend",watchlist,weekly_watchlist,watchlist,0.0,0.8,0.36,10.0,10.36,599
TANLA.NS,Tanla Platforms Limited,Information Technology,Unknown,Unknown,False,Cash,1,Stage 4,Stage 4,Stage 4 - Weak/Declining,Stage 4 - Weak/Declining,Stage 4 • Stage 4 - Weak/Declining,0.72,Price is below long-term support with weak trend evidence.,,,2026-08-21,,-1.62,21.21,194381199.32,0.34,1.6,0.34,True,True,"Stage 4, Stage 4 - Weak/Declining, volume_dryup, weekly_volume_dryup, downtrend",watchlist,weekly_watchlist,watchlist,15.07,0.0,8.29,2.0,10.29,600
ADANIENT.NS,Adani Enterprises Limited,Metals & Mining,Unknown,Unknown,True,F&O,1,Stage 2 Failed,Stage 1,Failed Stage 2,Failed Stage 2,Stage 2 Failed • Failed Stage 2,0.72,"This stock was recently Stage 2, but the latest structure no longer satisfies Stage 2 rules. It is kept as Stage 2 Failed until a fresh base/repair structure forms.",Recent Stage 2 break; public stage held as Stage 2 Failed.,2026-09-28,2026-09-09,,-5.8,56.68,4207074819.19,0.69,0.74,0.62,True,True,"Stage 1, Stage 1 - Base/Repair, volume_dryup, weekly_volume_dryup, stage1_not_actionable, stage1_needs_more_base | Stage 2 failed state applied from stage memory.",watchlist,weekly_watchlist,watchlist,6.21,10.69,8.23,2.0,10.23,601
MAHLIFE.NS,Mahindra Lifespace Developers Limited,Realty,Unknown,Unknown,False,Cash,1,Stage 3,Stage 3,Stage 3 - Distribution/Damage,Stage 3 - Distribution/Damage,Stage 3 • Stage 3 - Distribution/Damage,0.76,"Prior strength exists, but short-term and/or weekly structure is deteriorating.",,,2026-08-31,,3.59,17.0,32584184.09,0.51,1.28,0.49,True,True,"Stage 3, Stage 3 - Distribution/Damage, volume_dryup, weekly_volume_dryup, distribution_risk",watchlist,weekly_watchlist,watchlist,10.3,5.66,8.21,2.0,10.21,602
RATEGAIN.NS,Rategain Travel Technologies Limited,Information Technology,Unknown,Unknown,False,Cash,1,Stage 2 Failed,Stage 1,Failed Stage 2,Failed Stage 2,Stage 2 Failed • Failed Stage 2,0.72,"This stock was recently Stage 2, but the latest structure no longer satisfies Stage 2 rules. It is kept as Stage 2 Failed until a fresh base/repair structure forms.",Recent Stage 2 break; public stage held as Stage 2 Failed.,2026-09-28,2026-09-21,,-7.22,70.18,265090786.46,0.56,0.51,0.47,True,True,"Stage 1, Stage 1 - Unclear/Repair, volume_dryup, weekly_volume_dryup, stage1_not_actionable, stage1_needs_more_base | Stage 2 failed state applied from stage memory.",watchlist,weekly_watchlist,watchlist,1.43,16.3,8.12,2.0,10.12,603
SUNTV.NS,Sun TV Network Limited,"Media, Entertainment & Publication",Unknown,Unknown,False,Cash,1,Stage 4,Stage 4,Stage 4 - Weak/Declining,Stage 4 - Weak/Declining,Stage 4 • Stage 4 - Weak/Declining,0.72,Price is below long-term support with weak trend evidence.,,,2026-05-08,,7.12,-9.51,459745430.02,2.0,1.73,3.43,False,False,"Stage 4, Stage 4 - Weak/Declining, downtrend",watchlist,weekly_watchlist,watchlist,11.12,8.8,10.08,0.0,10.08,604
REDTAPE.NS,Redtape Limited,Consumer Durables,Unknown,Unknown,False,Cash,1,Stage 4,Stage 4,Stage 4 - Weak/Declining,Stage 4 - Weak/Declining,Stage 4 • Stage 4 - Weak/Declining,0.72,Price is below long-term support with weak trend evidence.,,,2026-08-07,,-6.27,8.86,260718625.63,3.55,0.22,0.55,False,True,"Stage 4, Stage 4 - Weak/Declining, weekly_vcp_ok, weekly_volume_dryup, downtrend",watchlist,weekly_watchlist,watchlist,0.0,22.36,10.06,0.0,10.06,605
GOKEX.NS,Gokaldas Exports Limited,Textiles,Unknown,Unknown,False,Cash,1,Stage 4,Stage 4,Stage 4 - Weak/Declining,Stage 4 - Weak/Declining,Stage 4 • Stage 4 - Weak/Declining,0.72,Price is below long-term support with weak trend evidence.,,,2026-08-20,,-18.27,12.79,188380067.32,1.27,2.61,1.31,False,False,"Stage 4, Stage 4 - Weak/Declining, downtrend",watchlist,weekly_watchlist,watchlist,0.0,0.0,0.0,10.0,10.0,606
ITI.NS,ITI Limited,Telecommunication,Unknown,Unknown,False,Cash,1,Stage 4,Stage 4,Stage 4 - Confirmed Downtrend,Stage 4 - Confirmed Downtrend,Stage 4 • Stage 4 - Confirmed Downtrend,0.86,Price is below a bearish moving-average stack with falling trend signals.,,,2026-07-02,,-12.88,-1.29,37092685.53,0.65,0.82,0.73,True,True,"Stage 4, Stage 4 - Confirmed Downtrend, volume_dryup, weekly_volume_dryup, downtrend",watchlist,weekly_watchlist,watchlist,0.0,0.0,0.0,10.0,10.0,607
RAINBOW.NS,Rainbow Childrens Medicare Limited,Healthcare,Unknown,Unknown,False,Cash,1,Stage 2 Failed,Stage 3,Failed Stage 2,Failed Stage 2,Stage 2 Failed • Failed Stage 2,0.72,"This stock was recently Stage 2, but the latest structure no longer satisfies Stage 2 rules. It is kept as Stage 2 Failed until a fresh base/repair structure forms.",Recent Stage 2 break; public stage held as Stage 2 Failed.,2026-09-28,2026-09-18,,1.84,19.33,166769769.37,1.4,1.37,2.02,False,False,"Stage 3, Stage 3 - Transition, distribution_risk | Stage 2 failed state applied from stage memory.",watchlist,weekly_watchlist,watchlist,0.0,0.0,0.0,10.0,10.0,608
CHAMBLFERT.NS,Chambal Fertilizers & Chemicals Limited,Chemicals,Unknown,Unknown,False,Cash,1,Stage 4,Stage 4,Stage 4 - Confirmed Downtrend,Stage 4 - Confirmed Downtrend,Stage 4 • Stage 4 - Confirmed Downtrend,0.86,Price is below a bearish moving-average stack with falling trend signals.,,,2026-07-03,,-6.0,-4.0,199967488.93,0.92,0.72,0.91,False,False,"Stage 4, Stage 4 - Confirmed Downtrend, downtrend",watchlist,weekly_watchlist,watchlist,9.02,0.0,4.96,5.0,9.96,609
HATHWAY.NS,Hathway Cable & Datacom Limited,"Media, Entertainment & Publication",Unknown,Unknown,False,Cash,1,Stage 4,Stage 4,Stage 4 - Confirmed Downtrend,Stage 4 - Confirmed Downtrend,Stage 4 • Stage 4 - Confirmed Downtrend,0.86,Price is below a bearish moving-average stack with falling trend signals.,,,,,-12.77,-1.93,14325994.33,1.31,4.42,1.77,False,False,"Stage 4, Stage 4 - Confirmed Downtrend, weekly_vcp_ok, downtrend",watchlist,weekly_watchlist,watchlist,0.0,22.1,9.95,0.0,9.95,610
360ONE.NS,360 ONE WAM LIMITED,Financial Services,Unknown,Unknown,True,F&O,1,Stage 2 Failed,Stage 4,Failed Stage 2,Failed Stage 2,Stage 2 Failed • Failed Stage 2,0.72,"This stock was recently Stage 2, but the latest structure no longer satisfies Stage 2 rules. It is kept as Stage 2 Failed until a fresh base/repair structure forms.",Recent Stage 2 break; public stage held as Stage 2 Failed.,2026-09-28,2026-09-08,,2.77,14.81,978078516.33,1.1,0.67,1.49,False,False,"Stage 4, Stage 4 - Weak/Declining, downtrend | Stage 2 failed state applied from stage memory.",watchlist,weekly_watchlist,watchlist,13.12,5.76,9.81,0.0,9.81,611
THANGAMAYL.NS,Thangamayil Jewellery Limited,Consumer Durables,Unknown,Unknown,False,Cash,1,Not Sure,Stage 1,Pending Stage 1,Pending Stage 1,Not Sure • Pending Stage 1,0.55,Blocked public stage jump Stage 3 -> Stage 1; waiting for intermediate/confirmed structure.,Blocked public stage jump Stage 3 -> Stage 1; waiting for intermediate/confirmed structure.,,2026-08-28,Stage 1,-15.32,44.07,432599561.95,0.53,0.42,0.3,True,True,"Stage 1, Stage 1 - Base/Repair, volume_dryup, weekly_volume_dryup, stage1_not_actionable, stage1_needs_more_base | Blocked public stage jump Stage 3 -> Stage 1; waiting for intermediate/confirmed structure.",watchlist,weekly_watchlist,watchlist,14.57,3.67,9.67,0.0,9.67,612
MARUTI.NS,Maruti Suzuki India Limited,Automobile and Auto Components,Unknown,Unknown,True,F&O,1,Stage 4,Stage 4,Stage 4 - Confirmed Downtrend,Stage 4 - Confirmed Downtrend,Stage 4 • Stage 4 - Confirmed Downtrend,0.86,Price is below a bearish moving-average stack with falling trend signals.,,,2026-01-13,,-10.36,-1.72,4783041211.95,0.91,0.89,0.79,False,True,"Stage 4, Stage 4 - Confirmed Downtrend, weekly_volume_dryup, downtrend",watchlist,weekly_watchlist,watchlist,8.49,0.0,4.67,5.0,9.67,613
NESTLEIND.NS,Nestle India Limited,Fast Moving Consumer Goods,Unknown,Unknown,True,F&O,1,Stage 2 Failed,Stage 1,Failed Stage 2,Failed Stage 2,Stage 2 Failed • Failed Stage 2,0.72,"This stock was recently Stage 2, but the latest structure no longer satisfies Stage 2 rules. It is kept as Stage 2 Failed until a fresh base/repair structure forms.",Recent Stage 2 break; public stage held as Stage 2 Failed.,2026-09-28,2026-09-21,,-1.38,15.79,1500579176.03,0.65,0.55,0.38,True,True,"Stage 1, Stage 1 - Base/Repair, volume_dryup, weekly_volume_dryup, stage1_not_actionable, stage1_needs_more_base | Stage 2 failed state applied from stage memory.",watchlist,weekly_watchlist,watchlist,16.67,1.04,9.64,0.0,9.64,614
CHEMPLASTS.NS,Chemplast Sanmar Limited,Chemicals,Unknown,Unknown,False,Cash,1,Stage 4,Stage 4,Stage 4 - Weak/Declining,Stage 4 - Weak/Declining,Stage 4 • Stage 4 - Weak/Declining,0.72,Price is below long-term support with weak trend evidence.,,,,,-2.8,-21.33,302328660.49,1.24,0.3,1.95,False,False,"Stage 4, Stage 4 - Weak/Declining, downtrend",watchlist,weekly_watchlist,watchlist,5.07,4.0,4.59,5.0,9.59,615
JISLJALEQS.NS,Jain Irrigation Systems Limited,Capital Goods,Unknown,Unknown,False,Cash,1,Stage 4,Stage 4,Stage 4 - Confirmed Downtrend,Stage 4 - Confirmed Downtrend,Stage 4 • Stage 4 - Confirmed Downtrend,0.86,Price is below a bearish moving-average stack with falling trend signals.,,,,,-12.64,0.22,158215720.17,1.19,0.93,0.95,False,False,"Stage 4, Stage 4 - Confirmed Downtrend, downtrend",watchlist,weekly_watchlist,watchlist,8.2,0.0,4.51,5.0,9.51,616
TRITURBINE.NS,Triveni Turbine Limited,Capital Goods,Unknown,Unknown,False,Cash,1,Stage 4,Stage 4,Stage 4 - Weak/Declining,Stage 4 - Weak/Declining,Stage 4 • Stage 4 - Weak/Declining,0.72,Price is below long-term support with weak trend evidence.,,,2026-08-06,,-11.63,22.43,250607630.65,0.83,0.61,0.48,True,True,"Stage 4, Stage 4 - Weak/Declining, volume_dryup, weekly_volume_dryup, downtrend",watchlist,weekly_watchlist,watchlist,7.97,0.0,4.38,5.0,9.38,617
HINDALCO.NS,Hindalco Industries Limited,Metals & Mining,Unknown,Unknown,True,F&O,1,Stage 2 Failed,Stage 1,Failed Stage 2,Failed Stage 2,Stage 2 Failed • Failed Stage 2,0.72,"This stock was recently Stage 2, but the latest structure no longer satisfies Stage 2 rules. It is kept as Stage 2 Failed until a fresh base/repair structure forms.",Recent Stage 2 break; public stage held as Stage 2 Failed.,2026-09-28,2026-09-23,,6.34,7.13,3153310098.62,0.97,1.05,0.93,False,False,"Stage 1, Stage 1 - Base/Repair, stage1_not_actionable, stage1_needs_more_base | Stage 2 failed state applied from stage memory.",watchlist,weekly_watchlist,watchlist,10.28,3.35,7.16,2.0,9.16,618
LINDEINDIA.NS,Linde India Limited,Chemicals,Unknown,Unknown,False,Cash,1,Stage 1,Stage 1,Stage 1 - Unclear/Repair,Stage 1 - Unclear/Repair,Stage 1 • Stage 1 - Unclear/Repair,0.58,Not enough evidence for Stage 2 or Stage 4; classified as repair/unclear structure.,,,2026-08-10,,-8.65,-12.75,136056143.7,0.8,1.62,0.84,True,True,"Stage 1, Stage 1 - Unclear/Repair, volume_dryup, weekly_volume_dryup, stage1_not_actionable, stage1_needs_more_base",watchlist,weekly_watchlist,watchlist,0.0,9.2,4.14,5.0,9.14,619
ADANIPOWER.NS,Adani Power Limited,Power,Unknown,Unknown,True,F&O,1,Stage 3,Stage 3,Stage 3 - Distribution/Damage,Stage 3 - Distribution/Damage,Stage 3 • Stage 3 - Distribution/Damage,0.76,"Prior strength exists, but short-term and/or weekly structure is deteriorating.",,,2026-08-03,,-7.55,24.87,3387749304.48,0.84,1.19,0.97,True,False,"Stage 3, Stage 3 - Distribution/Damage, volume_dryup, distribution_risk",watchlist,weekly_watchlist,watchlist,16.33,0.0,8.98,0.0,8.98,620
OLECTRA.NS,Olectra Greentech Limited,Automobile and Auto Components,Unknown,Unknown,False,Cash,1,Stage 4,Stage 4,Stage 4 - Weak/Declining,Stage 4 - Weak/Declining,Stage 4 • Stage 4 - Weak/Declining,0.72,Price is below long-term support with weak trend evidence.,,,2026-08-13,,-18.53,17.38,457943559.49,1.26,0.87,1.88,False,False,"Stage 4, Stage 4 - Weak/Declining, downtrend",watchlist,weekly_watchlist,watchlist,6.95,0.0,3.82,5.0,8.82,621
DMART.NS,Avenue Supermarts Limited,Consumer Services,Unknown,Unknown,True,F&O,1,Stage 4,Stage 4,Stage 4 - Weak/Declining,Stage 4 - Weak/Declining,Stage 4 • Stage 4 - Weak/Declining,0.72,Price is below long-term support with weak trend evidence.,,,2025-10-23,,-4.05,-10.55,1480612409.92,1.0,0.82,0.82,False,True,"Stage 4, Stage 4 - Weak/Declining, weekly_volume_dryup, downtrend",watchlist,weekly_watchlist,watchlist,9.1,3.2,6.45,2.0,8.45,622
SUMICHEM.NS,Sumitomo Chemical India Limited,Chemicals,Unknown,Unknown,False,Cash,1,Stage 2 Failed,Stage 1,Failed Stage 2,Failed Stage 2,Stage 2 Failed • Failed Stage 2,0.72,"This stock was recently Stage 2, but the latest structure no longer satisfies Stage 2 rules. It is kept as Stage 2 Failed until a fresh base/repair structure forms.",Recent Stage 2 break; public stage held as Stage 2 Failed.,2026-09-28,2026-09-23,,3.65,15.69,124818195.11,0.77,0.9,0.66,True,True,"Stage 1, Stage 1 - Base/Repair, volume_dryup, weekly_volume_dryup, stage1_not_actionable, stage1_needs_more_base | Stage 2 failed state applied from stage memory.",watchlist,weekly_watchlist,watchlist,0.0,7.53,3.39,5.0,8.39,623
NLCINDIA.NS,NLC India Ltd.,Power,Unknown,Unknown,False,Cash,1,Stage 4,Stage 4,Stage 4 - Weak/Declining,Stage 4 - Weak/Declining,Stage 4 • Stage 4 - Weak/Declining,0.72,Price is below long-term support with weak trend evidence.,,,2026-07-17,,-13.33,-5.52,388278004.73,0.81,0.48,0.48,True,True,"Stage 4, Stage 4 - Weak/Declining, volume_dryup, weekly_volume_dryup, downtrend",watchlist,weekly_watchlist,watchlist,11.88,4.0,8.33,0.0,8.33,624
GENUSPOWER.NS,Genus Power Infrastructures Limited,Capital Goods,Unknown,Unknown,False,Cash,1,Stage 2 Failed,Stage 1,Failed Stage 2,Failed Stage 2,Stage 2 Failed • Failed Stage 2,0.72,"This stock was recently Stage 2, but the latest structure no longer satisfies Stage 2 rules. It is kept as Stage 2 Failed until a fresh base/repair structure forms.",Recent Stage 2 break; public stage held as Stage 2 Failed.,2026-09-28,2026-09-25,,-0.93,28.4,550754411.4,0.71,0.47,0.62,True,True,"Stage 1, Stage 1 - Base/Repair, volume_dryup, weekly_volume_dryup, stage1_not_actionable, stage1_needs_more_base | Stage 2 failed state applied from stage memory.",watchlist,weekly_watchlist,watchlist,0.0,7.15,3.22,5.0,8.22,625
IFCI.NS,IFCI Limited,Financial Services,Unknown,Unknown,False,Cash,1,Stage 2 Failed,Stage 1,Failed Stage 2,Failed Stage 2,Stage 2 Failed • Failed Stage 2,0.72,"This stock was recently Stage 2, but the latest structure no longer satisfies Stage 2 rules. It is kept as Stage 2 Failed until a fresh base/repair structure forms.",Recent Stage 2 break; public stage held as Stage 2 Failed.,2026-09-28,2026-09-23,,-3.04,36.79,11658591780.54,1.11,0.33,0.84,False,True,"Stage 1, Stage 1 - Base/Repair, weekly_volume_dryup, stage1_not_actionable, stage1_needs_more_base | Stage 2 failed state applied from stage memory.",watchlist,weekly_watchlist,watchlist,9.45,6.57,8.15,0.0,8.15,626
GRINDWELL.NS,Grindwell Norton Limited,Capital Goods,Unknown,Unknown,False,Cash,1,Stage 2 Failed,Stage 1,Failed Stage 2,Failed Stage 2,Stage 2 Failed • Failed Stage 2,0.72,"This stock was recently Stage 2, but the latest structure no longer satisfies Stage 2 rules. It is kept as Stage 2 Failed until a fresh base/repair structure forms.",Recent Stage 2 break; public stage held as Stage 2 Failed.,2026-09-28,2026-09-21,,-5.79,40.04,47066474.2,0.98,0.92,0.79,False,True,"Stage 1, Stage 1 - Base/Repair, weekly_volume_dryup, stage1_not_actionable, stage1_needs_more_base | Stage 2 failed state applied from stage memory.",watchlist,weekly_watchlist,watchlist,4.19,1.83,3.13,5.0,8.13,627
HCLTECH.NS,HCL Technologies Limited,Information Technology,Unknown,Unknown,True,F&O,1,Stage 4,Stage 4,Stage 4 - Weak/Declining,Stage 4 - Weak/Declining,Stage 4 • Stage 4 - Weak/Declining,0.72,Price is below long-term support with weak trend evidence.,,,2026-02-05,,22.48,-5.77,2915326332.63,1.04,1.06,0.84,False,True,"Stage 4, Stage 4 - Weak/Declining, weekly_volume_dryup, downtrend",watchlist,weekly_watchlist,watchlist,11.02,0.0,6.06,2.0,8.06,628
BRITANNIA.NS,Britannia Industries Limited,Fast Moving Consumer Goods,Unknown,Unknown,True,F&O,1,Stage 4,Stage 4,Stage 4 - Confirmed Downtrend,Stage 4 - Confirmed Downtrend,Stage 4 • Stage 4 - Confirmed Downtrend,0.86,Price is below a bearish moving-average stack with falling trend signals.,,,2026-03-06,,-1.91,-5.92,1144495364.17,0.8,1.24,0.7,True,True,"Stage 4, Stage 4 - Confirmed Downtrend, volume_dryup, weekly_volume_dryup, downtrend",watchlist,weekly_watchlist,watchlist,9.11,6.2,7.8,0.0,7.8,629
HYUNDAI.NS,Hyundai Motor India Ltd.,Automobile and Auto Components,Unknown,Unknown,True,F&O,1,Stage 2 Failed,Stage 3,Failed Stage 2,Failed Stage 2,Stage 2 Failed • Failed Stage 2,0.72,"This stock was recently Stage 2, but the latest structure no longer satisfies Stage 2 rules. It is kept as Stage 2 Failed until a fresh base/repair structure forms.",Recent Stage 2 break; public stage held as Stage 2 Failed.,2026-09-28,2026-09-21,,11.24,23.22,1316672096.09,0.85,0.82,0.89,True,True,"Stage 3, Stage 3 - Distribution/Damage, volume_dryup, weekly_volume_dryup, distribution_risk | Stage 2 failed state applied from stage memory.",watchlist,weekly_watchlist,watchlist,0.0,5.85,2.63,5.0,7.63,630
ITDC.NS,India Tourism Development Corporation Limited,Consumer Services,Unknown,Unknown,False,Cash,1,Stage 2 Failed,Stage 1,Failed Stage 2,Failed Stage 2,Stage 2 Failed • Failed Stage 2,0.72,"This stock was recently Stage 2, but the latest structure no longer satisfies Stage 2 rules. It is kept as Stage 2 Failed until a fresh base/repair structure forms.",Recent Stage 2 break; public stage held as Stage 2 Failed.,2026-09-28,2026-09-25,,17.33,70.49,554076411.86,0.83,0.1,1.1,True,False,"Stage 1, Stage 1 - Unclear/Repair, volume_dryup, stage1_not_actionable, stage1_needs_more_base | Stage 2 failed state applied from stage memory.",watchlist,weekly_watchlist,watchlist,0.0,12.4,5.58,2.0,7.58,631
VBL.NS,Varun Beverages Limited,Fast Moving Consumer Goods,Unknown,Unknown,True,F&O,1,Stage 4,Stage 4,Stage 4 - Confirmed Downtrend,Stage 4 - Confirmed Downtrend,Stage 4 • Stage 4 - Confirmed Downtrend,0.86,Price is below a bearish moving-average stack with falling trend signals.,,,2026-07-10,,-10.59,9.13,2200306284.26,0.73,0.76,0.75,True,True,"Stage 4, Stage 4 - Confirmed Downtrend, volume_dryup, weekly_volume_dryup, downtrend",watchlist,weekly_watchlist,watchlist,10.45,4.0,7.55,0.0,7.55,632
ABSLAMC.NS,Aditya Birla Sun Life AMC Limited,Financial Services,Unknown,Unknown,False,Cash,1,Stage 2 Failed,Stage 3,Failed Stage 2,Failed Stage 2,Stage 2 Failed • Failed Stage 2,0.72,"This stock was recently Stage 2, but the latest structure no longer satisfies Stage 2 rules. It is kept as Stage 2 Failed until a fresh base/repair structure forms.",Recent Stage 2 break; public stage held as Stage 2 Failed.,2026-09-28,2026-09-18,,-9.91,12.65,214570460.34,0.64,0.72,0.42,True,True,"Stage 3, Stage 3 - Distribution/Damage, volume_dryup, weekly_volume_dryup, distribution_risk | Stage 2 failed state applied from stage memory.",watchlist,weekly_watchlist,watchlist,13.47,0.0,7.41,0.0,7.41,633
DHANUKA.NS,Dhanuka Agritech Limited,Chemicals,Unknown,Unknown,False,Cash,1,Stage 4,Stage 4,Stage 4 - Confirmed Downtrend,Stage 4 - Confirmed Downtrend,Stage 4 • Stage 4 - Confirmed Downtrend,0.86,Price is below a bearish moving-average stack with falling trend signals.,,,,,-7.05,3.66,20497826.22,0.65,1.6,0.6,True,True,"Stage 4, Stage 4 - Confirmed Downtrend, volume_dryup, weekly_volume_dryup, downtrend",watchlist,weekly_watchlist,watchlist,1.41,3.2,2.22,5.0,7.22,634
KIRLOSBROS.NS,Kirloskar Brothers Limited,Capital Goods,Unknown,Unknown,False,Cash,1,Stage 2 Failed,Stage 3,Failed Stage 2,Failed Stage 2,Stage 2 Failed • Failed Stage 2,0.72,"This stock was recently Stage 2, but the latest structure no longer satisfies Stage 2 rules. It is kept as Stage 2 Failed until a fresh base/repair structure forms.",Recent Stage 2 break; public stage held as Stage 2 Failed.,2026-09-28,2026-09-14,,-4.24,26.12,50960498.72,0.61,0.83,0.43,True,True,"Stage 3, Stage 3 - Distribution/Damage, volume_dryup, weekly_volume_dryup, distribution_risk | Stage 2 failed state applied from stage memory.",watchlist,weekly_watchlist,watchlist,2.08,2.19,2.13,5.0,7.13,635
NSLNISP.NS,NMDC Steel Limited,Metals & Mining,Unknown,Unknown,False,Cash,1,Stage 2 Failed,Stage 1,Failed Stage 2,Failed Stage 2,Stage 2 Failed • Failed Stage 2,0.72,"This stock was recently Stage 2, but the latest structure no longer satisfies Stage 2 rules. It is kept as Stage 2 Failed until a fresh base/repair structure forms.",Recent Stage 2 break; public stage held as Stage 2 Failed.,2026-09-28,2026-09-23,,0.21,19.91,204684531.39,0.61,0.74,0.67,True,True,"Stage 1, Stage 1 - Base/Repair, volume_dryup, weekly_volume_dryup, stage1_not_actionable, stage1_needs_more_base | Stage 2 failed state applied from stage memory.",watchlist,weekly_watchlist,watchlist,0.0,11.21,5.04,2.0,7.04,636
INDIACEM.NS,The India Cements Limited,Construction Materials,Unknown,Unknown,False,Cash,1,Stage 4,Stage 4,Stage 4 - Confirmed Downtrend,Stage 4 - Confirmed Downtrend,Stage 4 • Stage 4 - Confirmed Downtrend,0.86,Price is below a bearish moving-average stack with falling trend signals.,,,2026-02-26,,-13.27,-10.71,57233246.32,1.43,1.02,0.69,False,True,"Stage 4, Stage 4 - Confirmed Downtrend, weekly_volume_dryup, downtrend",watchlist,weekly_watchlist,watchlist,7.69,6.2,7.02,0.0,7.02,637
PREMIERENE.NS,Premier Energies Ltd.,Capital Goods,Unknown,Unknown,True,F&O,1,Stage 1,Stage 1,Stage 1 - Unclear/Repair,Stage 1 - Unclear/Repair,Stage 1 • Stage 1 - Unclear/Repair,0.58,Not enough evidence for Stage 2 or Stage 4; classified as repair/unclear structure.,,,2026-08-14,,-8.62,1.09,986000503.66,1.33,0.91,0.85,False,True,"Stage 1, Stage 1 - Unclear/Repair, weekly_volume_dryup, stage1_not_actionable, stage1_needs_more_base",watchlist,weekly_watchlist,watchlist,0.0,4.4,1.98,5.0,6.98,638
NBCC.NS,NBCC (India) Ltd.,Construction,Unknown,Unknown,True,F&O,1,Stage 4,Stage 4,Stage 4 - Confirmed Downtrend,Stage 4 - Confirmed Downtrend,Stage 4 • Stage 4 - Confirmed Downtrend,0.86,Price is below a bearish moving-average stack with falling trend signals.,,,2026-07-02,,-16.53,-0.54,359654050.96,0.92,1.08,0.9,False,False,"Stage 4, Stage 4 - Confirmed Downtrend, downtrend",watchlist,weekly_watchlist,watchlist,9.33,4.0,6.93,0.0,6.93,639
TATACONSUM.NS,TATA CONSUMER PRODUCTS LIMITED,Fast Moving Consumer Goods,Unknown,Unknown,True,F&O,1,Stage 4,Stage 4,Stage 4 - Confirmed Downtrend,Stage 4 - Confirmed Downtrend,Stage 4 • Stage 4 - Confirmed Downtrend,0.86,Price is below a bearish moving-average stack with falling trend signals.,,,2026-05-20,,-8.19,-4.83,1079704349.71,0.99,1.2,0.75,False,True,"Stage 4, Stage 4 - Confirmed Downtrend, weekly_volume_dryup, downtrend",watchlist,weekly_watchlist,watchlist,7.43,6.2,6.88,0.0,6.88,640
ZENTEC.NS,Zen Technologies Ltd.,Capital Goods,Unknown,Unknown,False,Cash,1,Stage 2 Failed,Stage 1,Failed Stage 2,Failed Stage 2,Stage 2 Failed • Failed Stage 2,0.72,"This stock was recently Stage 2, but the latest structure no longer satisfies Stage 2 rules. It is kept as Stage 2 Failed until a fresh base/repair structure forms.",Recent Stage 2 break; public stage held as Stage 2 Failed.,2026-09-28,2026-09-08,,-2.2,22.48,488444127.39,0.61,0.44,0.5,True,True,"Stage 1, Stage 1 - Base/Repair, volume_dryup, weekly_volume_dryup, stage1_not_actionable, stage1_needs_more_base | Stage 2 failed state applied from stage memory.",watchlist,weekly_watchlist,watchlist,0.0,4.03,1.81,5.0,6.81,641
ACI.NS,Archean Chemical Industries Limited,Chemicals,Unknown,Unknown,False,Cash,1,Stage 4,Stage 4,Stage 4 - Confirmed Downtrend,Stage 4 - Confirmed Downtrend,Stage 4 • Stage 4 - Confirmed Downtrend,0.86,Price is below a bearish moving-average stack with falling trend signals.,,,,,-4.1,-14.67,200639991.37,0.73,0.46,0.61,True,True,"Stage 4, Stage 4 - Confirmed Downtrend, volume_dryup, weekly_volume_dryup, downtrend",watchlist,weekly_watchlist,watchlist,0.0,4.0,1.8,5.0,6.8,642
CIEINDIA.NS,CIE Automotive India Limited,Automobile and Auto Components,Unknown,Unknown,False,Cash,1,Stage 4,Stage 4,Stage 4 - Weak/Declining,Stage 4 - Weak/Declining,Stage 4 • Stage 4 - Weak/Declining,0.72,Price is below long-term support with weak trend evidence.,,,2026-07-22,,-14.04,-12.27,95280866.84,0.62,0.69,0.6,True,True,"Stage 4, Stage 4 - Weak/Declining, volume_dryup, weekly_volume_dryup, downtrend",watchlist,weekly_watchlist,watchlist,0.0,4.0,1.8,5.0,6.8,643
WAAREEENER.NS,Waaree Energies Ltd.,Capital Goods,Unknown,Unknown,True,F&O,1,Stage 4,Stage 4,Stage 4 - Weak/Declining,Stage 4 - Weak/Declining,Stage 4 • Stage 4 - Weak/Declining,0.72,Price is below long-term support with weak trend evidence.,,,,,-9.57,-17.73,1444663727.78,0.98,1.09,0.91,False,False,"Stage 4, Stage 4 - Weak/Declining, downtrend",watchlist,weekly_watchlist,watchlist,0.0,4.0,1.8,5.0,6.8,644
UBL.NS,United Breweries Limited,Fast Moving Consumer Goods,Unknown,Unknown,False,Cash,1,Stage 4,Stage 4,Stage 4 - Confirmed Downtrend,Stage 4 - Confirmed Downtrend,Stage 4 • Stage 4 - Confirmed Downtrend,0.86,Price is below a bearish moving-average stack with falling trend signals.,,,,,-4.56,-15.18,182804694.44,0.84,0.33,0.72,True,True,"Stage 4, Stage 4 - Confirmed Downtrend, volume_dryup, weekly_volume_dryup, downtrend",watchlist,weekly_watchlist,watchlist,8.9,4.0,6.7,0.0,6.7,645
GICRE.NS,General Insurance Corporation of India,Financial Services,Unknown,Unknown,False,Cash,1,Stage 4,Stage 4,Stage 4 - Weak/Declining,Stage 4 - Weak/Declining,Stage 4 • Stage 4 - Weak/Declining,0.72,Price is below long-term support with weak trend evidence.,,,2026-06-05,,0.2,-7.39,341479226.38,0.59,0.48,0.48,True,True,"Stage 4, Stage 4 - Weak/Declining, volume_dryup, weekly_volume_dryup, downtrend",watchlist,weekly_watchlist,watchlist,11.32,0.8,6.59,0.0,6.59,646
LICI.NS,Life Insurance Corporation Of India,Financial Services,Unknown,Unknown,True,F&O,1,Stage 4,Stage 4,Stage 4 - Weak/Declining,Stage 4 - Weak/Declining,Stage 4 • Stage 4 - Weak/Declining,0.72,Price is below long-term support with weak trend evidence.,,,2026-08-03,,-2.17,13.86,2620941987.4,0.71,0.63,0.72,True,True,"Stage 4, Stage 4 - Weak/Declining, volume_dryup, weekly_volume_dryup, downtrend",watchlist,weekly_watchlist,watchlist,9.68,2.77,6.57,0.0,6.57,647
SIS.NS,SIS LIMITED,Services,Unknown,Unknown,False,Cash,1,Stage 3,Stage 3,Stage 3 - Distribution/Damage,Stage 3 - Distribution/Damage,Stage 3 • Stage 3 - Distribution/Damage,0.76,"Prior strength exists, but short-term and/or weekly structure is deteriorating.",,,2026-09-04,,-2.24,39.42,171163972.88,1.63,6.44,2.08,False,False,"Stage 3, Stage 3 - Distribution/Damage, distribution_risk",watchlist,weekly_watchlist,watchlist,2.25,7.32,4.53,2.0,6.53,648
TITAGARH.NS,TITAGARH RAIL SYSTEMS LIMITED,Capital Goods,Unknown,Unknown,False,Cash,1,Stage 2 Failed,Stage 3,Failed Stage 2,Failed Stage 2,Stage 2 Failed • Failed Stage 2,0.72,"This stock was recently Stage 2, but the latest structure no longer satisfies Stage 2 rules. It is kept as Stage 2 Failed until a fresh base/repair structure forms.",Recent Stage 2 break; public stage held as Stage 2 Failed.,2026-09-28,2026-09-21,,-2.13,35.55,557699843.78,0.95,0.98,0.78,False,True,"Stage 3, Stage 3 - Distribution/Damage, weekly_volume_dryup, distribution_risk | Stage 2 failed state applied from stage memory.",watchlist,weekly_watchlist,watchlist,0.0,3.34,1.5,5.0,6.5,649
KEC.NS,KEC International Limited,Capital Goods,Unknown,Unknown,False,Cash,1,Stage 4,Stage 4,Stage 4 - Confirmed Downtrend,Stage 4 - Confirmed Downtrend,Stage 4 • Stage 4 - Confirmed Downtrend,0.86,Price is below a bearish moving-average stack with falling trend signals.,,,,,-18.22,-23.12,421947303.44,1.14,0.3,0.72,False,True,"Stage 4, Stage 4 - Confirmed Downtrend, weekly_volume_dryup, downtrend",watchlist,weekly_watchlist,watchlist,0.0,3.2,1.44,5.0,6.44,650
DCMSHRIRAM.NS,DCM Shriram Limited,Diversified,Unknown,Unknown,False,Cash,1,Stage 4,Stage 4,Stage 4 - Confirmed Downtrend,Stage 4 - Confirmed Downtrend,Stage 4 • Stage 4 - Confirmed Downtrend,0.86,Price is below a bearish moving-average stack with falling trend signals.,,,2026-01-05,,-1.91,-13.94,51360486.03,0.3,0.63,0.25,True,True,"Stage 4, Stage 4 - Confirmed Downtrend, volume_dryup, weekly_volume_dryup, downtrend",watchlist,weekly_watchlist,watchlist,0.0,14.27,6.42,0.0,6.42,651
TCS.NS,Tata Consultancy Services Limited,Information Technology,Unknown,Unknown,True,F&O,1,Stage 4,Stage 4,Stage 4 - Weak/Declining,Stage 4 - Weak/Declining,Stage 4 • Stage 4 - Weak/Declining,0.72,Price is below long-term support with weak trend evidence.,,,,,5.78,-11.63,6214657443.45,1.12,0.91,0.88,False,True,"Stage 4, Stage 4 - Weak/Declining, weekly_volume_dryup, downtrend",watchlist,weekly_watchlist,watchlist,7.95,0.0,4.37,2.0,6.37,652
ATGL.NS,Adani Total Gas Limited,"Oil, Gas & Consumable Fuels",Unknown,Unknown,False,Cash,1,Stage 4,Stage 4,Stage 4 - Weak/Declining,Stage 4 - Weak/Declining,Stage 4 • Stage 4 - Weak/Declining,0.72,Price is below long-term support with weak trend evidence.,,,2026-08-10,,-13.85,16.6,1748123280.12,2.9,0.27,0.47,False,True,"Stage 4, Stage 4 - Weak/Declining, weekly_volume_dryup, downtrend",watchlist,weekly_watchlist,watchlist,2.18,0.0,1.2,5.0,6.2,653
TECHNOE.NS,Techno Electric & Engineering Company Limited,Construction,Unknown,Unknown,False,Cash,1,Stage 4,Stage 4,Stage 4 - Weak/Declining,Stage 4 - Weak/Declining,Stage 4 • Stage 4 - Weak/Declining,0.72,Price is below long-term support with weak trend evidence.,,,,,-3.85,-3.5,128728094.17,0.79,0.66,0.5,True,True,"Stage 4, Stage 4 - Weak/Declining, volume_dryup, weekly_volume_dryup, downtrend",watchlist,weekly_watchlist,watchlist,11.22,0.0,6.17,0.0,6.17,654
POWERINDIA.NS,Hitachi Energy India Limited,Capital Goods,Unknown,Unknown,True,F&O,1,Stage 2 Failed,Stage 1,Failed Stage 2,Failed Stage 2,Stage 2 Failed • Failed Stage 2,0.72,"This stock was recently Stage 2, but the latest structure no longer satisfies Stage 2 rules. It is kept as Stage 2 Failed until a fresh base/repair structure forms.",Recent Stage 2 break; public stage held as Stage 2 Failed.,2026-09-28,2026-09-18,,-5.28,21.77,2758669790.75,0.83,0.76,0.77,True,True,"Stage 1, Stage 1 - Base/Repair, volume_dryup, weekly_volume_dryup, stage1_not_actionable, stage1_needs_more_base | Stage 2 failed state applied from stage memory.",watchlist,weekly_watchlist,watchlist,0.0,2.45,1.1,5.0,6.1,655
AARTIIND.NS,Aarti Industries Limited,Chemicals,Unknown,Unknown,False,Cash,1,Stage 2 Failed,Stage 3,Failed Stage 2,Failed Stage 2,Stage 2 Failed • Failed Stage 2,0.72,"This stock was recently Stage 2, but the latest structure no longer satisfies Stage 2 rules. It is kept as Stage 2 Failed until a fresh base/repair structure forms.",Recent Stage 2 break; public stage held as Stage 2 Failed.,2026-09-28,2026-09-25,,4.17,19.1,258946477.78,0.43,0.39,0.32,True,True,"Stage 3, Stage 3 - Transition, volume_dryup, weekly_volume_dryup, distribution_risk | Stage 2 failed state applied from stage memory.",watchlist,weekly_watchlist,watchlist,0.0,2.33,1.05,5.0,6.05,656
DABUR.NS,Dabur India Limited,Fast Moving Consumer Goods,Unknown,Unknown,True,F&O,1,Stage 4,Stage 4,Stage 4 - Confirmed Downtrend,Stage 4 - Confirmed Downtrend,Stage 4 • Stage 4 - Confirmed Downtrend,0.86,Price is below a bearish moving-average stack with falling trend signals.,,,2026-01-16,,-7.48,-4.09,800754463.52,1.24,1.51,0.73,False,True,"Stage 4, Stage 4 - Confirmed Downtrend, weekly_volume_dryup, downtrend",watchlist,weekly_watchlist,watchlist,10.24,0.8,5.99,0.0,5.99,657
MEDPLUS.NS,Medplus Health Services Limited,Consumer Services,Unknown,Unknown,False,Cash,1,Stage 4,Stage 4,Stage 4 - Confirmed Downtrend,Stage 4 - Confirmed Downtrend,Stage 4 • Stage 4 - Confirmed Downtrend,0.86,Price is below a bearish moving-average stack with falling trend signals.,,,2026-06-05,,-14.96,-18.87,65032757.65,0.38,0.74,0.37,True,True,"Stage 4, Stage 4 - Confirmed Downtrend, volume_dryup, weekly_volume_dryup, downtrend",watchlist,weekly_watchlist,watchlist,0.0,8.8,3.96,2.0,5.96,658
POLYCAB.NS,Polycab India Limited,Capital Goods,Unknown,Unknown,True,F&O,1,Stage 1,Stage 1,Stage 1 - Base/Repair,Stage 1 - Base/Repair,Stage 1 • Stage 1 - Base/Repair,0.7,Price is near long-term moving averages with no strong long-term downtrend signal.,,,2026-08-31,,-9.88,21.91,3185257714.72,0.84,0.78,0.79,True,True,"Stage 1, Stage 1 - Base/Repair, volume_dryup, weekly_volume_dryup, stage1_not_actionable, stage1_needs_more_base",watchlist,weekly_watchlist,watchlist,0.0,2.0,0.9,5.0,5.9,659
POWERMECH.NS,Power Mech Projects Limited,Construction,Unknown,Unknown,False,Cash,1,Stage 4,Stage 4,Stage 4,Stage 4,Stage 4,0.66,Declining structure detected.,,,2026-07-29,,-8.53,27.21,106911464.16,0.57,0.52,0.42,True,True,"Stage 4, Stage 4, volume_dryup, weekly_volume_dryup, downtrend",watchlist,weekly_watchlist,watchlist,10.69,0.0,5.88,0.0,5.88,660
BHARATFORG.NS,Bharat Forge Limited,Capital Goods,Unknown,Unknown,True,F&O,1,Stage 3,Stage 3,Stage 3 - Distribution/Damage,Stage 3 - Distribution/Damage,Stage 3 • Stage 3 - Distribution/Damage,0.76,"Prior strength exists, but short-term and/or weekly structure is deteriorating.",,,2026-09-03,,-3.55,21.76,1802268235.69,0.78,0.65,0.81,True,True,"Stage 3, Stage 3 - Distribution/Damage, volume_dryup, weekly_volume_dryup, distribution_risk",watchlist,weekly_watchlist,watchlist,0.0,1.82,0.82,5.0,5.82,661
ITCHOTELS.NS,ITC Hotels Ltd.,Consumer Services,Unknown,Unknown,False,Cash,1,Stage 4,Stage 4,Stage 4 - Weak/Declining,Stage 4 - Weak/Declining,Stage 4 • Stage 4 - Weak/Declining,0.72,Price is below long-term support with weak trend evidence.,,,,,-5.29,10.04,255501464.42,1.06,0.93,1.04,False,False,"Stage 4, Stage 4 - Weak/Declining, downtrend",watchlist,weekly_watchlist,watchlist,6.67,0.0,3.67,2.0,5.67,662
ZFCVINDIA.NS,ZF Commercial Vehicle Control Systems India Limited,Automobile and Auto Components,Unknown,Unknown,False,Cash,1,Stage 2 Failed,Stage 1,Failed Stage 2,Failed Stage 2,Stage 2 Failed • Failed Stage 2,0.72,"This stock was recently Stage 2, but the latest structure no longer satisfies Stage 2 rules. It is kept as Stage 2 Failed until a fresh base/repair structure forms.",Recent Stage 2 break; public stage held as Stage 2 Failed.,2026-09-28,2026-09-16,,1.15,2.59,223895641.42,1.06,0.88,1.07,False,False,"Stage 1, Stage 1 - Base/Repair, stage1_not_actionable, stage1_needs_more_base | Stage 2 failed state applied from stage memory.",watchlist,weekly_watchlist,watchlist,0.0,1.17,0.53,5.0,5.53,663
KAYNES.NS,Kaynes Technology India Limited,Capital Goods,Unknown,Unknown,True,F&O,1,Stage 1,Stage 1,Stage 1 - Early Turn,Stage 1 - Early Turn,Stage 1 • Stage 1 - Early Turn,0.66,The stock is improving from a repair/base area but has not confirmed a clean Stage 2 yet.,,,2025-11-13,,20.92,5.65,3650692576.57,1.0,0.89,1.21,False,False,"Stage 1, Stage 1 - Early Turn, stage1_not_actionable, stage1_needs_more_base",watchlist,weekly_watchlist,watchlist,0.0,1.06,0.48,5.0,5.48,664
JAICORPLTD.NS,Jai Corp Limited,Capital Goods,Unknown,Unknown,False,Cash,1,Stage 4,Stage 4,Stage 4 - Confirmed Downtrend,Stage 4 - Confirmed Downtrend,Stage 4 • Stage 4 - Confirmed Downtrend,0.86,Price is below a bearish moving-average stack with falling trend signals.,,,2025-11-04,,-14.72,-1.43,24953329.94,0.92,0.71,0.98,False,False,"Stage 4, Stage 4 - Confirmed Downtrend, downtrend",watchlist,weekly_watchlist,watchlist,0.84,0.0,0.46,5.0,5.46,665
GODIGIT.NS,Go Digit General Insurance Ltd.,Financial Services,Unknown,Unknown,False,Cash,1,Stage 4,Stage 4,Stage 4 - Weak/Declining,Stage 4 - Weak/Declining,Stage 4 • Stage 4 - Weak/Declining,0.72,Price is below long-term support with weak trend evidence.,,,,,-10.86,-15.68,210615546.24,1.8,8.57,2.59,False,False,"Stage 4, Stage 4 - Weak/Declining, downtrend",watchlist,weekly_watchlist,watchlist,9.82,0.0,5.4,0.0,5.4,666
ISGEC.NS,Isgec Heavy Engineering Limited,Construction,Unknown,Unknown,False,Cash,1,Not Sure,Not Sure,Not Sure,Not Sure,Not Sure,0.0,Stage rules did not identify a reliable structure.,No confident stage classification.,,,,1.73,0.46,73885183.64,1.73,1.13,1.59,False,False,"Not Sure, Not Sure",watchlist,weekly_watchlist,watchlist,1.75,9.82,5.38,0.0,5.38,667
FACT.NS,Fertilizers and Chemicals Travancore Limited,Chemicals,Unknown,Unknown,False,Cash,1,Stage 4,Stage 4,Stage 4 - Weak/Declining,Stage 4 - Weak/Declining,Stage 4 • Stage 4 - Weak/Declining,0.72,Price is below long-term support with weak trend evidence.,,,2026-06-26,,-7.4,1.45,140164195.49,0.25,0.05,0.11,True,True,"Stage 4, Stage 4 - Weak/Declining, volume_dryup, weekly_volume_dryup, downtrend",watchlist,weekly_watchlist,watchlist,0.0,0.8,0.36,5.0,5.36,668
TARIL.NS,Transformers And Rectifiers (India) Ltd.,Capital Goods,Unknown,Unknown,False,Cash,1,Not Sure,Stage 4,Pending Stage 4,Pending Stage 4,Not Sure • Pending Stage 4,0.55,Blocked public stage jump Stage 1 -> Stage 4; waiting for intermediate/confirmed structure.,Blocked public stage jump Stage 1 -> Stage 4; waiting for intermediate/confirmed structure.,,,Stage 4,-19.12,1.38,244324010.45,0.62,0.45,0.55,True,True,"Stage 4, Stage 4 - Weak/Declining, volume_dryup, weekly_volume_dryup, downtrend | Blocked public stage jump Stage 1 -> Stage 4; waiting for intermediate/confirmed structure.",watchlist,weekly_watchlist,watchlist,0.0,0.8,0.36,5.0,5.36,669
THERMAX.NS,Thermax Limited,Capital Goods,Unknown,Unknown,False,Cash,1,Not Sure,Stage 4,Pending Stage 4,Pending Stage 4,Not Sure • Pending Stage 4,0.55,Blocked public stage jump Stage 1 -> Stage 4; waiting for intermediate/confirmed structure.,Blocked public stage jump Stage 1 -> Stage 4; waiting for intermediate/confirmed structure.,,2026-08-05,Stage 4,-25.75,5.42,498007814.01,0.65,0.68,0.5,True,True,"Stage 4, Stage 4 - Weak/Declining, volume_dryup, weekly_volume_dryup, downtrend | Blocked public stage jump Stage 1 -> Stage 4; waiting for intermediate/confirmed structure.",watchlist,weekly_watchlist,watchlist,0.0,0.8,0.36,5.0,5.36,670
INDIGO.NS,InterGlobe Aviation Limited,Services,Unknown,Unknown,True,F&O,1,Not Sure,Not Sure,Not Sure,Not Sure,Not Sure,0.0,Stage rules did not identify a reliable structure.,No confident stage classification.,,2026-08-31,,-5.36,18.85,3081252499.8,0.91,0.95,0.87,False,True,"Not Sure, Not Sure, weekly_volume_dryup",watchlist,weekly_watchlist,watchlist,2.04,4.95,3.35,2.0,5.35,671
GVT&D.NS,GE Vernova T&D India Ltd.,Capital Goods,Unknown,Unknown,False,Cash,1,Stage 2 Failed,Stage 3,Failed Stage 2,Failed Stage 2,Stage 2 Failed • Failed Stage 2,0.72,"This stock was recently Stage 2, but the latest structure no longer satisfies Stage 2 rules. It is kept as Stage 2 Failed until a fresh base/repair structure forms.",Recent Stage 2 break; public stage held as Stage 2 Failed.,2026-09-28,2026-09-23,,-7.53,12.49,3466770097.67,0.59,0.47,0.47,True,True,"Stage 3, Stage 3 - Distribution/Damage, volume_dryup, weekly_volume_dryup, distribution_risk | Stage 2 failed state applied from stage memory.",watchlist,weekly_watchlist,watchlist,0.0,0.5,0.23,5.0,5.23,672
TVSSCS.NS,TVS Supply Chain Solutions Limited,Services,Unknown,Unknown,False,Cash,1,Stage 2 Failed,Stage 3,Failed Stage 2,Failed Stage 2,Stage 2 Failed • Failed Stage 2,0.72,"This stock was recently Stage 2, but the latest structure no longer satisfies Stage 2 rules. It is kept as Stage 2 Failed until a fresh base/repair structure forms.",Recent Stage 2 break; public stage held as Stage 2 Failed.,2026-09-28,2026-09-24,,-1.24,36.8,99892731.73,0.42,0.21,0.31,True,True,"Stage 3, Stage 3 - Distribution/Damage, volume_dryup, weekly_volume_dryup, distribution_risk | Stage 2 failed state applied from stage memory.",watchlist,weekly_watchlist,watchlist,1.81,4.76,3.14,2.0,5.14,673
WIPRO.NS,Wipro Limited,Information Technology,Unknown,Unknown,True,F&O,1,Stage 4,Stage 4,Stage 4 - Confirmed Downtrend,Stage 4 - Confirmed Downtrend,Stage 4 • Stage 4 - Confirmed Downtrend,0.86,Price is below a bearish moving-average stack with falling trend signals.,,,2026-01-16,,-0.98,-13.91,1662510360.43,1.06,1.11,0.95,False,False,"Stage 4, Stage 4 - Confirmed Downtrend, downtrend",watchlist,weekly_watchlist,watchlist,5.65,0.0,3.11,2.0,5.11,674
KEI.NS,KEI Industries Limited,Capital Goods,Unknown,Unknown,True,F&O,1,Stage 1,Stage 1,Stage 1 - Unclear/Repair,Stage 1 - Unclear/Repair,Stage 1 • Stage 1 - Unclear/Repair,0.58,Not enough evidence for Stage 2 or Stage 4; classified as repair/unclear structure.,,,2026-09-03,,-9.31,13.82,3036607947.75,0.64,0.42,0.61,True,True,"Stage 1, Stage 1 - Unclear/Repair, volume_dryup, weekly_volume_dryup, stage1_not_actionable, stage1_needs_more_base",watchlist,weekly_watchlist,watchlist,0.0,0.05,0.02,5.0,5.02,675
CAMPUS.NS,Campus Activewear Limited,Consumer Durables,Unknown,Unknown,False,Cash,1,Stage 4,Stage 4,Stage 4 - Confirmed Downtrend,Stage 4 - Confirmed Downtrend,Stage 4 • Stage 4 - Confirmed Downtrend,0.86,Price is below a bearish moving-average stack with falling trend signals.,,,2025-11-26,,-4.16,-5.36,71740215.52,0.61,0.77,0.46,True,True,"Stage 4, Stage 4 - Confirmed Downtrend, volume_dryup, weekly_volume_dryup, downtrend",watchlist,weekly_watchlist,watchlist,9.11,0.0,5.01,0.0,5.01,676
RTNPOWER.NS,RattanIndia Power Limited,Power,Unknown,Unknown,False,Cash,1,Stage 4,Stage 4,Stage 4 - Confirmed Downtrend,Stage 4 - Confirmed Downtrend,Stage 4 • Stage 4 - Confirmed Downtrend,0.86,Price is below a bearish moving-average stack with falling trend signals.,,,,,-20.49,-14.69,124176286.02,1.02,0.62,0.77,False,True,"Stage 4, Stage 4 - Confirmed Downtrend, weekly_volume_dryup, downtrend",watchlist,weekly_watchlist,watchlist,9.1,0.0,5.0,0.0,5.0,677
BPCL.NS,Bharat Petroleum Corporation Limited,"Oil, Gas & Consumable Fuels",Unknown,Unknown,True,F&O,1,Stage 4,Stage 4,Stage 4 - Weak/Declining,Stage 4 - Weak/Declining,Stage 4 • Stage 4 - Weak/Declining,0.72,Price is below long-term support with weak trend evidence.,,,2026-03-02,,2.46,10.92,1309178625.27,0.89,0.61,0.81,False,True,"Stage 4, Stage 4 - Weak/Declining, weekly_volume_dryup, downtrend",watchlist,weekly_watchlist,watchlist,0.0,0.0,0.0,5.0,5.0,678
DEEPAKFERT.NS,Deepak Fertilizers and Petrochemicals Corporation Limited,Chemicals,Unknown,Unknown,False,Cash,1,Stage 3,Stage 3,Stage 3 - Distribution/Damage,Stage 3 - Distribution/Damage,Stage 3 • Stage 3 - Distribution/Damage,0.76,"Prior strength exists, but short-term and/or weekly structure is deteriorating.",,,2026-08-28,,-13.2,39.22,297558976.64,0.64,0.46,0.69,True,True,"Stage 3, Stage 3 - Distribution/Damage, volume_dryup, weekly_volume_dryup, distribution_risk",watchlist,weekly_watchlist,watchlist,0.0,0.0,0.0,5.0,5.0,679
EIDPARRY.NS,EID Parry India Limited,Chemicals,Unknown,Unknown,False,Cash,1,Stage 4,Stage 4,Stage 4 - Confirmed Downtrend,Stage 4 - Confirmed Downtrend,Stage 4 • Stage 4 - Confirmed Downtrend,0.86,Price is below a bearish moving-average stack with falling trend signals.,,,,,1.19,-10.97,240978123.88,0.58,0.52,0.47,True,True,"Stage 4, Stage 4 - Confirmed Downtrend, volume_dryup, weekly_volume_dryup, downtrend",watchlist,weekly_watchlist,watchlist,0.0,0.0,0.0,5.0,5.0,680
NFL.NS,National Fertilizers Limited,Chemicals,Unknown,Unknown,False,Cash,1,Stage 4,Stage 4,Stage 4 - Confirmed Downtrend,Stage 4 - Confirmed Downtrend,Stage 4 • Stage 4 - Confirmed Downtrend,0.86,Price is below a bearish moving-average stack with falling trend signals.,,,,,-6.24,-1.49,29915369.26,0.74,0.72,0.73,True,True,"Stage 4, Stage 4 - Confirmed Downtrend, volume_dryup, weekly_volume_dryup, downtrend",watchlist,weekly_watchlist,watchlist,0.0,0.0,0.0,5.0,5.0,681
PIIND.NS,PI Industries Limited,Chemicals,Unknown,Unknown,True,F&O,1,Stage 4,Stage 4,Stage 4 - Confirmed Downtrend,Stage 4 - Confirmed Downtrend,Stage 4 • Stage 4 - Confirmed Downtrend,0.86,Price is below a bearish moving-average stack with falling trend signals.,,,,,-4.52,-13.46,631012987.6,1.04,0.44,1.19,False,False,"Stage 4, Stage 4 - Confirmed Downtrend, downtrend",watchlist,weekly_watchlist,watchlist,0.0,0.0,0.0,5.0,5.0,682
RALLIS.NS,Rallis India Limited,Chemicals,Unknown,Unknown,False,Cash,1,Stage 4,Stage 4,Stage 4 - Confirmed Downtrend,Stage 4 - Confirmed Downtrend,Stage 4 • Stage 4 - Confirmed Downtrend,0.86,Price is below a bearish moving-average stack with falling trend signals.,,,,,-7.15,-11.76,100011640.78,0.61,0.79,0.47,True,True,"Stage 4, Stage 4 - Confirmed Downtrend, volume_dryup, weekly_volume_dryup, downtrend",watchlist,weekly_watchlist,watchlist,0.0,0.0,0.0,5.0,5.0,683
SUZLON.NS,Suzlon Energy Limited,Capital Goods,Unknown,Unknown,True,F&O,1,Stage 4,Stage 4,Stage 4 - Weak/Declining,Stage 4 - Weak/Declining,Stage 4 • Stage 4 - Weak/Declining,0.72,Price is below long-term support with weak trend evidence.,,,2026-07-13,,-26.12,-0.49,2168188483.72,1.13,1.44,1.45,False,False,"Stage 4, Stage 4 - Weak/Declining, downtrend",watchlist,weekly_watchlist,watchlist,0.0,0.0,0.0,5.0,5.0,684
TIINDIA.NS,Tube Investments of India Limited,Automobile and Auto Components,Unknown,Unknown,True,F&O,1,Stage 4,Stage 4,Stage 4 - Weak/Declining,Stage 4 - Weak/Declining,Stage 4 • Stage 4 - Weak/Declining,0.72,Price is below long-term support with weak trend evidence.,,,2026-08-28,,-15.29,-1.91,462715454.47,0.47,0.67,0.36,True,True,"Stage 4, Stage 4 - Weak/Declining, volume_dryup, weekly_volume_dryup, downtrend",watchlist,weekly_watchlist,watchlist,0.0,0.0,0.0,5.0,5.0,685
NIVABUPA.NS,Niva Bupa Health Insurance Company Ltd.,Financial Services,Unknown,Unknown,False,Cash,1,Not Sure,Not Sure,Not Sure,Not Sure,Not Sure,0.0,Stage rules did not identify a reliable structure.,No confident stage classification.,,2026-08-25,,-7.12,6.92,59594329.42,0.93,1.22,0.9,False,True,"Not Sure, Not Sure, weekly_volume_dryup",watchlist,weekly_watchlist,watchlist,2.02,8.4,4.89,0.0,4.89,686
RUSTOMJEE.NS,Keystone Realtors Limited,Realty,Unknown,Unknown,False,Cash,1,Stage 4,Stage 4,Stage 4 - Confirmed Downtrend,Stage 4 - Confirmed Downtrend,Stage 4 • Stage 4 - Confirmed Downtrend,0.86,Price is below a bearish moving-average stack with falling trend signals.,,,,,-11.51,-3.31,37535711.16,0.4,0.56,0.61,True,True,"Stage 4, Stage 4 - Confirmed Downtrend, volume_dryup, weekly_volume_dryup, downtrend",watchlist,weekly_watchlist,watchlist,5.1,0.0,2.81,2.0,4.81,687
HAPPSTMNDS.NS,Happiest Minds Technologies Limited,Information Technology,Unknown,Unknown,False,Cash,1,Stage 4,Stage 4,Stage 4 - Weak/Declining,Stage 4 - Weak/Declining,Stage 4 • Stage 4 - Weak/Declining,0.72,Price is below long-term support with weak trend evidence.,,,,,-6.78,-18.86,624144107.42,0.34,0.17,0.28,True,True,"Stage 4, Stage 4 - Weak/Declining, volume_dryup, weekly_volume_dryup, downtrend",watchlist,weekly_watchlist,watchlist,5.02,0.0,2.76,2.0,4.76,688
LTF.NS,L&T Finance Ltd.,Financial Services,Unknown,Unknown,True,F&O,1,Stage 2 Failed,Stage 1,Failed Stage 2,Failed Stage 2,Stage 2 Failed • Failed Stage 2,0.72,"This stock was recently Stage 2, but the latest structure no longer satisfies Stage 2 rules. It is kept as Stage 2 Failed until a fresh base/repair structure forms.",Recent Stage 2 break; public stage held as Stage 2 Failed.,2026-09-28,2026-09-22,,-5.81,20.31,1632823493.68,1.42,1.06,2.2,False,False,"Stage 1, Stage 1 - Base/Repair, stage1_not_actionable, stage1_needs_more_base | Stage 2 failed state applied from stage memory.",watchlist,weekly_watchlist,watchlist,8.52,0.0,4.69,0.0,4.69,689
TCIEXP.NS,TCI Express Limited,Services,Unknown,Unknown,False,Cash,1,Stage 4,Stage 4,Stage 4 - Weak/Declining,Stage 4 - Weak/Declining,Stage 4 • Stage 4 - Weak/Declining,0.72,Price is below long-term support with weak trend evidence.,,,2026-08-17,,0.21,4.78,14996358.15,0.28,0.55,0.27,True,True,"Stage 4, Stage 4 - Weak/Declining, volume_dryup, weekly_volume_dryup, downtrend",watchlist,weekly_watchlist,watchlist,4.7,0.0,2.59,2.0,4.59,690
INDUSINDBK.NS,IndusInd Bank Ltd.,Financial Services,Unknown,Unknown,True,F&O,1,Stage 2 Failed,Stage 1,Failed Stage 2,Failed Stage 2,Stage 2 Failed • Failed Stage 2,0.72,"This stock was recently Stage 2, but the latest structure no longer satisfies Stage 2 rules. It is kept as Stage 2 Failed until a fresh base/repair structure forms.",Recent Stage 2 break; public stage held as Stage 2 Failed.,2026-09-28,2026-09-23,,1.52,19.27,1989611034.67,1.46,1.06,1.38,False,False,"Stage 1, Stage 1 - Base/Repair, stage1_not_actionable, stage1_needs_more_base | Stage 2 failed state applied from stage memory.",watchlist,weekly_watchlist,watchlist,0.0,10.08,4.54,0.0,4.54,691
PATANJALI.NS,Patanjali Foods Ltd.,Fast Moving Consumer Goods,Unknown,Unknown,True,F&O,1,Stage 4,Stage 4,Stage 4 - Weak/Declining,Stage 4 - Weak/Declining,Stage 4 • Stage 4 - Weak/Declining,0.72,Price is below long-term support with weak trend evidence.,,,,,0.25,-13.18,1994456736.08,1.92,0.82,1.2,False,False,"Stage 4, Stage 4 - Weak/Declining, downtrend",watchlist,weekly_watchlist,watchlist,8.2,0.0,4.51,0.0,4.51,692
ADANIGREEN.NS,Adani Green Energy Limited,Power,Unknown,Unknown,True,F&O,1,Stage 1,Stage 1,Stage 1 - Base/Repair,Stage 1 - Base/Repair,Stage 1 • Stage 1 - Base/Repair,0.7,Price is near long-term moving averages with no strong long-term downtrend signal.,,,2026-08-28,,-15.48,46.53,1717157548.66,0.69,1.37,0.73,True,True,"Stage 1, Stage 1 - Base/Repair, volume_dryup, weekly_volume_dryup, stage1_not_actionable, stage1_needs_more_base",watchlist,weekly_watchlist,watchlist,2.06,7.5,4.51,0.0,4.51,693
PGHH.NS,Procter & Gamble Hygiene and Health Care Limited,Fast Moving Consumer Goods,Unknown,Unknown,False,Cash,1,Stage 4,Stage 4,Stage 4 - Confirmed Downtrend,Stage 4 - Confirmed Downtrend,Stage 4 • Stage 4 - Confirmed Downtrend,0.86,Price is below a bearish moving-average stack with falling trend signals.,,,,,-16.79,-26.61,141779414.82,1.37,1.42,1.55,False,False,"Stage 4, Stage 4 - Confirmed Downtrend, downtrend",watchlist,weekly_watchlist,watchlist,4.77,4.0,4.42,0.0,4.42,694
LLOYDSME.NS,Lloyds Metals And Energy Limited,Metals & Mining,Unknown,Unknown,False,Cash,1,Stage 2 Failed,Stage 3,Failed Stage 2,Failed Stage 2,Stage 2 Failed • Failed Stage 2,0.72,"This stock was recently Stage 2, but the latest structure no longer satisfies Stage 2 rules. It is kept as Stage 2 Failed until a fresh base/repair structure forms.",Recent Stage 2 break; public stage held as Stage 2 Failed.,2026-09-28,2026-09-25,,6.45,34.61,581539105.95,0.8,0.89,0.89,True,True,"Stage 3, Stage 3 - Transition, volume_dryup, weekly_volume_dryup, distribution_risk | Stage 2 failed state applied from stage memory.",watchlist,weekly_watchlist,watchlist,0.0,5.31,2.39,2.0,4.39,695
GOCOLORS.NS,Go Fashion (India) Limited,Consumer Services,Unknown,Unknown,False,Cash,1,Stage 4,Stage 4,Stage 4 - Weak/Declining,Stage 4 - Weak/Declining,Stage 4 • Stage 4 - Weak/Declining,0.72,Price is below long-term support with weak trend evidence.,,,,,-10.23,16.55,23289007.2,0.34,0.41,0.27,True,True,"Stage 4, Stage 4 - Weak/Declining, volume_dryup, weekly_volume_dryup, downtrend",watchlist,weekly_watchlist,watchlist,3.71,0.0,2.04,2.0,4.04,696
BANKBARODA.NS,Bank of Baroda,Financial Services,Unknown,Unknown,True,F&O,1,Stage 4,Stage 4,Stage 4 - Confirmed Downtrend,Stage 4 - Confirmed Downtrend,Stage 4 • Stage 4 - Confirmed Downtrend,0.86,Price is below a bearish moving-average stack with falling trend signals.,,,2026-06-26,,-7.48,-3.63,1569479860.77,0.69,1.03,0.59,True,True,"Stage 4, Stage 4 - Confirmed Downtrend, volume_dryup, weekly_volume_dryup, downtrend",watchlist,weekly_watchlist,watchlist,6.56,0.0,3.61,0.0,3.61,697
MASFIN.NS,MAS Financial Services Limited,Financial Services,Unknown,Unknown,False,Cash,1,Stage 4,Stage 4,Stage 4 - Confirmed Downtrend,Stage 4 - Confirmed Downtrend,Stage 4 • Stage 4 - Confirmed Downtrend,0.86,Price is below a bearish moving-average stack with falling trend signals.,,,2026-07-13,,-7.1,-3.08,61203827.52,1.0,0.81,0.92,False,False,"Stage 4, Stage 4 - Confirmed Downtrend, downtrend",watchlist,weekly_watchlist,watchlist,6.51,0.0,3.58,0.0,3.58,698
NTPC.NS,NTPC Limited,Power,Unknown,Unknown,True,F&O,1,Stage 4,Stage 4,Stage 4 - Weak/Declining,Stage 4 - Weak/Declining,Stage 4 • Stage 4 - Weak/Declining,0.72,Price is below long-term support with weak trend evidence.,,,2026-05-28,,-4.3,-7.5,2341199956.03,0.88,0.79,0.87,False,True,"Stage 4, Stage 4 - Weak/Declining, weekly_volume_dryup, downtrend",watchlist,weekly_watchlist,watchlist,3.14,4.0,3.53,0.0,3.53,699
J&KBANK.NS,The Jammu & Kashmir Bank Limited,Financial Services,Unknown,Unknown,False,Cash,1,Stage 3,Stage 3,Stage 3 - Distribution/Damage,Stage 3 - Distribution/Damage,Stage 3 • Stage 3 - Distribution/Damage,0.76,"Prior strength exists, but short-term and/or weekly structure is deteriorating.",,,2026-08-28,,-8.53,27.52,266767378.09,0.58,0.74,0.32,True,True,"Stage 3, Stage 3 - Distribution/Damage, volume_dryup, weekly_volume_dryup, distribution_risk",watchlist,weekly_watchlist,watchlist,0.0,7.5,3.38,0.0,3.38,700
STARHEALTH.NS,Star Health and Allied Insurance Company Limited,Financial Services,Unknown,Unknown,False,Cash,1,Stage 2 Failed,Stage 3,Failed Stage 2,Failed Stage 2,Stage 2 Failed • Failed Stage 2,0.72,"This stock was recently Stage 2, but the latest structure no longer satisfies Stage 2 rules. It is kept as Stage 2 Failed until a fresh base/repair structure forms.",Recent Stage 2 break; public stage held as Stage 2 Failed.,2026-09-28,2026-09-15,,-1.01,19.84,561552828.43,2.55,0.49,3.71,False,False,"Stage 3, Stage 3 - Distribution/Damage, distribution_risk | Stage 2 failed state applied from stage memory.",watchlist,weekly_watchlist,watchlist,0.0,7.48,3.37,0.0,3.37,701
GENSOL.NS,Gensol Engineering Limited,Services,Unknown,Unknown,False,Cash,1,Stage 4,Stage 4,Stage 4 - Confirmed Downtrend,Stage 4 - Confirmed Downtrend,Stage 4 • Stage 4 - Confirmed Downtrend,0.86,Price is below a bearish moving-average stack with falling trend signals.,,,,,-20.39,-14.38,918648.82,0.91,2.54,1.13,False,False,"Stage 4, Stage 4 - Confirmed Downtrend, downtrend",watchlist,weekly_watchlist,watchlist,0.75,2.0,1.31,2.0,3.31,702
VAIBHAVGBL.NS,Vaibhav Global Limited,Consumer Durables,Unknown,Unknown,False,Cash,1,Stage 4,Stage 4,Stage 4 - Weak/Declining,Stage 4 - Weak/Declining,Stage 4 • Stage 4 - Weak/Declining,0.72,Price is below long-term support with weak trend evidence.,,,2026-08-13,,-8.69,17.59,43841678.78,0.54,1.38,0.58,True,True,"Stage 4, Stage 4 - Weak/Declining, volume_dryup, weekly_volume_dryup, downtrend",watchlist,weekly_watchlist,watchlist,0.0,7.09,3.19,0.0,3.19,703
IFBIND.NS,IFB Industries Limited,Consumer Durables,Unknown,Unknown,False,Cash,1,Stage 4,Stage 4,Stage 4 - Weak/Declining,Stage 4 - Weak/Declining,Stage 4 • Stage 4 - Weak/Declining,0.72,Price is below long-term support with weak trend evidence.,,,2025-12-12,,-0.79,29.93,39771902.17,0.62,0.94,0.65,True,True,"Stage 4, Stage 4 - Weak/Declining, volume_dryup, weekly_volume_dryup, downtrend",watchlist,weekly_watchlist,watchlist,0.0,6.91,3.11,0.0,3.11,704
RPOWER.NS,Reliance Power Limited,Power,Unknown,Unknown,False,Cash,1,Stage 4,Stage 4,Stage 4 - Confirmed Downtrend,Stage 4 - Confirmed Downtrend,Stage 4 • Stage 4 - Confirmed Downtrend,0.86,Price is below a bearish moving-average stack with falling trend signals.,,,,,-19.57,-9.58,381526612.24,0.92,0.81,0.82,False,True,"Stage 4, Stage 4 - Confirmed Downtrend, weekly_volume_dryup, downtrend",watchlist,weekly_watchlist,watchlist,5.36,0.0,2.95,0.0,2.95,705
HEMIPROP.NS,Hemisphere Properties India Limited,Realty,Unknown,Unknown,False,Cash,1,Stage 4,Stage 4,Stage 4 - Confirmed Downtrend,Stage 4 - Confirmed Downtrend,Stage 4 • Stage 4 - Confirmed Downtrend,0.86,Price is below a bearish moving-average stack with falling trend signals.,,,2026-07-03,,-12.13,0.57,29705508.1,0.85,1.45,0.84,True,True,"Stage 4, Stage 4 - Confirmed Downtrend, volume_dryup, weekly_volume_dryup, downtrend",watchlist,weekly_watchlist,watchlist,0.0,2.0,0.9,2.0,2.9,706
ZENSARTECH.NS,Zensar Technologies Limited,Information Technology,Unknown,Unknown,False,Cash,1,Stage 4,Stage 4,Stage 4 - Confirmed Downtrend,Stage 4 - Confirmed Downtrend,Stage 4 • Stage 4 - Confirmed Downtrend,0.86,Price is below a bearish moving-average stack with falling trend signals.,,,,,0.82,-15.47,1545317133.37,2.85,0.98,0.56,False,True,"Stage 4, Stage 4 - Confirmed Downtrend, weekly_volume_dryup, downtrend",watchlist,weekly_watchlist,watchlist,0.0,2.0,0.9,2.0,2.9,707
IEX.NS,Indian Energy Exchange Limited,Financial Services,Unknown,Unknown,True,F&O,1,Stage 4,Stage 4,Stage 4 - Confirmed Downtrend,Stage 4 - Confirmed Downtrend,Stage 4 • Stage 4 - Confirmed Downtrend,0.86,Price is below a bearish moving-average stack with falling trend signals.,,,,,-4.73,-3.03,392036015.55,0.68,0.67,0.61,True,True,"Stage 4, Stage 4 - Confirmed Downtrend, volume_dryup, weekly_volume_dryup, downtrend",watchlist,weekly_watchlist,watchlist,0.0,6.2,2.79,0.0,2.79,708
JKCEMENT.NS,J.K. Cement Ltd.,Construction Materials,Unknown,Unknown,False,Cash,1,Stage 4,Stage 4,Stage 4 - Confirmed Downtrend,Stage 4 - Confirmed Downtrend,Stage 4 • Stage 4 - Confirmed Downtrend,0.86,Price is below a bearish moving-average stack with falling trend signals.,,,,,-4.28,-0.81,214712067.12,0.92,0.38,0.7,False,True,"Stage 4, Stage 4 - Confirmed Downtrend, weekly_volume_dryup, downtrend",watchlist,weekly_watchlist,watchlist,0.0,6.2,2.79,0.0,2.79,709
NIACL.NS,The New India Assurance Company Limited,Financial Services,Unknown,Unknown,False,Cash,1,Stage 2 Failed,Stage 1,Failed Stage 2,Failed Stage 2,Stage 2 Failed • Failed Stage 2,0.72,"This stock was recently Stage 2, but the latest structure no longer satisfies Stage 2 rules. It is kept as Stage 2 Failed until a fresh base/repair structure forms.",Recent Stage 2 break; public stage held as Stage 2 Failed.,2026-09-28,2026-09-25,,-3.65,41.22,2682845100.82,0.93,0.18,0.36,False,True,"Stage 1, Stage 1 - Base/Repair, weekly_volume_dryup, stage1_not_actionable, stage1_needs_more_base | Stage 2 failed state applied from stage memory.",watchlist,weekly_watchlist,watchlist,0.0,5.76,2.59,0.0,2.59,710
CCL.NS,CCL Products (India) Limited,Fast Moving Consumer Goods,Unknown,Unknown,False,Cash,1,Stage 1,Stage 1,Stage 1 - Base/Repair,Stage 1 - Base/Repair,Stage 1 • Stage 1 - Base/Repair,0.7,Price is near long-term moving averages with no strong long-term downtrend signal.,,,2026-09-03,,-7.7,-3.1,145827767.28,0.93,0.53,1.12,False,False,"Stage 1, Stage 1 - Base/Repair, stage1_not_actionable, stage1_needs_more_base",watchlist,weekly_watchlist,watchlist,0.0,5.6,2.52,0.0,2.52,711
RAMKY.NS,Ramky Infrastructure Limited,Construction,Unknown,Unknown,False,Cash,1,Stage 4,Stage 4,Stage 4 - Confirmed Downtrend,Stage 4 - Confirmed Downtrend,Stage 4 • Stage 4 - Confirmed Downtrend,0.86,Price is below a bearish moving-average stack with falling trend signals.,,,2025-11-28,,-19.48,-30.42,12340130.66,1.04,0.58,1.08,False,False,"Stage 4, Stage 4 - Confirmed Downtrend, downtrend",watchlist,weekly_watchlist,watchlist,1.1,4.0,2.41,0.0,2.41,712
CERA.NS,Cera Sanitaryware Limited,Consumer Durables,Unknown,Unknown,False,Cash,1,Stage 4,Stage 4,Stage 4,Stage 4,Stage 4,0.66,Declining structure detected.,,,2026-08-28,,-13.73,14.63,40228550.8,1.06,4.12,1.38,False,False,"Stage 4, Stage 4, downtrend",watchlist,weekly_watchlist,watchlist,3.91,0.0,2.15,0.0,2.15,713
FSL.NS,Firstsource Solutions Limited,Services,Unknown,Unknown,False,Cash,1,Stage 4,Stage 4,Stage 4 - Weak/Declining,Stage 4 - Weak/Declining,Stage 4 • Stage 4 - Weak/Declining,0.72,Price is below long-term support with weak trend evidence.,,,,,12.33,19.81,688371585.22,1.15,0.2,0.11,False,True,"Stage 4, Stage 4 - Weak/Declining, weekly_volume_dryup, downtrend",watchlist,weekly_watchlist,watchlist,0.0,0.0,0.0,2.0,2.0,714
HGS.NS,Hinduja Global Solutions Limited,Services,Unknown,Unknown,False,Cash,1,Stage 4,Stage 4,Stage 4 - Weak/Declining,Stage 4 - Weak/Declining,Stage 4 • Stage 4 - Weak/Declining,0.72,Price is below long-term support with weak trend evidence.,,,,,-4.94,4.86,5502605.48,0.76,0.59,0.7,True,True,"Stage 4, Stage 4 - Weak/Declining, volume_dryup, weekly_volume_dryup, downtrend",watchlist,weekly_watchlist,watchlist,0.0,0.0,0.0,2.0,2.0,715
LATENTVIEW.NS,Latent View Analytics Limited,Information Technology,Unknown,Unknown,False,Cash,1,Stage 4,Stage 4,Stage 4 - Confirmed Downtrend,Stage 4 - Confirmed Downtrend,Stage 4 • Stage 4 - Confirmed Downtrend,0.86,Price is below a bearish moving-average stack with falling trend signals.,,,2026-01-07,,-8.28,-20.33,117114839.39,0.82,0.32,0.42,True,True,"Stage 4, Stage 4 - Confirmed Downtrend, volume_dryup, weekly_volume_dryup, downtrend",watchlist,weekly_watchlist,watchlist,0.0,0.0,0.0,2.0,2.0,716
MMTC.NS,MMTC Limited,Services,Unknown,Unknown,False,Cash,1,Stage 4,Stage 4,Stage 4 - Confirmed Downtrend,Stage 4 - Confirmed Downtrend,Stage 4 • Stage 4 - Confirmed Downtrend,0.86,Price is below a bearish moving-average stack with falling trend signals.,,,2026-07-13,,-11.65,4.14,81782689.19,0.44,0.34,0.51,True,True,"Stage 4, Stage 4 - Confirmed Downtrend, volume_dryup, weekly_volume_dryup, downtrend",watchlist,weekly_watchlist,watchlist,0.0,0.0,0.0,2.0,2.0,717
PERSISTENT.NS,Persistent Systems Limited,Information Technology,Unknown,Unknown,True,F&O,1,Stage 4,Stage 4,Stage 4 - Weak/Declining,Stage 4 - Weak/Declining,Stage 4 • Stage 4 - Weak/Declining,0.72,Price is below long-term support with weak trend evidence.,,,2026-08-17,,21.84,4.54,2279254739.62,0.8,0.75,0.7,True,True,"Stage 4, Stage 4 - Weak/Declining, volume_dryup, weekly_volume_dryup, downtrend",watchlist,weekly_watchlist,watchlist,0.0,0.0,0.0,2.0,2.0,718
SAMHI.NS,Samhi Hotels Limited,Consumer Services,Unknown,Unknown,False,Cash,1,Stage 4,Stage 4,Stage 4 - Weak/Declining,Stage 4 - Weak/Declining,Stage 4 • Stage 4 - Weak/Declining,0.72,Price is below long-term support with weak trend evidence.,,,,,-9.39,12.08,280831746.07,1.13,1.07,0.55,False,True,"Stage 4, Stage 4 - Weak/Declining, weekly_volume_dryup, downtrend",watchlist,weekly_watchlist,watchlist,0.0,0.0,0.0,2.0,2.0,719
TATAELXSI.NS,Tata Elxsi Limited,Information Technology,Unknown,Unknown,True,F&O,1,Stage 4,Stage 4,Stage 4 - Confirmed Downtrend,Stage 4 - Confirmed Downtrend,Stage 4 • Stage 4 - Confirmed Downtrend,0.86,Price is below a bearish moving-average stack with falling trend signals.,,,,,-7.97,-21.16,684018489.47,0.99,0.83,0.93,False,False,"Stage 4, Stage 4 - Confirmed Downtrend, downtrend",watchlist,weekly_watchlist,watchlist,0.0,0.0,0.0,2.0,2.0,720
TRENT.NS,Trent Limited,Consumer Services,Unknown,Unknown,True,F&O,1,Stage 4,Stage 4,Stage 4 - Weak/Declining,Stage 4 - Weak/Declining,Stage 4 • Stage 4 - Weak/Declining,0.72,Price is below long-term support with weak trend evidence.,,,,,-15.75,13.36,1804254536.09,0.86,1.02,0.93,False,False,"Stage 4, Stage 4 - Weak/Declining, downtrend",watchlist,weekly_watchlist,watchlist,0.0,0.0,0.0,2.0,2.0,721
VEDL.NS,Vedanta Limited,Metals & Mining,Unknown,Unknown,True,F&O,1,Stage 4,Stage 4,Stage 4 - Confirmed Downtrend,Stage 4 - Confirmed Downtrend,Stage 4 • Stage 4 - Confirmed Downtrend,0.86,Price is below a bearish moving-average stack with falling trend signals.,,,2026-04-29,,-1.09,-60.08,1728315428.72,0.67,0.8,0.67,True,True,"Stage 4, Stage 4 - Confirmed Downtrend, volume_dryup, weekly_volume_dryup, downtrend",watchlist,weekly_watchlist,watchlist,0.0,0.0,0.0,2.0,2.0,722
CESC.NS,CESC Limited,Power,Unknown,Unknown,False,Cash,1,Stage 4,Stage 4,Stage 4 - Weak/Declining,Stage 4 - Weak/Declining,Stage 4 • Stage 4 - Weak/Declining,0.72,Price is below long-term support with weak trend evidence.,,,2026-08-17,,-11.92,-5.59,259300712.75,1.07,0.74,0.89,False,True,"Stage 4, Stage 4 - Weak/Declining, weekly_volume_dryup, downtrend",watchlist,weekly_watchlist,watchlist,1.9,2.0,1.94,0.0,1.94,723
JYOTHYLAB.NS,Jyothy Labs Limited,Fast Moving Consumer Goods,Unknown,Unknown,False,Cash,1,Stage 4,Stage 4,Stage 4 - Weak/Declining,Stage 4 - Weak/Declining,Stage 4 • Stage 4 - Weak/Declining,0.72,Price is below long-term support with weak trend evidence.,,,,,2.91,-4.96,187863836.81,0.38,0.3,0.27,True,True,"Stage 4, Stage 4 - Weak/Declining, volume_dryup, weekly_volume_dryup, downtrend",watchlist,weekly_watchlist,watchlist,0.0,4.0,1.8,0.0,1.8,724
TORNTPOWER.NS,Torrent Power Limited,Power,Unknown,Unknown,False,Cash,1,Stage 4,Stage 4,Stage 4 - Weak/Declining,Stage 4 - Weak/Declining,Stage 4 • Stage 4 - Weak/Declining,0.72,Price is below long-term support with weak trend evidence.,,,2026-06-24,,-6.16,-4.55,524838825.93,0.61,0.23,0.31,True,True,"Stage 4, Stage 4 - Weak/Declining, volume_dryup, weekly_volume_dryup, downtrend",watchlist,weekly_watchlist,watchlist,0.0,4.0,1.8,0.0,1.8,725
VSTIND.NS,VST Industries Limited,Fast Moving Consumer Goods,Unknown,Unknown,False,Cash,1,Stage 4,Stage 4,Stage 4 - Confirmed Downtrend,Stage 4 - Confirmed Downtrend,Stage 4 • Stage 4 - Confirmed Downtrend,0.86,Price is below a bearish moving-average stack with falling trend signals.,,,2026-07-10,,-13.34,1.21,21805154.97,0.7,0.82,0.63,True,True,"Stage 4, Stage 4 - Confirmed Downtrend, volume_dryup, weekly_volume_dryup, downtrend",watchlist,weekly_watchlist,watchlist,0.0,4.0,1.8,0.0,1.8,726
NUVAMA.NS,Nuvama Wealth Management Ltd.,Financial Services,Unknown,Unknown,True,F&O,1,Stage 2 Failed,Stage 1,Failed Stage 2,Failed Stage 2,Stage 2 Failed • Failed Stage 2,0.72,"This stock was recently Stage 2, but the latest structure no longer satisfies Stage 2 rules. It is kept as Stage 2 Failed until a fresh base/repair structure forms.",Recent Stage 2 break; public stage held as Stage 2 Failed.,2026-09-28,2026-09-16,,-4.71,47.22,567928592.77,0.7,1.76,0.86,True,True,"Stage 1, Stage 1 - Base/Repair, volume_dryup, weekly_volume_dryup, stage1_not_actionable, stage1_needs_more_base | Stage 2 failed state applied from stage memory.",watchlist,weekly_watchlist,watchlist,0.0,3.85,1.73,0.0,1.73,727
ANGELONE.NS,Angel One Limited,Financial Services,Unknown,Unknown,True,F&O,1,Stage 2 Failed,Stage 4,Failed Stage 2,Failed Stage 2,Stage 2 Failed • Failed Stage 2,0.72,"This stock was recently Stage 2, but the latest structure no longer satisfies Stage 2 rules. It is kept as Stage 2 Failed until a fresh base/repair structure forms.",Recent Stage 2 break; public stage held as Stage 2 Failed.,2026-09-28,2026-09-23,,-13.99,18.54,1480172803.38,0.61,0.87,0.58,True,True,"Stage 4, Stage 4 - Weak/Declining, volume_dryup, weekly_volume_dryup, downtrend | Stage 2 failed state applied from stage memory.",watchlist,weekly_watchlist,watchlist,0.0,3.66,1.65,0.0,1.65,728
BAJAJCON.NS,Bajaj Consumer Care Limited,Fast Moving Consumer Goods,Unknown,Unknown,False,Cash,1,Stage 3,Stage 3,Stage 3 - Distribution/Damage,Stage 3 - Distribution/Damage,Stage 3 • Stage 3 - Distribution/Damage,0.76,"Prior strength exists, but short-term and/or weekly structure is deteriorating.",,,2026-08-07,,-16.45,35.44,421560346.83,0.75,0.48,0.63,True,True,"Stage 3, Stage 3 - Distribution/Damage, volume_dryup, weekly_volume_dryup, distribution_risk",watchlist,weekly_watchlist,watchlist,0.37,3.1,1.6,0.0,1.6,729
IDBI.NS,IDBI Bank Limited,Financial Services,Unknown,Unknown,False,Cash,1,Stage 4,Stage 4,Stage 4 - Weak/Declining,Stage 4 - Weak/Declining,Stage 4 • Stage 4 - Weak/Declining,0.72,Price is below long-term support with weak trend evidence.,,,2026-03-10,,5.08,23.59,1319966611.96,1.25,0.89,0.85,False,True,"Stage 4, Stage 4 - Weak/Declining, weekly_volume_dryup, downtrend",watchlist,weekly_watchlist,watchlist,0.0,2.47,1.11,0.0,1.11,730
SFL.NS,Sheela Foam Limited,Consumer Durables,Unknown,Unknown,False,Cash,1,Stage 3,Stage 3,Stage 3 - Distribution/Damage,Stage 3 - Distribution/Damage,Stage 3 • Stage 3 - Distribution/Damage,0.76,"Prior strength exists, but short-term and/or weekly structure is deteriorating.",,,2026-08-31,,-12.31,28.6,196474770.23,0.55,0.47,0.53,True,True,"Stage 3, Stage 3 - Distribution/Damage, volume_dryup, weekly_volume_dryup, distribution_risk",watchlist,weekly_watchlist,watchlist,1.63,0.43,1.09,0.0,1.09,731
GODREJIND.NS,Godrej Industries Limited,Diversified,Unknown,Unknown,False,Cash,1,Stage 2 Failed,Stage 3,Failed Stage 2,Failed Stage 2,Stage 2 Failed • Failed Stage 2,0.72,"This stock was recently Stage 2, but the latest structure no longer satisfies Stage 2 rules. It is kept as Stage 2 Failed until a fresh base/repair structure forms.",Recent Stage 2 break; public stage held as Stage 2 Failed.,2026-09-28,2026-09-16,,-6.09,30.08,120275457.47,1.08,1.06,0.88,False,True,"Stage 3, Stage 3 - Distribution/Damage, weekly_volume_dryup, distribution_risk | Stage 2 failed state applied from stage memory.",watchlist,weekly_watchlist,watchlist,0.0,2.4,1.08,0.0,1.08,732
CROMPTON.NS,Crompton Greaves Consumer Electricals Limited,Consumer Durables,Unknown,Unknown,True,F&O,1,Stage 4,Stage 4,Stage 4 - Weak/Declining,Stage 4 - Weak/Declining,Stage 4 • Stage 4 - Weak/Declining,0.72,Price is below long-term support with weak trend evidence.,,,2026-08-06,,-14.12,-2.26,515384015.56,0.59,0.76,0.62,True,True,"Stage 4, Stage 4 - Weak/Declining, volume_dryup, weekly_volume_dryup, downtrend",watchlist,weekly_watchlist,watchlist,0.0,2.0,0.9,0.0,0.9,733
LT.NS,Larsen & Toubro Limited,Construction,Unknown,Unknown,True,F&O,1,Stage 2 Failed,Stage 1,Failed Stage 2,Failed Stage 2,Stage 2 Failed • Failed Stage 2,0.72,"This stock was recently Stage 2, but the latest structure no longer satisfies Stage 2 rules. It is kept as Stage 2 Failed until a fresh base/repair structure forms.",Recent Stage 2 break; public stage held as Stage 2 Failed.,2026-09-28,2026-09-07,,-2.11,7.52,5215105610.21,0.99,1.05,0.9,False,False,"Stage 1, Stage 1 - Unclear/Repair, stage1_not_actionable, stage1_needs_more_base | Stage 2 failed state applied from stage memory.",watchlist,weekly_watchlist,watchlist,0.0,1.34,0.6,0.0,0.6,734
AFCONS.NS,Afcons Infrastructure Ltd.,Construction,Unknown,Unknown,False,Cash,1,Stage 4,Stage 4,Stage 4 - Confirmed Downtrend,Stage 4 - Confirmed Downtrend,Stage 4 • Stage 4 - Confirmed Downtrend,0.86,Price is below a bearish moving-average stack with falling trend signals.,,,,,-14.3,-8.42,762401105.63,2.7,0.36,0.46,False,True,"Stage 4, Stage 4 - Confirmed Downtrend, weekly_volume_dryup, downtrend",watchlist,weekly_watchlist,watchlist,0.0,0.8,0.36,0.0,0.36,735
HDFCBANK.NS,HDFC Bank Limited,Financial Services,Unknown,Unknown,True,F&O,1,Stage 4,Stage 4,Stage 4 - Confirmed Downtrend,Stage 4 - Confirmed Downtrend,Stage 4 • Stage 4 - Confirmed Downtrend,0.86,Price is below a bearish moving-average stack with falling trend signals.,,,2026-01-02,,-4.55,-0.4,19972377921.66,1.08,0.79,0.9,False,False,"Stage 4, Stage 4 - Confirmed Downtrend, downtrend",watchlist,weekly_watchlist,watchlist,0.0,0.8,0.36,0.0,0.36,736
NAM-INDIA.NS,Nippon Life India Asset Management Limited,Financial Services,Unknown,Unknown,True,F&O,1,Stage 2 Failed,Stage 3,Failed Stage 2,Failed Stage 2,Stage 2 Failed • Failed Stage 2,0.72,"This stock was recently Stage 2, but the latest structure no longer satisfies Stage 2 rules. It is kept as Stage 2 Failed until a fresh base/repair structure forms.",Recent Stage 2 break; public stage held as Stage 2 Failed.,2026-09-28,2026-09-18,,-4.73,35.51,1195557386.51,0.83,0.79,0.69,True,True,"Stage 3, Stage 3 - Distribution/Damage, volume_dryup, weekly_volume_dryup, distribution_risk | Stage 2 failed state applied from stage memory.",watchlist,weekly_watchlist,watchlist,0.0,0.68,0.31,0.0,0.31,737
3MINDIA.NS,3M India Limited,Diversified,Unknown,Unknown,False,Cash,1,Stage 4,Stage 4,Stage 4 - Weak/Declining,Stage 4 - Weak/Declining,Stage 4 • Stage 4 - Weak/Declining,0.72,Price is below long-term support with weak trend evidence.,,,2026-08-28,,6.49,14.8,136072536.5,1.54,0.35,0.79,False,True,"Stage 4, Stage 4 - Weak/Declining, weekly_volume_dryup, downtrend",watchlist,weekly_watchlist,watchlist,0.0,0.53,0.24,0.0,0.24,738
AAVAS.NS,Aavas Financiers Ltd.,Financial Services,Unknown,Unknown,False,Cash,1,Stage 4,Stage 4,Stage 4 - Confirmed Downtrend,Stage 4 - Confirmed Downtrend,Stage 4 • Stage 4 - Confirmed Downtrend,0.86,Price is below a bearish moving-average stack with falling trend signals.,,,,,-9.62,14.89,122916896.24,0.85,0.76,0.83,True,True,"Stage 4, Stage 4 - Confirmed Downtrend, volume_dryup, weekly_volume_dryup, downtrend",watchlist,weekly_watchlist,watchlist,0.0,0.0,0.0,0.0,0.0,739
ADANIENSOL.NS,Adani Energy Solutions Limited,Power,Unknown,Unknown,True,F&O,1,Stage 2 Failed,Stage 3,Failed Stage 2,Failed Stage 2,Stage 2 Failed • Failed Stage 2,0.72,"This stock was recently Stage 2, but the latest structure no longer satisfies Stage 2 rules. It is kept as Stage 2 Failed until a fresh base/repair structure forms.",Recent Stage 2 break; public stage held as Stage 2 Failed.,2026-09-28,2026-09-07,,-12.17,39.04,2574396558.7,0.51,0.38,0.52,True,True,"Stage 3, Stage 3 - Distribution/Damage, volume_dryup, weekly_volume_dryup, distribution_risk | Stage 2 failed state applied from stage memory.",watchlist,weekly_watchlist,watchlist,0.0,0.0,0.0,0.0,0.0,740
BBTC.NS,Bombay Burmah Trading Corporation Limited,Fast Moving Consumer Goods,Unknown,Unknown,False,Cash,1,Stage 4,Stage 4,Stage 4 - Confirmed Downtrend,Stage 4 - Confirmed Downtrend,Stage 4 • Stage 4 - Confirmed Downtrend,0.86,Price is below a bearish moving-average stack with falling trend signals.,,,2025-11-20,,-2.92,3.06,275713595.92,0.73,0.05,0.1,True,True,"Stage 4, Stage 4 - Confirmed Downtrend, volume_dryup, weekly_volume_dryup, downtrend",watchlist,weekly_watchlist,watchlist,0.0,0.0,0.0,0.0,0.0,741
BERGEPAINT.NS,Berger Paints (I) Limited,Consumer Durables,Unknown,Unknown,False,Cash,1,Stage 4,Stage 4,Stage 4 - Weak/Declining,Stage 4 - Weak/Declining,Stage 4 • Stage 4 - Weak/Declining,0.72,Price is below long-term support with weak trend evidence.,,,2026-08-28,,-7.28,10.31,166600909.51,1.2,1.06,0.99,False,False,"Stage 4, Stage 4 - Weak/Declining, downtrend",watchlist,weekly_watchlist,watchlist,0.0,0.0,0.0,0.0,0.0,742
BSE.NS,BSE Ltd.,Financial Services,Unknown,Unknown,True,F&O,1,Stage 4,Stage 4,Stage 4 - Weak/Declining,Stage 4 - Weak/Declining,Stage 4 • Stage 4 - Weak/Declining,0.72,Price is below long-term support with weak trend evidence.,,,2026-07-24,,-13.91,11.17,13048048772.22,0.98,0.9,1.03,False,False,"Stage 4, Stage 4 - Weak/Declining, downtrend",watchlist,weekly_watchlist,watchlist,0.0,0.0,0.0,0.0,0.0,743
CAMS.NS,Computer Age Management Services Limited,Financial Services,Unknown,Unknown,True,F&O,1,Stage 4,Stage 4,Stage 4 - Weak/Declining,Stage 4 - Weak/Declining,Stage 4 • Stage 4 - Weak/Declining,0.72,Price is below long-term support with weak trend evidence.,,,2026-08-31,,-7.52,7.77,728234257.06,0.88,0.69,0.8,False,True,"Stage 4, Stage 4 - Weak/Declining, weekly_volume_dryup, downtrend",watchlist,weekly_watchlist,watchlist,0.0,0.0,0.0,0.0,0.0,744
COLPAL.NS,Colgate Palmolive (India) Limited,Fast Moving Consumer Goods,Unknown,Unknown,True,F&O,1,Stage 4,Stage 4,Stage 4 - Confirmed Downtrend,Stage 4 - Confirmed Downtrend,Stage 4 • Stage 4 - Confirmed Downtrend,0.86,Price is below a bearish moving-average stack with falling trend signals.,,,,,-5.35,4.34,785610145.87,1.34,1.01,0.79,False,True,"Stage 4, Stage 4 - Confirmed Downtrend, weekly_volume_dryup, downtrend",watchlist,weekly_watchlist,watchlist,0.0,0.0,0.0,0.0,0.0,745
GILLETTE.NS,Gillette India Limited,Fast Moving Consumer Goods,Unknown,Unknown,False,Cash,1,Stage 4,Stage 4,Stage 4 - Confirmed Downtrend,Stage 4 - Confirmed Downtrend,Stage 4 • Stage 4 - Confirmed Downtrend,0.86,Price is below a bearish moving-average stack with falling trend signals.,,,,,-3.2,-5.49,140294196.65,1.41,0.57,1.03,False,False,"Stage 4, Stage 4 - Confirmed Downtrend, downtrend",watchlist,weekly_watchlist,watchlist,0.0,0.0,0.0,0.0,0.0,746
GODREJCP.NS,Godrej Consumer Products Ltd.,Fast Moving Consumer Goods,Unknown,Unknown,True,F&O,1,Stage 4,Stage 4,Stage 4 - Confirmed Downtrend,Stage 4 - Confirmed Downtrend,Stage 4 • Stage 4 - Confirmed Downtrend,0.86,Price is below a bearish moving-average stack with falling trend signals.,,,2026-02-11,,-13.87,-9.57,1155639579.12,0.54,0.91,0.38,True,True,"Stage 4, Stage 4 - Confirmed Downtrend, volume_dryup, weekly_volume_dryup, downtrend",watchlist,weekly_watchlist,watchlist,0.0,0.0,0.0,0.0,0.0,747
ICICIGI.NS,ICICI Lombard General Insurance Company Limited,Financial Services,Unknown,Unknown,True,F&O,1,Stage 4,Stage 4,Stage 4 - Confirmed Downtrend,Stage 4 - Confirmed Downtrend,Stage 4 • Stage 4 - Confirmed Downtrend,0.86,Price is below a bearish moving-average stack with falling trend signals.,,,2026-01-07,,-7.44,-6.22,1145318362.67,1.1,0.49,1.2,False,False,"Stage 4, Stage 4 - Confirmed Downtrend, downtrend",watchlist,weekly_watchlist,watchlist,0.0,0.0,0.0,0.0,0.0,748
KFINTECH.NS,Kfin Technologies Limited,Financial Services,Unknown,Unknown,True,F&O,1,Stage 4,Stage 4,Stage 4 - Weak/Declining,Stage 4 - Weak/Declining,Stage 4 • Stage 4 - Weak/Declining,0.72,Price is below long-term support with weak trend evidence.,,,,,8.21,1.36,456844736.55,0.5,0.47,0.46,True,True,"Stage 4, Stage 4 - Weak/Declining, volume_dryup, weekly_volume_dryup, downtrend",watchlist,weekly_watchlist,watchlist,0.0,0.0,0.0,0.0,0.0,749
KNRCON.NS,KNR Constructions Limited,Construction,Unknown,Unknown,False,Cash,1,Stage 4,Stage 4,Stage 4 - Confirmed Downtrend,Stage 4 - Confirmed Downtrend,Stage 4 • Stage 4 - Confirmed Downtrend,0.86,Price is below a bearish moving-average stack with falling trend signals.,,,,,-5.87,-0.6,196757822.35,1.07,0.37,0.62,False,True,"Stage 4, Stage 4 - Confirmed Downtrend, weekly_volume_dryup, downtrend",watchlist,weekly_watchlist,watchlist,0.0,0.0,0.0,0.0,0.0,750
NAVNETEDUL.NS,Navneet Education Limited,"Media, Entertainment & Publication",Unknown,Unknown,False,Cash,1,Stage 4,Stage 4,Stage 4 - Confirmed Downtrend,Stage 4 - Confirmed Downtrend,Stage 4 • Stage 4 - Confirmed Downtrend,0.86,Price is below a bearish moving-average stack with falling trend signals.,,,2026-07-21,,-12.88,-3.29,13691255.16,0.61,0.91,0.71,True,True,"Stage 4, Stage 4 - Confirmed Downtrend, volume_dryup, weekly_volume_dryup, downtrend",watchlist,weekly_watchlist,watchlist,0.0,0.0,0.0,0.0,0.0,751
PATELENG.NS,Patel Engineering Limited,Construction,Unknown,Unknown,False,Cash,1,Stage 4,Stage 4,Stage 4 - Confirmed Downtrend,Stage 4 - Confirmed Downtrend,Stage 4 • Stage 4 - Confirmed Downtrend,0.86,Price is below a bearish moving-average stack with falling trend signals.,,,2026-07-13,,-16.74,12.55,65241281.52,0.97,0.54,1.23,False,False,"Stage 4, Stage 4 - Confirmed Downtrend, downtrend",watchlist,weekly_watchlist,watchlist,0.0,0.0,0.0,0.0,0.0,752
PRSMJOHNSN.NS,Prism Johnson Limited,Construction Materials,Unknown,Unknown,False,Cash,1,Stage 4,Stage 4,Stage 4 - Weak/Declining,Stage 4 - Weak/Declining,Stage 4 • Stage 4 - Weak/Declining,0.72,Price is below long-term support with weak trend evidence.,,,,,4.44,-5.39,36668335.93,0.13,0.13,0.09,True,True,"Stage 4, Stage 4 - Weak/Declining, volume_dryup, weekly_volume_dryup, downtrend",watchlist,weekly_watchlist,watchlist,0.0,0.0,0.0,0.0,0.0,753
SENCO.NS,Senco Gold Limited,Consumer Durables,Unknown,Unknown,False,Cash,1,Stage 2 Failed,Stage 4,Failed Stage 2,Failed Stage 2,Stage 2 Failed • Failed Stage 2,0.72,"This stock was recently Stage 2, but the latest structure no longer satisfies Stage 2 rules. It is kept as Stage 2 Failed until a fresh base/repair structure forms.",Recent Stage 2 break; public stage held as Stage 2 Failed.,2026-09-28,2026-09-23,,1.32,12.79,255919467.11,0.46,3.18,0.66,True,True,"Stage 4, Stage 4, volume_dryup, weekly_volume_dryup, downtrend | Stage 2 failed state applied from stage memory.",watchlist,weekly_watchlist,watchlist,0.0,0.0,0.0,0.0,0.0,754
TRIVENI.NS,Triveni Engineering & Industries Limited,Fast Moving Consumer Goods,Unknown,Unknown,False,Cash,1,Stage 4,Stage 4,Stage 4 - Confirmed Downtrend,Stage 4 - Confirmed Downtrend,Stage 4 • Stage 4 - Confirmed Downtrend,0.86,Price is below a bearish moving-average stack with falling trend signals.,,,2026-07-21,,-41.0,-35.74,198600004.62,0.78,0.51,0.6,True,True,"Stage 4, Stage 4 - Confirmed Downtrend, volume_dryup, weekly_volume_dryup, downtrend",watchlist,weekly_watchlist,watchlist,0.0,0.0,0.0,0.0,0.0,755
TTKPRESTIG.NS,TTK Prestige Limited,Consumer Durables,Unknown,Unknown,False,Cash,1,Stage 4,Stage 4,Stage 4 - Weak/Declining,Stage 4 - Weak/Declining,Stage 4 • Stage 4 - Weak/Declining,0.72,Price is below long-term support with weak trend evidence.,,,2026-08-18,,-14.49,19.36,29998525.75,0.16,0.46,0.1,True,True,"Stage 4, Stage 4 - Weak/Declining, volume_dryup, weekly_volume_dryup, downtrend",watchlist,weekly_watchlist,watchlist,0.0,0.0,0.0,0.0,0.0,756
UCOBANK.NS,UCO Bank,Financial Services,Unknown,Unknown,False,Cash,1,Stage 4,Stage 4,Stage 4 - Confirmed Downtrend,Stage 4 - Confirmed Downtrend,Stage 4 • Stage 4 - Confirmed Downtrend,0.86,Price is below a bearish moving-average stack with falling trend signals.,,,,,-8.96,1.5,90066883.18,0.77,1.0,0.68,True,True,"Stage 4, Stage 4 - Confirmed Downtrend, volume_dryup, weekly_volume_dryup, downtrend",watchlist,weekly_watchlist,watchlist,0.0,0.0,0.0,0.0,0.0,757
