ticker,Company Name,Industry,sector,industry_group,is_fo_stock,fo_category,Include,stage,stage_raw,stage_variant,stage_classification,stage_display,stage_confidence,stage_reason,stage_state_reason,stage_failed_since,last_stage2_date,stage_pending_raw,rs_3m_pct,rs_6m_pct,avg_turnover_inr,volume_dryup_ratio,breakout_volume_ratio,weekly_volume_ratio,volume_is_drying_up,weekly_volume_is_drying_up,notes,daily_setup_bucket,daily_score,final_daily_score,daily_pivot,daily_breakout_distance_pct,daily_contraction_depths_pct,daily_contraction_durations,daily_contraction_score,daily_base_duration_days,current_rank
INDGN.NS,Indegene Ltd.,Healthcare,Unknown,Unknown,False,Cash,1,Stage 2,Stage 2,Clean Stage 2,Clean Stage 2,Stage 2 • Clean Stage 2,0.9,"Price is above rising key averages, weekly structure is supportive, and the stock is near its 52-week high.",,,2026-09-28,,25.61,29.71,310934875.37,0.97,2.92,1.67,False,False,"Stage 2, Clean Stage 2, trend_template_ok, weekly_vcp_ok, weekly_strong",watchlist,73.68,78.68,615.5,-1.68,"[12.43, 4.22]","[22, 26]",0.9,61.0,1
GLAND.NS,Gland Pharma Limited,Healthcare,Unknown,Unknown,False,Cash,1,Stage 2,Stage 2,Clean Stage 2,Clean Stage 2,Stage 2 • Clean Stage 2,0.9,"Price is above rising key averages, weekly structure is supportive, and the stock is near its 52-week high.",,,2026-09-28,,28.37,77.65,1810646198.61,0.6,1.76,0.52,True,True,"Stage 2, Clean Stage 2, trend_template_ok, volume_dryup, weekly_volume_dryup",watchlist,71.12,76.12,3042.0,-1.72,"[8.67, 8.21]","[7, 7]",0.9,23.0,2
AUROPHARMA.NS,Aurobindo Pharma Limited,Healthcare,Unknown,Unknown,True,F&O,1,Stage 2,Stage 2,Clean Stage 2,Clean Stage 2,Stage 2 • Clean Stage 2,0.9,"Price is above rising key averages, weekly structure is supportive, and the stock is near its 52-week high.",,,2026-09-28,,10.8,27.11,1242392340.2,0.95,1.52,0.95,False,False,"Stage 2, Clean Stage 2, trend_template_ok, weekly_vcp_ok, weekly_strong",watchlist,66.52,71.52,1717.0,-1.12,"[8.97, 7.05, 7.62, 4.97]","[6, 6, 15, 8]",0.73,68.0,3
STLTECH.NS,Sterlite Technologies Limited,Telecommunication,Unknown,Unknown,False,Cash,1,Stage 2,Stage 2,Extended Stage 2,Extended Stage 2,Stage 2 • Extended Stage 2,0.78,"Advancing structure remains intact, but price is stretched versus key moving averages or far above the 52-week low.",,,2026-09-28,,56.28,360.55,1445600342.07,0.84,2.31,0.83,True,True,"Stage 2, Extended Stage 2, trend_template_ok, volume_dryup, weekly_volume_dryup",watchlist,63.47,68.47,913.6,-5.14,"[27.4, 12.07]","[17, 6]",0.9,45.0,4
ICIL.NS,Indo Count Industries Limited,Textiles,Unknown,Unknown,False,Cash,1,Stage 2,Stage 2,Clean Stage 2,Clean Stage 2,Stage 2 • Clean Stage 2,0.9,"Price is above rising key averages, weekly structure is supportive, and the stock is near its 52-week high.",,,2026-09-28,,8.42,72.24,241914982.35,0.47,0.27,0.6,True,True,"Stage 2, Clean Stage 2, trend_template_ok, volume_dryup, weekly_volume_dryup",watchlist,61.83,66.83,474.65,-8.36,"[19.63, 11.68]","[31, 21]",0.9,53.0,5
SPLPETRO.NS,Supreme Petrochem Limited,Chemicals,Unknown,Unknown,False,Cash,1,Stage 2,Stage 2,Clean Stage 2,Clean Stage 2,Stage 2 • Clean Stage 2,0.9,"Price is above rising key averages, weekly structure is supportive, and the stock is near its 52-week high.",,,2026-09-28,,22.04,14.95,335839827.54,1.25,2.95,1.13,False,False,"Stage 2, Clean Stage 2, trend_template_ok, weekly_vcp_ok, weekly_strong",watchlist,63.7,66.2,845.28,-1.59,"[17.94, 12.97, 13.01, 6.51]","[40, 19, 10, 8]",1.0,100.0,6
SUNFLAG.NS,Sunflag Iron And Steel Company Limited,Metals & Mining,Unknown,Unknown,False,Cash,1,Stage 2,Stage 2,Extended Stage 2,Extended Stage 2,Stage 2 • Extended Stage 2,0.78,"Advancing structure remains intact, but price is stretched versus key moving averages or far above the 52-week low.",,,2026-09-28,,37.82,106.55,282037983.87,3.08,4.96,8.22,False,False,"Stage 2, Extended Stage 2, trend_template_ok",watchlist,64.2,65.2,426.71,8.81,"[19.49, 11.67]","[9, 41]",0.9,94.0,7
GRAPHITE.NS,Graphite India Limited,Capital Goods,Unknown,Unknown,False,Cash,1,Stage 2,Stage 2,Clean Stage 2,Clean Stage 2,Stage 2 • Clean Stage 2,0.9,"Price is above rising key averages, weekly structure is supportive, and the stock is near its 52-week high.",,,2026-09-28,,35.11,27.66,3119389777.27,0.7,0.36,0.55,True,True,"Stage 2, Clean Stage 2, trend_template_ok, volume_dryup, weekly_volume_dryup",watchlist,62.22,64.72,875.88,-8.49,"[28.96, 9.35]","[39, 9]",0.9,74.0,8
RAIN.NS,Rain Industries Limited,Chemicals,Unknown,Unknown,False,Cash,1,Stage 2,Stage 2,Stage 2,Stage 2,Stage 2,0.76,Advancing structure detected.,,,2026-09-28,,21.31,95.15,850969694.6,0.7,0.68,0.62,True,True,"Stage 2, Stage 2, trend_template_ok, volume_dryup, weekly_volume_dryup",watchlist,61.29,63.79,251.26,-14.27,"[16.12, 12.5]","[7, 17]",0.9,67.0,9
APARINDS.NS,Apar Industries Limited,Capital Goods,Unknown,Unknown,False,Cash,1,Stage 2,Stage 2,Extended Stage 2,Extended Stage 2,Stage 2 • Extended Stage 2,0.78,"Advancing structure remains intact, but price is stretched versus key moving averages or far above the 52-week low.",,,2026-09-28,,32.08,80.27,2309123425.07,0.97,1.52,0.81,False,True,"Stage 2, Extended Stage 2, trend_template_ok, weekly_volume_dryup",watchlist,61.11,63.61,19298.71,-7.75,"[22.59, 11.09]","[22, 14]",0.9,60.0,10
YATHARTH.NS,Yatharth Hospital & Trauma Care Services Limited,Healthcare,Unknown,Unknown,False,Cash,1,Stage 2,Stage 2,Clean Stage 2,Clean Stage 2,Stage 2 • Clean Stage 2,0.9,"Price is above rising key averages, weekly structure is supportive, and the stock is near its 52-week high.",,,2026-09-28,,34.12,64.39,884597689.56,2.37,0.41,0.7,False,True,"Stage 2, Clean Stage 2, trend_template_ok, weekly_volume_dryup",watchlist,58.58,63.58,1186.07,-6.58,"[12.56, 7.72]","[16, 20]",0.9,59.0,11
ACE.NS,Action Construction Equipment Limited,Capital Goods,Unknown,Unknown,False,Cash,1,Stage 2,Stage 2,Clean Stage 2,Clean Stage 2,Stage 2 • Clean Stage 2,0.9,"Price is above rising key averages, weekly structure is supportive, and the stock is near its 52-week high.",,,2026-09-28,,28.07,46.32,400104706.75,0.95,0.63,0.44,False,True,"Stage 2, Clean Stage 2, trend_template_ok, weekly_vcp_ok, weekly_volume_dryup, weekly_strong",watchlist,60.6,63.1,1270.22,-5.07,"[11.44, 8.52, 6.54]","[12, 22, 20]",0.95,95.0,12
AARTIDRUGS.NS,Aarti Drugs Limited,Healthcare,Unknown,Unknown,False,Cash,1,Stage 2,Stage 2,Stage 2,Stage 2,Stage 2,0.76,Advancing structure detected.,,,2026-09-28,,16.9,21.2,86568969.11,1.22,3.52,1.98,False,False,"Stage 2, Stage 2, trend_template_ok, weekly_vcp_ok, weekly_strong",watchlist,57.91,62.91,454.44,-5.69,"[11.52, 10.36, 7.06]","[8, 9, 23]",0.95,74.0,13
RATNAMANI.NS,Ratnamani Metals & Tubes Limited,Capital Goods,Unknown,Unknown,False,Cash,1,Stage 2,Stage 2,Clean Stage 2,Clean Stage 2,Stage 2 • Clean Stage 2,0.9,"Price is above rising key averages, weekly structure is supportive, and the stock is near its 52-week high.",,,2026-09-28,,19.3,26.64,149774461.38,0.4,0.61,0.37,True,True,"Stage 2, Clean Stage 2, trend_template_ok, volume_dryup, weekly_volume_dryup",watchlist,59.67,62.17,2898.77,-2.26,"[20.64, 8.03]","[19, 16]",0.9,47.0,14
CAPLIPOINT.NS,Caplin Point Laboratories Limited,Healthcare,Unknown,Unknown,False,Cash,1,Stage 2,Stage 2,Clean Stage 2,Clean Stage 2,Stage 2 • Clean Stage 2,0.9,"Price is above rising key averages, weekly structure is supportive, and the stock is near its 52-week high.",,,2026-09-28,,14.32,76.32,675486286.69,1.28,0.37,1.76,False,False,"Stage 2, Clean Stage 2, trend_template_ok",watchlist,56.83,61.83,2877.9,-4.65,"[9.77, 6.8]","[6, 25]",0.9,45.0,15
GNFC.NS,Gujarat Narmada Valley Fertilizers and Chemicals Limited,Chemicals,Unknown,Unknown,False,Cash,1,Stage 2,Stage 2,Clean Stage 2,Clean Stage 2,Stage 2 • Clean Stage 2,0.9,"Price is above rising key averages, weekly structure is supportive, and the stock is near its 52-week high.",,,2026-09-28,,25.86,57.0,747683823.73,2.2,0.58,1.42,False,False,"Stage 2, Clean Stage 2, trend_template_ok",watchlist,58.95,61.45,597.98,2.26,"[20.11, 11.41]","[24, 21]",0.9,62.0,16
WSTCSTPAPR.NS,West Coast Paper Mills Limited,Forest Materials,Unknown,Unknown,False,Cash,1,Stage 2,Stage 2,Clean Stage 2,Clean Stage 2,Stage 2 • Clean Stage 2,0.9,"Price is above rising key averages, weekly structure is supportive, and the stock is near its 52-week high.",,,2026-09-28,,39.58,60.04,197572622.22,0.72,0.61,0.45,True,True,"Stage 2, Clean Stage 2, trend_template_ok, volume_dryup, weekly_volume_dryup",watchlist,55.73,60.73,778.36,-9.62,"[12.75, 9.06, 10.39]","[17, 5, 10]",0.55,64.0,17
INOXINDIA.NS,INOX India Ltd.,Capital Goods,Unknown,Unknown,False,Cash,1,Stage 2,Stage 2,Clean Stage 2,Clean Stage 2,Stage 2 • Clean Stage 2,0.9,"Price is above rising key averages, weekly structure is supportive, and the stock is near its 52-week high.",,,2026-09-28,,16.69,70.39,711919635.83,0.93,0.84,0.73,False,True,"Stage 2, Clean Stage 2, trend_template_ok, weekly_volume_dryup",watchlist,57.97,60.47,2343.59,-11.66,"[14.8, 13.95, 6.48]","[10, 9, 6]",0.95,41.0,18
RAYMOND.NS,Raymond Limited,Textiles,Unknown,Unknown,False,Cash,1,Stage 2,Stage 2,Extended Stage 2,Extended Stage 2,Stage 2 • Extended Stage 2,0.78,"Advancing structure remains intact, but price is stretched versus key moving averages or far above the 52-week low.",,,2026-09-28,,101.09,237.03,6586921345.24,1.7,0.32,1.46,False,False,"Stage 2, Extended Stage 2, trend_template_ok",watchlist,55.2,60.2,1123.96,5.5,"[11.54, 7.28]","[11, 5]",0.9,32.0,19
ENGINERSIN.NS,Engineers India Limited,Construction,Unknown,Unknown,False,Cash,1,Stage 2,Stage 2,Extended Stage 2,Extended Stage 2,Stage 2 • Extended Stage 2,0.78,"Advancing structure remains intact, but price is stretched versus key moving averages or far above the 52-week low.",,,2026-09-28,,37.73,55.08,1792018349.56,1.81,0.73,2.13,False,False,"Stage 2, Extended Stage 2, trend_template_ok, weekly_vcp_ok, weekly_strong",watchlist,60.1,60.1,287.79,7.79,"[20.22, 17.19, 12.45]","[11, 23, 11]",0.95,94.0,20
VOLTAMP.NS,Voltamp Transformers Limited,Capital Goods,Unknown,Unknown,False,Cash,1,Stage 2,Stage 2,Messy Stage 2,Messy Stage 2,Stage 2 • Messy Stage 2,0.64,"Long-term structure is still constructive, but the short-term/weekly structure is not clean.",,,2026-09-28,,16.73,19.88,219050416.7,0.32,0.35,0.24,True,True,"Stage 2, Messy Stage 2, trend_template_ok, weekly_vcp_ok, volume_dryup, weekly_volume_dryup, weekly_strong",watchlist,57.54,60.04,11699.0,-9.19,"[30.42, 17.65, 11.18]","[11, 24, 8]",0.95,97.0,21
APLLTD.NS,Alembic Pharmaceuticals Limited,Healthcare,Unknown,Unknown,False,Cash,1,Stage 2,Stage 2,Early Stage 2,Early Stage 2,Stage 2 • Early Stage 2,0.72,"Price has moved above long-term structure, but the full moving-average stack is not clean yet.",,,2026-09-28,,12.18,33.74,182441321.02,1.96,2.8,2.09,False,False,"Stage 2, Early Stage 2, weekly_vcp_ok, weekly_strong",watchlist,54.79,59.79,859.0,0.29,"[11.3, 6.93]","[32, 17]",0.9,70.0,22
MOTILALOFS.NS,Motilal Oswal Financial Services Limited,Financial Services,Unknown,Unknown,True,F&O,1,Stage 2,Stage 2,Clean Stage 2,Clean Stage 2,Stage 2 • Clean Stage 2,0.9,"Price is above rising key averages, weekly structure is supportive, and the stock is near its 52-week high.",,,2026-09-28,,8.91,41.79,800434629.89,0.71,0.93,0.88,True,True,"Stage 2, Clean Stage 2, trend_template_ok, weekly_vcp_ok, volume_dryup, weekly_volume_dryup, weekly_strong",watchlist,58.97,58.97,1060.2,-6.04,"[15.63, 9.09]","[12, 6]",0.9,46.0,23
SYRMA.NS,Syrma SGS Technology Limited,Capital Goods,Unknown,Unknown,False,Cash,1,Stage 2,Stage 2,Extended Stage 2,Extended Stage 2,Stage 2 • Extended Stage 2,0.78,"Advancing structure remains intact, but price is stretched versus key moving averages or far above the 52-week low.",,,2026-09-28,,29.17,110.02,4547564206.75,1.72,0.52,0.65,False,True,"Stage 2, Extended Stage 2, trend_template_ok, weekly_vcp_ok, weekly_volume_dryup, weekly_strong",watchlist,55.7,58.2,1807.06,-6.33,"[13.73, 9.65]","[11, 14]",0.9,36.0,24
JSWINFRA.NS,JSW Infrastructure Ltd.,Services,Unknown,Unknown,False,Cash,1,Stage 2,Stage 2,Clean Stage 2,Clean Stage 2,Stage 2 • Clean Stage 2,0.9,"Price is above rising key averages, weekly structure is supportive, and the stock is near its 52-week high.",,,2026-09-28,,13.38,47.57,1633860972.14,1.95,0.67,0.96,False,False,"Stage 2, Clean Stage 2, trend_template_ok",watchlist,57.08,58.08,376.16,-6.95,"[12.84, 8.65]","[13, 14]",0.9,47.0,25
EDELWEISS.NS,Edelweiss Financial Services Limited,Financial Services,Unknown,Unknown,False,Cash,1,Stage 2,Stage 2,Clean Stage 2,Clean Stage 2,Stage 2 • Clean Stage 2,0.9,"Price is above rising key averages, weekly structure is supportive, and the stock is near its 52-week high.",,,2026-09-28,,18.08,30.25,1371667532.88,1.26,0.52,1.12,False,False,"Stage 2, Clean Stage 2, trend_template_ok, weekly_vcp_ok, weekly_strong",watchlist,58.03,58.03,139.6,-1.31,"[19.79, 15.35]","[31, 25]",0.9,64.0,26
ASAHIINDIA.NS,Asahi India Glass Limited,Automobile and Auto Components,Unknown,Unknown,False,Cash,1,Stage 2,Stage 2,Early Stage 2,Early Stage 2,Stage 2 • Early Stage 2,0.72,"Price has moved above long-term structure, but the full moving-average stack is not clean yet.",,,2026-09-28,,15.91,18.1,141043938.17,0.75,1.82,1.08,True,False,"Stage 2, Early Stage 2, daily_vcp_ok, volume_dryup",watchlist,55.31,57.81,996.74,-3.89,"[9.77, 5.94, 4.1]","[25, 22, 8]",0.95,100.0,27
PCBL.NS,PCBL LIMITED,Chemicals,Unknown,Unknown,False,Cash,1,Stage 2,Stage 2,Stage 2,Stage 2,Stage 2,0.76,Advancing structure detected.,,,2026-09-28,,10.37,29.44,577242619.76,0.57,0.43,0.4,True,True,"Stage 2, Stage 2, trend_template_ok, daily_vcp_ok, volume_dryup, weekly_volume_dryup",forming_vcp,55.31,57.81,346.61,-4.66,"[16.46, 7.07]","[13, 20]",0.9,35.0,28
ACMESOLAR.NS,ACME Solar Holdings Ltd.,Power,Unknown,Unknown,False,Cash,1,Stage 2,Stage 2,Clean Stage 2,Clean Stage 2,Stage 2 • Clean Stage 2,0.9,"Price is above rising key averages, weekly structure is supportive, and the stock is near its 52-week high.",,,2026-09-28,,20.31,56.72,1204003836.89,1.49,0.38,0.87,False,True,"Stage 2, Clean Stage 2, trend_template_ok, weekly_volume_dryup",watchlist,57.47,57.47,477.73,-8.33,"[13.53, 7.48, 5.32]","[10, 9, 14]",0.95,43.0,29
VENUSPIPES.NS,Venus Pipes & Tubes Limited,Capital Goods,Unknown,Unknown,False,Cash,1,Stage 2,Stage 2,Extended Stage 2,Extended Stage 2,Stage 2 • Extended Stage 2,0.78,"Advancing structure remains intact, but price is stretched versus key moving averages or far above the 52-week low.",,,2026-09-28,,29.21,123.48,741472218.84,2.05,0.6,0.82,False,True,"Stage 2, Extended Stage 2, trend_template_ok, weekly_volume_dryup",watchlist,54.83,57.33,2352.01,-6.64,"[17.87, 11.47]","[20, 5]",0.9,29.0,30
SAIL.NS,Steel Authority of India Limited,Metals & Mining,Unknown,Unknown,True,F&O,1,Stage 2,Stage 2,Stage 2,Stage 2,Stage 2,0.76,Advancing structure detected.,,,2026-09-28,,13.07,13.78,2848956183.32,0.8,0.99,1.14,True,False,"Stage 2, Stage 2, trend_template_ok, daily_vcp_ok, volume_dryup",forming_vcp,56.16,57.16,201.31,-9.68,"[24.2, 5.34]","[42, 27]",0.9,80.0,31
HARSHA.NS,Harsha Engineers International Limited,Capital Goods,Unknown,Unknown,False,Cash,1,Stage 2,Stage 2,Clean Stage 2,Clean Stage 2,Stage 2 • Clean Stage 2,0.9,"Price is above rising key averages, weekly structure is supportive, and the stock is near its 52-week high.",,,2026-09-28,,17.81,41.01,78155242.81,1.18,0.5,0.95,False,False,"Stage 2, Clean Stage 2, trend_template_ok, weekly_vcp_ok, weekly_strong",watchlist,54.33,56.83,476.8,-2.46,"[9.91, 9.49]","[7, 13]",0.9,26.0,32
SHAREINDIA.NS,Share India Securities Limited,Financial Services,Unknown,Unknown,False,Cash,1,Stage 2,Stage 2,Clean Stage 2,Clean Stage 2,Stage 2 • Clean Stage 2,0.9,"Price is above rising key averages, weekly structure is supportive, and the stock is near its 52-week high.",,,2026-09-28,,55.28,59.59,1799550715.14,1.73,0.22,0.35,False,True,"Stage 2, Clean Stage 2, trend_template_ok, weekly_volume_dryup",watchlist,55.95,55.95,233.76,-12.01,"[15.1, 6.51]","[25, 7]",0.9,38.0,33
SONACOMS.NS,Sona BLW Precision Forgings Limited,Automobile and Auto Components,Unknown,Unknown,True,F&O,1,Stage 2,Stage 2,Clean Stage 2,Clean Stage 2,Stage 2 • Clean Stage 2,0.9,"Price is above rising key averages, weekly structure is supportive, and the stock is near its 52-week high.",,,2026-09-28,,29.6,61.04,1729352689.2,1.26,2.21,1.41,False,False,"Stage 2, Clean Stage 2, trend_template_ok, weekly_vcp_ok, weekly_strong",watchlist,52.33,54.83,824.6,-1.09,[10.07],[20],0.0,20.0,34
BAJAJHIND.NS,Bajaj Hindusthan Sugar Limited,Fast Moving Consumer Goods,Unknown,Unknown,False,Cash,1,Stage 2,Stage 2,Stage 2,Stage 2,Stage 2,0.76,Advancing structure detected.,,,2026-09-28,,17.78,15.61,428744981.29,0.43,0.21,0.44,True,True,"Stage 2, Stage 2, trend_template_ok, weekly_vcp_ok, volume_dryup, weekly_volume_dryup, weekly_strong",watchlist,54.79,54.79,26.05,-23.29,"[18.84, 18.73]","[9, 34]",0.9,58.0,35
LALPATHLAB.NS,Dr. Lal Path Labs Ltd.,Healthcare,Unknown,Unknown,False,Cash,1,Stage 2,Stage 2,Clean Stage 2,Clean Stage 2,Stage 2 • Clean Stage 2,0.9,"Price is above rising key averages, weekly structure is supportive, and the stock is near its 52-week high.",,,2026-09-28,,24.87,45.41,594459457.52,1.25,1.53,0.92,False,False,"Stage 2, Clean Stage 2, trend_template_ok",watchlist,49.25,54.25,2042.17,-4.49,[6.7],[17],0.0,17.0,36
GLENMARK.NS,Glenmark Pharmaceuticals Limited,Healthcare,Unknown,Unknown,True,F&O,1,Stage 2,Stage 2,Clean Stage 2,Clean Stage 2,Stage 2 • Clean Stage 2,0.9,"Price is above rising key averages, weekly structure is supportive, and the stock is near its 52-week high.",,,2026-09-28,,16.57,16.57,1185700965.97,1.2,2.5,1.61,False,False,"Stage 2, Clean Stage 2, trend_template_ok, weekly_vcp_ok, weekly_strong",watchlist,48.94,53.94,2539.51,-3.86,[9.02],[13],0.0,13.0,37
SAREGAMA.NS,Saregama India Limited,"Media, Entertainment & Publication",Unknown,Unknown,False,Cash,1,Stage 2,Stage 2,Early Stage 2,Early Stage 2,Stage 2 • Early Stage 2,0.72,"Price has moved above long-term structure, but the full moving-average stack is not clean yet.",,,2026-09-28,,7.62,55.14,191972505.06,0.66,3.5,0.71,True,True,"Stage 2, Early Stage 2, daily_vcp_ok, volume_dryup, weekly_volume_dryup",watchlist,53.88,53.88,517.4,-4.63,"[17.32, 8.0]","[18, 5]",0.9,30.0,38
SHYAMMETL.NS,Shyam Metalics and Energy Limited,Metals & Mining,Unknown,Unknown,False,Cash,1,Stage 2,Stage 2,Clean Stage 2,Clean Stage 2,Stage 2 • Clean Stage 2,0.9,"Price is above rising key averages, weekly structure is supportive, and the stock is near its 52-week high.",,,2026-09-28,,18.98,36.24,559535143.39,1.59,0.41,1.07,False,False,"Stage 2, Clean Stage 2, trend_template_ok",watchlist,52.42,53.42,1112.94,-3.5,"[9.65, 10.62, 8.28]","[24, 19, 13]",0.55,74.0,39
DIVISLAB.NS,Divi's Laboratories Limited,Healthcare,Unknown,Unknown,True,F&O,1,Stage 2,Stage 2,Clean Stage 2,Clean Stage 2,Stage 2 • Clean Stage 2,0.9,"Price is above rising key averages, weekly structure is supportive, and the stock is near its 52-week high.",,,2026-09-28,,46.19,62.15,4427810884.18,1.06,1.42,1.05,False,False,"Stage 2, Clean Stage 2, trend_template_ok, weekly_vcp_ok, weekly_strong",watchlist,47.31,52.31,9631.83,-2.09,[7.2],[5],0.0,5.0,40
PAISALO.NS,Paisalo Digital Limited,Financial Services,Unknown,Unknown,False,Cash,1,Stage 2,Stage 2,Extended Stage 2,Extended Stage 2,Stage 2 • Extended Stage 2,0.78,"Advancing structure remains intact, but price is stretched versus key moving averages or far above the 52-week low.",,,2026-09-28,,15.52,118.36,1637547284.1,1.55,0.55,1.22,False,False,"Stage 2, Extended Stage 2, trend_template_ok",watchlist,51.58,51.58,95.05,-17.31,"[13.22, 8.27]","[32, 7]",0.9,43.0,41
MAHSEAMLES.NS,Maharashtra Seamless Limited,Capital Goods,Unknown,Unknown,False,Cash,1,Stage 2,Stage 2,Clean Stage 2,Clean Stage 2,Stage 2 • Clean Stage 2,0.9,"Price is above rising key averages, weekly structure is supportive, and the stock is near its 52-week high.",,,2026-09-28,,26.17,23.37,313173602.59,0.97,1.33,1.16,False,False,"Stage 2, Clean Stage 2, trend_template_ok",watchlist,48.48,50.98,738.6,-2.27,[15.77],[23],0.0,23.0,42
AJANTPHARM.NS,Ajanta Pharma Limited,Healthcare,Unknown,Unknown,False,Cash,1,Stage 2,Stage 2,Clean Stage 2,Clean Stage 2,Stage 2 • Clean Stage 2,0.9,"Price is above rising key averages, weekly structure is supportive, and the stock is near its 52-week high.",,,2026-09-28,,13.97,31.37,270378413.6,1.08,1.13,0.66,False,True,"Stage 2, Clean Stage 2, trend_template_ok, weekly_volume_dryup",watchlist,45.43,50.43,3666.0,-2.96,[9.77],[11],0.0,11.0,43
TORNTPHARM.NS,Torrent Pharmaceuticals Limited,Healthcare,Unknown,Unknown,True,F&O,1,Stage 2,Stage 2,Early Stage 2,Early Stage 2,Stage 2 • Early Stage 2,0.72,"Price has moved above long-term structure, but the full moving-average stack is not clean yet.",,,2026-09-28,,8.67,22.69,1638871074.03,1.06,2.35,1.04,False,False,"Stage 2, Early Stage 2",watchlist,44.24,49.24,5259.19,-6.94,"[6.73, 6.19, 6.13]","[16, 6, 12]",0.95,92.0,44
EMCURE.NS,Emcure Pharmaceuticals Ltd.,Healthcare,Unknown,Unknown,False,Cash,1,Stage 2,Stage 2,Clean Stage 2,Clean Stage 2,Stage 2 • Clean Stage 2,0.9,"Price is above rising key averages, weekly structure is supportive, and the stock is near its 52-week high.",,,2026-09-28,,12.77,26.91,412449061.55,1.67,1.93,0.57,False,True,"Stage 2, Clean Stage 2, trend_template_ok, weekly_volume_dryup",watchlist,43.87,48.87,2104.38,-6.9,"[9.93, 10.64]","[16, 11]",0.1,43.0,45
MARKSANS.NS,Marksans Pharma Limited,Healthcare,Unknown,Unknown,False,Cash,1,Stage 2,Stage 2,Extended Stage 2,Extended Stage 2,Stage 2 • Extended Stage 2,0.78,"Advancing structure remains intact, but price is stretched versus key moving averages or far above the 52-week low.",,,2026-09-28,,36.0,107.16,816809461.86,0.63,2.05,0.79,True,True,"Stage 2, Extended Stage 2, trend_template_ok, volume_dryup, weekly_volume_dryup",watchlist,43.5,48.5,350.56,-2.23,[13.96],[5],0.0,5.0,46
JKPAPER.NS,JK Paper Limited,Forest Materials,Unknown,Unknown,False,Cash,1,Stage 2,Stage 2,Early Stage 2,Early Stage 2,Stage 2 • Early Stage 2,0.72,"Price has moved above long-term structure, but the full moving-average stack is not clean yet.",,,2026-09-28,,19.36,20.38,257789836.28,0.61,0.48,0.29,True,True,"Stage 2, Early Stage 2, weekly_vcp_ok, volume_dryup, weekly_volume_dryup, weekly_strong",watchlist,43.07,48.07,442.77,-11.61,"[15.47, 12.18]","[26, 15]",0.9,65.0,47
PHOENIXLTD.NS,The Phoenix Mills Limited,Realty,Unknown,Unknown,True,F&O,1,Stage 2,Stage 2,Stage 2,Stage 2,Stage 2,0.76,Advancing structure detected.,,,2026-09-28,,0.37,27.1,707834313.31,0.87,1.02,0.94,False,False,"Stage 2, Stage 2, daily_vcp_ok, weekly_vcp_ok, weekly_strong",watchlist,46.71,47.71,1968.39,-2.0,"[13.82, 7.53]","[21, 9]",0.9,46.0,48
PPLPHARMA.NS,Piramal Pharma Ltd.,Healthcare,Unknown,Unknown,False,Cash,1,Stage 2,Stage 2,Messy Stage 2,Messy Stage 2,Stage 2 • Messy Stage 2,0.64,"Long-term structure is still constructive, but the short-term/weekly structure is not clean.",,,2026-09-28,,24.86,48.16,885986977.13,0.61,1.3,0.65,True,True,"Stage 2, Messy Stage 2, trend_template_ok, volume_dryup, weekly_volume_dryup",watchlist,42.32,47.32,232.34,-10.01,[9.76],[18],0.0,18.0,49
BOSCHLTD.NS,Bosch Limited,Automobile and Auto Components,Unknown,Unknown,True,F&O,1,Stage 2,Stage 2,Early Stage 2,Early Stage 2,Stage 2 • Early Stage 2,0.72,"Price has moved above long-term structure, but the full moving-average stack is not clean yet.",,,2026-09-28,,16.84,50.61,1261223487.25,0.53,0.45,0.42,True,True,"Stage 2, Early Stage 2, daily_vcp_ok, weekly_vcp_ok, volume_dryup, weekly_volume_dryup, weekly_strong",watchlist,44.45,46.95,50087.5,-8.76,"[10.37, 6.72]","[10, 18]",0.9,58.0,50
BHEL.NS,Bharat Heavy Electricals Limited,Capital Goods,Unknown,Unknown,True,F&O,1,Stage 2,Stage 2,Early Stage 2,Early Stage 2,Stage 2 • Early Stage 2,0.72,"Price has moved above long-term structure, but the full moving-average stack is not clean yet.",,,2026-09-28,,14.14,69.27,2491605075.29,0.91,1.06,0.88,False,True,"Stage 2, Early Stage 2, weekly_volume_dryup",watchlist,44.13,46.63,446.5,-7.42,"[13.49, 12.25, 11.42, 8.28]","[9, 13, 8, 12]",1.0,78.0,51
VARROC.NS,Varroc Engineering Limited,Automobile and Auto Components,Unknown,Unknown,False,Cash,1,Stage 2,Stage 2,Clean Stage 2,Clean Stage 2,Stage 2 • Clean Stage 2,0.9,"Price is above rising key averages, weekly structure is supportive, and the stock is near its 52-week high.",,,2026-09-28,,31.74,71.7,292884315.57,0.45,1.02,0.35,True,True,"Stage 2, Clean Stage 2, trend_template_ok, weekly_vcp_ok, volume_dryup, weekly_volume_dryup, weekly_strong",watchlist,43.62,46.12,913.8,-8.36,"[9.06, 9.83]","[7, 11]",0.1,22.0,52
RKFORGE.NS,Ramkrishna Forgings Limited,Capital Goods,Unknown,Unknown,False,Cash,1,Stage 2,Stage 2,Messy Stage 2,Messy Stage 2,Stage 2 • Messy Stage 2,0.64,"Long-term structure is still constructive, but the short-term/weekly structure is not clean.",,,2026-09-28,,29.82,41.51,398474127.55,0.38,1.28,0.4,True,True,"Stage 2, Messy Stage 2, trend_template_ok, weekly_vcp_ok, volume_dryup, weekly_volume_dryup, weekly_strong",watchlist,42.61,45.11,768.59,-7.02,[14.71],[20],0.0,20.0,53
THELEELA.NS,Leela Palaces Hotels & Resorts Ltd.,Consumer Services,Unknown,Unknown,False,Cash,1,Stage 2,Stage 2,Messy Stage 2,Messy Stage 2,Stage 2 • Messy Stage 2,0.64,"Long-term structure is still constructive, but the short-term/weekly structure is not clean.",,,2026-09-28,,18.08,28.37,177821189.44,0.6,2.84,0.87,True,True,"Stage 2, Messy Stage 2, trend_template_ok, volume_dryup, weekly_volume_dryup",watchlist,44.01,45.01,582.85,-8.45,[11.96],[11],0.0,11.0,54
SHILPAMED.NS,Shilpa Medicare Limited,Healthcare,Unknown,Unknown,False,Cash,1,Stage 2,Stage 2,Extended Stage 2,Extended Stage 2,Stage 2 • Extended Stage 2,0.78,"Advancing structure remains intact, but price is stretched versus key moving averages or far above the 52-week low.",,,2026-09-28,,79.52,170.29,917948740.95,0.48,0.77,0.35,True,True,"Stage 2, Extended Stage 2, trend_template_ok, weekly_vcp_ok, volume_dryup, weekly_volume_dryup, weekly_strong",watchlist,39.88,44.88,1076.88,-1.96,[10.74],[7],0.0,7.0,55
INDHOTEL.NS,The Indian Hotels Company Limited,Consumer Services,Unknown,Unknown,True,F&O,1,Stage 2,Stage 2,Messy Stage 2,Messy Stage 2,Stage 2 • Messy Stage 2,0.64,"Long-term structure is still constructive, but the short-term/weekly structure is not clean.",,,2026-09-28,,4.08,20.97,2044418892.16,1.97,16.2,3.86,False,False,"Stage 2, Messy Stage 2, weekly_vcp_ok, weekly_strong",watchlist,43.6,44.6,757.4,-5.68,"[6.29, 6.41, 4.22]","[8, 17, 12]",0.95,107.0,56
TDPOWERSYS.NS,TD Power Systems Limited,Capital Goods,Unknown,Unknown,False,Cash,1,Stage 2,Stage 2,Extended Stage 2,Extended Stage 2,Stage 2 • Extended Stage 2,0.78,"Advancing structure remains intact, but price is stretched versus key moving averages or far above the 52-week low.",,,2026-09-28,,48.57,77.5,1762988071.0,0.95,3.62,1.05,False,False,"Stage 2, Extended Stage 2, trend_template_ok",watchlist,41.99,44.49,818.98,-5.08,[10.22],[12],0.0,12.0,57
ROLEXRINGS.NS,Rolex Rings Limited,Automobile and Auto Components,Unknown,Unknown,False,Cash,1,Stage 2,Stage 2,Clean Stage 2,Clean Stage 2,Stage 2 • Clean Stage 2,0.9,"Price is above rising key averages, weekly structure is supportive, and the stock is near its 52-week high.",,,2026-09-28,,40.23,59.46,330218591.47,0.62,1.17,1.06,True,False,"Stage 2, Clean Stage 2, trend_template_ok, volume_dryup",watchlist,41.79,44.29,181.32,5.11,[15.13],[18],0.0,18.0,58
GALAXYSURF.NS,Galaxy Surfactants Limited,Chemicals,Unknown,Unknown,False,Cash,1,Stage 2,Stage 2,Clean Stage 2,Clean Stage 2,Stage 2 • Clean Stage 2,0.9,"Price is above rising key averages, weekly structure is supportive, and the stock is near its 52-week high.",,,2026-09-28,,23.5,42.88,82786000.47,0.55,0.55,0.57,True,True,"Stage 2, Clean Stage 2, trend_template_ok, weekly_vcp_ok, volume_dryup, weekly_volume_dryup, weekly_strong",watchlist,41.62,44.12,2334.08,-1.41,[21.5],[21],0.0,21.0,59
SANSERA.NS,Sansera Engineering Limited,Automobile and Auto Components,Unknown,Unknown,False,Cash,1,Stage 2,Stage 2,Extended Stage 2,Extended Stage 2,Stage 2 • Extended Stage 2,0.78,"Advancing structure remains intact, but price is stretched versus key moving averages or far above the 52-week low.",,,2026-09-28,,40.33,104.16,1318450063.79,1.59,4.6,1.85,False,False,"Stage 2, Extended Stage 2, trend_template_ok",watchlist,41.62,44.12,4751.8,-8.2,[7.59],[13],0.0,13.0,60
IPCALAB.NS,IPCA Laboratories Limited,Healthcare,Unknown,Unknown,False,Cash,1,Stage 2,Stage 2,Clean Stage 2,Clean Stage 2,Stage 2 • Clean Stage 2,0.9,"Price is above rising key averages, weekly structure is supportive, and the stock is near its 52-week high.",,,2026-09-28,,15.36,34.03,434037784.69,0.69,0.89,0.53,True,True,"Stage 2, Clean Stage 2, trend_template_ok, volume_dryup, weekly_volume_dryup",watchlist,39.03,44.03,2041.57,-5.07,[13.61],[16],0.0,16.0,61
SHANTIGEAR.NS,Shanthi Gears Limited,Capital Goods,Unknown,Unknown,False,Cash,1,Stage 2,Stage 2,Stage 2,Stage 2,Stage 2,0.76,Advancing structure detected.,,,2026-09-28,,42.06,35.89,183472478.27,0.18,0.11,0.15,True,True,"Stage 2, Stage 2, trend_template_ok, volume_dryup, weekly_volume_dryup",watchlist,41.38,43.88,744.3,-19.17,[14.92],[59],0.0,59.0,62
SAILIFE.NS,Sai Life Sciences Ltd.,Healthcare,Unknown,Unknown,False,Cash,1,Stage 2,Stage 2,Clean Stage 2,Clean Stage 2,Stage 2 • Clean Stage 2,0.9,"Price is above rising key averages, weekly structure is supportive, and the stock is near its 52-week high.",,,2026-09-28,,30.1,65.58,1225271869.88,0.68,0.51,0.52,True,True,"Stage 2, Clean Stage 2, trend_template_ok, volume_dryup, weekly_volume_dryup",watchlist,38.79,43.79,1699.97,-8.24,[11.94],[5],0.0,5.0,63
PTCIL.NS,PTC Industries Limited,Capital Goods,Unknown,Unknown,False,Cash,1,Stage 2,Stage 2,Clean Stage 2,Clean Stage 2,Stage 2 • Clean Stage 2,0.9,"Price is above rising key averages, weekly structure is supportive, and the stock is near its 52-week high.",,,2026-09-28,,32.9,45.34,622866686.25,0.47,0.55,0.34,True,True,"Stage 2, Clean Stage 2, trend_template_ok, weekly_vcp_ok, volume_dryup, weekly_volume_dryup, weekly_strong",watchlist,41.25,43.75,24167.22,-6.75,[15.12],[18],0.0,18.0,64
JYOTICNC.NS,Jyoti CNC Automation Ltd.,Capital Goods,Unknown,Unknown,False,Cash,1,Stage 2,Stage 2,Early Stage 2,Early Stage 2,Stage 2 • Early Stage 2,0.72,"Price has moved above long-term structure, but the full moving-average stack is not clean yet.",,,2026-09-28,,43.55,38.59,1384906734.37,1.31,0.49,0.71,False,True,"Stage 2, Early Stage 2, weekly_vcp_ok, weekly_volume_dryup, weekly_strong",watchlist,41.2,43.7,1136.59,-6.8,"[26.31, 10.65]","[25, 16]",0.9,73.0,65
LAURUSLABS.NS,Laurus Labs Limited,Healthcare,Unknown,Unknown,True,F&O,1,Stage 2,Stage 2,Extended Stage 2,Extended Stage 2,Stage 2 • Extended Stage 2,0.78,"Advancing structure remains intact, but price is stretched versus key moving averages or far above the 52-week low.",,,2026-09-28,,34.35,87.66,3238294946.3,0.7,0.84,0.57,True,True,"Stage 2, Extended Stage 2, trend_template_ok, weekly_vcp_ok, volume_dryup, weekly_volume_dryup, weekly_strong",watchlist,38.67,43.67,1985.27,-0.32,[5.42],[5],0.0,5.0,66
WELSPUNLIV.NS,Welspun Living Ltd.,Textiles,Unknown,Unknown,False,Cash,1,Stage 2,Stage 2,Extended Stage 2,Extended Stage 2,Stage 2 • Extended Stage 2,0.78,"Advancing structure remains intact, but price is stretched versus key moving averages or far above the 52-week low.",,,2026-09-28,,37.87,91.81,920169745.54,0.72,0.27,0.83,True,True,"Stage 2, Extended Stage 2, trend_template_ok, volume_dryup, weekly_volume_dryup",watchlist,38.65,43.65,233.41,-3.51,[9.4],[7],0.0,7.0,67
GAIL.NS,GAIL (India) Limited,"Oil, Gas & Consumable Fuels",Unknown,Unknown,True,F&O,1,Stage 2,Stage 2,Early Stage 2,Early Stage 2,Stage 2 • Early Stage 2,0.72,"Price has moved above long-term structure, but the full moving-average stack is not clean yet.",,,2026-09-28,,3.96,19.59,1015181657.19,0.75,1.98,0.9,True,False,"Stage 2, Early Stage 2, daily_vcp_ok, weekly_vcp_ok, volume_dryup, weekly_strong",watchlist,40.99,43.49,182.17,-6.66,"[9.92, 6.28, 6.78, 4.84]","[10, 24, 5, 7]",0.73,93.0,68
ARVIND.NS,Arvind Limited,Textiles,Unknown,Unknown,False,Cash,1,Stage 2,Stage 2,Messy Stage 2,Messy Stage 2,Stage 2 • Messy Stage 2,0.64,"Long-term structure is still constructive, but the short-term/weekly structure is not clean.",,,2026-09-28,,2.66,47.4,354875230.29,0.83,0.41,0.74,True,True,"Stage 2, Messy Stage 2, trend_template_ok, volume_dryup, weekly_volume_dryup",watchlist,38.47,43.47,608.21,-10.32,[15.84],[22],0.0,22.0,69
CARBORUNIV.NS,Carborundum Universal Limited,Capital Goods,Unknown,Unknown,False,Cash,1,Stage 2,Stage 2,Clean Stage 2,Clean Stage 2,Stage 2 • Clean Stage 2,0.9,"Price is above rising key averages, weekly structure is supportive, and the stock is near its 52-week high.",,,2026-09-28,,11.63,45.83,730243063.41,2.87,0.57,2.73,False,False,"Stage 2, Clean Stage 2",watchlist,40.95,43.45,1306.07,-8.08,"[14.85, 8.96]","[18, 41]",0.9,87.0,70
CARTRADE.NS,Cartrade Tech Limited,Consumer Services,Unknown,Unknown,False,Cash,1,Stage 2,Stage 2,Early Stage 2,Early Stage 2,Stage 2 • Early Stage 2,0.72,"Price has moved above long-term structure, but the full moving-average stack is not clean yet.",,,2026-09-28,,13.74,67.61,976033977.85,0.64,0.62,0.6,True,True,"Stage 2, Early Stage 2, weekly_vcp_ok, volume_dryup, weekly_volume_dryup, weekly_strong",watchlist,42.44,43.44,3257.69,-10.75,"[14.47, 12.6, 12.21]","[8, 12, 14]",0.95,46.0,71
MTARTECH.NS,Mtar Technologies Limited,Capital Goods,Unknown,Unknown,False,Cash,1,Stage 2,Stage 2,Stage 2,Stage 2,Stage 2,0.76,Advancing structure detected.,,,2026-09-28,,11.62,105.34,858212152.45,0.84,3.59,1.06,True,False,"Stage 2, Stage 2, trend_template_ok, volume_dryup",watchlist,40.93,43.43,7958.9,-6.7,[16.93],[5],0.0,5.0,72
GESHIP.NS,The Great Eastern Shipping Company Limited,Services,Unknown,Unknown,False,Cash,1,Stage 2,Stage 2,Early Stage 2,Early Stage 2,Stage 2 • Early Stage 2,0.72,"Price has moved above long-term structure, but the full moving-average stack is not clean yet.",Stage 2 confirmed with 3 raw confirmation runs.,,2026-09-28,,13.95,7.43,1408258331.06,1.09,2.37,1.51,False,False,"Stage 2, Early Stage 2",watchlist,42.34,43.34,1584.65,-2.96,"[24.28, 12.64]","[17, 24]",0.9,64.0,73
FINCABLES.NS,Finolex Cables Limited,Capital Goods,Unknown,Unknown,False,Cash,1,Stage 2,Stage 2,Clean Stage 2,Clean Stage 2,Stage 2 • Clean Stage 2,0.9,"Price is above rising key averages, weekly structure is supportive, and the stock is near its 52-week high.",,,2026-09-28,,37.45,79.11,1705511694.02,0.61,0.74,0.45,True,True,"Stage 2, Clean Stage 2, trend_template_ok, volume_dryup, weekly_volume_dryup",watchlist,40.73,43.23,1500.62,-4.34,[13.65],[15],0.0,15.0,74
AETHER.NS,Aether Industries Limited,Chemicals,Unknown,Unknown,False,Cash,1,Stage 2,Stage 2,Extended Stage 2,Extended Stage 2,Stage 2 • Extended Stage 2,0.78,"Advancing structure remains intact, but price is stretched versus key moving averages or far above the 52-week low.",,,2026-09-28,,34.74,59.4,470704152.81,1.08,2.02,1.8,False,False,"Stage 2, Extended Stage 2, trend_template_ok",watchlist,40.72,43.22,1717.0,1.92,[9.57],[13],0.0,13.0,75
TATVA.NS,Tatva Chintan Pharma Chem Limited,Chemicals,Unknown,Unknown,False,Cash,1,Stage 2,Stage 2,Clean Stage 2,Clean Stage 2,Stage 2 • Clean Stage 2,0.9,"Price is above rising key averages, weekly structure is supportive, and the stock is near its 52-week high.",,,2026-09-28,,50.77,61.12,120621003.47,1.08,1.42,0.59,False,True,"Stage 2, Clean Stage 2, trend_template_ok, weekly_volume_dryup",watchlist,40.69,43.19,1750.95,3.17,[17.21],[32],0.0,32.0,76
HFCL.NS,HFCL Limited,Telecommunication,Unknown,Unknown,False,Cash,1,Stage 2,Stage 2,Extended Stage 2,Extended Stage 2,Stage 2 • Extended Stage 2,0.78,"Advancing structure remains intact, but price is stretched versus key moving averages or far above the 52-week low.",,,2026-09-28,,6.94,197.4,1489199003.73,0.32,0.57,0.27,True,True,"Stage 2, Extended Stage 2, volume_dryup, weekly_volume_dryup",watchlist,38.13,43.13,256.46,-15.69,"[23.12, 17.74]","[5, 27]",0.9,39.0,77
QUESS.NS,Quess Corp Limited,Services,Unknown,Unknown,False,Cash,1,Stage 2,Stage 2,Messy Stage 2,Messy Stage 2,Stage 2 • Messy Stage 2,0.64,"Long-term structure is still constructive, but the short-term/weekly structure is not clean.",,,2026-09-28,,24.79,96.84,197292715.51,0.56,0.25,0.57,True,True,"Stage 2, Messy Stage 2, trend_template_ok, volume_dryup, weekly_volume_dryup",watchlist,41.86,42.86,389.43,-12.15,[6.41],[26],0.0,26.0,78
STAR.NS,Strides Pharma Science Limited,Healthcare,Unknown,Unknown,False,Cash,1,Stage 2,Stage 2,Clean Stage 2,Clean Stage 2,Stage 2 • Clean Stage 2,0.9,"Price is above rising key averages, weekly structure is supportive, and the stock is near its 52-week high.",,,2026-09-28,,10.59,20.54,440227657.77,0.58,0.46,0.38,True,True,"Stage 2, Clean Stage 2, trend_template_ok, weekly_vcp_ok, volume_dryup, weekly_volume_dryup, weekly_strong",watchlist,37.74,42.74,1263.11,-7.17,[15.34],[13],0.0,13.0,79
DYNAMATECH.NS,Dynamatic Technologies Limited,Capital Goods,Unknown,Unknown,False,Cash,1,Stage 2,Stage 2,Clean Stage 2,Clean Stage 2,Stage 2 • Clean Stage 2,0.9,"Price is above rising key averages, weekly structure is supportive, and the stock is near its 52-week high.",,,2026-09-28,,33.12,39.78,282509828.3,1.45,1.73,1.93,False,False,"Stage 2, Clean Stage 2, trend_template_ok",watchlist,40.17,42.67,12321.52,6.03,[8.57],[18],0.0,18.0,80
AGARWALEYE.NS,Dr. Agarwal's Health Care Ltd.,Healthcare,Unknown,Unknown,False,Cash,1,Stage 2,Stage 2,Early Stage 2,Early Stage 2,Stage 2 • Early Stage 2,0.72,"Price has moved above long-term structure, but the full moving-average stack is not clean yet.",,,2026-09-28,,9.95,18.51,155693157.57,0.23,1.54,0.29,True,True,"Stage 2, Early Stage 2, weekly_vcp_ok, volume_dryup, weekly_volume_dryup, weekly_strong",watchlist,37.67,42.67,529.73,-6.51,"[13.78, 8.44]","[13, 6]",0.9,25.0,81
VIJAYA.NS,Vijaya Diagnostic Centre Limited,Healthcare,Unknown,Unknown,False,Cash,1,Stage 2,Stage 2,Clean Stage 2,Clean Stage 2,Stage 2 • Clean Stage 2,0.9,"Price is above rising key averages, weekly structure is supportive, and the stock is near its 52-week high.",,,2026-09-28,,14.23,64.83,208880915.63,0.83,0.6,0.63,True,True,"Stage 2, Clean Stage 2, trend_template_ok, volume_dryup, weekly_volume_dryup",watchlist,37.33,42.33,1593.6,-7.44,[12.43],[5],0.0,5.0,82
CHENNPETRO.NS,Chennai Petroleum Corporation Limited,"Oil, Gas & Consumable Fuels",Unknown,Unknown,False,Cash,1,Stage 2,Stage 2,Stage 2,Stage 2,Stage 2,0.76,Advancing structure detected.,,,2026-09-28,,39.24,53.34,2896631784.71,0.68,1.57,0.79,True,True,"Stage 2, Stage 2, trend_template_ok, volume_dryup, weekly_volume_dryup",watchlist,39.82,42.32,1680.44,-14.49,[11.05],[8],0.0,8.0,83
CYIENTDLM.NS,Cyient DLM Limited,Capital Goods,Unknown,Unknown,False,Cash,1,Stage 2,Stage 2,Extended Stage 2,Extended Stage 2,Stage 2 • Extended Stage 2,0.78,"Advancing structure remains intact, but price is stretched versus key moving averages or far above the 52-week low.",,,2026-09-28,,86.87,217.98,579166675.41,0.55,0.63,0.4,True,True,"Stage 2, Extended Stage 2, trend_template_ok, volume_dryup, weekly_volume_dryup",watchlist,39.75,42.25,1010.77,-8.87,[19.53],[6],0.0,6.0,84
GRANULES.NS,Granules India Limited,Healthcare,Unknown,Unknown,False,Cash,1,Stage 2,Stage 2,Clean Stage 2,Clean Stage 2,Stage 2 • Clean Stage 2,0.9,"Price is above rising key averages, weekly structure is supportive, and the stock is near its 52-week high.",,,2026-09-28,,10.21,35.32,1307904268.14,0.9,0.99,0.56,False,True,"Stage 2, Clean Stage 2, weekly_volume_dryup",watchlist,36.98,41.98,925.27,-6.32,"[10.34, 7.59]","[12, 18]",0.9,34.0,85
SSWL.NS,Steel Strips Wheels Limited,Automobile and Auto Components,Unknown,Unknown,False,Cash,1,Stage 2,Stage 2,Extended Stage 2,Extended Stage 2,Stage 2 • Extended Stage 2,0.78,"Advancing structure remains intact, but price is stretched versus key moving averages or far above the 52-week low.",,,2026-09-28,,65.45,111.91,559291593.61,0.92,1.32,1.01,False,False,"Stage 2, Extended Stage 2, trend_template_ok",watchlist,39.36,41.86,383.07,4.59,[12.35],[18],0.0,18.0,86
AKUMS.NS,Akums Drugs and Pharmaceuticals Ltd.,Healthcare,Unknown,Unknown,False,Cash,1,Stage 2,Stage 2,Clean Stage 2,Clean Stage 2,Stage 2 • Clean Stage 2,0.9,"Price is above rising key averages, weekly structure is supportive, and the stock is near its 52-week high.",,,2026-09-28,,36.79,65.45,244026107.69,0.88,0.53,0.65,False,True,"Stage 2, Clean Stage 2, trend_template_ok, weekly_vcp_ok, weekly_volume_dryup, weekly_strong",watchlist,36.86,41.86,840.27,-2.47,[7.96],[5],0.0,5.0,87
PRUDENT.NS,Prudent Corporate Advisory Services Limited,Financial Services,Unknown,Unknown,False,Cash,1,Stage 2,Stage 2,Early Stage 2,Early Stage 2,Stage 2 • Early Stage 2,0.72,"Price has moved above long-term structure, but the full moving-average stack is not clean yet.",,,2026-09-28,,9.35,38.99,103523710.65,0.76,3.43,1.09,True,False,"Stage 2, Early Stage 2, weekly_vcp_ok, volume_dryup, weekly_strong",watchlist,41.41,41.41,4112.68,-24.66,"[12.75, 10.36]","[22, 8]",0.9,56.0,88
KPIL.NS,Kalpataru Projects International Limited,Construction,Unknown,Unknown,False,Cash,1,Stage 2,Stage 2,Early Stage 2,Early Stage 2,Stage 2 • Early Stage 2,0.72,"Price has moved above long-term structure, but the full moving-average stack is not clean yet.",,,2026-09-28,,4.67,27.37,202797863.29,0.76,1.24,0.69,True,True,"Stage 2, Early Stage 2, daily_vcp_ok, volume_dryup, weekly_volume_dryup",watchlist,41.39,41.39,1468.0,-7.01,"[14.28, 7.37]","[25, 9]",0.9,61.0,89
WOCKPHARMA.NS,Wockhardt Limited,Healthcare,Unknown,Unknown,False,Cash,1,Stage 2,Stage 2,Clean Stage 2,Clean Stage 2,Stage 2 • Clean Stage 2,0.9,"Price is above rising key averages, weekly structure is supportive, and the stock is near its 52-week high.",,,2026-09-28,,19.23,72.7,2990886489.08,1.32,1.16,1.57,False,False,"Stage 2, Clean Stage 2, trend_template_ok, weekly_vcp_ok, weekly_strong",watchlist,36.26,41.26,2364.13,-7.19,[13.45],[5],0.0,5.0,90
NAZARA.NS,Nazara Technologies Limited,"Media, Entertainment & Publication",Unknown,Unknown,False,Cash,1,Stage 2,Stage 2,Clean Stage 2,Clean Stage 2,Stage 2 • Clean Stage 2,0.9,"Price is above rising key averages, weekly structure is supportive, and the stock is near its 52-week high.",,,2026-09-28,,33.11,68.19,493477585.92,0.72,1.46,0.91,True,False,"Stage 2, Clean Stage 2, trend_template_ok, weekly_vcp_ok, volume_dryup, weekly_strong",watchlist,41.21,41.21,380.0,2.21,[8.91],[13],0.0,13.0,91
FCL.NS,Fineotex Chemical Limited,Chemicals,Unknown,Unknown,False,Cash,1,Stage 2,Stage 2,Extended Stage 2,Extended Stage 2,Stage 2 • Extended Stage 2,0.78,"Advancing structure remains intact, but price is stretched versus key moving averages or far above the 52-week low.",,,2026-09-28,,54.3,160.08,1465167617.44,1.22,0.82,1.35,False,False,"Stage 2, Extended Stage 2, trend_template_ok",watchlist,38.62,41.12,62.51,-7.31,[20.95],[29],0.0,29.0,92
JINDALSAW.NS,Jindal Saw Limited,Capital Goods,Unknown,Unknown,False,Cash,1,Stage 2,Stage 2,Early Stage 2,Early Stage 2,Stage 2 • Early Stage 2,0.72,"Price has moved above long-term structure, but the full moving-average stack is not clean yet.",,,2026-09-28,,12.46,43.95,488905411.68,0.65,0.33,0.51,True,True,"Stage 2, Early Stage 2, volume_dryup, weekly_volume_dryup",watchlist,38.54,41.04,320.31,-13.3,"[17.12, 8.67]","[5, 27]",0.9,38.0,93
JAMNAAUTO.NS,Jamna Auto Industries Limited,Automobile and Auto Components,Unknown,Unknown,False,Cash,1,Stage 2,Stage 2,Stage 2,Stage 2,Stage 2,0.76,Advancing structure detected.,,,2026-09-28,,5.4,18.84,386430115.46,1.42,0.67,2.09,False,False,"Stage 2, Stage 2, weekly_vcp_ok, weekly_strong",watchlist,38.52,41.02,147.43,-7.57,"[16.43, 14.97, 15.4]","[21, 9, 25]",0.95,92.0,94
HONASA.NS,Honasa Consumer Ltd.,Fast Moving Consumer Goods,Unknown,Unknown,False,Cash,1,Stage 2,Stage 2,Early Stage 2,Early Stage 2,Stage 2 • Early Stage 2,0.72,"Price has moved above long-term structure, but the full moving-average stack is not clean yet.",,,2026-09-28,,0.69,46.64,801632364.22,1.6,23.35,3.73,False,False,"Stage 2, Early Stage 2",watchlist,40.94,40.94,507.53,-12.98,"[11.0, 8.78]","[14, 7]",0.9,45.0,95
KSL.NS,Kalyani Steels Limited,Capital Goods,Unknown,Unknown,False,Cash,1,Stage 2,Stage 2,Clean Stage 2,Clean Stage 2,Stage 2 • Clean Stage 2,0.9,"Price is above rising key averages, weekly structure is supportive, and the stock is near its 52-week high.",,,2026-09-28,,16.62,53.62,160520330.93,1.6,0.52,2.12,False,False,"Stage 2, Clean Stage 2, trend_template_ok, weekly_vcp_ok, weekly_strong",watchlist,38.38,40.88,1034.71,-6.8,[16.0],[27],0.0,27.0,96
PNBHOUSING.NS,PNB Housing Finance Limited,Financial Services,Unknown,Unknown,True,F&O,1,Stage 2,Stage 2,Early Stage 2,Early Stage 2,Stage 2 • Early Stage 2,0.72,"Price has moved above long-term structure, but the full moving-average stack is not clean yet.",,,2026-09-28,,10.02,35.86,982911299.99,1.18,1.0,0.79,False,True,"Stage 2, Early Stage 2, weekly_vcp_ok, weekly_volume_dryup, weekly_strong",watchlist,40.7,40.7,1211.5,-9.35,"[14.03, 9.58, 7.11]","[11, 13, 5]",0.95,70.0,97
REDINGTON.NS,Redington Limited,Services,Unknown,Unknown,False,Cash,1,Stage 2,Stage 2,Extended Stage 2,Extended Stage 2,Stage 2 • Extended Stage 2,0.78,"Advancing structure remains intact, but price is stretched versus key moving averages or far above the 52-week low.",,,2026-09-28,,53.47,100.36,2362392368.28,0.62,0.48,0.47,True,True,"Stage 2, Extended Stage 2, trend_template_ok, weekly_vcp_ok, volume_dryup, weekly_volume_dryup, weekly_strong",watchlist,39.56,40.56,420.23,-3.52,[11.47],[6],0.0,6.0,98
MRPL.NS,Mangalore Refinery and Petrochemicals Limited,"Oil, Gas & Consumable Fuels",Unknown,Unknown,False,Cash,1,Stage 2 Failed,Stage 2,Failed Stage 2,Failed Stage 2,Stage 2 Failed • Failed Stage 2,0.7,Failed Stage 2 cooling period is still active; waiting for a fresh base or confirmed reclaim.,Failed Stage 2 hold period active.,,2026-09-14,,20.33,-3.62,1835595236.42,0.67,1.46,0.87,True,True,"Stage 2, Stage 2, weekly_vcp_ok, volume_dryup, weekly_volume_dryup, weekly_strong | Failed Stage 2 hold period active.",watchlist,37.88,40.38,192.24,-10.71,"[26.55, 15.74, 11.26]","[18, 17, 40]",0.95,104.0,99
SOUTHBANK.NS,The South Indian Bank Limited,Financial Services,Unknown,Unknown,False,Cash,1,Stage 2,Stage 2,Clean Stage 2,Clean Stage 2,Stage 2 • Clean Stage 2,0.9,"Price is above rising key averages, weekly structure is supportive, and the stock is near its 52-week high.",,,2026-09-28,,12.74,32.5,613569254.62,1.67,0.96,2.33,False,False,"Stage 2, Clean Stage 2, trend_template_ok",watchlist,40.32,40.32,48.44,0.56,"[7.64, 8.05]","[23, 8]",0.1,40.0,100
CUB.NS,City Union Bank Limited,Financial Services,Unknown,Unknown,False,Cash,1,Stage 2,Stage 2,Early Stage 2,Early Stage 2,Stage 2 • Early Stage 2,0.72,"Price has moved above long-term structure, but the full moving-average stack is not clean yet.",,,2026-09-28,,6.11,16.19,491978278.52,0.74,0.65,0.86,True,True,"Stage 2, Early Stage 2, weekly_vcp_ok, volume_dryup, weekly_volume_dryup, weekly_strong",watchlist,40.02,40.02,249.29,-13.79,"[18.57, 12.6]","[29, 20]",0.9,70.0,101
MSTCLTD.NS,Mstc Limited,Services,Unknown,Unknown,False,Cash,1,Stage 2,Stage 2,Clean Stage 2,Clean Stage 2,Stage 2 • Clean Stage 2,0.9,"Price is above rising key averages, weekly structure is supportive, and the stock is near its 52-week high.",,,2026-09-28,,6.83,80.05,210895026.71,0.69,0.42,0.68,True,True,"Stage 2, Clean Stage 2, trend_template_ok, volume_dryup, weekly_volume_dryup",watchlist,38.88,39.88,797.12,-10.55,[16.65],[6],0.0,6.0,102
TEXRAIL.NS,Texmaco Rail & Engineering Limited,Capital Goods,Unknown,Unknown,False,Cash,1,Stage 2,Stage 2,Early Stage 2,Early Stage 2,Stage 2 • Early Stage 2,0.72,"Price has moved above long-term structure, but the full moving-average stack is not clean yet.",,,2026-09-28,,17.76,40.64,370806344.47,1.54,1.1,2.17,False,False,"Stage 2, Early Stage 2, weekly_vcp_ok, weekly_strong",watchlist,37.31,39.81,123.11,2.08,"[23.25, 13.47, 11.36, 12.92]","[13, 13, 11, 7]",0.73,89.0,103
AIIL.NS,Authum Investment & Infrastructure Ltd.,Financial Services,Unknown,Unknown,False,Cash,1,Stage 2,Stage 2,Early Stage 2,Early Stage 2,Stage 2 • Early Stage 2,0.72,"Price has moved above long-term structure, but the full moving-average stack is not clean yet.",,,2026-09-28,,9.29,28.16,280413773.08,0.43,0.31,0.33,True,True,"Stage 2, Early Stage 2, volume_dryup, weekly_volume_dryup",watchlist,39.74,39.74,608.76,-11.0,"[17.45, 14.28, 13.24, 13.13]","[9, 23, 10, 9]",1.0,81.0,104
JTLIND.NS,JTL INDUSTRIES LIMITED,Capital Goods,Unknown,Unknown,False,Cash,1,Stage 2,Stage 2,Clean Stage 2,Clean Stage 2,Stage 2 • Clean Stage 2,0.9,"Price is above rising key averages, weekly structure is supportive, and the stock is near its 52-week high.",,,2026-09-28,,14.2,80.04,289265108.01,0.91,0.57,1.12,False,False,"Stage 2, Clean Stage 2, trend_template_ok, weekly_vcp_ok, weekly_strong",watchlist,37.13,39.63,94.03,-5.48,[15.46],[10],0.0,10.0,105
AEGISVOPAK.NS,Aegis Vopak Terminals Ltd.,"Oil, Gas & Consumable Fuels",Unknown,Unknown,False,Cash,1,Stage 2,Stage 2,Clean Stage 2,Clean Stage 2,Stage 2 • Clean Stage 2,0.9,"Price is above rising key averages, weekly structure is supportive, and the stock is near its 52-week high.",,,2026-09-28,,20.42,73.54,594111855.97,1.61,0.57,0.96,False,False,"Stage 2, Clean Stage 2, trend_template_ok",watchlist,37.12,39.62,321.51,-8.48,[15.74],[17],0.0,17.0,106
JUBLPHARMA.NS,Jubilant Pharmova Limited,Healthcare,Unknown,Unknown,False,Cash,1,Stage 2,Stage 2,Early Stage 2,Early Stage 2,Stage 2 • Early Stage 2,0.72,"Price has moved above long-term structure, but the full moving-average stack is not clean yet.",,,2026-09-28,,14.75,25.99,305464270.11,0.88,3.35,1.13,False,False,"Stage 2, Early Stage 2",watchlist,34.57,39.57,1093.76,-4.17,[14.75],[33],0.0,33.0,107
KTKBANK.NS,The Karnataka Bank Limited,Financial Services,Unknown,Unknown,False,Cash,1,Stage 2,Stage 2,Clean Stage 2,Clean Stage 2,Stage 2 • Clean Stage 2,0.9,"Price is above rising key averages, weekly structure is supportive, and the stock is near its 52-week high.",,,2026-09-28,,31.06,43.82,619209642.56,0.66,0.51,0.61,True,True,"Stage 2, Clean Stage 2, trend_template_ok, volume_dryup, weekly_volume_dryup",watchlist,39.55,39.55,340.58,-4.8,[9.02],[9],0.0,9.0,108
RBA.NS,Restaurant Brands Asia Limited,Consumer Services,Unknown,Unknown,False,Cash,1,Stage 2,Stage 2,Messy Stage 2,Messy Stage 2,Stage 2 • Messy Stage 2,0.64,"Long-term structure is still constructive, but the short-term/weekly structure is not clean.",,,2026-09-28,,27.51,51.12,277972590.69,0.28,0.38,0.2,True,True,"Stage 2, Messy Stage 2, trend_template_ok, volume_dryup, weekly_volume_dryup",watchlist,38.03,39.03,111.34,-17.39,[22.38],[21],0.0,21.0,109
DALMIASUG.NS,Dalmia Bharat Sugar and Industries Limited,Fast Moving Consumer Goods,Unknown,Unknown,False,Cash,1,Stage 2,Stage 2,Early Stage 2,Early Stage 2,Stage 2 • Early Stage 2,0.72,"Price has moved above long-term structure, but the full moving-average stack is not clean yet.",,,2026-09-28,,26.88,12.33,105374946.05,0.4,0.37,0.6,True,True,"Stage 2, Early Stage 2, volume_dryup, weekly_volume_dryup",watchlist,39.02,39.02,520.91,-20.87,"[21.24, 8.86, 8.88]","[16, 15, 10]",0.95,70.0,110
SUDARSCHEM.NS,Sudarshan Chemical Industries Limited,Chemicals,Unknown,Unknown,False,Cash,1,Stage 2,Stage 2,Stage 2,Stage 2,Stage 2,0.76,Advancing structure detected.,,,2026-09-28,,38.15,58.24,234259648.5,0.33,0.4,0.24,True,True,"Stage 2, Stage 2, trend_template_ok, volume_dryup, weekly_volume_dryup",watchlist,36.3,38.8,1349.36,-11.27,[14.77],[11],0.0,11.0,111
NEOGEN.NS,Neogen Chemicals Limited,Chemicals,Unknown,Unknown,False,Cash,1,Stage 2,Stage 2,Clean Stage 2,Clean Stage 2,Stage 2 • Clean Stage 2,0.9,"Price is above rising key averages, weekly structure is supportive, and the stock is near its 52-week high.",,,2026-09-28,,29.82,104.02,519782155.89,1.24,0.67,0.86,False,True,"Stage 2, Clean Stage 2, trend_template_ok, weekly_volume_dryup",watchlist,36.25,38.75,2504.07,-2.75,[17.23],[10],0.0,10.0,112
SHARDAMOTR.NS,Sharda Motor Industries Limited,Automobile and Auto Components,Unknown,Unknown,False,Cash,1,Stage 2,Stage 2,Early Stage 2,Early Stage 2,Stage 2 • Early Stage 2,0.72,"Price has moved above long-term structure, but the full moving-average stack is not clean yet.",,,2026-09-28,,15.6,35.24,73409850.99,1.06,0.77,0.95,False,False,"Stage 2, Early Stage 2, weekly_vcp_ok, weekly_strong",watchlist,36.18,38.68,954.15,1.79,"[17.26, 11.63, 11.1]","[24, 15, 17]",0.95,81.0,113
WELCORP.NS,Welspun Corp Limited,Capital Goods,Unknown,Unknown,False,Cash,1,Stage 2,Stage 2,Extended Stage 2,Extended Stage 2,Stage 2 • Extended Stage 2,0.78,"Advancing structure remains intact, but price is stretched versus key moving averages or far above the 52-week low.",,,2026-09-28,,103.49,231.02,5711857133.02,1.12,1.06,0.99,False,False,"Stage 2, Extended Stage 2, trend_template_ok, weekly_vcp_ok, weekly_strong",watchlist,36.13,38.63,2789.67,1.88,[7.81],[7],0.0,7.0,114
KDDL.NS,KDDL Limited,Consumer Durables,Unknown,Unknown,False,Cash,1,Stage 2,Stage 2,Clean Stage 2,Clean Stage 2,Stage 2 • Clean Stage 2,0.9,"Price is above rising key averages, weekly structure is supportive, and the stock is near its 52-week high.",,,2026-09-28,,27.48,78.0,144232790.7,0.91,0.48,1.28,False,False,"Stage 2, Clean Stage 2, trend_template_ok",watchlist,38.53,38.53,4277.47,-8.09,[9.42],[21],0.0,21.0,115
MANYAVAR.NS,Vedant Fashions Limited,Consumer Services,Unknown,Unknown,False,Cash,1,Stage 2,Stage 2,Early Stage 2,Early Stage 2,Stage 2 • Early Stage 2,0.72,"Price has moved above long-term structure, but the full moving-average stack is not clean yet.",,,2026-09-28,,40.51,46.63,203338004.37,0.26,0.26,0.1,True,True,"Stage 2, Early Stage 2, weekly_vcp_ok, volume_dryup, weekly_volume_dryup, weekly_strong",watchlist,37.45,38.45,596.44,-10.85,"[18.04, 10.08]","[20, 17]",0.9,42.0,116
HAL.NS,Hindustan Aeronautics Limited,Capital Goods,Unknown,Unknown,True,F&O,1,Stage 2,Stage 2,Early Stage 2,Early Stage 2,Stage 2 • Early Stage 2,0.72,"Price has moved above long-term structure, but the full moving-average stack is not clean yet.",,,2026-09-28,,8.96,21.95,3876354734.24,0.73,1.49,0.7,True,True,"Stage 2, Early Stage 2, weekly_vcp_ok, volume_dryup, weekly_volume_dryup, weekly_strong",watchlist,35.81,38.31,5149.9,-11.66,"[14.22, 8.6, 9.45]","[21, 12, 5]",0.55,93.0,117
ALKYLAMINE.NS,Alkyl Amines Chemicals Limited,Chemicals,Unknown,Unknown,False,Cash,1,Stage 2,Stage 2,Early Stage 2,Early Stage 2,Stage 2 • Early Stage 2,0.72,"Price has moved above long-term structure, but the full moving-average stack is not clean yet.",,,2026-09-28,,3.54,35.79,103560895.33,0.33,0.35,0.27,True,True,"Stage 2, Early Stage 2, volume_dryup, weekly_volume_dryup",watchlist,35.38,37.88,2115.0,-15.78,"[16.29, 11.98, 12.06, 12.95]","[13, 6, 10, 30]",0.73,89.0,118
BALRAMCHIN.NS,Balrampur Chini Mills Limited,Fast Moving Consumer Goods,Unknown,Unknown,False,Cash,1,Stage 2,Stage 2,Stage 2,Stage 2,Stage 2,0.76,Advancing structure detected.,,,2026-09-28,,25.67,39.08,1454408809.15,0.36,0.11,0.47,True,True,"Stage 2, Stage 2, trend_template_ok, weekly_vcp_ok, volume_dryup, weekly_volume_dryup, weekly_strong",watchlist,37.72,37.72,742.0,-9.31,[9.32],[8],0.0,8.0,119
ABBOTINDIA.NS,Abbott India Limited,Healthcare,Unknown,Unknown,False,Cash,1,Not Sure,Not Sure,Not Sure,Not Sure,Not Sure,0.0,Stage rules did not identify a reliable structure.,No confident stage classification.,,2026-08-12,,14.52,6.63,234359747.5,1.05,2.56,0.83,False,True,"Not Sure, Not Sure, weekly_volume_dryup",watchlist,32.32,37.32,28635.0,-4.77,"[10.89, 11.12]","[31, 37]",0.9,84.0,120
SHOPERSTOP.NS,Shoppers Stop Limited,Consumer Services,Unknown,Unknown,False,Cash,1,Stage 2,Stage 2,Early Stage 2,Early Stage 2,Stage 2 • Early Stage 2,0.72,"Price has moved above long-term structure, but the full moving-average stack is not clean yet.",,,2026-09-28,,24.2,41.06,162443731.23,2.63,0.45,4.17,False,False,"Stage 2, Early Stage 2",watchlist,36.2,37.2,442.0,-5.21,"[10.31, 9.88]","[45, 41]",0.9,91.0,121
DELTACORP.NS,Delta Corp Limited,Consumer Services,Unknown,Unknown,False,Cash,1,Not Sure,Not Sure,Not Sure,Not Sure,Not Sure,0.0,Stage rules did not identify a reliable structure.,No confident stage classification.,,,,25.66,44.61,428578328.77,3.83,3.14,8.03,False,False,"Not Sure, Not Sure",watchlist,36.2,37.2,68.82,14.34,"[27.23, 17.26]","[11, 15]",0.9,80.0,122
TI.NS,Tilaknagar Industries Limited,Fast Moving Consumer Goods,Unknown,Unknown,False,Cash,1,Stage 2,Stage 2,Clean Stage 2,Clean Stage 2,Stage 2 • Clean Stage 2,0.9,"Price is above rising key averages, weekly structure is supportive, and the stock is near its 52-week high.",,,2026-09-28,,28.21,30.87,428203606.78,1.06,0.78,0.9,False,True,"Stage 2, Clean Stage 2, trend_template_ok, weekly_vcp_ok, weekly_volume_dryup, weekly_strong",watchlist,36.91,36.91,608.86,-9.53,[15.63],[16],0.0,16.0,123
BEML.NS,BEML Limited,Capital Goods,Unknown,Unknown,False,Cash,1,Stage 2,Stage 2,Stage 2,Stage 2,Stage 2,0.76,Advancing structure detected.,,,2026-09-28,,12.12,31.67,960377820.96,0.85,0.56,0.46,False,True,"Stage 2, Stage 2, trend_template_ok, weekly_vcp_ok, weekly_volume_dryup, weekly_strong",watchlist,34.36,36.86,2195.93,-10.44,[15.58],[6],0.0,6.0,124
CHALET.NS,Chalet Hotels Limited,Consumer Services,Unknown,Unknown,False,Cash,1,Stage 2,Stage 2,Early Stage 2,Early Stage 2,Stage 2 • Early Stage 2,0.72,"Price has moved above long-term structure, but the full moving-average stack is not clean yet.",,,2026-09-28,,6.88,15.45,140857913.59,1.3,5.15,1.84,False,False,"Stage 2, Early Stage 2, weekly_vcp_ok, weekly_strong",watchlist,35.77,36.77,940.52,-10.61,"[10.25, 11.07, 10.27, 4.59]","[15, 10, 10, 29]",0.73,105.0,125
SOLARINDS.NS,Solar Industries India Limited,Chemicals,Unknown,Unknown,True,F&O,1,Stage 2,Stage 2,Early Stage 2,Early Stage 2,Stage 2 • Early Stage 2,0.72,"Price has moved above long-term structure, but the full moving-average stack is not clean yet.",,,2026-09-28,,6.83,40.73,5284506962.75,1.38,1.07,1.04,False,False,"Stage 2, Early Stage 2",watchlist,34.12,36.62,22739.72,-17.98,"[10.82, 10.25, 7.09]","[13, 6, 10]",0.95,48.0,126
LXCHEM.NS,Laxmi Organic Industries Limited,Chemicals,Unknown,Unknown,False,Cash,1,Stage 2,Stage 2,Early Stage 2,Early Stage 2,Stage 2 • Early Stage 2,0.72,"Price has moved above long-term structure, but the full moving-average stack is not clean yet.",,,2026-09-28,,15.52,49.24,224560896.98,0.85,0.9,0.87,False,True,"Stage 2, Early Stage 2, weekly_volume_dryup",watchlist,34.03,36.53,186.33,-5.28,"[20.51, 11.23]","[25, 6]",0.9,35.0,127
ADANIPORTS.NS,Adani Ports and Special Economic Zone Limited,Services,Unknown,Unknown,True,F&O,1,Stage 2,Stage 2,Stage 2,Stage 2,Stage 2,0.76,Advancing structure detected.,,,2026-09-28,,3.25,32.36,3463614398.29,0.81,1.99,0.83,True,True,"Stage 2, Stage 2, volume_dryup, weekly_volume_dryup",watchlist,35.51,36.51,1827.19,-0.28,[15.76],[41],0.0,41.0,128
CRISIL.NS,CRISIL Limited,Financial Services,Unknown,Unknown,False,Cash,1,Stage 2,Stage 2,Early Stage 2,Early Stage 2,Stage 2 • Early Stage 2,0.72,"Price has moved above long-term structure, but the full moving-average stack is not clean yet.",,,2026-09-28,,15.66,21.44,248881303.58,0.92,0.67,0.85,False,True,"Stage 2, Early Stage 2, weekly_vcp_ok, weekly_volume_dryup, weekly_strong",watchlist,36.47,36.47,4880.53,-8.53,"[10.43, 11.18, 9.29, 5.59]","[16, 12, 11, 6]",0.73,85.0,129
MCX.NS,Multi Commodity Exchange of India Limited,Financial Services,Unknown,Unknown,True,F&O,1,Stage 2,Stage 2,Clean Stage 2,Clean Stage 2,Stage 2 • Clean Stage 2,0.9,"Price is above rising key averages, weekly structure is supportive, and the stock is near its 52-week high.",,,2026-09-28,,21.17,27.56,6183116543.04,0.91,0.97,1.1,False,False,"Stage 2, Clean Stage 2, trend_template_ok, weekly_vcp_ok, weekly_strong",watchlist,36.22,36.22,3404.95,-5.08,[10.1],[12],0.0,12.0,130
WELENT.NS,Welspun Enterprises Limited,Construction,Unknown,Unknown,False,Cash,1,Stage 2,Stage 2,Clean Stage 2,Clean Stage 2,Stage 2 • Clean Stage 2,0.9,"Price is above rising key averages, weekly structure is supportive, and the stock is near its 52-week high.",,,2026-09-28,,29.42,69.33,704820998.64,1.02,0.55,0.56,False,True,"Stage 2, Clean Stage 2, trend_template_ok, weekly_volume_dryup",watchlist,36.0,36.0,843.37,-11.75,[12.1],[8],0.0,8.0,131
BAJAJHLDNG.NS,Bajaj Holdings & Investment Limited,Financial Services,Unknown,Unknown,True,F&O,1,Stage 2,Stage 2,Early Stage 2,Early Stage 2,Stage 2 • Early Stage 2,0.72,"Price has moved above long-term structure, but the full moving-average stack is not clean yet.",,,2026-09-28,,2.27,18.66,462557497.95,0.98,1.59,0.88,False,True,"Stage 2, Early Stage 2, weekly_vcp_ok, weekly_volume_dryup, weekly_strong",watchlist,35.79,35.79,11589.72,-8.54,"[9.45, 9.68, 7.03]","[21, 6, 16]",0.95,77.0,132
PAYTM.NS,One 97 Communications Limited,Financial Services,Unknown,Unknown,True,F&O,1,Stage 2,Stage 2,Clean Stage 2,Clean Stage 2,Stage 2 • Clean Stage 2,0.9,"Price is above rising key averages, weekly structure is supportive, and the stock is near its 52-week high.",,,2026-09-28,,43.83,63.99,7482208519.84,1.12,0.91,0.84,False,True,"Stage 2, Clean Stage 2, trend_template_ok, weekly_vcp_ok, weekly_volume_dryup, weekly_strong",watchlist,35.62,35.62,1858.75,-9.46,[7.97],[5],0.0,5.0,133
KAJARIACER.NS,Kajaria Ceramics Limited,Consumer Durables,Unknown,Unknown,False,Cash,1,Stage 2,Stage 2,Messy Stage 2,Messy Stage 2,Stage 2 • Messy Stage 2,0.64,"Long-term structure is still constructive, but the short-term/weekly structure is not clean.",,,2026-09-28,,5.41,23.29,393696437.65,1.53,16.36,3.27,False,False,"Stage 2, Messy Stage 2, weekly_vcp_ok, weekly_strong",watchlist,35.27,35.27,1269.12,-6.19,"[5.77, 6.04, 6.9, 7.49]","[6, 31, 9, 8]",0.47,74.0,134
TEGA.NS,Tega Industries Limited,Capital Goods,Unknown,Unknown,False,Cash,1,Stage 2,Stage 2,Extended Stage 2,Extended Stage 2,Stage 2 • Extended Stage 2,0.78,"Advancing structure remains intact, but price is stretched versus key moving averages or far above the 52-week low.",,,2026-09-28,,31.54,19.92,1662582989.55,2.81,0.54,0.85,False,True,"Stage 2, Extended Stage 2, weekly_volume_dryup",watchlist,32.55,35.05,2178.81,-5.43,"[14.0, 15.42, 14.44, 16.46]","[30, 24, 13, 9]",0.47,98.0,135
RBLBANK.NS,RBL Bank Limited,Financial Services,Unknown,Unknown,True,F&O,1,Stage 2,Stage 2,Clean Stage 2,Clean Stage 2,Stage 2 • Clean Stage 2,0.9,"Price is above rising key averages, weekly structure is supportive, and the stock is near its 52-week high.",,,2026-09-28,,17.65,27.14,1796259203.27,1.07,1.21,1.08,False,False,"Stage 2, Clean Stage 2, trend_template_ok",watchlist,34.96,34.96,430.35,-6.59,[5.82],[5],0.0,5.0,136
MANKIND.NS,Mankind Pharma Limited,Healthcare,Unknown,Unknown,True,F&O,1,Stage 2,Stage 2,Stage 2,Stage 2,Stage 2,0.76,Advancing structure detected.,,,2026-09-28,,6.69,27.8,1137414680.52,1.64,5.33,1.74,False,False,"Stage 2, Stage 2",watchlist,29.25,34.25,2642.0,-3.67,"[13.76, 14.67]","[8, 58]",0.1,81.0,137
DRREDDY.NS,Dr. Reddy's Laboratories Limited,Healthcare,Unknown,Unknown,True,F&O,1,Not Sure,Not Sure,Not Sure,Not Sure,Not Sure,0.0,Stage rules did not identify a reliable structure.,No confident stage classification.,,2026-07-08,,-2.28,3.91,1954328024.56,1.32,3.84,1.43,False,False,"Not Sure, Not Sure",watchlist,29.11,34.11,1208.1,3.63,"[21.69, 6.46]","[18, 21]",0.9,54.0,138
MAHABANK.NS,Bank of Maharashtra,Financial Services,Unknown,Unknown,False,Cash,1,Stage 2,Stage 2,Messy Stage 2,Messy Stage 2,Stage 2 • Messy Stage 2,0.64,"Long-term structure is still constructive, but the short-term/weekly structure is not clean.",,,2026-09-28,,-4.55,21.14,1272468577.15,1.02,1.52,1.07,False,False,"Stage 2, Messy Stage 2",watchlist,33.95,33.95,87.5,-9.53,"[17.44, 6.19, 4.69]","[19, 9, 24]",0.95,57.0,139
LLOYDSME.NS,Lloyds Metals And Energy Limited,Metals & Mining,Unknown,Unknown,False,Cash,1,Stage 2 Failed,Stage 2,Failed Stage 2,Failed Stage 2,Stage 2 Failed • Failed Stage 2,0.7,Failed Stage 2 cooling period is still active; waiting for a fresh base or confirmed reclaim.,Failed Stage 2 hold period active.,,2026-09-25,,13.08,32.93,599170893.4,0.78,1.4,0.87,True,True,"Stage 2, Stage 2, volume_dryup, weekly_volume_dryup | Failed Stage 2 hold period active.",watchlist,32.63,33.63,1914.34,-0.63,[18.07],[26],0.0,26.0,140
PRIVISCL.NS,Privi Speciality Chemicals Limited,Chemicals,Unknown,Unknown,False,Cash,1,Stage 2,Stage 2,Stage 2,Stage 2,Stage 2,0.76,Advancing structure detected.,,,2026-09-28,,2.43,23.39,370658136.93,1.43,5.53,2.53,False,False,"Stage 2, Stage 2",watchlist,31.08,33.58,3605.6,-0.0,[11.46],[20],0.0,20.0,141
VRLLOG.NS,VRL Logistics Limited,Services,Unknown,Unknown,False,Cash,1,Stage 2,Stage 2,Early Stage 2,Early Stage 2,Stage 2 • Early Stage 2,0.72,"Price has moved above long-term structure, but the full moving-average stack is not clean yet.",,,2026-09-28,,25.04,22.57,34136364.33,0.29,1.32,0.27,True,True,"Stage 2, Early Stage 2, weekly_vcp_ok, volume_dryup, weekly_volume_dryup, weekly_strong",watchlist,32.37,33.37,305.43,-7.54,"[8.12, 7.87]","[10, 12]",0.9,25.0,142
ANANTRAJ.NS,Anant Raj Limited,Realty,Unknown,Unknown,False,Cash,1,Stage 2,Stage 2,Early Stage 2,Early Stage 2,Stage 2 • Early Stage 2,0.72,"Price has moved above long-term structure, but the full moving-average stack is not clean yet.",,,2026-09-28,,14.8,32.88,1798129770.85,0.7,0.48,0.66,True,True,"Stage 2, Early Stage 2, volume_dryup, weekly_volume_dryup",watchlist,32.37,33.37,647.53,-6.99,"[11.96, 10.76]","[9, 8]",0.9,19.0,143
LICHSGFIN.NS,LIC Housing Finance Limited,Financial Services,Unknown,Unknown,True,F&O,1,Stage 2,Stage 2,Clean Stage 2,Clean Stage 2,Stage 2 • Clean Stage 2,0.9,"Price is above rising key averages, weekly structure is supportive, and the stock is near its 52-week high.",,,2026-09-28,,7.09,8.56,1916702571.4,0.98,0.81,0.83,False,True,"Stage 2, Clean Stage 2, weekly_vcp_ok, weekly_volume_dryup",watchlist,33.33,33.33,579.4,-5.33,"[11.08, 8.6]","[18, 8]",0.9,35.0,144
ETERNAL.NS,Eternal Ltd.,Consumer Services,Unknown,Unknown,True,F&O,1,Stage 2,Stage 2,Early Stage 2,Early Stage 2,Stage 2 • Early Stage 2,0.72,"Price has moved above long-term structure, but the full moving-average stack is not clean yet.",,,2026-09-28,,22.44,41.65,5864832023.75,0.67,1.04,0.7,True,True,"Stage 2, Early Stage 2, weekly_vcp_ok, volume_dryup, weekly_volume_dryup, weekly_strong",watchlist,32.0,33.0,345.0,-4.97,[6.65],[12],0.0,12.0,145
CASTROLIND.NS,Castrol India Limited,"Oil, Gas & Consumable Fuels",Unknown,Unknown,False,Cash,1,Stage 2,Stage 2,Clean Stage 2,Clean Stage 2,Stage 2 • Clean Stage 2,0.9,"Price is above rising key averages, weekly structure is supportive, and the stock is near its 52-week high.",,,2026-09-28,,18.04,15.73,701971000.05,1.72,2.08,2.1,False,False,"Stage 2, Clean Stage 2, weekly_vcp_ok, weekly_strong",watchlist,29.96,32.46,198.2,0.82,[4.09],[10],0.0,10.0,146
POLYMED.NS,Poly Medicure Limited,Healthcare,Unknown,Unknown,False,Cash,1,Stage 2 Failed,Not Sure,Failed Stage 2,Failed Stage 2,Stage 2 Failed • Failed Stage 2,0.72,"This stock was recently Stage 2, but the latest structure no longer satisfies Stage 2 rules. It is kept as Stage 2 Failed until a fresh base/repair structure forms.",Recent Stage 2 break; public stage held as Stage 2 Failed.,2026-09-29,2026-09-25,,4.26,20.74,240279560.8,0.7,1.21,0.81,True,True,"Not Sure, Not Sure, weekly_vcp_ok, volume_dryup, weekly_volume_dryup, weekly_strong | Stage 2 failed state applied from stage memory.",watchlist,27.44,32.44,1913.13,-14.03,"[23.98, 9.34, 5.22]","[15, 15, 23]",0.95,77.0,147
SUNPHARMA.NS,Sun Pharmaceutical Industries Limited,Healthcare,Unknown,Unknown,True,F&O,1,Stage 2 Failed,Stage 3,Failed Stage 2,Failed Stage 2,Stage 2 Failed • Failed Stage 2,0.72,"This stock was recently Stage 2, but the latest structure no longer satisfies Stage 2 rules. It is kept as Stage 2 Failed until a fresh base/repair structure forms.",Recent Stage 2 break; public stage held as Stage 2 Failed.,2026-09-29,2026-09-10,,4.2,10.8,2636208691.67,0.89,2.13,0.8,False,True,"Stage 3, Stage 3 - Distribution/Damage, weekly_vcp_ok, weekly_volume_dryup, weekly_strong, distribution_risk | Stage 2 failed state applied from stage memory.",watchlist,26.09,31.09,2050.48,-9.05,"[11.29, 8.34, 8.73, 7.9]","[17, 11, 12, 11]",1.0,119.0,148
APLAPOLLO.NS,APL Apollo Tubes Limited,Capital Goods,Unknown,Unknown,True,F&O,1,Stage 2,Stage 2,Early Stage 2,Early Stage 2,Stage 2 • Early Stage 2,0.72,"Price has moved above long-term structure, but the full moving-average stack is not clean yet.",,,2026-09-28,,28.91,15.18,1317361187.53,0.87,1.06,0.66,False,True,"Stage 2, Early Stage 2, weekly_vcp_ok, weekly_volume_dryup, weekly_strong",watchlist,27.91,30.41,2274.93,-3.79,[10.16],[8],0.0,8.0,149
ASTRAMICRO.NS,Astra Microwave Products Limited,Capital Goods,Unknown,Unknown,False,Cash,1,Stage 2 Failed,Stage 3,Failed Stage 2,Failed Stage 2,Stage 2 Failed • Failed Stage 2,0.72,"This stock was recently Stage 2, but the latest structure no longer satisfies Stage 2 rules. It is kept as Stage 2 Failed until a fresh base/repair structure forms.",Recent Stage 2 break; public stage held as Stage 2 Failed.,2026-09-29,2026-09-15,,-4.43,75.77,525541014.58,0.61,2.2,0.68,True,True,"Stage 3, Stage 3 - Distribution/Damage, volume_dryup, weekly_volume_dryup, distribution_risk | Stage 2 failed state applied from stage memory.",watchlist,26.97,29.47,1797.6,-8.07,"[16.79, 14.2]","[23, 5]",0.9,33.0,150
BALAMINES.NS,Balaji Amines Limited,Chemicals,Unknown,Unknown,False,Cash,1,Stage 2,Stage 2,Messy Stage 2,Messy Stage 2,Stage 2 • Messy Stage 2,0.64,"Long-term structure is still constructive, but the short-term/weekly structure is not clean.",,,2026-09-28,,3.66,107.42,473359804.47,0.59,0.45,0.69,True,True,"Stage 2, Messy Stage 2, volume_dryup, weekly_volume_dryup",watchlist,26.7,29.2,2634.4,-18.69,"[17.61, 19.08, 20.87]","[7, 17, 7]",0.15,64.0,151
NEULANDLAB.NS,Neuland Laboratories Limited,Healthcare,Unknown,Unknown,False,Cash,1,Stage 2,Stage 2,Early Stage 2,Early Stage 2,Stage 2 • Early Stage 2,0.72,"Price has moved above long-term structure, but the full moving-average stack is not clean yet.",,,2026-09-28,,19.08,62.41,1009707780.0,0.69,2.03,0.74,True,True,"Stage 2, Early Stage 2, weekly_vcp_ok, volume_dryup, weekly_volume_dryup, weekly_strong",watchlist,24.05,29.05,24225.0,-11.76,[10.12],[6],0.0,6.0,152
BAJFINANCE.NS,Bajaj Finance Limited,Financial Services,Unknown,Unknown,True,F&O,1,Stage 2,Stage 2,Messy Stage 2,Messy Stage 2,Stage 2 • Messy Stage 2,0.64,"Long-term structure is still constructive, but the short-term/weekly structure is not clean.",,,2026-09-28,,0.45,15.61,6132750475.89,0.99,1.62,1.25,False,False,"Stage 2, Messy Stage 2, weekly_vcp_ok, weekly_strong",watchlist,28.6,28.6,1108.94,-12.19,"[10.41, 9.27]","[5, 5]",0.9,18.0,153
IDEA.NS,Vodafone Idea Limited,Telecommunication,Unknown,Unknown,True,F&O,1,Stage 2,Stage 2,Early Stage 2,Early Stage 2,Stage 2 • Early Stage 2,0.72,"Price has moved above long-term structure, but the full moving-average stack is not clean yet.",,,2026-09-28,,1.19,55.25,6511239444.19,1.04,2.85,1.34,False,False,"Stage 2, Early Stage 2",watchlist,23.44,28.44,15.82,-14.27,[17.86],[39],0.0,39.0,154
AARTIPHARM.NS,Aarti Pharmalabs Limited,Healthcare,Unknown,Unknown,False,Cash,1,Stage 2,Stage 2,Extended Stage 2,Extended Stage 2,Stage 2 • Extended Stage 2,0.78,"Advancing structure remains intact, but price is stretched versus key moving averages or far above the 52-week low.",,,2026-09-28,,44.09,50.54,703004868.91,1.32,1.23,1.29,False,False,"Stage 2, Extended Stage 2, weekly_vcp_ok, weekly_strong",watchlist,22.95,27.95,894.1,8.8,"[13.53, 14.29]","[8, 7]",0.1,26.0,155
MINDACORP.NS,Minda Corporation Limited,Automobile and Auto Components,Unknown,Unknown,False,Cash,1,Stage 2,Stage 2,Early Stage 2,Early Stage 2,Stage 2 • Early Stage 2,0.72,"Price has moved above long-term structure, but the full moving-average stack is not clean yet.",,,2026-09-28,,1.82,34.78,111051907.61,0.38,1.87,0.45,True,True,"Stage 2, Early Stage 2, volume_dryup, weekly_volume_dryup",watchlist,25.03,27.53,756.8,-11.11,[13.94],[23],0.0,23.0,156
APOLLOHOSP.NS,Apollo Hospitals Enterprise Limited,Healthcare,Unknown,Unknown,True,F&O,1,Stage 2 Failed,Stage 1,Failed Stage 2,Failed Stage 2,Stage 2 Failed • Failed Stage 2,0.72,"This stock was recently Stage 2, but the latest structure no longer satisfies Stage 2 rules. It is kept as Stage 2 Failed until a fresh base/repair structure forms.",Recent Stage 2 break; public stage held as Stage 2 Failed.,2026-09-29,2026-09-28,,3.51,18.03,2690915326.35,1.1,2.13,1.43,False,False,"Stage 1, Stage 1 - Base/Repair, weekly_vcp_ok, weekly_strong, stage1_not_actionable, stage1_needs_more_base | Stage 2 failed state applied from stage memory.",watchlist,22.01,27.01,9039.48,-4.21,"[7.43, 5.99]","[6, 6]",0.9,57.0,157
SUNTV.NS,Sun TV Network Limited,"Media, Entertainment & Publication",Unknown,Unknown,False,Cash,1,Not Sure,Not Sure,Not Sure,Not Sure,Not Sure,0.0,Stage rules did not identify a reliable structure.,No confident stage classification.,,2026-05-08,,14.51,-4.52,549733717.56,2.25,4.55,3.44,False,False,"Not Sure, Not Sure",watchlist,26.87,26.87,525.56,5.27,"[25.94, 9.07]","[39, 19]",0.9,83.0,158
MEDANTA.NS,Global Health Limited,Healthcare,Unknown,Unknown,False,Cash,1,Stage 2,Stage 2,Early Stage 2,Early Stage 2,Stage 2 • Early Stage 2,0.72,"Price has moved above long-term structure, but the full moving-average stack is not clean yet.",,,2026-09-28,,11.26,43.56,364126902.09,0.8,0.77,0.52,True,True,"Stage 2, Early Stage 2, weekly_vcp_ok, volume_dryup, weekly_volume_dryup",watchlist,21.74,26.74,1544.0,-8.35,[7.41],[26],0.0,26.0,159
KPRMILL.NS,K.P.R. Mill Ltd.,Textiles,Unknown,Unknown,False,Cash,1,Stage 2 Failed,Stage 1,Failed Stage 2,Failed Stage 2,Stage 2 Failed • Failed Stage 2,0.72,"This stock was recently Stage 2, but the latest structure no longer satisfies Stage 2 rules. It is kept as Stage 2 Failed until a fresh base/repair structure forms.",Recent Stage 2 break; public stage held as Stage 2 Failed.,2026-09-29,2026-09-24,,-2.17,31.06,228378916.27,0.64,0.73,0.47,True,True,"Stage 1, Stage 1 - Base/Repair, volume_dryup, weekly_volume_dryup, stage1_not_actionable, stage1_needs_more_base | Stage 2 failed state applied from stage memory.",watchlist,21.6,26.6,1333.4,-18.89,"[9.42, 9.84]","[36, 11]",0.9,73.0,160
SUNDRMFAST.NS,Sundram Fasteners Limited,Automobile and Auto Components,Unknown,Unknown,False,Cash,1,Stage 2,Stage 2,Early Stage 2,Early Stage 2,Stage 2 • Early Stage 2,0.72,"Price has moved above long-term structure, but the full moving-average stack is not clean yet.",,,2026-09-28,,28.68,50.38,332818439.03,0.97,3.22,1.09,False,False,"Stage 2, Early Stage 2, weekly_vcp_ok, weekly_strong",watchlist,23.54,26.04,1349.56,-15.29,[5.05],[10],0.0,10.0,161
WABAG.NS,VA Tech Wabag Limited,Utilities,Unknown,Unknown,False,Cash,1,Stage 2,Stage 2,Stage 2,Stage 2,Stage 2,0.76,Advancing structure detected.,,,2026-09-28,,6.9,67.09,1404595930.94,0.75,0.98,0.69,True,True,"Stage 2, Stage 2, volume_dryup, weekly_volume_dryup",watchlist,20.9,25.9,2323.06,-9.87,[17.44],[11],0.0,11.0,162
PRICOLLTD.NS,Pricol Limited,Automobile and Auto Components,Unknown,Unknown,False,Cash,1,Stage 2,Stage 2,Early Stage 2,Early Stage 2,Stage 2 • Early Stage 2,0.72,"Price has moved above long-term structure, but the full moving-average stack is not clean yet.",,,2026-09-28,,26.57,40.7,209310347.42,0.45,0.92,0.47,True,True,"Stage 2, Early Stage 2, weekly_vcp_ok, volume_dryup, weekly_volume_dryup, weekly_strong",watchlist,23.38,25.88,824.19,-9.08,[12.39],[19],0.0,19.0,163
ZYDUSLIFE.NS,Zydus Lifesciences Limited,Healthcare,Unknown,Unknown,True,F&O,1,Stage 2,Stage 2,Stage 2,Stage 2,Stage 2,0.76,Advancing structure detected.,,,2026-09-28,,11.38,39.16,1674225093.82,1.23,1.74,1.66,False,False,"Stage 2, Stage 2",watchlist,20.63,25.63,1201.0,-0.04,[9.42],[13],0.0,13.0,164
MOTHERSON.NS,Samvardhana Motherson International Limited,Automobile and Auto Components,Unknown,Unknown,True,F&O,1,Stage 2,Stage 2,Early Stage 2,Early Stage 2,Stage 2 • Early Stage 2,0.72,"Price has moved above long-term structure, but the full moving-average stack is not clean yet.",,,2026-09-28,,14.61,47.17,1761434991.46,0.76,1.29,0.88,True,True,"Stage 2, Early Stage 2, volume_dryup, weekly_volume_dryup",watchlist,23.05,25.55,170.98,-7.26,[9.74],[20],0.0,20.0,165
KIMS.NS,Krishna Institute of Medical Sciences Limited,Healthcare,Unknown,Unknown,False,Cash,1,Stage 2 Failed,Stage 3,Failed Stage 2,Failed Stage 2,Stage 2 Failed • Failed Stage 2,0.72,"This stock was recently Stage 2, but the latest structure no longer satisfies Stage 2 rules. It is kept as Stage 2 Failed until a fresh base/repair structure forms.",Recent Stage 2 break; public stage held as Stage 2 Failed.,2026-09-29,2026-09-24,,-3.46,23.32,325689857.76,0.89,0.84,0.6,False,True,"Stage 3, Stage 3 - Distribution/Damage, weekly_vcp_ok, weekly_volume_dryup, weekly_strong, distribution_risk | Stage 2 failed state applied from stage memory.",watchlist,20.3,25.3,859.5,-10.42,"[8.31, 7.73]","[18, 62]",0.9,82.0,166
KIRLOSENG.NS,Kirloskar Oil Engines Limited,Capital Goods,Unknown,Unknown,False,Cash,1,Stage 2 Failed,Stage 2,Failed Stage 2,Failed Stage 2,Stage 2 Failed • Failed Stage 2,0.7,Failed Stage 2 cooling period is still active; waiting for a fresh base or confirmed reclaim.,Failed Stage 2 hold period active.,,2026-09-24,,13.94,70.4,1512282586.84,1.65,13.28,3.07,False,False,"Stage 2, Stage 2 | Failed Stage 2 hold period active.",watchlist,22.62,25.12,2317.1,3.66,[16.53],[5],0.0,5.0,167
COHANCE.NS,Cohance Lifesciences Ltd.,Healthcare,Unknown,Unknown,False,Cash,1,Not Sure,Not Sure,Not Sure,Not Sure,Not Sure,0.0,Stage rules did not identify a reliable structure.,No confident stage classification.,,,,6.79,52.23,532276966.33,1.36,1.16,0.71,False,True,"Not Sure, Not Sure, weekly_volume_dryup",watchlist,20.08,25.08,484.0,-5.39,"[14.2, 13.24, 14.01]","[11, 5, 19]",0.55,61.0,168
SANGHVIMOV.NS,Sanghvi Movers Limited,Capital Goods,Unknown,Unknown,False,Cash,1,Stage 2 Failed,Stage 3,Failed Stage 2,Failed Stage 2,Stage 2 Failed • Failed Stage 2,0.72,"This stock was recently Stage 2, but the latest structure no longer satisfies Stage 2 rules. It is kept as Stage 2 Failed until a fresh base/repair structure forms.",Recent Stage 2 break; public stage held as Stage 2 Failed.,2026-09-29,2026-09-18,,4.44,64.63,103982857.7,0.58,0.85,0.61,True,True,"Stage 3, Stage 3 - Transition, volume_dryup, weekly_volume_dryup, distribution_risk | Stage 2 failed state applied from stage memory.",watchlist,22.51,25.01,526.06,-13.7,"[16.82, 16.25]","[16, 8]",0.9,49.0,169
BAJAJ-AUTO.NS,Bajaj Auto Limited,Automobile and Auto Components,Unknown,Unknown,True,F&O,1,Stage 2,Stage 2,Early Stage 2,Early Stage 2,Stage 2 • Early Stage 2,0.72,"Price has moved above long-term structure, but the full moving-average stack is not clean yet.",,,2026-09-28,,16.52,23.05,2254606946.45,0.77,2.59,0.81,True,True,"Stage 2, Early Stage 2, volume_dryup, weekly_volume_dryup",watchlist,22.45,24.95,12491.82,-13.46,[11.62],[22],0.0,22.0,170
FLUOROCHEM.NS,Gujarat Fluorochemicals Limited,Chemicals,Unknown,Unknown,False,Cash,1,Stage 2,Stage 2,Early Stage 2,Early Stage 2,Stage 2 • Early Stage 2,0.72,"Price has moved above long-term structure, but the full moving-average stack is not clean yet.",,,2026-09-28,,17.22,38.49,555633162.01,0.55,0.46,0.24,True,True,"Stage 2, Early Stage 2, weekly_vcp_ok, volume_dryup, weekly_volume_dryup, weekly_strong",watchlist,21.95,24.45,4884.67,-9.8,[10.93],[11],0.0,11.0,171
METROPOLIS.NS,Metropolis Healthcare Limited,Healthcare,Unknown,Unknown,False,Cash,1,Stage 2,Stage 2,Early Stage 2,Early Stage 2,Stage 2 • Early Stage 2,0.72,"Price has moved above long-term structure, but the full moving-average stack is not clean yet.",,,2026-09-28,,7.17,31.25,111639793.62,0.75,1.03,0.67,True,True,"Stage 2, Early Stage 2, volume_dryup, weekly_volume_dryup",watchlist,19.36,24.36,607.85,-7.49,[11.9],[15],0.0,15.0,172
NAVINFLUOR.NS,Navin Fluorine International Limited,Chemicals,Unknown,Unknown,False,Cash,1,Stage 2,Stage 2,Early Stage 2,Early Stage 2,Stage 2 • Early Stage 2,0.72,"Price has moved above long-term structure, but the full moving-average stack is not clean yet.",,,2026-09-28,,15.07,41.55,1040695784.67,0.56,1.13,0.48,True,True,"Stage 2, Early Stage 2, volume_dryup, weekly_volume_dryup",watchlist,21.82,24.32,8965.16,-8.15,[9.49],[5],0.0,5.0,173
SCHAEFFLER.NS,Schaeffler India Limited,Automobile and Auto Components,Unknown,Unknown,False,Cash,1,Stage 1,Stage 1,Stage 1 - Base/Repair,Stage 1 - Base/Repair,Stage 1 • Stage 1 - Base/Repair,0.7,Price is near long-term moving averages with no strong long-term downtrend signal.,,,2026-07-29,,0.22,4.94,199406312.76,1.0,1.79,0.78,False,True,"Stage 1, Stage 1 - Base/Repair, weekly_vcp_ok, weekly_volume_dryup, weekly_strong, stage1_not_actionable, stage1_needs_more_base",watchlist,21.66,24.16,4436.75,-11.65,"[12.56, 10.31, 9.01, 9.31]","[15, 12, 13, 26]",1.0,102.0,174
MANINFRA.NS,Man Infraconstruction Limited,Construction,Unknown,Unknown,False,Cash,1,Stage 2,Stage 2,Early Stage 2,Early Stage 2,Stage 2 • Early Stage 2,0.72,"Price has moved above long-term structure, but the full moving-average stack is not clean yet.",,,2026-09-28,,27.44,44.5,290325903.35,0.97,1.02,1.23,False,False,"Stage 2, Early Stage 2",watchlist,24.13,24.13,131.23,-2.54,[6.89],[6],0.0,6.0,175
TVSMOTOR.NS,TVS Motor Company Limited,Automobile and Auto Components,Unknown,Unknown,True,F&O,1,Stage 2,Stage 2,Early Stage 2,Early Stage 2,Stage 2 • Early Stage 2,0.72,"Price has moved above long-term structure, but the full moving-average stack is not clean yet.",,,2026-09-28,,18.82,17.75,2750661064.83,0.68,0.98,0.67,True,True,"Stage 2, Early Stage 2, weekly_vcp_ok, volume_dryup, weekly_volume_dryup, weekly_strong",watchlist,21.2,23.7,4492.35,-8.93,[10.57],[27],0.0,27.0,176
CRAFTSMAN.NS,Craftsman Automation Limited,Automobile and Auto Components,Unknown,Unknown,False,Cash,1,Stage 2,Stage 2,Early Stage 2,Early Stage 2,Stage 2 • Early Stage 2,0.72,"Price has moved above long-term structure, but the full moving-average stack is not clean yet.",,,2026-09-28,,21.38,55.38,563306761.3,1.02,0.5,0.71,False,True,"Stage 2, Early Stage 2, weekly_volume_dryup",watchlist,21.02,23.52,10979.18,-4.32,[8.04],[43],0.0,43.0,177
HBLENGINE.NS,HBL Engineering Ltd.,Capital Goods,Unknown,Unknown,False,Cash,1,Not Sure,Not Sure,Not Sure,Not Sure,Not Sure,0.0,Stage rules did not identify a reliable structure.,No confident stage classification.,,2026-06-26,,5.12,20.18,2093494243.22,1.68,1.02,1.88,False,False,"Not Sure, Not Sure",watchlist,20.95,23.45,773.08,4.56,"[18.9, 10.87]","[21, 9]",0.9,49.0,178
GLAXO.NS,GlaxoSmithKline Pharmaceuticals Limited,Healthcare,Unknown,Unknown,False,Cash,1,Stage 2,Stage 2,Early Stage 2,Early Stage 2,Stage 2 • Early Stage 2,0.72,"Price has moved above long-term structure, but the full moving-average stack is not clean yet.",,,2026-09-28,,22.25,22.1,219987939.84,0.82,0.32,1.24,True,False,"Stage 2, Early Stage 2, weekly_vcp_ok, volume_dryup, weekly_strong",watchlist,18.43,23.43,3120.7,-10.8,[11.69],[13],0.0,13.0,179
SUPRAJIT.NS,Suprajit Engineering Limited,Automobile and Auto Components,Unknown,Unknown,False,Cash,1,Stage 2,Stage 2,Early Stage 2,Early Stage 2,Stage 2 • Early Stage 2,0.72,"Price has moved above long-term structure, but the full moving-average stack is not clean yet.",,,2026-09-28,,10.86,17.54,45390964.58,0.84,1.15,0.48,True,True,"Stage 2, Early Stage 2, volume_dryup, weekly_volume_dryup",watchlist,20.76,23.26,509.7,-3.45,[16.52],[22],0.0,22.0,180
TITAN.NS,Titan Company Limited,Consumer Durables,Unknown,Unknown,True,F&O,1,Stage 2,Stage 2,Early Stage 2,Early Stage 2,Stage 2 • Early Stage 2,0.72,"Price has moved above long-term structure, but the full moving-average stack is not clean yet.",,,2026-09-28,,11.18,10.92,2852939340.85,1.01,2.24,0.98,False,False,"Stage 2, Early Stage 2",watchlist,23.16,23.16,5186.7,-9.87,[12.98],[40],0.0,40.0,181
JINDWORLD.NS,Jindal Worldwide Limited,Textiles,Unknown,Unknown,False,Cash,1,Stage 2,Stage 2,Extended Stage 2,Extended Stage 2,Stage 2 • Extended Stage 2,0.78,"Advancing structure remains intact, but price is stretched versus key moving averages or far above the 52-week low.",,,2026-09-28,,60.82,125.35,1716527879.15,0.31,0.12,0.26,True,True,"Stage 2, Extended Stage 2, volume_dryup, weekly_volume_dryup",watchlist,18.12,23.12,62.1,-24.2,[18.47],[17],0.0,17.0,182
CGCL.NS,Capri Global Capital Limited,Financial Services,Unknown,Unknown,False,Cash,1,Stage 2,Stage 2,Early Stage 2,Early Stage 2,Stage 2 • Early Stage 2,0.72,"Price has moved above long-term structure, but the full moving-average stack is not clean yet.",,,2026-09-28,,11.69,49.8,1072401500.29,0.59,0.28,0.4,True,True,"Stage 2, Early Stage 2, volume_dryup, weekly_volume_dryup",watchlist,22.96,22.96,287.95,-14.26,[17.97],[30],0.0,30.0,183
KALYANKJIL.NS,Kalyan Jewellers India Limited,Consumer Durables,Unknown,Unknown,True,F&O,1,Stage 2,Stage 2,Early Stage 2,Early Stage 2,Stage 2 • Early Stage 2,0.72,"Price has moved above long-term structure, but the full moving-average stack is not clean yet.",,,2026-09-28,,55.54,36.33,3787329730.99,0.38,1.33,0.32,True,True,"Stage 2, Early Stage 2, volume_dryup, weekly_volume_dryup",watchlist,22.95,22.95,634.47,-10.34,[13.51],[5],0.0,5.0,184
BBOX.NS,Black Box Limited,Information Technology,Unknown,Unknown,False,Cash,1,Stage 3,Stage 3,Stage 3 - Transition,Stage 3 - Transition,Stage 3 • Stage 3 - Transition,0.62,"The structure is transitioning after prior strength, but it is not yet a confirmed Stage 4 decline.",,,2026-07-21,,-12.16,71.21,490441095.49,1.32,2.5,1.42,False,False,"Stage 3, Stage 3 - Transition, distribution_risk",watchlist,21.85,22.85,845.9,-3.91,"[33.5, 15.71]","[39, 14]",0.9,54.0,185
TBOTEK.NS,TBO Tek Ltd.,Consumer Services,Unknown,Unknown,False,Cash,1,Stage 2,Stage 2,Early Stage 2,Early Stage 2,Stage 2 • Early Stage 2,0.72,"Price has moved above long-term structure, but the full moving-average stack is not clean yet.",,,2026-09-28,,16.42,54.57,246127235.08,0.72,0.67,0.47,True,True,"Stage 2, Early Stage 2, volume_dryup, weekly_volume_dryup",watchlist,21.82,22.82,1748.0,-3.62,[10.76],[16],0.0,16.0,186
GRWRHITECH.NS,Garware Hi-Tech Films Limited,Capital Goods,Unknown,Unknown,False,Cash,1,Stage 2,Stage 2,Stage 2,Stage 2,Stage 2,0.76,Advancing structure detected.,,,2026-09-28,,8.28,90.23,385083475.76,0.88,1.2,1.05,False,False,"Stage 2, Stage 2, weekly_vcp_ok, weekly_strong",watchlist,20.0,22.5,7442.48,-5.72,[7.44],[8],0.0,8.0,187
OIL.NS,Oil India Limited,"Oil, Gas & Consumable Fuels",Unknown,Unknown,True,F&O,1,Stage 2 Failed,Stage 1,Failed Stage 2,Failed Stage 2,Stage 2 Failed • Failed Stage 2,0.72,"This stock was recently Stage 2, but the latest structure no longer satisfies Stage 2 rules. It is kept as Stage 2 Failed until a fresh base/repair structure forms.",Recent Stage 2 break; public stage held as Stage 2 Failed.,2026-09-29,2026-09-28,,15.11,-2.05,1057256180.16,0.65,1.01,0.49,True,True,"Stage 1, Stage 1 - Base/Repair, volume_dryup, weekly_volume_dryup, stage1_not_actionable, stage1_needs_more_base | Stage 2 failed state applied from stage memory.",watchlist,19.89,22.39,515.35,-10.85,"[23.9, 5.85]","[30, 6]",0.9,74.0,188
SKIPPER.NS,Skipper Limited,Capital Goods,Unknown,Unknown,False,Cash,1,Stage 2,Stage 2,Early Stage 2,Early Stage 2,Stage 2 • Early Stage 2,0.72,"Price has moved above long-term structure, but the full moving-average stack is not clean yet.",,,2026-09-28,,0.24,54.55,865602763.13,0.69,0.37,0.58,True,True,"Stage 2, Early Stage 2, volume_dryup, weekly_volume_dryup",watchlist,19.88,22.38,617.88,-12.35,[16.83],[6],0.0,6.0,189
ELECTCAST.NS,Electrosteel Castings Limited,Capital Goods,Unknown,Unknown,False,Cash,1,Stage 2 Failed,Stage 1,Failed Stage 2,Failed Stage 2,Stage 2 Failed • Failed Stage 2,0.72,"This stock was recently Stage 2, but the latest structure no longer satisfies Stage 2 rules. It is kept as Stage 2 Failed until a fresh base/repair structure forms.",Recent Stage 2 break; public stage held as Stage 2 Failed.,2026-09-29,2026-09-14,,5.6,-1.1,285018961.95,2.16,9.66,5.77,False,False,"Stage 1, Stage 1 - Base/Repair, stage1_base_ready, weekly_vcp_ok, stage1_not_actionable | Stage 2 failed state applied from stage memory.",watchlist,19.77,22.27,87.93,-12.97,"[28.05, 18.91]","[26, 24]",0.9,57.0,190
CGPOWER.NS,CG Power and Industrial Solutions Limited,Capital Goods,Unknown,Unknown,True,F&O,1,Stage 2 Failed,Stage 1,Failed Stage 2,Failed Stage 2,Stage 2 Failed • Failed Stage 2,0.72,"This stock was recently Stage 2, but the latest structure no longer satisfies Stage 2 rules. It is kept as Stage 2 Failed until a fresh base/repair structure forms.",Recent Stage 2 break; public stage held as Stage 2 Failed.,2026-09-29,2026-09-25,,2.17,25.3,1981392667.48,0.71,0.95,0.53,True,True,"Stage 1, Stage 1 - Base/Repair, volume_dryup, weekly_volume_dryup, stage1_not_actionable, stage1_needs_more_base | Stage 2 failed state applied from stage memory.",watchlist,19.71,22.21,980.9,-12.52,"[8.11, 6.83]","[58, 21]",0.9,92.0,191
SIEMENS.NS,Siemens Ltd.,Capital Goods,Unknown,Unknown,True,F&O,1,Stage 2,Stage 2,Early Stage 2,Early Stage 2,Stage 2 • Early Stage 2,0.72,"Price has moved above long-term structure, but the full moving-average stack is not clean yet.",,,2026-09-28,,11.46,22.77,984577733.01,0.74,1.11,0.54,True,True,"Stage 2, Early Stage 2, volume_dryup, weekly_volume_dryup",watchlist,19.48,21.98,4149.4,-10.59,[11.25],[16],0.0,16.0,192
GUJALKALI.NS,Gujarat Alkalies and Chemicals Limited,Chemicals,Unknown,Unknown,False,Cash,1,Stage 2 Failed,Stage 1,Failed Stage 2,Failed Stage 2,Stage 2 Failed • Failed Stage 2,0.72,"This stock was recently Stage 2, but the latest structure no longer satisfies Stage 2 rules. It is kept as Stage 2 Failed until a fresh base/repair structure forms.",Recent Stage 2 break; public stage held as Stage 2 Failed.,2026-09-29,2026-09-25,,11.8,10.41,76810759.35,0.79,1.98,0.61,True,True,"Stage 1, Stage 1 - Base/Repair, volume_dryup, weekly_volume_dryup, stage1_not_actionable, stage1_needs_more_base | Stage 2 failed state applied from stage memory.",watchlist,19.44,21.94,741.33,-15.4,"[13.63, 8.83]","[79, 12]",0.9,102.0,193
ELGIEQUIP.NS,Elgi Equipments Limited,Capital Goods,Unknown,Unknown,False,Cash,1,Stage 2,Stage 2,Early Stage 2,Early Stage 2,Stage 2 • Early Stage 2,0.72,"Price has moved above long-term structure, but the full moving-average stack is not clean yet.",,,2026-09-28,,9.33,24.98,230597704.49,0.54,0.5,0.39,True,True,"Stage 2, Early Stage 2, volume_dryup, weekly_volume_dryup",watchlist,19.43,21.93,654.54,-9.12,[10.47],[8],0.0,8.0,194
RRKABEL.NS,R R Kabel Limited,Capital Goods,Unknown,Unknown,False,Cash,1,Stage 2,Stage 2,Early Stage 2,Early Stage 2,Stage 2 • Early Stage 2,0.72,"Price has moved above long-term structure, but the full moving-average stack is not clean yet.",,,2026-09-28,,13.71,90.39,1318566309.7,0.46,0.46,0.4,True,True,"Stage 2, Early Stage 2, volume_dryup, weekly_volume_dryup",watchlist,19.29,21.79,2987.12,-15.53,[21.57],[17],0.0,17.0,195
IDFCFIRSTB.NS,IDFC First Bank Limited,Financial Services,Unknown,Unknown,True,F&O,1,Stage 2,Stage 2,Early Stage 2,Early Stage 2,Stage 2 • Early Stage 2,0.72,"Price has moved above long-term structure, but the full moving-average stack is not clean yet.",,,2026-09-28,,5.08,30.93,1892071842.47,1.31,2.0,1.81,False,False,"Stage 2, Early Stage 2, weekly_vcp_ok, weekly_strong",watchlist,21.72,21.72,89.77,-11.48,[6.78],[25],0.0,25.0,196
TMB.NS,Tamilnad Mercantile Bank Limited,Financial Services,Unknown,Unknown,False,Cash,1,Stage 2,Stage 2,Early Stage 2,Early Stage 2,Stage 2 • Early Stage 2,0.72,"Price has moved above long-term structure, but the full moving-average stack is not clean yet.",,,2026-09-28,,16.94,40.0,129698181.76,0.46,1.03,0.46,True,True,"Stage 2, Early Stage 2, volume_dryup, weekly_volume_dryup",watchlist,21.56,21.56,955.87,-9.66,[9.87],[6],0.0,6.0,197
HNDFDS.NS,Hindustan Foods Limited,Fast Moving Consumer Goods,Unknown,Unknown,False,Cash,1,Stage 2,Stage 2,Early Stage 2,Early Stage 2,Stage 2 • Early Stage 2,0.72,"Price has moved above long-term structure, but the full moving-average stack is not clean yet.",,,2026-09-28,,12.28,22.15,53868719.85,0.69,1.67,0.68,True,True,"Stage 2, Early Stage 2, weekly_vcp_ok, volume_dryup, weekly_volume_dryup, weekly_strong",watchlist,21.46,21.46,673.18,-11.34,[11.68],[10],0.0,10.0,198
UJJIVANSFB.NS,Ujjivan Small Finance Bank Limited,Financial Services,Unknown,Unknown,False,Cash,1,Stage 2,Stage 2,Early Stage 2,Early Stage 2,Stage 2 • Early Stage 2,0.72,"Price has moved above long-term structure, but the full moving-average stack is not clean yet.",,,2026-09-28,,15.53,15.59,827261954.33,0.61,0.95,0.9,True,False,"Stage 2, Early Stage 2, volume_dryup",watchlist,21.35,21.35,74.07,-11.89,[16.22],[27],0.0,27.0,199
PIDILITIND.NS,Pidilite Industries Limited,Chemicals,Unknown,Unknown,True,F&O,1,Stage 2 Failed,Stage 1,Failed Stage 2,Failed Stage 2,Stage 2 Failed • Failed Stage 2,0.72,"This stock was recently Stage 2, but the latest structure no longer satisfies Stage 2 rules. It is kept as Stage 2 Failed until a fresh base/repair structure forms.",Recent Stage 2 break; public stage held as Stage 2 Failed.,2026-09-29,2026-09-23,,-1.88,14.42,895796883.98,0.76,1.69,0.87,True,True,"Stage 1, Stage 1 - Base/Repair, volume_dryup, weekly_volume_dryup, stage1_not_actionable, stage1_needs_more_base | Stage 2 failed state applied from stage memory.",watchlist,18.74,21.24,1707.5,-14.44,"[5.41, 5.2, 4.87]","[9, 6, 5]",0.95,59.0,200
RADICO.NS,Radico Khaitan Limited,Fast Moving Consumer Goods,Unknown,Unknown,False,Cash,1,Stage 2,Stage 2,Early Stage 2,Early Stage 2,Stage 2 • Early Stage 2,0.72,"Price has moved above long-term structure, but the full moving-average stack is not clean yet.",,,2026-09-28,,18.4,63.36,964587303.73,0.82,0.97,0.8,True,True,"Stage 2, Early Stage 2, volume_dryup, weekly_volume_dryup",watchlist,21.16,21.16,4614.1,-5.42,[9.44],[19],0.0,19.0,201
AEGISLOG.NS,Aegis Logistics Ltd.,"Oil, Gas & Consumable Fuels",Unknown,Unknown,False,Cash,1,Stage 2,Stage 2,Early Stage 2,Early Stage 2,Stage 2 • Early Stage 2,0.72,"Price has moved above long-term structure, but the full moving-average stack is not clean yet.",,,2026-09-28,,4.63,119.21,1226370812.0,1.0,0.61,0.41,False,True,"Stage 2, Early Stage 2, weekly_volume_dryup",watchlist,18.52,21.02,1531.38,-15.12,"[17.11, 18.56]","[5, 7]",0.1,18.0,202
AGI.NS,AGI Greenpac Limited,Capital Goods,Unknown,Unknown,False,Cash,1,Stage 2,Stage 2,Early Stage 2,Early Stage 2,Stage 2 • Early Stage 2,0.72,"Price has moved above long-term structure, but the full moving-average stack is not clean yet.",,,2026-09-28,,19.15,60.92,165119100.14,1.37,0.45,0.76,False,True,"Stage 2, Early Stage 2, weekly_vcp_ok, weekly_volume_dryup, weekly_strong",watchlist,18.5,21.0,852.49,-6.99,[12.25],[12],0.0,12.0,203
ANANDRATHI.NS,Anand Rathi Wealth Limited,Financial Services,Unknown,Unknown,False,Cash,1,Stage 2,Stage 2,Early Stage 2,Early Stage 2,Stage 2 • Early Stage 2,0.72,"Price has moved above long-term structure, but the full moving-average stack is not clean yet.",,,2026-09-28,,7.92,28.68,705798702.7,1.81,5.53,2.4,False,False,"Stage 2, Early Stage 2",watchlist,20.91,20.91,2268.4,-7.4,[8.0],[10],0.0,10.0,204
PNB.NS,Punjab National Bank,Financial Services,Unknown,Unknown,True,F&O,1,Stage 2 Failed,Stage 1,Failed Stage 2,Failed Stage 2,Stage 2 Failed • Failed Stage 2,0.72,"This stock was recently Stage 2, but the latest structure no longer satisfies Stage 2 rules. It is kept as Stage 2 Failed until a fresh base/repair structure forms.",Recent Stage 2 break; public stage held as Stage 2 Failed.,2026-09-29,2026-09-08,,12.11,8.43,1509694697.69,1.08,2.19,0.95,False,False,"Stage 1, Stage 1 - Unclear/Repair, weekly_vcp_ok, weekly_strong, stage1_not_actionable, stage1_needs_more_base | Stage 2 failed state applied from stage memory.",watchlist,20.81,20.81,119.5,-6.49,"[14.79, 8.85, 5.31]","[18, 14, 13]",0.95,93.0,205
GMMPFAUDLR.NS,GMM Pfaudler Limited,Capital Goods,Unknown,Unknown,False,Cash,1,Stage 2,Stage 2,Extended Stage 2,Extended Stage 2,Stage 2 • Extended Stage 2,0.78,"Advancing structure remains intact, but price is stretched versus key moving averages or far above the 52-week low.",,,2026-09-28,,96.43,70.71,776309914.71,1.13,1.13,0.7,False,True,"Stage 2, Extended Stage 2, weekly_vcp_ok, weekly_volume_dryup, weekly_strong",watchlist,18.27,20.77,1536.28,-3.85,[9.12],[6],0.0,6.0,206
TVSSCS.NS,TVS Supply Chain Solutions Limited,Services,Unknown,Unknown,False,Cash,1,Stage 2 Failed,Stage 2,Failed Stage 2,Failed Stage 2,Stage 2 Failed • Failed Stage 2,0.7,Failed Stage 2 cooling period is still active; waiting for a fresh base or confirmed reclaim.,Failed Stage 2 hold period active.,,2026-09-24,,2.29,32.23,100876900.69,0.44,0.35,0.35,True,True,"Stage 2, Stage 2, volume_dryup, weekly_volume_dryup | Failed Stage 2 hold period active.",watchlist,19.7,20.7,141.25,-7.04,[11.8],[10],0.0,10.0,207
IKS.NS,Inventurus Knowledge Solutions Ltd.,Information Technology,Unknown,Unknown,False,Cash,1,Stage 2 Failed,Stage 3,Failed Stage 2,Failed Stage 2,Stage 2 Failed • Failed Stage 2,0.72,"This stock was recently Stage 2, but the latest structure no longer satisfies Stage 2 rules. It is kept as Stage 2 Failed until a fresh base/repair structure forms.",Recent Stage 2 break; public stage held as Stage 2 Failed.,2026-09-29,2026-09-25,,1.64,30.4,401223812.71,1.81,1.07,2.18,False,False,"Stage 3, Stage 3 - Distribution/Damage, weekly_vcp_ok, weekly_strong, distribution_risk | Stage 2 failed state applied from stage memory.",watchlist,19.69,20.69,1910.74,-6.87,"[10.09, 8.75, 7.37]","[10, 10, 6]",0.95,49.0,208
MIDHANI.NS,Mishra Dhatu Nigam Limited,Capital Goods,Unknown,Unknown,False,Cash,1,Stage 2,Stage 2,Stage 2,Stage 2,Stage 2,0.76,Advancing structure detected.,,,2026-09-28,,4.29,37.69,1382779982.12,0.44,0.42,0.34,True,True,"Stage 2, Stage 2, volume_dryup, weekly_volume_dryup",watchlist,18.08,20.58,481.79,-13.01,[19.68],[6],0.0,6.0,209
LTFOODS.NS,LT Foods Ltd.,Fast Moving Consumer Goods,Unknown,Unknown,False,Cash,1,Stage 2 Failed,Stage 1,Failed Stage 2,Failed Stage 2,Stage 2 Failed • Failed Stage 2,0.72,"This stock was recently Stage 2, but the latest structure no longer satisfies Stage 2 rules. It is kept as Stage 2 Failed until a fresh base/repair structure forms.",Recent Stage 2 break; public stage held as Stage 2 Failed.,2026-09-29,2026-09-28,,12.53,5.64,193280682.59,0.23,0.18,0.23,True,True,"Stage 1, Stage 1 - Base/Repair, weekly_vcp_ok, volume_dryup, weekly_volume_dryup, weekly_strong, stage1_not_actionable, stage1_needs_more_base | Stage 2 failed state applied from stage memory.",watchlist,20.51,20.51,490.39,-17.86,"[17.24, 7.51, 6.55]","[28, 11, 12]",0.95,61.0,210
FINEORG.NS,Fine Organic Industries Limited,Chemicals,Unknown,Unknown,False,Cash,1,Stage 2,Stage 2,Stage 2,Stage 2,Stage 2,0.76,Advancing structure detected.,,,2026-09-28,,5.25,18.52,99799556.12,0.77,0.46,0.64,True,True,"Stage 2, Stage 2, weekly_vcp_ok, volume_dryup, weekly_volume_dryup, weekly_strong",watchlist,17.95,20.45,5389.41,-4.63,[13.22],[18],0.0,18.0,211
NYKAA.NS,FSN E-Commerce Ventures Limited,Consumer Services,Unknown,Unknown,True,F&O,1,Stage 2,Stage 2,Early Stage 2,Early Stage 2,Stage 2 • Early Stage 2,0.72,"Price has moved above long-term structure, but the full moving-average stack is not clean yet.",,,2026-09-28,,11.53,30.09,1167153934.42,0.76,1.11,0.69,True,True,"Stage 2, Early Stage 2, volume_dryup, weekly_volume_dryup",watchlist,19.3,20.3,349.55,-6.35,[7.96],[10],0.0,10.0,212
EMUDHRA.NS,eMudhra Limited,Information Technology,Unknown,Unknown,False,Cash,1,Stage 2,Stage 2,Early Stage 2,Early Stage 2,Stage 2 • Early Stage 2,0.72,"Price has moved above long-term structure, but the full moving-average stack is not clean yet.",,,2026-09-28,,49.66,53.29,1442205598.67,4.17,0.31,0.66,False,True,"Stage 2, Early Stage 2, weekly_vcp_ok, weekly_volume_dryup, weekly_strong",watchlist,19.25,20.25,681.6,-7.99,[13.45],[18],0.0,18.0,213
CYIENT.NS,Cyient Limited,Information Technology,Unknown,Unknown,False,Cash,1,Stage 2,Stage 2,Early Stage 2,Early Stage 2,Stage 2 • Early Stage 2,0.72,"Price has moved above long-term structure, but the full moving-average stack is not clean yet.",,,2026-09-28,,24.56,30.23,413945752.87,0.39,0.38,0.32,True,True,"Stage 2, Early Stage 2, weekly_vcp_ok, volume_dryup, weekly_volume_dryup, weekly_strong",watchlist,19.21,20.21,1221.13,-13.58,[15.48],[11],0.0,11.0,214
ENRIN.NS,Siemens Energy India Ltd.,Capital Goods,Unknown,Unknown,False,Cash,1,Stage 3,Stage 3,Stage 3 - Distribution/Damage,Stage 3 - Distribution/Damage,Stage 3 • Stage 3 - Distribution/Damage,0.76,"Prior strength exists, but short-term and/or weekly structure is deteriorating.",,,,,3.52,22.54,1120157346.14,0.68,0.9,0.61,True,True,"Stage 3, Stage 3 - Distribution/Damage, volume_dryup, weekly_volume_dryup, distribution_risk",watchlist,17.61,20.11,3741.54,-14.5,"[21.35, 20.54]","[27, 28]",0.9,61.0,215
KARURVYSYA.NS,Karur Vysya Bank Limited,Financial Services,Unknown,Unknown,False,Cash,1,Stage 2,Stage 2,Early Stage 2,Early Stage 2,Stage 2 • Early Stage 2,0.72,"Price has moved above long-term structure, but the full moving-average stack is not clean yet.",,,2026-09-28,,15.92,19.45,503537927.89,0.88,1.83,0.4,False,True,"Stage 2, Early Stage 2, weekly_vcp_ok, weekly_volume_dryup, weekly_strong",watchlist,20.09,20.09,358.95,-11.37,[7.16],[10],0.0,10.0,216
NH.NS,Narayana Hrudayalaya Ltd.,Healthcare,Unknown,Unknown,False,Cash,1,Stage 2 Failed,Stage 4,Failed Stage 2,Failed Stage 2,Stage 2 Failed • Failed Stage 2,0.72,"This stock was recently Stage 2, but the latest structure no longer satisfies Stage 2 rules. It is kept as Stage 2 Failed until a fresh base/repair structure forms.",Recent Stage 2 break; public stage held as Stage 2 Failed.,2026-09-29,2026-09-23,,-4.39,6.86,389529977.69,0.81,4.68,1.0,True,False,"Stage 4, Stage 4 - Weak/Declining, volume_dryup, downtrend | Stage 2 failed state applied from stage memory.",watchlist,15.06,20.06,2096.56,-14.63,"[12.91, 7.11]","[33, 11]",0.9,53.0,217
JUSTDIAL.NS,Just Dial Limited,Consumer Services,Unknown,Unknown,False,Cash,1,Stage 2 Failed,Stage 3,Failed Stage 2,Failed Stage 2,Stage 2 Failed • Failed Stage 2,0.72,"This stock was recently Stage 2, but the latest structure no longer satisfies Stage 2 rules. It is kept as Stage 2 Failed until a fresh base/repair structure forms.",Recent Stage 2 break; public stage held as Stage 2 Failed.,2026-09-29,2026-09-23,,25.43,26.69,82845720.23,0.36,0.45,0.24,True,True,"Stage 3, Stage 3 - Transition, volume_dryup, weekly_volume_dryup, distribution_risk | Stage 2 failed state applied from stage memory.",watchlist,18.91,19.91,779.11,-15.74,"[23.98, 11.87]","[31, 11]",0.9,44.0,218
TEJASNET.NS,Tejas Networks Limited,Telecommunication,Unknown,Unknown,False,Cash,1,Stage 2 Failed,Stage 1,Failed Stage 2,Failed Stage 2,Stage 2 Failed • Failed Stage 2,0.72,"This stock was recently Stage 2, but the latest structure no longer satisfies Stage 2 rules. It is kept as Stage 2 Failed until a fresh base/repair structure forms.",Recent Stage 2 break; public stage held as Stage 2 Failed.,2026-09-29,2026-09-25,,-11.35,15.91,1875685077.14,0.42,0.3,0.33,True,True,"Stage 1, Stage 1 - Base/Repair, weekly_vcp_ok, volume_dryup, weekly_volume_dryup, weekly_strong, stage1_not_actionable, stage1_needs_more_base | Stage 2 failed state applied from stage memory.",watchlist,14.91,19.91,623.89,-21.4,"[22.46, 8.67]","[36, 10]",0.9,58.0,219
LODHA.NS,Macrotech Developers Limited,Realty,Unknown,Unknown,True,F&O,1,Stage 2,Stage 2,Early Stage 2,Early Stage 2,Stage 2 • Early Stage 2,0.72,"Price has moved above long-term structure, but the full moving-average stack is not clean yet.",,,2026-09-28,,11.1,56.8,2099395546.6,1.07,5.29,1.32,False,False,"Stage 2, Early Stage 2, weekly_vcp_ok, weekly_strong",watchlist,18.88,19.88,1309.19,-15.47,[19.85],[15],0.0,15.0,220
GODREJAGRO.NS,Godrej Agrovet Limited,Fast Moving Consumer Goods,Unknown,Unknown,False,Cash,1,Stage 2,Stage 2,Clean Stage 2,Clean Stage 2,Stage 2 • Clean Stage 2,0.9,"Price is above rising key averages, weekly structure is supportive, and the stock is near its 52-week high.",,,2026-09-28,,21.14,12.8,227956023.5,0.38,0.12,0.5,True,True,"Stage 2, Clean Stage 2, weekly_vcp_ok, volume_dryup, weekly_volume_dryup, weekly_strong",watchlist,19.77,19.77,696.82,-9.34,[9.42],[11],0.0,11.0,221
JSWSTEEL.NS,JSW Steel Limited,Metals & Mining,Unknown,Unknown,True,F&O,1,Stage 2,Stage 2,Early Stage 2,Early Stage 2,Stage 2 • Early Stage 2,0.72,"Price has moved above long-term structure, but the full moving-average stack is not clean yet.",,,2026-09-28,,10.06,13.34,1668986747.62,0.91,1.68,0.87,False,True,"Stage 2, Early Stage 2, weekly_vcp_ok, weekly_volume_dryup, weekly_strong",watchlist,18.72,19.72,1351.0,-5.82,[9.18],[14],0.0,14.0,222
KSB.NS,Ksb Limited,Capital Goods,Unknown,Unknown,False,Cash,1,Stage 1,Stage 1,Stage 1 - Base/Repair,Stage 1 - Base/Repair,Stage 1 • Stage 1 - Base/Repair,0.7,Price is near long-term moving averages with no strong long-term downtrend signal.,,,2026-08-04,,-5.85,0.06,129155342.15,1.15,4.95,1.58,False,False,"Stage 1, Stage 1 - Base/Repair, weekly_vcp_ok, weekly_strong, stage1_not_actionable, stage1_needs_more_base",watchlist,17.1,19.6,973.85,-15.31,"[26.7, 20.18, 9.73]","[25, 28, 12]",0.95,102.0,223
GABRIEL.NS,Gabriel India Limited,Automobile and Auto Components,Unknown,Unknown,False,Cash,1,Stage 2,Stage 2,Early Stage 2,Early Stage 2,Stage 2 • Early Stage 2,0.72,"Price has moved above long-term structure, but the full moving-average stack is not clean yet.",,,2026-09-28,,12.11,47.52,920669832.74,2.1,0.39,0.72,False,True,"Stage 2, Early Stage 2, weekly_vcp_ok, weekly_volume_dryup, weekly_strong",watchlist,17.09,19.59,1599.49,-18.48,[16.39],[41],0.0,41.0,224
THANGAMAYL.NS,Thangamayil Jewellery Limited,Consumer Durables,Unknown,Unknown,False,Cash,1,Stage 3,Stage 3,Stage 3 - Distribution/Damage,Stage 3 - Distribution/Damage,Stage 3 • Stage 3 - Distribution/Damage,0.76,"Prior strength exists, but short-term and/or weekly structure is deteriorating.",,,2026-08-28,,-9.23,39.52,459537692.7,0.57,1.93,0.42,True,True,"Stage 3, Stage 3 - Distribution/Damage, volume_dryup, weekly_volume_dryup, distribution_risk",watchlist,19.45,19.45,5732.51,-9.21,"[37.94, 16.41]","[6, 17]",0.9,36.0,225
TIIL.NS,Technocraft Industries (India) Limited,Capital Goods,Unknown,Unknown,False,Cash,1,Stage 2,Stage 2,Early Stage 2,Early Stage 2,Stage 2 • Early Stage 2,0.72,"Price has moved above long-term structure, but the full moving-average stack is not clean yet.",,,2026-09-28,,22.64,31.68,101558902.19,0.65,0.56,0.56,True,True,"Stage 2, Early Stage 2, weekly_vcp_ok, volume_dryup, weekly_volume_dryup, weekly_strong",watchlist,16.94,19.44,3571.54,-18.06,[8.33],[16],0.0,16.0,226
KOTAKBANK.NS,Kotak Mahindra Bank Limited,Financial Services,Unknown,Unknown,True,F&O,1,Stage 2 Failed,Stage 2,Failed Stage 2,Failed Stage 2,Stage 2 Failed • Failed Stage 2,0.7,Failed Stage 2 cooling period is still active; waiting for a fresh base or confirmed reclaim.,Failed Stage 2 hold period active.,,2026-09-25,,8.55,13.25,4755609569.92,1.17,2.72,1.48,False,False,"Stage 2, Early Stage 2, weekly_vcp_ok, weekly_strong | Failed Stage 2 hold period active.",watchlist,19.18,19.18,429.85,-5.55,[4.63],[8],0.0,8.0,227
SPARC.NS,Sun Pharma Advanced Research Company Limited,Healthcare,Unknown,Unknown,False,Cash,1,Stage 3,Stage 3,Stage 3 - Transition,Stage 3 - Transition,Stage 3 • Stage 3 - Transition,0.62,"The structure is transitioning after prior strength, but it is not yet a confirmed Stage 4 decline.",,,2026-08-07,,-6.71,70.78,201832422.99,1.16,1.56,1.57,False,False,"Stage 3, Stage 3 - Transition, distribution_risk",watchlist,14.16,19.16,289.51,-27.86,"[13.08, 13.88, 13.29]","[7, 8, 13]",0.55,64.0,228
CONCORDBIO.NS,Concord Biotech Limited,Healthcare,Unknown,Unknown,False,Cash,1,Stage 2,Stage 2,Early Stage 2,Early Stage 2,Stage 2 • Early Stage 2,0.72,"Price has moved above long-term structure, but the full moving-average stack is not clean yet.",,,2026-09-28,,17.35,38.27,234947451.94,1.12,0.95,1.0,False,False,"Stage 2, Early Stage 2",watchlist,14.07,19.07,1594.79,-11.54,[12.59],[11],0.0,11.0,229
KOLTEPATIL.NS,Kolte - Patil Developers Limited,Realty,Unknown,Unknown,False,Cash,1,Stage 2,Stage 2,Early Stage 2,Early Stage 2,Stage 2 • Early Stage 2,0.72,"Price has moved above long-term structure, but the full moving-average stack is not clean yet.",,,2026-09-28,,23.05,39.92,50072705.51,0.14,0.32,0.09,True,True,"Stage 2, Early Stage 2, weekly_vcp_ok, volume_dryup, weekly_volume_dryup",watchlist,18.0,19.0,485.75,-12.08,[23.22],[16],0.0,16.0,230
ENDURANCE.NS,Endurance Technologies Limited,Automobile and Auto Components,Unknown,Unknown,False,Cash,1,Stage 2,Stage 2,Early Stage 2,Early Stage 2,Stage 2 • Early Stage 2,0.72,"Price has moved above long-term structure, but the full moving-average stack is not clean yet.",,,2026-09-28,,6.98,21.56,225856990.92,0.74,0.69,0.67,True,True,"Stage 2, Early Stage 2, weekly_vcp_ok, volume_dryup, weekly_volume_dryup, weekly_strong",watchlist,16.38,18.88,2827.94,-6.12,[15.95],[18],0.0,18.0,231
HSCL.NS,Himadri Speciality Chemical Limited,Chemicals,Unknown,Unknown,False,Cash,1,Stage 2 Failed,Stage 3,Failed Stage 2,Failed Stage 2,Stage 2 Failed • Failed Stage 2,0.72,"This stock was recently Stage 2, but the latest structure no longer satisfies Stage 2 rules. It is kept as Stage 2 Failed until a fresh base/repair structure forms.",Recent Stage 2 break; public stage held as Stage 2 Failed.,2026-09-29,2026-09-14,,4.12,48.52,1782123892.32,0.37,0.29,0.24,True,True,"Stage 3, Stage 3 - Transition, weekly_vcp_ok, volume_dryup, weekly_volume_dryup, weekly_strong, distribution_risk | Stage 2 failed state applied from stage memory.",watchlist,16.21,18.71,692.8,-3.64,"[18.19, 7.93]","[5, 6]",0.9,22.0,232
POWERMECH.NS,Power Mech Projects Limited,Construction,Unknown,Unknown,False,Cash,1,Stage 3,Stage 3,Stage 3 - Distribution/Damage,Stage 3 - Distribution/Damage,Stage 3 • Stage 3 - Distribution/Damage,0.76,"Prior strength exists, but short-term and/or weekly structure is deteriorating.",,,2026-07-29,,-2.8,25.41,119364174.14,0.74,3.3,0.85,True,True,"Stage 3, Stage 3 - Distribution/Damage, volume_dryup, weekly_volume_dryup, distribution_risk",watchlist,18.66,18.66,2603.04,-7.91,"[16.53, 11.83]","[19, 12]",0.9,37.0,233
DCBBANK.NS,DCB Bank Limited,Financial Services,Unknown,Unknown,False,Cash,1,Stage 2,Stage 2,Early Stage 2,Early Stage 2,Stage 2 • Early Stage 2,0.72,"Price has moved above long-term structure, but the full moving-average stack is not clean yet.",,,2026-09-28,,12.96,20.03,330437614.92,0.51,0.36,0.63,True,True,"Stage 2, Early Stage 2, weekly_vcp_ok, volume_dryup, weekly_volume_dryup, weekly_strong",watchlist,18.58,18.58,235.21,-13.96,[12.08],[17],0.0,17.0,234
NETWEB.NS,Netweb Technologies India Limited,Information Technology,Unknown,Unknown,False,Cash,1,Stage 2,Stage 2,Early Stage 2,Early Stage 2,Stage 2 • Early Stage 2,0.72,"Price has moved above long-term structure, but the full moving-average stack is not clean yet.",,,2026-09-28,,10.29,43.55,5439657727.32,0.59,0.51,0.42,True,True,"Stage 2, Early Stage 2, volume_dryup, weekly_volume_dryup",watchlist,17.51,18.51,5823.17,-20.78,[24.51],[17],0.0,17.0,235
GPPL.NS,Gujarat Pipavav Port Limited,Services,Unknown,Unknown,False,Cash,1,Stage 1,Stage 1,Stage 1 - Early Turn,Stage 1 - Early Turn,Stage 1 • Stage 1 - Early Turn,0.66,The stock is improving from a repair/base area but has not confirmed a clean Stage 2 yet.,,,2026-02-10,,12.98,13.02,223129682.72,0.65,0.64,0.58,True,True,"Stage 1, Stage 1 - Early Turn, weekly_vcp_ok, volume_dryup, weekly_volume_dryup, stage1_not_actionable, stage1_needs_more_base",watchlist,17.46,18.46,168.66,-4.81,"[7.93, 6.31]","[29, 10]",0.9,62.0,236
ATHERENERG.NS,Ather Energy Ltd.,Automobile and Auto Components,Unknown,Unknown,False,Cash,1,Stage 2,Stage 2,Early Stage 2,Early Stage 2,Stage 2 • Early Stage 2,0.72,"Price has moved above long-term structure, but the full moving-average stack is not clean yet.",,,2026-09-28,,30.55,79.73,6144025144.93,0.82,1.26,0.9,True,False,"Stage 2, Early Stage 2, weekly_vcp_ok, volume_dryup, weekly_strong",watchlist,15.62,18.12,1747.05,-19.46,[10.02],[6],0.0,6.0,237
VMART.NS,V-Mart Retail Limited,Consumer Services,Unknown,Unknown,False,Cash,1,Stage 2,Stage 2,Early Stage 2,Early Stage 2,Stage 2 • Early Stage 2,0.72,"Price has moved above long-term structure, but the full moving-average stack is not clean yet.",,,2026-09-28,,1.42,40.12,57677223.52,0.66,0.65,0.69,True,True,"Stage 2, Early Stage 2, volume_dryup, weekly_volume_dryup",watchlist,17.08,18.08,868.9,-12.53,[17.09],[17],0.0,17.0,238
TECHM.NS,Tech Mahindra Limited,Information Technology,Unknown,Unknown,True,F&O,1,Stage 2,Stage 2,Early Stage 2,Early Stage 2,Stage 2 • Early Stage 2,0.72,"Price has moved above long-term structure, but the full moving-average stack is not clean yet.",Stage 2 confirmed with 3 raw confirmation runs.,,2026-09-28,,13.16,7.37,2525366325.26,0.78,1.85,0.71,True,True,"Stage 2, Early Stage 2, weekly_vcp_ok, volume_dryup, weekly_volume_dryup, weekly_strong",watchlist,17.04,18.04,1649.0,-8.4,[9.16],[6],0.0,6.0,239
IIFL.NS,IIFL Finance Limited,Financial Services,Unknown,Unknown,False,Cash,1,Stage 2,Stage 2,Early Stage 2,Early Stage 2,Stage 2 • Early Stage 2,0.72,"Price has moved above long-term structure, but the full moving-average stack is not clean yet.",,,2026-09-28,,22.97,38.54,1648289631.75,0.7,0.88,0.71,True,True,"Stage 2, Early Stage 2, weekly_vcp_ok, volume_dryup, weekly_volume_dryup, weekly_strong",watchlist,17.98,17.98,706.23,-13.98,[16.04],[6],0.0,6.0,240
SBFC.NS,SBFC Finance Limited,Financial Services,Unknown,Unknown,False,Cash,1,Stage 2 Failed,Stage 4,Failed Stage 2,Failed Stage 2,Stage 2 Failed • Failed Stage 2,0.72,"This stock was recently Stage 2, but the latest structure no longer satisfies Stage 2 rules. It is kept as Stage 2 Failed until a fresh base/repair structure forms.",Recent Stage 2 break; public stage held as Stage 2 Failed.,2026-09-29,2026-09-14,,-1.4,1.24,110228808.36,0.71,2.63,1.06,True,False,"Stage 4, Stage 4 - Weak/Declining, weekly_vcp_ok, volume_dryup, weekly_strong, downtrend | Stage 2 failed state applied from stage memory.",watchlist,17.95,17.95,104.39,-19.09,"[11.99, 8.24, 6.34, 4.42]","[6, 5, 16, 13]",1.0,77.0,241
PARADEEP.NS,Paradeep Phosphates Limited,Chemicals,Unknown,Unknown,False,Cash,1,Stage 2,Stage 2,Early Stage 2,Early Stage 2,Stage 2 • Early Stage 2,0.72,"Price has moved above long-term structure, but the full moving-average stack is not clean yet.",,,2026-09-28,,12.18,34.65,376450869.62,0.22,0.43,0.2,True,True,"Stage 2, Early Stage 2, weekly_vcp_ok, volume_dryup, weekly_volume_dryup, weekly_strong",watchlist,15.43,17.93,166.72,-7.58,[12.91],[6],0.0,6.0,242
NESTLEIND.NS,Nestle India Limited,Fast Moving Consumer Goods,Unknown,Unknown,True,F&O,1,Stage 2 Failed,Stage 1,Failed Stage 2,Failed Stage 2,Stage 2 Failed • Failed Stage 2,0.72,"This stock was recently Stage 2, but the latest structure no longer satisfies Stage 2 rules. It is kept as Stage 2 Failed until a fresh base/repair structure forms.",Recent Stage 2 break; public stage held as Stage 2 Failed.,2026-09-29,2026-09-21,,-1.34,11.65,1434413635.24,0.66,1.42,0.48,True,True,"Stage 1, Stage 1 - Base/Repair, volume_dryup, weekly_volume_dryup, stage1_not_actionable, stage1_needs_more_base | Stage 2 failed state applied from stage memory.",watchlist,17.84,17.84,1555.72,-13.5,"[8.68, 4.79]","[16, 8]",0.9,49.0,243
PVRINOX.NS,PVR INOX Limited,"Media, Entertainment & Publication",Unknown,Unknown,False,Cash,1,Stage 2,Stage 2,Early Stage 2,Early Stage 2,Stage 2 • Early Stage 2,0.72,"Price has moved above long-term structure, but the full moving-average stack is not clean yet.",,,2026-09-28,,24.9,27.19,870138646.4,0.88,1.24,0.89,False,True,"Stage 2, Early Stage 2, weekly_vcp_ok, weekly_volume_dryup",watchlist,17.7,17.7,1360.18,-12.5,[12.36],[9],0.0,9.0,244
INDIANB.NS,Indian Bank,Financial Services,Unknown,Unknown,True,F&O,1,Stage 1,Stage 1,Stage 1 - Unclear/Repair,Stage 1 - Unclear/Repair,Stage 1 • Stage 1 - Unclear/Repair,0.58,Not enough evidence for Stage 2 or Stage 4; classified as repair/unclear structure.,,,2026-09-07,,5.57,-9.29,802876644.07,0.73,1.49,0.77,True,True,"Stage 1, Stage 1 - Unclear/Repair, weekly_vcp_ok, volume_dryup, weekly_volume_dryup, weekly_strong, stage1_not_actionable, stage1_needs_more_base",watchlist,17.68,17.68,906.84,-12.31,"[19.94, 13.07, 6.9, 4.62]","[20, 14, 10, 7]",1.0,93.0,245
ADANIPOWER.NS,Adani Power Limited,Power,Unknown,Unknown,True,F&O,1,Stage 3,Stage 3,Stage 3 - Distribution/Damage,Stage 3 - Distribution/Damage,Stage 3 • Stage 3 - Distribution/Damage,0.76,"Prior strength exists, but short-term and/or weekly structure is deteriorating.",,,2026-08-03,,-5.46,20.69,3330440084.88,0.93,1.79,1.21,False,False,"Stage 3, Stage 3 - Distribution/Damage, distribution_risk",watchlist,17.63,17.63,229.34,-14.41,"[15.5, 13.51]","[9, 34]",0.9,66.0,246
HATSUN.NS,Hatsun Agro Product Limited,Fast Moving Consumer Goods,Unknown,Unknown,False,Cash,1,Stage 2,Stage 2,Stage 2,Stage 2,Stage 2,0.76,Advancing structure detected.,,,2026-09-28,,27.16,23.68,133755984.9,0.51,0.24,0.33,True,True,"Stage 2, Stage 2, weekly_vcp_ok, volume_dryup, weekly_volume_dryup, weekly_strong",watchlist,17.59,17.59,1352.06,-18.66,[9.2],[10],0.0,10.0,247
GRASIM.NS,Grasim Industries Limited,Construction Materials,Unknown,Unknown,True,F&O,1,Stage 2,Stage 2,Early Stage 2,Early Stage 2,Stage 2 • Early Stage 2,0.72,"Price has moved above long-term structure, but the full moving-average stack is not clean yet.",,,2026-09-28,,3.8,19.4,2722349643.98,0.76,1.21,0.82,True,True,"Stage 2, Early Stage 2, volume_dryup, weekly_volume_dryup",watchlist,17.55,17.55,3376.9,-8.2,[5.09],[8],0.0,8.0,248
DEVYANI.NS,Devyani International Limited,Consumer Services,Unknown,Unknown,False,Cash,1,Stage 2,Stage 2,Early Stage 2,Early Stage 2,Stage 2 • Early Stage 2,0.72,"Price has moved above long-term structure, but the full moving-average stack is not clean yet.",,,2026-09-28,,20.51,31.2,227558876.04,0.42,0.86,0.39,True,True,"Stage 2, Early Stage 2, weekly_vcp_ok, volume_dryup, weekly_volume_dryup, weekly_strong",watchlist,16.55,17.55,156.22,-16.32,[14.24],[11],0.0,11.0,249
RSYSTEMS.NS,R Systems International Limited,Information Technology,Unknown,Unknown,False,Cash,1,Stage 1,Stage 1,Stage 1 - Early Turn,Stage 1 - Early Turn,Stage 1 • Stage 1 - Early Turn,0.66,The stock is improving from a repair/base area but has not confirmed a clean Stage 2 yet.,,,,,36.36,12.83,1887613925.0,4.6,30.5,101.49,False,False,"Stage 1, Stage 1 - Early Turn, weekly_vcp_ok, weekly_strong, stage1_not_actionable, stage1_needs_more_base",watchlist,16.49,17.49,283.9,5.21,"[23.17, 16.9]","[13, 16]",0.9,51.0,250
HCC.NS,Hindustan Construction Company Limited,Construction,Unknown,Unknown,False,Cash,1,Stage 2 Failed,Stage 1,Failed Stage 2,Failed Stage 2,Stage 2 Failed • Failed Stage 2,0.72,"This stock was recently Stage 2, but the latest structure no longer satisfies Stage 2 rules. It is kept as Stage 2 Failed until a fresh base/repair structure forms.",Recent Stage 2 break; public stage held as Stage 2 Failed.,2026-09-29,2026-09-23,,-10.56,33.21,424808058.7,0.55,0.38,0.4,True,True,"Stage 1, Stage 1 - Base/Repair, volume_dryup, weekly_volume_dryup, stage1_not_actionable, stage1_needs_more_base | Stage 2 failed state applied from stage memory.",watchlist,17.47,17.47,28.55,-27.46,"[17.44, 11.97]","[10, 8]",0.9,71.0,251
JINDALSTEL.NS,Jindal Steel & Power Limited,Metals & Mining,Unknown,Unknown,True,F&O,1,Stage 2 Failed,Stage 1,Failed Stage 2,Failed Stage 2,Stage 2 Failed • Failed Stage 2,0.72,"This stock was recently Stage 2, but the latest structure no longer satisfies Stage 2 rules. It is kept as Stage 2 Failed until a fresh base/repair structure forms.",Recent Stage 2 break; public stage held as Stage 2 Failed.,2026-09-29,2026-09-25,,13.44,0.28,772750195.99,0.9,0.99,0.84,False,True,"Stage 1, Stage 1 - Base/Repair, weekly_vcp_ok, weekly_volume_dryup, weekly_strong, stage1_not_actionable, stage1_needs_more_base | Stage 2 failed state applied from stage memory.",watchlist,16.45,17.45,1284.35,-12.02,"[22.67, 11.57]","[59, 11]",0.9,103.0,252
ASTERDM.NS,Aster DM Healthcare Limited,Healthcare,Unknown,Unknown,False,Cash,1,Stage 2 Failed,Stage 3,Failed Stage 2,Failed Stage 2,Stage 2 Failed • Failed Stage 2,0.72,"This stock was recently Stage 2, but the latest structure no longer satisfies Stage 2 rules. It is kept as Stage 2 Failed until a fresh base/repair structure forms.",Recent Stage 2 break; public stage held as Stage 2 Failed.,2026-09-29,2026-09-15,,-1.43,9.9,908500062.13,0.44,0.98,0.59,True,True,"Stage 3, Stage 3 - Distribution/Damage, weekly_vcp_ok, volume_dryup, weekly_volume_dryup, weekly_strong, distribution_risk | Stage 2 failed state applied from stage memory.",watchlist,12.42,17.42,800.2,-8.28,"[16.53, 8.73]","[10, 7]",0.9,27.0,253
LUPIN.NS,Lupin Limited,Healthcare,Unknown,Unknown,True,F&O,1,Stage 4,Stage 4,Stage 4 - Weak/Declining,Stage 4 - Weak/Declining,Stage 4 • Stage 4 - Weak/Declining,0.72,Price is below long-term support with weak trend evidence.,,,2026-08-07,,-10.48,-8.89,1324744648.22,0.75,1.39,0.69,True,True,"Stage 4, Stage 4 - Weak/Declining, volume_dryup, weekly_volume_dryup, downtrend",watchlist,12.29,17.29,2523.7,-18.69,"[10.99, 11.19]","[18, 73]",0.9,94.0,254
DATAPATTNS.NS,Data Patterns (India) Limited,Capital Goods,Unknown,Unknown,False,Cash,1,Stage 2,Stage 2,Early Stage 2,Early Stage 2,Stage 2 • Early Stage 2,0.72,"Price has moved above long-term structure, but the full moving-average stack is not clean yet.",,,2026-09-28,,-0.09,35.33,2768600303.77,0.54,0.49,0.34,True,True,"Stage 2, Early Stage 2, volume_dryup, weekly_volume_dryup",watchlist,14.74,17.24,5008.65,-15.71,[17.2],[5],0.0,5.0,255
USHAMART.NS,Usha Martin Limited,Capital Goods,Unknown,Unknown,False,Cash,1,Stage 2,Stage 2,Early Stage 2,Early Stage 2,Stage 2 • Early Stage 2,0.72,"Price has moved above long-term structure, but the full moving-average stack is not clean yet.",,,2026-09-28,,3.81,23.46,563146603.26,1.63,0.42,0.87,False,True,"Stage 2, Early Stage 2, weekly_vcp_ok, weekly_volume_dryup, weekly_strong",watchlist,14.73,17.23,543.55,-8.21,[12.31],[8],0.0,8.0,256
VTL.NS,Vardhman Textiles Limited,Textiles,Unknown,Unknown,False,Cash,1,Stage 4,Stage 4,Stage 4 - Weak/Declining,Stage 4 - Weak/Declining,Stage 4 • Stage 4 - Weak/Declining,0.72,Price is below long-term support with weak trend evidence.,,,2026-08-14,,-13.81,-0.1,216727604.89,0.57,0.42,0.79,True,True,"Stage 4, Stage 4 - Weak/Declining, volume_dryup, weekly_volume_dryup, downtrend",watchlist,12.2,17.2,683.41,-22.51,"[11.86, 12.03]","[17, 22]",0.9,83.0,257
FUSION.NS,Fusion Micro Finance Limited,Financial Services,Unknown,Unknown,False,Cash,1,Stage 2 Failed,Stage 4,Failed Stage 2,Failed Stage 2,Stage 2 Failed • Failed Stage 2,0.72,"This stock was recently Stage 2, but the latest structure no longer satisfies Stage 2 rules. It is kept as Stage 2 Failed until a fresh base/repair structure forms.",Recent Stage 2 break; public stage held as Stage 2 Failed.,2026-09-29,2026-09-14,,-18.42,13.65,106126793.17,0.69,2.69,0.82,True,True,"Stage 4, Stage 4, weekly_vcp_ok, volume_dryup, weekly_volume_dryup, weekly_strong, downtrend | Stage 2 failed state applied from stage memory.",watchlist,17.15,17.15,243.43,-28.81,"[27.59, 18.84, 15.79]","[25, 13, 5]",0.95,73.0,258
WESTLIFE.NS,WESTLIFE FOODWORLD LIMITED,Consumer Services,Unknown,Unknown,False,Cash,1,Stage 2,Stage 2,Early Stage 2,Early Stage 2,Stage 2 • Early Stage 2,0.72,"Price has moved above long-term structure, but the full moving-average stack is not clean yet.",,,2026-09-28,,23.61,31.39,296382006.94,0.71,0.77,1.08,True,False,"Stage 2, Early Stage 2, volume_dryup",watchlist,16.13,17.13,613.07,-2.69,[13.64],[8],0.0,8.0,259
ZYDUSWELL.NS,Zydus Wellness Limited,Fast Moving Consumer Goods,Unknown,Unknown,False,Cash,1,Stage 3,Stage 3,Stage 3 - Distribution/Damage,Stage 3 - Distribution/Damage,Stage 3 • Stage 3 - Distribution/Damage,0.76,"Prior strength exists, but short-term and/or weekly structure is deteriorating.",,,2026-09-04,,-9.2,0.01,318039749.42,0.49,0.65,0.32,True,True,"Stage 3, Stage 3 - Distribution/Damage, volume_dryup, weekly_volume_dryup, distribution_risk",watchlist,17.1,17.1,611.85,-17.28,"[13.63, 11.44, 8.31]","[9, 10, 54]",0.95,94.0,260
DATAMATICS.NS,Datamatics Global Services Limited,Information Technology,Unknown,Unknown,False,Cash,1,Stage 2 Failed,Stage 2,Failed Stage 2,Failed Stage 2,Stage 2 Failed • Failed Stage 2,0.7,Failed Stage 2 cooling period is still active; waiting for a fresh base or confirmed reclaim.,Failed Stage 2 hold period active.,,2026-09-25,,6.93,18.38,124642036.68,0.92,2.1,1.45,False,False,"Stage 2, Stage 2, weekly_vcp_ok | Failed Stage 2 hold period active.",watchlist,15.99,16.99,859.0,-4.38,[19.29],[18],0.0,18.0,261
PFIZER.NS,Pfizer Limited,Healthcare,Unknown,Unknown,False,Cash,1,Stage 4,Stage 4,Stage 4 - Confirmed Downtrend,Stage 4 - Confirmed Downtrend,Stage 4 • Stage 4 - Confirmed Downtrend,0.86,Price is below a bearish moving-average stack with falling trend signals.,,,2026-08-28,,-6.93,-18.18,247192824.51,0.7,2.96,0.99,True,False,"Stage 4, Stage 4 - Confirmed Downtrend, weekly_vcp_ok, volume_dryup, weekly_strong, downtrend",watchlist,11.95,16.95,5038.8,-22.34,"[12.68, 7.39]","[14, 15]",0.9,30.0,262
PETRONET.NS,Petronet LNG Limited,"Oil, Gas & Consumable Fuels",Unknown,Unknown,True,F&O,1,Stage 2 Failed,Stage 3,Failed Stage 2,Failed Stage 2,Stage 2 Failed • Failed Stage 2,0.72,"This stock was recently Stage 2, but the latest structure no longer satisfies Stage 2 rules. It is kept as Stage 2 Failed until a fresh base/repair structure forms.",Recent Stage 2 break; public stage held as Stage 2 Failed.,2026-09-29,2026-09-28,,8.57,12.91,439780791.62,0.95,1.6,1.02,False,False,"Stage 3, Stage 3 - Distribution/Damage, weekly_vcp_ok, weekly_strong, distribution_risk | Stage 2 failed state applied from stage memory.",watchlist,14.39,16.89,300.6,-5.87,"[8.13, 9.1, 7.44]","[13, 26, 12]",0.55,82.0,263
ELECON.NS,Elecon Engineering Company Limited,Capital Goods,Unknown,Unknown,False,Cash,1,Stage 3,Stage 3,Stage 3 - Transition,Stage 3 - Transition,Stage 3 • Stage 3 - Transition,0.62,"The structure is transitioning after prior strength, but it is not yet a confirmed Stage 4 decline.",,,2026-07-06,,-2.75,23.48,1204017676.22,3.27,0.72,7.21,False,False,"Stage 3, Stage 3 - Transition, distribution_risk",watchlist,14.27,16.77,554.82,-13.41,"[28.32, 10.97]","[30, 29]",0.9,66.0,264
ONGC.NS,Oil & Natural Gas Corporation Limited,"Oil, Gas & Consumable Fuels",Unknown,Unknown,True,F&O,1,Stage 1,Stage 1,Stage 1 - Unclear/Repair,Stage 1 - Unclear/Repair,Stage 1 • Stage 1 - Unclear/Repair,0.58,Not enough evidence for Stage 2 or Stage 4; classified as repair/unclear structure.,,,2026-05-22,,3.15,-17.6,2286191071.23,0.82,1.31,0.82,True,True,"Stage 1, Stage 1 - Unclear/Repair, weekly_vcp_ok, volume_dryup, weekly_volume_dryup, weekly_strong, stage1_not_actionable, stage1_needs_more_base",watchlist,14.26,16.76,253.57,-9.29,"[25.35, 9.21]","[32, 24]",0.9,73.0,265
KRBL.NS,KRBL Limited,Fast Moving Consumer Goods,Unknown,Unknown,False,Cash,1,Stage 2,Stage 2,Early Stage 2,Early Stage 2,Stage 2 • Early Stage 2,0.72,"Price has moved above long-term structure, but the full moving-average stack is not clean yet.",,,2026-09-28,,10.07,27.49,164905359.05,0.53,0.41,0.61,True,True,"Stage 2, Early Stage 2, weekly_vcp_ok, volume_dryup, weekly_volume_dryup, weekly_strong",watchlist,16.7,16.7,448.43,-13.88,[13.74],[5],0.0,5.0,266
COROMANDEL.NS,Coromandel International Limited,Chemicals,Unknown,Unknown,False,Cash,1,Stage 4,Stage 4,Stage 4 - Weak/Declining,Stage 4 - Weak/Declining,Stage 4 • Stage 4 - Weak/Declining,0.72,Price is below long-term support with weak trend evidence.,,,2025-12-09,,-5.74,-4.7,239030286.28,1.27,2.86,1.57,False,False,"Stage 4, Stage 4 - Weak/Declining, weekly_vcp_ok, weekly_strong, downtrend",watchlist,14.1,16.6,2129.9,-15.82,"[22.36, 8.68, 6.94]","[40, 9, 7]",0.95,74.0,267
BAYERCROP.NS,Bayer Cropscience Limited,Chemicals,Unknown,Unknown,False,Cash,1,Stage 4,Stage 4,Stage 4 - Confirmed Downtrend,Stage 4 - Confirmed Downtrend,Stage 4 • Stage 4 - Confirmed Downtrend,0.86,Price is below a bearish moving-average stack with falling trend signals.,,,,,-5.62,-21.38,124468245.7,2.1,6.29,2.41,False,False,"Stage 4, Stage 4 - Confirmed Downtrend, downtrend",watchlist,14.1,16.6,4499.76,-19.94,"[15.48, 14.01, 5.26]","[22, 23, 28]",0.95,87.0,268
SARDAEN.NS,Sarda Energy & Minerals Limited,Metals & Mining,Unknown,Unknown,False,Cash,1,Stage 1,Stage 1,Stage 1 - Base/Repair,Stage 1 - Base/Repair,Stage 1 • Stage 1 - Base/Repair,0.7,Price is near long-term moving averages with no strong long-term downtrend signal.,,,2026-03-12,,6.4,-2.81,329416905.42,0.36,0.51,0.32,True,True,"Stage 1, Stage 1 - Base/Repair, volume_dryup, weekly_volume_dryup, stage1_not_actionable, stage1_needs_more_base",watchlist,15.56,16.56,555.97,-10.0,"[18.75, 12.56]","[23, 48]",0.9,76.0,269
WHIRLPOOL.NS,Whirlpool of India Limited,Consumer Durables,Unknown,Unknown,False,Cash,1,Not Sure,Not Sure,Not Sure,Not Sure,Not Sure,0.0,Stage rules did not identify a reliable structure.,No confident stage classification.,,2025-11-07,,16.6,9.4,2502274070.3,3.75,0.84,7.71,False,False,"Not Sure, Not Sure, weekly_vcp_ok, weekly_strong",watchlist,16.5,16.5,855.09,3.87,"[25.81, 9.55, 10.7]","[33, 16, 10]",0.55,81.0,270
RAILTEL.NS,Railtel Corporation Of India Limited,Telecommunication,Unknown,Unknown,False,Cash,1,Stage 4,Stage 4,Stage 4 - Confirmed Downtrend,Stage 4 - Confirmed Downtrend,Stage 4 • Stage 4 - Confirmed Downtrend,0.86,Price is below a bearish moving-average stack with falling trend signals.,,,,,-11.17,-2.01,126856954.73,0.77,0.67,0.63,True,True,"Stage 4, Stage 4 - Confirmed Downtrend, weekly_vcp_ok, volume_dryup, weekly_volume_dryup, weekly_strong, downtrend",watchlist,11.43,16.43,329.06,-21.21,"[16.72, 16.14, 16.67]","[25, 43, 20]",0.95,94.0,271
BHARTIARTL.NS,Bharti Airtel Limited,Telecommunication,Unknown,Unknown,True,F&O,1,Stage 4,Stage 4,Stage 4 - Weak/Declining,Stage 4 - Weak/Declining,Stage 4 • Stage 4 - Weak/Declining,0.72,Price is below long-term support with weak trend evidence.,,,2026-08-21,,-0.08,0.49,9417793075.58,1.03,1.77,0.91,False,False,"Stage 4, Stage 4 - Weak/Declining, weekly_vcp_ok, weekly_strong, downtrend",watchlist,11.33,16.33,2031.0,-12.79,"[9.48, 4.82]","[18, 49]",0.9,75.0,272
MAXHEALTH.NS,Max Healthcare Institute Limited,Healthcare,Unknown,Unknown,True,F&O,1,Stage 2 Failed,Stage 4,Failed Stage 2,Failed Stage 2,Stage 2 Failed • Failed Stage 2,0.72,"This stock was recently Stage 2, but the latest structure no longer satisfies Stage 2 rules. It is kept as Stage 2 Failed until a fresh base/repair structure forms.",Recent Stage 2 break; public stage held as Stage 2 Failed.,2026-09-29,2026-09-24,,-8.81,6.06,1894908725.11,0.96,1.45,1.2,False,False,"Stage 4, Stage 4 - Weak/Declining, weekly_vcp_ok, weekly_strong, downtrend | Stage 2 failed state applied from stage memory.",watchlist,11.29,16.29,1169.94,-16.06,"[17.21, 13.7, 6.53]","[8, 18, 5]",0.95,77.0,273
JAYNECOIND.NS,Jayaswal Neco Industries Limited,Capital Goods,Unknown,Unknown,False,Cash,1,Stage 2 Failed,Stage 2,Failed Stage 2,Failed Stage 2,Stage 2 Failed • Failed Stage 2,0.7,Failed Stage 2 cooling period is still active; waiting for a fresh base or confirmed reclaim.,Failed Stage 2 hold period active.,,2026-09-23,,7.87,17.33,472463133.76,0.49,1.07,0.47,True,True,"Stage 2, Stage 2, weekly_vcp_ok, volume_dryup, weekly_volume_dryup, weekly_strong | Failed Stage 2 hold period active.",watchlist,13.78,16.28,105.35,-12.05,[18.97],[8],0.0,8.0,274
SKFINDIA.NS,SKF India Limited,Capital Goods,Unknown,Unknown,False,Cash,1,Stage 4,Stage 4,Stage 4 - Confirmed Downtrend,Stage 4 - Confirmed Downtrend,Stage 4 • Stage 4 - Confirmed Downtrend,0.86,Price is below a bearish moving-average stack with falling trend signals.,,,,,-1.22,2.5,84855076.21,0.96,3.01,0.75,False,True,"Stage 4, Stage 4 - Confirmed Downtrend, weekly_vcp_ok, weekly_volume_dryup, downtrend",watchlist,13.69,16.19,1719.9,-11.97,"[13.76, 13.33]","[27, 24]",0.9,67.0,275
360ONE.NS,360 ONE WAM LIMITED,Financial Services,Unknown,Unknown,True,F&O,1,Stage 2 Failed,Stage 4,Failed Stage 2,Failed Stage 2,Stage 2 Failed • Failed Stage 2,0.72,"This stock was recently Stage 2, but the latest structure no longer satisfies Stage 2 rules. It is kept as Stage 2 Failed until a fresh base/repair structure forms.",Recent Stage 2 break; public stage held as Stage 2 Failed.,2026-09-29,2026-09-08,,-1.2,11.83,979352264.36,1.23,2.98,1.97,False,False,"Stage 4, Stage 4 - Weak/Declining, downtrend | Stage 2 failed state applied from stage memory.",watchlist,16.12,16.12,1225.04,-15.99,"[10.35, 9.13, 8.97, 7.71]","[7, 24, 12, 13]",1.0,68.0,276
LTTS.NS,L&T Technology Services Ltd.,Information Technology,Unknown,Unknown,False,Cash,1,Stage 4,Stage 4,Stage 4 - Weak/Declining,Stage 4 - Weak/Declining,Stage 4 • Stage 4 - Weak/Declining,0.72,Price is below long-term support with weak trend evidence.,,,,,2.15,-6.42,163941041.2,0.62,1.55,0.57,True,True,"Stage 4, Stage 4 - Weak/Declining, weekly_vcp_ok, volume_dryup, weekly_volume_dryup, weekly_strong, downtrend",watchlist,15.11,16.11,3708.0,-16.89,"[17.16, 13.55, 5.67]","[21, 10, 21]",0.95,70.0,277
KIRLOSIND.NS,Kirloskar Industries Limited,Capital Goods,Unknown,Unknown,False,Cash,1,Stage 2 Failed,Stage 3,Failed Stage 2,Failed Stage 2,Stage 2 Failed • Failed Stage 2,0.72,"This stock was recently Stage 2, but the latest structure no longer satisfies Stage 2 rules. It is kept as Stage 2 Failed until a fresh base/repair structure forms.",Recent Stage 2 break; public stage held as Stage 2 Failed.,2026-09-29,2026-09-14,,-6.38,30.42,149285312.97,0.41,0.27,0.24,True,True,"Stage 3, Stage 3 - Distribution/Damage, volume_dryup, weekly_volume_dryup, distribution_risk | Stage 2 failed state applied from stage memory.",watchlist,13.6,16.1,4062.1,-11.9,"[12.59, 12.42]","[11, 7]",0.9,24.0,278
TCIEXP.NS,TCI Express Limited,Services,Unknown,Unknown,False,Cash,1,Stage 4,Stage 4,Stage 4 - Weak/Declining,Stage 4 - Weak/Declining,Stage 4 • Stage 4 - Weak/Declining,0.72,Price is below long-term support with weak trend evidence.,,,2026-08-17,,10.75,7.83,161342617.38,3.21,201.56,16.34,False,False,"Stage 4, Stage 4 - Weak/Declining, downtrend",watchlist,15.06,16.06,626.09,-15.05,"[17.95, 12.09]","[15, 74]",0.9,93.0,279
OFSS.NS,Oracle Financial Services Software Limited,Information Technology,Unknown,Unknown,True,F&O,1,Stage 2,Stage 2,Early Stage 2,Early Stage 2,Stage 2 • Early Stage 2,0.72,"Price has moved above long-term structure, but the full moving-average stack is not clean yet.",,,2026-09-28,,-1.45,53.0,2434267335.45,0.85,0.81,0.81,False,True,"Stage 2, Early Stage 2, weekly_volume_dryup",watchlist,15.01,16.01,12561.94,-17.16,[5.52],[19],0.0,19.0,280
GARFIBRES.NS,Garware Technical Fibres Limited,Textiles,Unknown,Unknown,False,Cash,1,Stage 2,Stage 2,Early Stage 2,Early Stage 2,Stage 2 • Early Stage 2,0.72,"Price has moved above long-term structure, but the full moving-average stack is not clean yet.",,,2026-09-28,,9.28,26.24,33619358.84,0.55,0.5,0.45,True,True,"Stage 2, Early Stage 2, volume_dryup, weekly_volume_dryup",watchlist,10.88,15.88,852.0,-11.52,[14.4],[7],0.0,7.0,281
APOLLOTYRE.NS,Apollo Tyres Limited,Automobile and Auto Components,Unknown,Unknown,False,Cash,1,Stage 4,Stage 4,Stage 4 - Weak/Declining,Stage 4 - Weak/Declining,Stage 4 • Stage 4 - Weak/Declining,0.72,Price is below long-term support with weak trend evidence.,,,2026-01-15,,-2.75,0.01,357491187.45,1.61,6.0,1.83,False,False,"Stage 4, Stage 4 - Weak/Declining, weekly_vcp_ok, weekly_strong, downtrend",watchlist,13.35,15.85,468.22,-13.13,"[6.88, 6.34, 5.64]","[9, 27, 7]",0.95,58.0,282
NMDC.NS,NMDC Limited,Metals & Mining,Unknown,Unknown,True,F&O,1,Stage 1,Stage 1,Stage 1 - Unclear/Repair,Stage 1 - Unclear/Repair,Stage 1 • Stage 1 - Unclear/Repair,0.58,Not enough evidence for Stage 2 or Stage 4; classified as repair/unclear structure.,,,2026-09-02,,-3.8,-4.95,963535571.55,0.78,1.35,0.92,True,False,"Stage 1, Stage 1 - Unclear/Repair, volume_dryup, stage1_not_actionable, stage1_needs_more_base",watchlist,14.8,15.8,92.13,-16.42,"[6.89, 7.04]","[9, 7]",0.9,78.0,283
AMBER.NS,Amber Enterprises India Limited,Consumer Durables,Unknown,Unknown,True,F&O,1,Not Sure,Stage 4,Pending Stage 4,Pending Stage 4,Not Sure • Pending Stage 4,0.55,Blocked public stage jump Stage 1 -> Stage 4; waiting for intermediate/confirmed structure.,Blocked public stage jump Stage 1 -> Stage 4; waiting for intermediate/confirmed structure.,,2026-07-20,Stage 4,-5.69,3.6,814821916.4,0.52,1.67,0.58,True,True,"Stage 4, Stage 4 - Weak/Declining, weekly_vcp_ok, volume_dryup, weekly_volume_dryup, weekly_strong, downtrend | Blocked public stage jump Stage 1 -> Stage 4; waiting for intermediate/confirmed structure.",watchlist,15.77,15.77,8218.0,-19.61,"[22.69, 14.13, 12.41]","[9, 19, 13]",0.95,94.0,284
PDSL.NS,PDS Limited,Textiles,Unknown,Unknown,False,Cash,1,Stage 2 Failed,Stage 3,Failed Stage 2,Failed Stage 2,Stage 2 Failed • Failed Stage 2,0.72,"This stock was recently Stage 2, but the latest structure no longer satisfies Stage 2 rules. It is kept as Stage 2 Failed until a fresh base/repair structure forms.",Recent Stage 2 break; public stage held as Stage 2 Failed.,2026-09-29,2026-09-23,,1.06,26.35,47842132.71,1.01,5.3,1.35,False,False,"Stage 3, Stage 3 - Distribution/Damage, distribution_risk | Stage 2 failed state applied from stage memory.",watchlist,10.62,15.62,389.68,-10.45,"[18.3, 16.41]","[12, 26]",0.9,45.0,285
TIMETECHNO.NS,Time Technoplast Limited,Capital Goods,Unknown,Unknown,False,Cash,1,Stage 3,Stage 3,Stage 3 - Distribution/Damage,Stage 3 - Distribution/Damage,Stage 3 • Stage 3 - Distribution/Damage,0.76,"Prior strength exists, but short-term and/or weekly structure is deteriorating.",,,2026-08-20,,8.48,9.57,417488721.18,0.97,1.61,0.96,False,False,"Stage 3, Stage 3 - Distribution/Damage, weekly_vcp_ok, weekly_strong, distribution_risk",watchlist,13.11,15.61,210.71,-12.71,"[17.44, 11.17]","[15, 11]",0.9,35.0,286
HONAUT.NS,Honeywell Automation India Limited,Capital Goods,Unknown,Unknown,False,Cash,1,Stage 3,Stage 3,Stage 3 - Distribution/Damage,Stage 3 - Distribution/Damage,Stage 3 • Stage 3 - Distribution/Damage,0.76,"Prior strength exists, but short-term and/or weekly structure is deteriorating.",,,2026-09-04,,-7.79,25.32,148254517.75,1.19,8.96,1.58,False,False,"Stage 3, Stage 3 - Distribution/Damage, weekly_vcp_ok, weekly_strong, distribution_risk",watchlist,13.08,15.58,37255.08,-8.79,"[7.82, 6.26]","[5, 6]",0.9,17.0,287
HCLTECH.NS,HCL Technologies Limited,Information Technology,Unknown,Unknown,True,F&O,1,Stage 4,Stage 4,Stage 4 - Weak/Declining,Stage 4 - Weak/Declining,Stage 4 • Stage 4 - Weak/Declining,0.72,Price is below long-term support with weak trend evidence.,,,2026-02-05,,14.42,-9.89,2984572318.55,1.08,2.56,1.08,False,False,"Stage 4, Stage 4 - Weak/Declining, downtrend",watchlist,14.55,15.55,1379.8,-11.44,"[23.76, 18.06, 12.6]","[21, 21, 8]",0.95,107.0,288
LTM.NS,LTIMindtree Ltd.,Information Technology,Unknown,Unknown,True,F&O,1,Stage 4,Stage 4,Stage 4 - Weak/Declining,Stage 4 - Weak/Declining,Stage 4 • Stage 4 - Weak/Declining,0.72,Price is below long-term support with weak trend evidence.,,,,,10.78,-6.94,1755052301.62,1.06,2.55,1.15,False,False,"Stage 4, Stage 4 - Weak/Declining, weekly_vcp_ok, weekly_strong, downtrend",watchlist,14.48,15.48,4720.4,-16.62,"[18.33, 19.08, 7.69]","[17, 20, 8]",0.95,67.0,289
PAGEIND.NS,Page Industries Limited,Textiles,Unknown,Unknown,True,F&O,1,Stage 3,Stage 3,Stage 3 - Distribution/Damage,Stage 3 - Distribution/Damage,Stage 3 • Stage 3 - Distribution/Damage,0.76,"Prior strength exists, but short-term and/or weekly structure is deteriorating.",,,2026-08-05,,-8.02,9.24,698618943.5,0.88,1.16,0.7,False,True,"Stage 3, Stage 3 - Distribution/Damage, weekly_vcp_ok, weekly_volume_dryup, weekly_strong, distribution_risk",watchlist,10.45,15.45,36603.94,-0.07,"[15.14, 6.95]","[19, 6]",0.9,34.0,290
FORCEMOT.NS,FORCE MOTORS LTD,Automobile and Auto Components,Unknown,Unknown,True,F&O,1,Stage 4,Stage 4,Stage 4 - Confirmed Downtrend,Stage 4 - Confirmed Downtrend,Stage 4 • Stage 4 - Confirmed Downtrend,0.86,Price is below a bearish moving-average stack with falling trend signals.,,,2026-05-06,,-3.81,-19.52,1133492316.12,0.74,1.28,0.76,True,True,"Stage 4, Stage 4 - Confirmed Downtrend, weekly_vcp_ok, volume_dryup, weekly_volume_dryup, weekly_strong, downtrend",watchlist,12.83,15.33,21040.14,-19.65,"[27.22, 11.45, 11.82]","[41, 32, 12]",0.95,98.0,291
TATATECH.NS,Tata Technologies Ltd.,Information Technology,Unknown,Unknown,False,Cash,1,Stage 2,Stage 2,Early Stage 2,Early Stage 2,Stage 2 • Early Stage 2,0.72,"Price has moved above long-term structure, but the full moving-average stack is not clean yet.",,,2026-09-28,,2.03,28.8,647580125.49,0.61,0.58,0.5,True,True,"Stage 2, Early Stage 2, volume_dryup, weekly_volume_dryup",watchlist,14.21,15.21,851.49,-19.35,[11.94],[10],0.0,10.0,292
BANCOINDIA.NS,Banco Products (I) Limited,Automobile and Auto Components,Unknown,Unknown,False,Cash,1,Stage 4,Stage 4,Stage 4 - Weak/Declining,Stage 4 - Weak/Declining,Stage 4 • Stage 4 - Weak/Declining,0.72,Price is below long-term support with weak trend evidence.,,,2026-07-16,,-6.41,16.28,50758837.4,0.59,0.72,0.48,True,True,"Stage 4, Stage 4 - Weak/Declining, weekly_vcp_ok, volume_dryup, weekly_volume_dryup, weekly_strong, downtrend",watchlist,12.71,15.21,685.96,-13.16,"[17.06, 12.82, 9.78]","[15, 7, 5]",0.95,53.0,293
SAGILITY.NS,Sagility Ltd.,Information Technology,Unknown,Unknown,False,Cash,1,Stage 4,Stage 4,Stage 4 - Weak/Declining,Stage 4 - Weak/Declining,Stage 4 • Stage 4 - Weak/Declining,0.72,Price is below long-term support with weak trend evidence.,,,,,10.08,0.97,562824439.19,0.49,0.56,0.39,True,True,"Stage 4, Stage 4 - Weak/Declining, weekly_vcp_ok, volume_dryup, weekly_volume_dryup, weekly_strong, downtrend",watchlist,14.2,15.2,47.57,-10.58,"[15.15, 9.46, 8.46]","[29, 14, 9]",0.95,89.0,294
INDUSTOWER.NS,Indus Towers Limited,Telecommunication,Unknown,Unknown,True,F&O,1,Stage 4,Stage 4,Stage 4 - Weak/Declining,Stage 4 - Weak/Declining,Stage 4 • Stage 4 - Weak/Declining,0.72,Price is below long-term support with weak trend evidence.,,,2026-03-27,,5.54,-9.92,1619877349.91,0.94,2.07,1.16,False,False,"Stage 4, Stage 4 - Weak/Declining, weekly_vcp_ok, weekly_strong, downtrend",watchlist,10.1,15.1,390.85,-5.96,"[10.48, 5.32]","[11, 11]",0.9,40.0,295
TMPV.NS,Tata Motors Passenger Vehicles Ltd.,Automobile and Auto Components,Unknown,Unknown,True,F&O,1,Stage 4,Stage 4,Stage 4 - Confirmed Downtrend,Stage 4 - Confirmed Downtrend,Stage 4 • Stage 4 - Confirmed Downtrend,0.86,Price is below a bearish moving-average stack with falling trend signals.,,,,,-12.32,-7.39,2951211463.01,1.36,2.07,1.55,False,False,"Stage 4, Stage 4 - Confirmed Downtrend, downtrend",watchlist,12.49,14.99,353.2,-20.46,"[21.31, 16.05]","[29, 27]",0.9,64.0,296
NEWGEN.NS,Newgen Software Technologies Limited,Information Technology,Unknown,Unknown,False,Cash,1,Stage 4,Stage 4,Stage 4 - Weak/Declining,Stage 4 - Weak/Declining,Stage 4 • Stage 4 - Weak/Declining,0.72,Price is below long-term support with weak trend evidence.,,,,,5.29,8.46,358456479.81,0.47,2.37,0.6,True,True,"Stage 4, Stage 4 - Weak/Declining, weekly_vcp_ok, volume_dryup, weekly_volume_dryup, weekly_strong, downtrend",watchlist,13.95,14.95,576.91,-18.01,"[17.2, 11.41]","[9, 15]",0.9,27.0,297
GMDCLTD.NS,Gujarat Mineral Development Corporation Limited,Metals & Mining,Unknown,Unknown,False,Cash,1,Stage 4,Stage 4,Stage 4 - Weak/Declining,Stage 4 - Weak/Declining,Stage 4 • Stage 4 - Weak/Declining,0.72,Price is below long-term support with weak trend evidence.,,,2026-06-24,,-7.41,-12.12,508612171.15,0.61,0.81,0.58,True,True,"Stage 4, Stage 4 - Weak/Declining, volume_dryup, weekly_volume_dryup, downtrend",watchlist,13.94,14.94,622.34,-17.54,"[19.03, 19.27, 11.8, 9.94]","[21, 24, 20, 5]",1.0,88.0,298
NUVOCO.NS,Nuvoco Vistas Corporation Limited,Construction Materials,Unknown,Unknown,False,Cash,1,Stage 3,Stage 3,Stage 3 - Transition,Stage 3 - Transition,Stage 3 • Stage 3 - Transition,0.62,"The structure is transitioning after prior strength, but it is not yet a confirmed Stage 4 decline.",,,2025-10-17,,8.47,11.86,131476651.73,0.82,1.31,0.65,True,True,"Stage 3, Stage 3 - Transition, weekly_vcp_ok, volume_dryup, weekly_volume_dryup, weekly_strong, distribution_risk",watchlist,14.89,14.89,357.6,-7.66,"[22.04, 13.2]","[34, 8]",0.9,45.0,299
IGL.NS,Indraprastha Gas Limited,"Oil, Gas & Consumable Fuels",Unknown,Unknown,False,Cash,1,Stage 4,Stage 4,Stage 4 - Confirmed Downtrend,Stage 4 - Confirmed Downtrend,Stage 4 • Stage 4 - Confirmed Downtrend,0.86,Price is below a bearish moving-average stack with falling trend signals.,,,2025-11-14,,-1.74,-4.11,251836745.43,1.0,1.79,0.93,False,False,"Stage 4, Stage 4 - Confirmed Downtrend, downtrend",watchlist,12.25,14.75,175.91,-19.26,"[12.94, 7.25, 6.71]","[7, 6, 17]",0.95,80.0,300
NLCINDIA.NS,NLC India Ltd.,Power,Unknown,Unknown,False,Cash,1,Stage 4,Stage 4,Stage 4 - Weak/Declining,Stage 4 - Weak/Declining,Stage 4 • Stage 4 - Weak/Declining,0.72,Price is below long-term support with weak trend evidence.,,,2026-07-17,,-12.31,-6.46,392327276.88,0.87,1.85,0.65,False,True,"Stage 4, Stage 4 - Weak/Declining, weekly_volume_dryup, downtrend",watchlist,14.72,14.72,362.29,-29.41,"[21.33, 14.95, 14.43, 9.92]","[20, 24, 8, 5]",1.0,89.0,301
DOMS.NS,DOMS Industries Ltd.,Fast Moving Consumer Goods,Unknown,Unknown,False,Cash,1,Stage 4,Stage 4,Stage 4 - Confirmed Downtrend,Stage 4 - Confirmed Downtrend,Stage 4 • Stage 4 - Confirmed Downtrend,0.86,Price is below a bearish moving-average stack with falling trend signals.,,,,,-6.12,-11.88,74242031.29,0.61,1.65,0.71,True,True,"Stage 4, Stage 4 - Confirmed Downtrend, weekly_vcp_ok, volume_dryup, weekly_volume_dryup, weekly_strong, downtrend",watchlist,14.7,14.7,2399.02,-14.45,"[15.33, 6.14]","[35, 16]",0.9,91.0,302
PRAJIND.NS,Praj Industries Limited,Capital Goods,Unknown,Unknown,False,Cash,1,Stage 1,Stage 1,Stage 1 - Unclear/Repair,Stage 1 - Unclear/Repair,Stage 1 • Stage 1 - Unclear/Repair,0.58,Not enough evidence for Stage 2 or Stage 4; classified as repair/unclear structure.,,,2026-08-31,,-5.96,-9.26,127346980.19,0.43,0.49,0.38,True,True,"Stage 1, Stage 1 - Unclear/Repair, weekly_vcp_ok, volume_dryup, weekly_volume_dryup, weekly_strong, stage1_not_actionable, stage1_needs_more_base",watchlist,12.2,14.7,396.36,-22.36,"[16.64, 19.02, 18.23, 14.74]","[17, 13, 16, 17]",0.73,104.0,303
PURVA.NS,Puravankara Limited,Realty,Unknown,Unknown,False,Cash,1,Stage 4,Stage 4,Stage 4 - Weak/Declining,Stage 4 - Weak/Declining,Stage 4 • Stage 4 - Weak/Declining,0.72,Price is below long-term support with weak trend evidence.,,,,,-1.51,16.32,255874491.65,0.32,0.28,0.12,True,True,"Stage 4, Stage 4 - Weak/Declining, weekly_vcp_ok, volume_dryup, weekly_volume_dryup, downtrend",watchlist,13.68,14.68,262.26,-21.89,"[20.77, 11.88]","[17, 64]",0.9,86.0,304
TASTYBITE.NS,Tasty Bite Eatables Limited,Fast Moving Consumer Goods,Unknown,Unknown,False,Cash,1,Stage 2,Stage 2,Early Stage 2,Early Stage 2,Stage 2 • Early Stage 2,0.72,"Price has moved above long-term structure, but the full moving-average stack is not clean yet.",,,2026-09-28,,16.96,43.02,26422365.9,0.24,0.28,0.24,True,True,"Stage 2, Early Stage 2, volume_dryup, weekly_volume_dryup",watchlist,14.62,14.62,10421.24,-7.77,[8.92],[13],0.0,13.0,305
HINDPETRO.NS,Hindustan Petroleum Corporation Limited,"Oil, Gas & Consumable Fuels",Unknown,Unknown,True,F&O,1,Stage 4,Stage 4,Stage 4 - Weak/Declining,Stage 4 - Weak/Declining,Stage 4 • Stage 4 - Weak/Declining,0.72,Price is below long-term support with weak trend evidence.,,,2026-01-07,,-1.99,12.38,1339562476.57,0.74,1.05,0.7,True,True,"Stage 4, Stage 4 - Weak/Declining, weekly_vcp_ok, volume_dryup, weekly_volume_dryup, weekly_strong, downtrend",watchlist,12.02,14.52,400.12,-12.73,"[12.47, 10.9]","[13, 12]",0.9,79.0,306
CANBK.NS,Canara Bank,Financial Services,Unknown,Unknown,True,F&O,1,Stage 4,Stage 4,Stage 4 - Confirmed Downtrend,Stage 4 - Confirmed Downtrend,Stage 4 • Stage 4 - Confirmed Downtrend,0.86,Price is below a bearish moving-average stack with falling trend signals.,,,2026-02-23,,-0.0,-4.95,1429202674.08,0.8,1.84,0.9,True,False,"Stage 4, Stage 4 - Confirmed Downtrend, weekly_vcp_ok, volume_dryup, weekly_strong, downtrend",watchlist,14.47,14.47,133.11,-10.22,"[15.81, 11.61, 6.45]","[20, 14, 10]",0.95,67.0,307
RAJRATAN.NS,Rajratan Global Wire Limited,Automobile and Auto Components,Unknown,Unknown,False,Cash,1,Stage 2,Stage 2,Early Stage 2,Early Stage 2,Stage 2 • Early Stage 2,0.72,"Price has moved above long-term structure, but the full moving-average stack is not clean yet.",,,2026-09-28,,9.35,26.49,62145078.09,0.96,0.47,0.76,False,True,"Stage 2, Early Stage 2, weekly_vcp_ok, weekly_volume_dryup, weekly_strong",watchlist,11.97,14.47,535.74,-12.99,[19.6],[5],0.0,5.0,308
MGL.NS,Mahanagar Gas Limited,"Oil, Gas & Consumable Fuels",Unknown,Unknown,False,Cash,1,Stage 2 Failed,Stage 4,Failed Stage 2,Failed Stage 2,Stage 2 Failed • Failed Stage 2,0.72,"This stock was recently Stage 2, but the latest structure no longer satisfies Stage 2 rules. It is kept as Stage 2 Failed until a fresh base/repair structure forms.",Recent Stage 2 break; public stage held as Stage 2 Failed.,2026-09-29,2026-09-23,,0.62,12.45,140217640.68,0.52,0.55,0.53,True,True,"Stage 4, Stage 4 - Weak/Declining, weekly_vcp_ok, volume_dryup, weekly_volume_dryup, weekly_strong, downtrend | Stage 2 failed state applied from stage memory.",watchlist,11.88,14.38,1173.2,-10.46,"[14.98, 8.46]","[23, 22]",0.9,51.0,309
CHOLAFIN.NS,Cholamandalam Investment and Finance Company Limited,Financial Services,Unknown,Unknown,True,F&O,1,Stage 2 Failed,Stage 1,Failed Stage 2,Failed Stage 2,Stage 2 Failed • Failed Stage 2,0.72,"This stock was recently Stage 2, but the latest structure no longer satisfies Stage 2 rules. It is kept as Stage 2 Failed until a fresh base/repair structure forms.",Recent Stage 2 break; public stage held as Stage 2 Failed.,2026-09-29,2026-09-23,,-3.01,17.3,2518208756.15,1.24,1.2,1.58,False,False,"Stage 1, Stage 1 - Base/Repair, weekly_vcp_ok, weekly_strong, stage1_not_actionable, stage1_needs_more_base | Stage 2 failed state applied from stage memory.",watchlist,14.32,14.32,1952.5,-16.66,"[16.73, 11.41, 7.87]","[19, 13, 5]",0.95,84.0,310
FEDERALBNK.NS,The Federal Bank Limited,Financial Services,Unknown,Unknown,True,F&O,1,Stage 2,Stage 2,Early Stage 2,Early Stage 2,Stage 2 • Early Stage 2,0.72,"Price has moved above long-term structure, but the full moving-average stack is not clean yet.",,,2026-09-28,,4.17,18.79,1817315121.63,1.33,1.82,1.38,False,False,"Stage 2, Early Stage 2, weekly_vcp_ok, weekly_strong",watchlist,14.25,14.25,357.57,-10.45,[8.15],[10],0.0,10.0,311
NHPC.NS,NHPC Limited,Power,Unknown,Unknown,True,F&O,1,Stage 1,Stage 1,Stage 1 - Base/Repair,Stage 1 - Base/Repair,Stage 1 • Stage 1 - Base/Repair,0.7,Price is near long-term moving averages with no strong long-term downtrend signal.,,,2026-05-06,,-2.67,-3.01,743185483.94,0.97,1.21,0.69,False,True,"Stage 1, Stage 1 - Base/Repair, weekly_vcp_ok, weekly_volume_dryup, weekly_strong, stage1_not_actionable, stage1_needs_more_base",watchlist,14.21,14.21,82.77,-11.42,"[12.58, 12.33, 9.69]","[13, 9, 41]",0.95,88.0,312
IOB.NS,Indian Overseas Bank,Financial Services,Unknown,Unknown,False,Cash,1,Stage 4,Stage 4,Stage 4 - Confirmed Downtrend,Stage 4 - Confirmed Downtrend,Stage 4 • Stage 4 - Confirmed Downtrend,0.86,Price is below a bearish moving-average stack with falling trend signals.,,,,,-3.91,-5.9,84034963.39,1.31,8.29,1.56,False,False,"Stage 4, Stage 4 - Confirmed Downtrend, weekly_vcp_ok, weekly_strong, downtrend",watchlist,14.1,14.1,36.53,-15.28,"[11.35, 8.9, 9.06]","[31, 15, 19]",0.95,90.0,313
CHOLAHLDNG.NS,Cholamandalam Financial Holdings Limited,Financial Services,Unknown,Unknown,False,Cash,1,Stage 4,Stage 4,Stage 4 - Confirmed Downtrend,Stage 4 - Confirmed Downtrend,Stage 4 • Stage 4 - Confirmed Downtrend,0.86,Price is below a bearish moving-average stack with falling trend signals.,,,2025-12-05,,-11.95,-3.39,247796003.57,1.42,3.37,1.84,False,False,"Stage 4, Stage 4 - Confirmed Downtrend, weekly_vcp_ok, downtrend",watchlist,14.1,14.1,1723.05,-20.39,"[22.75, 13.44, 13.33]","[20, 14, 18]",0.95,82.0,314
BLS.NS,BLS International Services Ltd.,Consumer Services,Unknown,Unknown,False,Cash,1,Stage 4,Stage 4,Stage 4 - Confirmed Downtrend,Stage 4 - Confirmed Downtrend,Stage 4 • Stage 4 - Confirmed Downtrend,0.86,Price is below a bearish moving-average stack with falling trend signals.,,,,,-7.2,-17.55,171347575.26,0.39,0.37,0.31,True,True,"Stage 4, Stage 4 - Confirmed Downtrend, weekly_vcp_ok, volume_dryup, weekly_volume_dryup, weekly_strong, downtrend",watchlist,13.1,14.1,282.08,-22.17,"[17.43, 18.15, 17.54]","[6, 24, 10]",0.95,81.0,315
TIMKEN.NS,Timken India Limited,Capital Goods,Unknown,Unknown,False,Cash,1,Stage 1,Stage 1,Stage 1 - Unclear/Repair,Stage 1 - Unclear/Repair,Stage 1 • Stage 1 - Unclear/Repair,0.58,Not enough evidence for Stage 2 or Stage 4; classified as repair/unclear structure.,,,2026-07-06,,-3.15,-6.65,121374527.11,1.15,1.38,0.95,False,False,"Stage 1, Stage 1 - Unclear/Repair, stage1_not_actionable, stage1_needs_more_base",watchlist,11.58,14.08,3396.33,-9.13,"[18.23, 9.46]","[34, 11]",0.9,55.0,316
BOMDYEING.NS,Bombay Dyeing & Mfg Company Limited,Textiles,Unknown,Unknown,False,Cash,1,Stage 4,Stage 4,Stage 4 - Confirmed Downtrend,Stage 4 - Confirmed Downtrend,Stage 4 • Stage 4 - Confirmed Downtrend,0.86,Price is below a bearish moving-average stack with falling trend signals.,,,,,-11.61,4.85,50859685.1,0.62,0.4,0.48,True,True,"Stage 4, Stage 4 - Confirmed Downtrend, volume_dryup, weekly_volume_dryup, downtrend",watchlist,9.03,14.03,140.77,-24.2,"[16.08, 16.38, 12.97, 13.86]","[6, 24, 13, 14]",0.73,93.0,317
IOC.NS,Indian Oil Corporation Ltd.,"Oil, Gas & Consumable Fuels",Unknown,Unknown,True,F&O,1,Stage 4,Stage 4,Stage 4 - Confirmed Downtrend,Stage 4 - Confirmed Downtrend,Stage 4 • Stage 4 - Confirmed Downtrend,0.86,Price is below a bearish moving-average stack with falling trend signals.,,,2026-03-06,,-0.36,-0.7,979147930.3,1.05,1.36,0.91,False,False,"Stage 4, Stage 4 - Confirmed Downtrend, weekly_vcp_ok, weekly_strong, downtrend",watchlist,11.46,13.96,147.98,-11.25,"[12.01, 9.15, 7.99, 6.7]","[19, 9, 17, 15]",1.0,106.0,318
JKTYRE.NS,JK Tyre & Industries Limited,Automobile and Auto Components,Unknown,Unknown,False,Cash,1,Stage 4,Stage 4,Stage 4 - Confirmed Downtrend,Stage 4 - Confirmed Downtrend,Stage 4 • Stage 4 - Confirmed Downtrend,0.86,Price is below a bearish moving-average stack with falling trend signals.,,,2026-03-02,,-11.99,-13.48,148725483.26,0.85,1.18,0.9,True,False,"Stage 4, Stage 4 - Confirmed Downtrend, weekly_vcp_ok, volume_dryup, weekly_strong, downtrend",watchlist,11.34,13.84,422.0,-20.66,"[18.98, 16.95, 10.73]","[23, 11, 13]",0.95,70.0,319
GPIL.NS,Godawari Power And Ispat limited,Capital Goods,Unknown,Unknown,False,Cash,1,Stage 4,Stage 4,Stage 4 - Weak/Declining,Stage 4 - Weak/Declining,Stage 4 • Stage 4 - Weak/Declining,0.72,Price is below long-term support with weak trend evidence.,,,2026-06-05,,-6.63,-18.81,332563720.36,0.78,0.88,0.72,True,True,"Stage 4, Stage 4 - Weak/Declining, volume_dryup, weekly_volume_dryup, downtrend",watchlist,11.34,13.84,256.0,-13.54,"[27.95, 9.76, 7.42]","[48, 10, 11]",0.95,75.0,320
APTUS.NS,Aptus Value Housing Finance India Limited,Financial Services,Unknown,Unknown,False,Cash,1,Stage 4,Stage 4,Stage 4 - Weak/Declining,Stage 4 - Weak/Declining,Stage 4 • Stage 4 - Weak/Declining,0.72,Price is below long-term support with weak trend evidence.,,,2026-07-30,,-12.9,19.19,409803212.79,1.7,2.69,1.7,False,False,"Stage 4, Stage 4 - Weak/Declining, weekly_vcp_ok, weekly_strong, downtrend",watchlist,13.83,13.83,309.54,-24.62,"[14.83, 11.33]","[23, 45]",0.9,72.0,321
TECHNOE.NS,Techno Electric & Engineering Company Limited,Construction,Unknown,Unknown,False,Cash,1,Stage 4,Stage 4,Stage 4 - Weak/Declining,Stage 4 - Weak/Declining,Stage 4 • Stage 4 - Weak/Declining,0.72,Price is below long-term support with weak trend evidence.,,,,,0.09,-3.62,134765826.82,0.85,1.79,0.67,False,True,"Stage 4, Stage 4 - Weak/Declining, weekly_volume_dryup, downtrend",watchlist,13.72,13.72,1108.9,-8.91,"[28.93, 14.25, 9.48]","[13, 33, 13]",0.95,82.0,322
SBICARD.NS,SBI Cards and Payment Services Limited,Financial Services,Unknown,Unknown,True,F&O,1,Stage 4,Stage 4,Stage 4 - Weak/Declining,Stage 4 - Weak/Declining,Stage 4 • Stage 4 - Weak/Declining,0.72,Price is below long-term support with weak trend evidence.,,,2025-10-29,,2.26,-8.07,1067399173.23,0.63,0.5,0.53,True,True,"Stage 4, Stage 4 - Weak/Declining, weekly_vcp_ok, volume_dryup, weekly_volume_dryup, weekly_strong, downtrend",watchlist,13.66,13.66,675.78,-14.03,"[12.61, 11.47, 9.22, 9.52]","[20, 12, 10, 12]",1.0,87.0,323
BANKINDIA.NS,Bank of India,Financial Services,Unknown,Unknown,True,F&O,1,Stage 4,Stage 4,Stage 4 - Confirmed Downtrend,Stage 4 - Confirmed Downtrend,Stage 4 • Stage 4 - Confirmed Downtrend,0.86,Price is below a bearish moving-average stack with falling trend signals.,,,2026-08-27,,-3.64,-5.62,677959592.37,0.87,1.8,0.9,False,False,"Stage 4, Stage 4 - Confirmed Downtrend, weekly_vcp_ok, weekly_strong, downtrend",watchlist,13.65,13.65,149.33,-12.87,"[11.56, 11.25, 9.18]","[20, 17, 5]",0.95,69.0,324
COALINDIA.NS,Coal India Limited,"Oil, Gas & Consumable Fuels",Unknown,Unknown,True,F&O,1,Stage 1,Stage 1,Stage 1 - Base/Repair,Stage 1 - Base/Repair,Stage 1 • Stage 1 - Base/Repair,0.7,Price is near long-term moving averages with no strong long-term downtrend signal.,,,2026-07-03,,5.45,-4.64,3861658057.86,0.79,0.79,0.69,True,True,"Stage 1, Stage 1 - Base/Repair, volume_dryup, weekly_volume_dryup, stage1_not_actionable, stage1_needs_more_base",watchlist,11.02,13.52,437.06,-2.76,[17.21],[55],0.0,55.0,325
GALLANTT.NS,Gallantt Ispat Limited,Capital Goods,Unknown,Unknown,False,Cash,1,Stage 4,Stage 4,Stage 4 - Weak/Declining,Stage 4 - Weak/Declining,Stage 4 • Stage 4 - Weak/Declining,0.72,Price is below long-term support with weak trend evidence.,,,2026-06-26,,-15.4,-3.71,51788063.73,0.9,0.7,0.39,False,True,"Stage 4, Stage 4 - Weak/Declining, weekly_vcp_ok, weekly_volume_dryup, weekly_strong, downtrend",watchlist,10.99,13.49,747.56,-27.89,"[34.06, 29.42, 12.66, 12.8]","[20, 8, 8, 9]",1.0,93.0,326
RELIANCE.NS,Reliance Industries Limited,"Oil, Gas & Consumable Fuels",Unknown,Unknown,True,F&O,1,Stage 4,Stage 4,Stage 4 - Confirmed Downtrend,Stage 4 - Confirmed Downtrend,Stage 4 • Stage 4 - Confirmed Downtrend,0.86,Price is below a bearish moving-average stack with falling trend signals.,,,2026-01-14,,-3.32,-8.53,14185593862.58,1.14,2.28,1.35,False,False,"Stage 4, Stage 4 - Confirmed Downtrend, weekly_vcp_ok, downtrend",watchlist,10.95,13.45,1337.34,-11.62,"[14.55, 5.45]","[27, 12]",0.9,46.0,327
DCXINDIA.NS,DCX Systems Limited,Capital Goods,Unknown,Unknown,False,Cash,1,Stage 4,Stage 4,Stage 4 - Weak/Declining,Stage 4 - Weak/Declining,Stage 4 • Stage 4 - Weak/Declining,0.72,Price is below long-term support with weak trend evidence.,,,,,-16.45,-4.33,62276057.26,0.83,0.75,0.64,True,True,"Stage 4, Stage 4 - Weak/Declining, weekly_vcp_ok, volume_dryup, weekly_volume_dryup, weekly_strong, downtrend",watchlist,10.85,13.35,213.26,-25.53,"[20.54, 17.53, 15.7]","[11, 14, 31]",0.95,80.0,328
NATIONALUM.NS,National Aluminium Company Limited,Metals & Mining,Unknown,Unknown,True,F&O,1,Stage 4,Stage 4,Stage 4 - Weak/Declining,Stage 4 - Weak/Declining,Stage 4 • Stage 4 - Weak/Declining,0.72,Price is below long-term support with weak trend evidence.,,,2026-08-31,,6.02,-13.91,1612448600.66,0.7,1.6,0.83,True,True,"Stage 4, Stage 4 - Weak/Declining, weekly_vcp_ok, volume_dryup, weekly_volume_dryup, weekly_strong, downtrend",watchlist,12.33,13.33,421.87,-17.83,"[21.23, 9.91]","[30, 10]",0.9,54.0,329
INFY.NS,Infosys Limited,Information Technology,Unknown,Unknown,True,F&O,1,Stage 4,Stage 4,Stage 4 - Weak/Declining,Stage 4 - Weak/Declining,Stage 4 • Stage 4 - Weak/Declining,0.72,Price is below long-term support with weak trend evidence.,,,2026-02-03,,3.0,-20.13,8977202036.32,0.9,1.55,0.85,False,True,"Stage 4, Stage 4 - Weak/Declining, weekly_vcp_ok, weekly_volume_dryup, weekly_strong, downtrend",watchlist,12.32,13.32,1254.0,-19.03,"[20.91, 21.52, 11.2]","[25, 21, 6]",0.95,109.0,330
TRITURBINE.NS,Triveni Turbine Limited,Capital Goods,Unknown,Unknown,False,Cash,1,Stage 4,Stage 4,Stage 4 - Weak/Declining,Stage 4 - Weak/Declining,Stage 4 • Stage 4 - Weak/Declining,0.72,Price is below long-term support with weak trend evidence.,,,2026-08-06,,-11.06,19.44,260633328.7,0.63,1.26,0.57,True,True,"Stage 4, Stage 4 - Weak/Declining, volume_dryup, weekly_volume_dryup, downtrend",watchlist,10.82,13.32,747.72,-27.31,"[19.04, 20.56, 14.23, 11.61]","[9, 15, 8, 14]",0.73,78.0,331
ABFRL.NS,Aditya Birla Fashion and Retail Limited,Consumer Services,Unknown,Unknown,False,Cash,1,Stage 4,Stage 4,Stage 4 - Confirmed Downtrend,Stage 4 - Confirmed Downtrend,Stage 4 • Stage 4 - Confirmed Downtrend,0.86,Price is below a bearish moving-average stack with falling trend signals.,,,,,-19.94,-21.09,235720059.86,0.84,3.23,1.06,True,False,"Stage 4, Stage 4 - Confirmed Downtrend, weekly_vcp_ok, volume_dryup, weekly_strong, downtrend",watchlist,12.31,13.31,64.21,-27.99,"[15.8, 11.92]","[13, 26]",0.9,44.0,332
TANLA.NS,Tanla Platforms Limited,Information Technology,Unknown,Unknown,False,Cash,1,Stage 4,Stage 4,Stage 4 - Weak/Declining,Stage 4 - Weak/Declining,Stage 4 • Stage 4 - Weak/Declining,0.72,Price is below long-term support with weak trend evidence.,,,2026-08-21,,-2.94,18.29,189190137.01,0.32,0.59,0.32,True,True,"Stage 4, Stage 4 - Weak/Declining, volume_dryup, weekly_volume_dryup, downtrend",watchlist,12.26,13.26,646.73,-24.13,"[18.51, 8.76, 4.19]","[7, 7, 16]",0.95,45.0,333
RECLTD.NS,REC Limited,Financial Services,Unknown,Unknown,True,F&O,1,Stage 4,Stage 4,Stage 4 - Confirmed Downtrend,Stage 4 - Confirmed Downtrend,Stage 4 • Stage 4 - Confirmed Downtrend,0.86,Price is below a bearish moving-average stack with falling trend signals.,,,2026-08-07,,-12.59,-8.83,1850179639.94,1.4,8.33,2.38,False,False,"Stage 4, Stage 4 - Confirmed Downtrend, weekly_vcp_ok, weekly_strong, downtrend",watchlist,13.2,13.2,375.67,-22.15,"[17.15, 15.3]","[30, 43]",0.9,96.0,334
SBIN.NS,State Bank of India,Financial Services,Unknown,Unknown,True,F&O,1,Stage 4,Stage 4,Stage 4 - Confirmed Downtrend,Stage 4 - Confirmed Downtrend,Stage 4 • Stage 4 - Confirmed Downtrend,0.86,Price is below a bearish moving-average stack with falling trend signals.,,,2026-08-31,,-1.2,-4.45,8263026391.08,1.02,3.78,1.33,False,False,"Stage 4, Stage 4 - Confirmed Downtrend, weekly_vcp_ok, weekly_strong, downtrend",watchlist,13.2,13.2,1126.47,-14.36,"[15.19, 8.66]","[20, 53]",0.9,106.0,335
DABUR.NS,Dabur India Limited,Fast Moving Consumer Goods,Unknown,Unknown,True,F&O,1,Stage 4,Stage 4,Stage 4 - Confirmed Downtrend,Stage 4 - Confirmed Downtrend,Stage 4 • Stage 4 - Confirmed Downtrend,0.86,Price is below a bearish moving-average stack with falling trend signals.,,,2026-01-16,,-7.24,-6.4,891603578.06,1.0,3.19,1.21,False,False,"Stage 4, Stage 4 - Confirmed Downtrend, downtrend",watchlist,13.2,13.2,450.95,-15.64,"[15.47, 15.97]","[19, 31]",0.9,88.0,336
DALBHARAT.NS,Dalmia Bharat Limited,Construction Materials,Unknown,Unknown,True,F&O,1,Stage 4,Stage 4,Stage 4 - Confirmed Downtrend,Stage 4 - Confirmed Downtrend,Stage 4 • Stage 4 - Confirmed Downtrend,0.86,Price is below a bearish moving-average stack with falling trend signals.,,,,,-1.2,-8.02,147465665.58,0.51,0.23,0.4,True,True,"Stage 4, Stage 4 - Confirmed Downtrend, weekly_vcp_ok, volume_dryup, weekly_volume_dryup, weekly_strong, downtrend",watchlist,13.1,13.1,1928.37,-15.09,"[16.56, 12.98, 11.44]","[10, 13, 33]",0.95,91.0,337
JSWHL.NS,JSW Holdings Limited,Financial Services,Unknown,Unknown,False,Cash,1,Stage 4,Stage 4,Stage 4 - Confirmed Downtrend,Stage 4 - Confirmed Downtrend,Stage 4 • Stage 4 - Confirmed Downtrend,0.86,Price is below a bearish moving-average stack with falling trend signals.,,,,,-5.09,-7.23,74419847.9,0.45,0.32,0.31,True,True,"Stage 4, Stage 4 - Confirmed Downtrend, weekly_vcp_ok, volume_dryup, weekly_volume_dryup, weekly_strong, downtrend",watchlist,13.1,13.1,12477.8,-11.84,"[20.25, 11.21, 11.65]","[28, 13, 10]",0.95,64.0,338
SYMPHONY.NS,Symphony Limited,Consumer Durables,Unknown,Unknown,False,Cash,1,Stage 4,Stage 4,Stage 4 - Confirmed Downtrend,Stage 4 - Confirmed Downtrend,Stage 4 • Stage 4 - Confirmed Downtrend,0.86,Price is below a bearish moving-average stack with falling trend signals.,,,,,-9.75,-18.13,190023799.86,0.34,0.18,0.41,True,True,"Stage 4, Stage 4 - Confirmed Downtrend, weekly_vcp_ok, volume_dryup, weekly_volume_dryup, weekly_strong, downtrend",watchlist,13.1,13.1,789.53,-26.49,"[26.64, 19.48, 13.92]","[32, 21, 6]",0.95,101.0,339
KKCL.NS,Kewal Kiran Clothing Limited,Textiles,Unknown,Unknown,False,Cash,1,Stage 2 Failed,Stage 1,Failed Stage 2,Failed Stage 2,Stage 2 Failed • Failed Stage 2,0.72,"This stock was recently Stage 2, but the latest structure no longer satisfies Stage 2 rules. It is kept as Stage 2 Failed until a fresh base/repair structure forms.",Recent Stage 2 break; public stage held as Stage 2 Failed.,2026-09-29,2026-09-18,,-2.87,6.55,14442483.21,0.57,1.13,0.66,True,True,"Stage 1, Stage 1 - Unclear/Repair, weekly_vcp_ok, volume_dryup, weekly_volume_dryup, weekly_strong, stage1_not_actionable, stage1_needs_more_base | Stage 2 failed state applied from stage memory.",watchlist,8.1,13.1,569.04,-17.91,"[13.58, 4.73]","[39, 40]",0.9,95.0,340
LEMONTREE.NS,Lemon Tree Hotels Limited,Consumer Services,Unknown,Unknown,False,Cash,1,Stage 4,Stage 4,Stage 4 - Confirmed Downtrend,Stage 4 - Confirmed Downtrend,Stage 4 • Stage 4 - Confirmed Downtrend,0.86,Price is below a bearish moving-average stack with falling trend signals.,,,2025-11-17,,-6.39,-4.6,233719421.65,0.79,0.74,0.69,True,True,"Stage 4, Stage 4 - Confirmed Downtrend, weekly_vcp_ok, volume_dryup, weekly_volume_dryup, weekly_strong, downtrend",watchlist,12.08,13.08,122.65,-15.07,"[16.73, 15.15, 12.26, 12.79]","[19, 9, 13, 30]",1.0,106.0,341
BOROLTD.NS,Borosil Limited,Consumer Durables,Unknown,Unknown,False,Cash,1,Stage 2,Stage 2,Early Stage 2,Early Stage 2,Stage 2 • Early Stage 2,0.72,"Price has moved above long-term structure, but the full moving-average stack is not clean yet.",Stage 2 confirmed with 3 raw confirmation runs.,,2026-09-28,,18.65,14.45,91784579.5,0.69,0.46,1.23,True,False,"Stage 2, Early Stage 2, weekly_vcp_ok, volume_dryup, weekly_strong",watchlist,13.01,13.01,289.51,-4.59,[18.95],[5],0.0,5.0,342
ASIANPAINT.NS,Asian Paints Limited,Consumer Durables,Unknown,Unknown,True,F&O,1,Stage 4,Stage 4,Stage 4 - Weak/Declining,Stage 4 - Weak/Declining,Stage 4 • Stage 4 - Weak/Declining,0.72,Price is below long-term support with weak trend evidence.,,,2026-08-19,,-5.75,11.97,1244834827.57,0.8,1.66,0.85,True,True,"Stage 4, Stage 4 - Weak/Declining, weekly_vcp_ok, volume_dryup, weekly_volume_dryup, weekly_strong, downtrend",watchlist,13.0,13.0,2869.01,-15.82,"[7.61, 6.35]","[7, 31]",0.9,60.0,343
NOCIL.NS,NOCIL Limited,Chemicals,Unknown,Unknown,False,Cash,1,Stage 2 Failed,Stage 1,Failed Stage 2,Failed Stage 2,Stage 2 Failed • Failed Stage 2,0.72,"This stock was recently Stage 2, but the latest structure no longer satisfies Stage 2 rules. It is kept as Stage 2 Failed until a fresh base/repair structure forms.",Recent Stage 2 break; public stage held as Stage 2 Failed.,2026-09-29,2026-09-28,,-1.21,5.63,434292735.47,1.7,1.52,2.49,False,False,"Stage 1, Stage 1 - Base/Repair, stage1_not_actionable, stage1_needs_more_base | Stage 2 failed state applied from stage memory.",watchlist,10.46,12.96,200.84,-15.7,"[21.62, 12.77]","[23, 9]",0.9,38.0,344
VESUVIUS.NS,Vesuvius India Limited,Capital Goods,Unknown,Unknown,False,Cash,1,Stage 4,Stage 4,Stage 4 - Confirmed Downtrend,Stage 4 - Confirmed Downtrend,Stage 4 • Stage 4 - Confirmed Downtrend,0.86,Price is below a bearish moving-average stack with falling trend signals.,,,,,-8.85,-11.57,79833046.62,2.81,35.83,8.79,False,False,"Stage 4, Stage 4 - Confirmed Downtrend, weekly_vcp_ok, weekly_strong, downtrend",watchlist,10.45,12.95,466.62,-14.23,"[12.66, 13.28]","[16, 14]",0.9,42.0,345
GRSE.NS,Garden Reach Shipbuilders & Engineers Limited,Capital Goods,Unknown,Unknown,False,Cash,1,Stage 4,Stage 4,Stage 4 - Weak/Declining,Stage 4 - Weak/Declining,Stage 4 • Stage 4 - Weak/Declining,0.72,Price is below long-term support with weak trend evidence.,,,2026-07-08,,-13.47,-1.63,741257908.78,0.84,1.17,0.72,True,True,"Stage 4, Stage 4 - Weak/Declining, weekly_vcp_ok, volume_dryup, weekly_volume_dryup, weekly_strong, downtrend",watchlist,10.43,12.93,2931.42,-24.74,"[24.23, 7.25]","[31, 6]",0.9,71.0,346
MRF.NS,MRF Limited,Automobile and Auto Components,Unknown,Unknown,False,Cash,1,Stage 4,Stage 4,Stage 4 - Confirmed Downtrend,Stage 4 - Confirmed Downtrend,Stage 4 • Stage 4 - Confirmed Downtrend,0.86,Price is below a bearish moving-average stack with falling trend signals.,,,2025-12-01,,-2.4,-2.5,410718770.25,0.87,0.79,0.63,False,True,"Stage 4, Stage 4 - Confirmed Downtrend, weekly_vcp_ok, weekly_volume_dryup, weekly_strong, downtrend",watchlist,10.42,12.92,138990.64,-11.45,"[13.35, 6.63, 4.41]","[31, 8, 8]",0.95,83.0,347
SAPPHIRE.NS,Sapphire Foods India Limited,Consumer Services,Unknown,Unknown,False,Cash,1,Stage 2 Failed,Not Sure,Failed Stage 2,Failed Stage 2,Stage 2 Failed • Failed Stage 2,0.72,"This stock was recently Stage 2, but the latest structure no longer satisfies Stage 2 rules. It is kept as Stage 2 Failed until a fresh base/repair structure forms.",Recent Stage 2 break; public stage held as Stage 2 Failed.,2026-09-29,2026-09-23,,19.36,34.54,191793722.87,0.53,4.37,0.56,True,True,"Not Sure, Not Sure, weekly_vcp_ok, volume_dryup, weekly_volume_dryup, weekly_strong | Stage 2 failed state applied from stage memory.",watchlist,11.89,12.89,259.23,-18.59,[15.25],[12],0.0,12.0,348
RENUKA.NS,Shree Renuka Sugars Limited,Fast Moving Consumer Goods,Unknown,Unknown,False,Cash,1,Stage 2 Failed,Stage 4,Failed Stage 2,Failed Stage 2,Stage 2 Failed • Failed Stage 2,0.72,"This stock was recently Stage 2, but the latest structure no longer satisfies Stage 2 rules. It is kept as Stage 2 Failed until a fresh base/repair structure forms.",Recent Stage 2 break; public stage held as Stage 2 Failed.,2026-09-29,2026-09-14,,4.08,-20.29,327933251.36,0.62,0.29,0.73,True,True,"Stage 4, Stage 4 - Weak/Declining, weekly_vcp_ok, volume_dryup, weekly_volume_dryup, weekly_strong, downtrend | Stage 2 failed state applied from stage memory.",watchlist,12.88,12.88,27.73,-18.71,"[27.24, 11.41, 9.05]","[43, 11, 14]",0.95,80.0,349
HINDALCO.NS,Hindalco Industries Limited,Metals & Mining,Unknown,Unknown,True,F&O,1,Stage 2 Failed,Stage 1,Failed Stage 2,Failed Stage 2,Stage 2 Failed • Failed Stage 2,0.72,"This stock was recently Stage 2, but the latest structure no longer satisfies Stage 2 rules. It is kept as Stage 2 Failed until a fresh base/repair structure forms.",Recent Stage 2 break; public stage held as Stage 2 Failed.,2026-09-29,2026-09-23,,6.77,3.98,3256312914.05,1.04,1.59,1.02,False,False,"Stage 1, Stage 1 - Base/Repair, stage1_not_actionable, stage1_needs_more_base | Stage 2 failed state applied from stage memory.",watchlist,11.88,12.88,1089.85,-12.36,"[20.28, 6.3]","[23, 10]",0.9,42.0,350
SRF.NS,SRF Limited,Chemicals,Unknown,Unknown,True,F&O,1,Stage 4,Stage 4,Stage 4 - Confirmed Downtrend,Stage 4 - Confirmed Downtrend,Stage 4 • Stage 4 - Confirmed Downtrend,0.86,Price is below a bearish moving-average stack with falling trend signals.,,,2026-01-05,,-7.2,0.08,516391916.44,0.66,1.38,0.43,True,True,"Stage 4, Stage 4 - Confirmed Downtrend, volume_dryup, weekly_volume_dryup, downtrend",watchlist,10.31,12.81,2663.0,-9.12,"[13.98, 7.69]","[15, 9]",0.9,41.0,351
TATACHEM.NS,Tata Chemicals Limited,Chemicals,Unknown,Unknown,False,Cash,1,Stage 4,Stage 4,Stage 4 - Confirmed Downtrend,Stage 4 - Confirmed Downtrend,Stage 4 • Stage 4 - Confirmed Downtrend,0.86,Price is below a bearish moving-average stack with falling trend signals.,,,,,-5.4,-1.28,2621705400.47,3.65,1.3,0.99,False,False,"Stage 4, Stage 4 - Confirmed Downtrend, weekly_vcp_ok, weekly_strong, downtrend",watchlist,10.29,12.79,833.46,-26.35,"[15.3, 13.55, 11.08]","[12, 9, 10]",0.95,96.0,352
HIKAL.NS,Hikal Limited,Healthcare,Unknown,Unknown,False,Cash,1,Stage 2 Failed,Stage 1,Failed Stage 2,Failed Stage 2,Stage 2 Failed • Failed Stage 2,0.72,"This stock was recently Stage 2, but the latest structure no longer satisfies Stage 2 rules. It is kept as Stage 2 Failed until a fresh base/repair structure forms.",Recent Stage 2 break; public stage held as Stage 2 Failed.,2026-09-29,2026-09-23,,4.38,34.33,906758551.89,0.52,0.29,0.57,True,True,"Stage 1, Stage 1 - Unclear/Repair, stage1_base_ready, volume_dryup, weekly_volume_dryup, stage1_not_actionable | Stage 2 failed state applied from stage memory.",watchlist,7.79,12.79,257.45,-15.3,"[17.72, 18.72, 20.69]","[9, 17, 7]",0.15,47.0,353
BASF.NS,BASF India Limited,Chemicals,Unknown,Unknown,False,Cash,1,Stage 2 Failed,Stage 4,Failed Stage 2,Failed Stage 2,Stage 2 Failed • Failed Stage 2,0.72,"This stock was recently Stage 2, but the latest structure no longer satisfies Stage 2 rules. It is kept as Stage 2 Failed until a fresh base/repair structure forms.",Recent Stage 2 break; public stage held as Stage 2 Failed.,2026-09-29,2026-09-08,,0.43,5.54,71517571.17,0.47,0.86,0.29,True,True,"Stage 4, Stage 4 - Weak/Declining, weekly_vcp_ok, volume_dryup, weekly_volume_dryup, weekly_strong, downtrend | Stage 2 failed state applied from stage memory.",watchlist,10.17,12.67,4257.44,-19.3,"[20.72, 11.25]","[24, 11]",0.9,43.0,354
SCHNEIDER.NS,Schneider Electric Infrastructure Limited,Capital Goods,Unknown,Unknown,False,Cash,1,Stage 2 Failed,Stage 1,Failed Stage 2,Failed Stage 2,Stage 2 Failed • Failed Stage 2,0.72,"This stock was recently Stage 2, but the latest structure no longer satisfies Stage 2 rules. It is kept as Stage 2 Failed until a fresh base/repair structure forms.",Recent Stage 2 break; public stage held as Stage 2 Failed.,2026-09-29,2026-09-25,,-13.46,29.22,251855708.43,0.64,0.52,0.49,True,True,"Stage 1, Stage 1 - Base/Repair, volume_dryup, weekly_volume_dryup, stage1_not_actionable, stage1_needs_more_base | Stage 2 failed state applied from stage memory.",watchlist,10.12,12.62,1550.71,-23.09,"[24.8, 19.7, 21.68]","[6, 16, 8]",0.55,64.0,355
VOLTAS.NS,Voltas Limited,Consumer Durables,Unknown,Unknown,True,F&O,1,Stage 4,Stage 4,Stage 4 - Confirmed Downtrend,Stage 4 - Confirmed Downtrend,Stage 4 • Stage 4 - Confirmed Downtrend,0.86,Price is below a bearish moving-average stack with falling trend signals.,,,2026-03-12,,-8.82,-12.21,798550868.94,0.94,1.76,1.05,False,False,"Stage 4, Stage 4 - Confirmed Downtrend, weekly_vcp_ok, weekly_strong, downtrend",watchlist,12.5,12.5,1405.46,-22.45,"[22.06, 11.68, 7.98]","[13, 12, 6]",0.95,62.0,356
MARUTI.NS,Maruti Suzuki India Limited,Automobile and Auto Components,Unknown,Unknown,True,F&O,1,Stage 4,Stage 4,Stage 4 - Confirmed Downtrend,Stage 4 - Confirmed Downtrend,Stage 4 • Stage 4 - Confirmed Downtrend,0.86,Price is below a bearish moving-average stack with falling trend signals.,,,2026-01-13,,-10.46,-5.0,4498551876.65,0.96,1.52,0.94,False,False,"Stage 4, Stage 4 - Confirmed Downtrend, downtrend",watchlist,10.0,12.5,14296.42,-16.92,"[8.75, 5.47]","[12, 29]",0.9,59.0,357
UPL.NS,UPL Limited,Chemicals,Unknown,Unknown,True,F&O,1,Stage 4,Stage 4,Stage 4 - Confirmed Downtrend,Stage 4 - Confirmed Downtrend,Stage 4 • Stage 4 - Confirmed Downtrend,0.86,Price is below a bearish moving-average stack with falling trend signals.,,,2026-01-20,,-4.53,-10.17,1192747556.79,1.26,1.54,1.14,False,False,"Stage 4, Stage 4 - Confirmed Downtrend, weekly_vcp_ok, weekly_strong, downtrend",watchlist,9.98,12.48,625.05,-13.93,"[14.88, 10.38]","[26, 12]",0.9,61.0,358
CONCOR.NS,Container Corporation of India Limited,Services,Unknown,Unknown,True,F&O,1,Stage 2 Failed,Stage 4,Failed Stage 2,Failed Stage 2,Stage 2 Failed • Failed Stage 2,0.72,"This stock was recently Stage 2, but the latest structure no longer satisfies Stage 2 rules. It is kept as Stage 2 Failed until a fresh base/repair structure forms.",Recent Stage 2 break; public stage held as Stage 2 Failed.,2026-09-29,2026-09-18,,-2.66,-0.59,564641787.77,0.86,1.45,0.89,False,True,"Stage 4, Stage 4 - Weak/Declining, weekly_vcp_ok, weekly_volume_dryup, weekly_strong, downtrend | Stage 2 failed state applied from stage memory.",watchlist,11.36,12.36,543.57,-18.41,"[18.54, 9.32]","[24, 9]",0.9,79.0,359
UTKARSHBNK.NS,Utkarsh Small Finance Bank Limited,Financial Services,Unknown,Unknown,False,Cash,1,Stage 4,Stage 4,Stage 4 - Weak/Declining,Stage 4 - Weak/Declining,Stage 4 • Stage 4 - Weak/Declining,0.72,Price is below long-term support with weak trend evidence.,,,,,-1.66,16.66,238599886.62,0.64,0.45,0.47,True,True,"Stage 4, Stage 4 - Weak/Declining, weekly_vcp_ok, volume_dryup, weekly_volume_dryup, weekly_strong, downtrend",watchlist,12.28,12.28,16.52,-15.79,"[22.25, 12.65]","[22, 16]",0.9,56.0,360
ADANIENT.NS,Adani Enterprises Limited,Metals & Mining,Unknown,Unknown,True,F&O,1,Stage 2 Failed,Stage 1,Failed Stage 2,Failed Stage 2,Stage 2 Failed • Failed Stage 2,0.72,"This stock was recently Stage 2, but the latest structure no longer satisfies Stage 2 rules. It is kept as Stage 2 Failed until a fresh base/repair structure forms.",Recent Stage 2 break; public stage held as Stage 2 Failed.,2026-09-29,2026-09-09,,-1.41,56.81,4133296886.73,0.76,1.88,0.96,True,False,"Stage 1, Stage 1 - Base/Repair, volume_dryup, stage1_not_actionable, stage1_needs_more_base | Stage 2 failed state applied from stage memory.",watchlist,11.28,12.28,3245.0,-8.39,[7.45],[63],0.0,63.0,361
TATASTEEL.NS,Tata Steel Limited,Metals & Mining,Unknown,Unknown,True,F&O,1,Stage 1,Stage 1,Stage 1 - Base/Repair,Stage 1 - Base/Repair,Stage 1 • Stage 1 - Base/Repair,0.7,Price is near long-term moving averages with no strong long-term downtrend signal.,,,2026-06-04,,5.09,-1.7,4537779014.95,0.93,1.06,0.93,False,False,"Stage 1, Stage 1 - Base/Repair, stage1_not_actionable, stage1_needs_more_base",watchlist,11.23,12.23,201.3,-6.61,"[15.99, 6.26, 7.05, 5.24]","[33, 10, 6, 14]",0.73,88.0,362
M&M.NS,Mahindra & Mahindra Limited,Automobile and Auto Components,Unknown,Unknown,True,F&O,1,Stage 4,Stage 4,Stage 4 - Weak/Declining,Stage 4 - Weak/Declining,Stage 4 • Stage 4 - Weak/Declining,0.72,Price is below long-term support with weak trend evidence.,,,2026-01-13,,0.01,-0.96,5887894722.26,1.04,1.85,1.15,False,False,"Stage 4, Stage 4 - Weak/Declining, weekly_vcp_ok, weekly_strong, downtrend",watchlist,9.72,12.22,3540.79,-16.75,"[14.67, 4.28]","[25, 6]",0.9,49.0,363
ASHOKA.NS,Ashoka Buildcon Limited,Construction,Unknown,Unknown,False,Cash,1,Stage 4,Stage 4,Stage 4 - Confirmed Downtrend,Stage 4 - Confirmed Downtrend,Stage 4 • Stage 4 - Confirmed Downtrend,0.86,Price is below a bearish moving-average stack with falling trend signals.,,,,,-11.77,-3.48,75064378.24,0.21,0.14,0.16,True,True,"Stage 4, Stage 4 - Confirmed Downtrend, volume_dryup, weekly_volume_dryup, downtrend",watchlist,12.2,12.2,133.33,-18.6,"[20.79, 16.77]","[45, 12]",0.9,67.0,364
ABREL.NS,Aditya Birla Real Estate Ltd.,Forest Materials,Unknown,Unknown,False,Cash,1,Stage 4,Stage 4,Stage 4 - Weak/Declining,Stage 4 - Weak/Declining,Stage 4 • Stage 4 - Weak/Declining,0.72,Price is below long-term support with weak trend evidence.,,,,,-11.25,-0.91,205507708.75,1.17,0.86,1.6,False,False,"Stage 4, Stage 4 - Weak/Declining, weekly_vcp_ok, weekly_strong, downtrend",watchlist,7.2,12.2,1486.0,-21.9,"[27.72, 7.23]","[25, 5]",0.9,56.0,365
MPHASIS.NS,MphasiS Limited,Information Technology,Unknown,Unknown,True,F&O,1,Stage 4,Stage 4,Stage 4 - Weak/Declining,Stage 4 - Weak/Declining,Stage 4 • Stage 4 - Weak/Declining,0.72,Price is below long-term support with weak trend evidence.,,,2026-01-19,,2.36,-0.58,862206482.35,0.63,1.08,0.53,True,True,"Stage 4, Stage 4 - Weak/Declining, weekly_vcp_ok, volume_dryup, weekly_volume_dryup, weekly_strong, downtrend",watchlist,11.17,12.17,2556.9,-15.74,"[16.76, 12.73]","[22, 21]",0.9,54.0,366
SIGNATURE.NS,Signatureglobal (India) Ltd.,Realty,Unknown,Unknown,False,Cash,1,Stage 4,Stage 4,Stage 4 - Confirmed Downtrend,Stage 4 - Confirmed Downtrend,Stage 4 • Stage 4 - Confirmed Downtrend,0.86,Price is below a bearish moving-average stack with falling trend signals.,,,,,4.85,4.71,257409473.6,1.73,1.04,2.59,False,False,"Stage 4, Stage 4 - Confirmed Downtrend, weekly_vcp_ok, downtrend",watchlist,11.1,12.1,899.57,-16.13,"[16.48, 15.92, 9.86, 8.28]","[20, 7, 20, 7]",1.0,76.0,367
ARE&M.NS,Amara Raja Energy & Mobility Ltd.,Automobile and Auto Components,Unknown,Unknown,False,Cash,1,Stage 4,Stage 4,Stage 4 - Weak/Declining,Stage 4 - Weak/Declining,Stage 4 • Stage 4 - Weak/Declining,0.72,Price is below long-term support with weak trend evidence.,,,2026-08-28,,-3.82,7.62,327166176.8,0.55,0.82,0.47,True,True,"Stage 4, Stage 4 - Weak/Declining, weekly_vcp_ok, volume_dryup, weekly_volume_dryup, weekly_strong, downtrend",watchlist,9.58,12.08,1019.08,-24.8,"[17.14, 14.13, 6.48, 7.06]","[17, 9, 5, 6]",0.73,68.0,368
BLUEJET.NS,Blue Jet Healthcare Ltd.,Healthcare,Unknown,Unknown,False,Cash,1,Stage 2 Failed,Stage 3,Failed Stage 2,Failed Stage 2,Stage 2 Failed • Failed Stage 2,0.72,"This stock was recently Stage 2, but the latest structure no longer satisfies Stage 2 rules. It is kept as Stage 2 Failed until a fresh base/repair structure forms.",Recent Stage 2 break; public stage held as Stage 2 Failed.,2026-09-29,2026-09-25,,5.09,52.28,233793670.11,0.7,1.64,0.58,True,True,"Stage 3, Stage 3 - Transition, volume_dryup, weekly_volume_dryup, distribution_risk | Stage 2 failed state applied from stage memory.",watchlist,7.07,12.07,647.58,-15.13,"[10.52, 11.49]","[10, 17]",0.1,48.0,369
JIOFIN.NS,Jio Financial Services Limited,Financial Services,Unknown,Unknown,True,F&O,1,Stage 4,Stage 4,Stage 4 - Weak/Declining,Stage 4 - Weak/Declining,Stage 4 • Stage 4 - Weak/Declining,0.72,Price is below long-term support with weak trend evidence.,,,,,-2.85,-6.87,2555810535.16,0.79,1.66,0.87,True,True,"Stage 4, Stage 4 - Weak/Declining, weekly_vcp_ok, volume_dryup, weekly_volume_dryup, weekly_strong, downtrend",watchlist,12.04,12.04,268.04,-18.83,"[11.59, 7.4, 7.23]","[13, 9, 13]",0.95,50.0,370
DMART.NS,Avenue Supermarts Limited,Consumer Services,Unknown,Unknown,True,F&O,1,Stage 4,Stage 4,Stage 4 - Weak/Declining,Stage 4 - Weak/Declining,Stage 4 • Stage 4 - Weak/Declining,0.72,Price is below long-term support with weak trend evidence.,,,2025-10-23,,-0.08,-17.15,1530409313.64,1.02,1.48,0.9,False,True,"Stage 4, Stage 4 - Weak/Declining, weekly_volume_dryup, downtrend",watchlist,11.02,12.02,4437.15,-15.49,"[14.84, 12.25, 10.95]","[40, 15, 20]",0.95,105.0,371
CHAMBLFERT.NS,Chambal Fertilizers & Chemicals Limited,Chemicals,Unknown,Unknown,False,Cash,1,Stage 4,Stage 4,Stage 4 - Confirmed Downtrend,Stage 4 - Confirmed Downtrend,Stage 4 • Stage 4 - Confirmed Downtrend,0.86,Price is below a bearish moving-average stack with falling trend signals.,,,2026-07-03,,-6.93,-5.75,198158186.01,0.95,1.2,0.91,False,False,"Stage 4, Stage 4 - Confirmed Downtrend, downtrend",watchlist,9.51,12.01,477.12,-13.32,"[14.6, 12.73]","[28, 29]",0.9,66.0,372
NBCC.NS,NBCC (India) Ltd.,Construction,Unknown,Unknown,True,F&O,1,Stage 4,Stage 4,Stage 4 - Confirmed Downtrend,Stage 4 - Confirmed Downtrend,Stage 4 • Stage 4 - Confirmed Downtrend,0.86,Price is below a bearish moving-average stack with falling trend signals.,,,2026-07-02,,-17.22,-6.41,374437430.96,0.96,1.86,1.06,False,False,"Stage 4, Stage 4 - Confirmed Downtrend, downtrend",watchlist,12.0,12.0,101.94,-23.48,"[20.07, 17.21]","[26, 29]",0.9,64.0,373
POLICYBZR.NS,PB Fintech Limited,Financial Services,Unknown,Unknown,True,F&O,1,Stage 2 Failed,Stage 4,Failed Stage 2,Failed Stage 2,Stage 2 Failed • Failed Stage 2,0.72,"This stock was recently Stage 2, but the latest structure no longer satisfies Stage 2 rules. It is kept as Stage 2 Failed until a fresh base/repair structure forms.",Recent Stage 2 break; public stage held as Stage 2 Failed.,2026-09-29,2026-09-23,,-26.03,-26.01,7661243215.2,3.63,5.03,7.94,False,False,"Stage 4, Stage 4 - Weak/Declining, weekly_vcp_ok, weekly_strong, downtrend | Stage 2 failed state applied from stage memory.",watchlist,11.97,11.97,1850.23,-41.57,"[19.9, 9.69, 7.39]","[14, 9, 6]",0.95,47.0,374
JBMA.NS,JBM Auto Ltd.,Automobile and Auto Components,Unknown,Unknown,False,Cash,1,Stage 4,Stage 4,Stage 4 - Weak/Declining,Stage 4 - Weak/Declining,Stage 4 • Stage 4 - Weak/Declining,0.72,Price is below long-term support with weak trend evidence.,,,2026-07-30,,-13.81,1.02,154481046.72,0.45,0.31,0.47,True,True,"Stage 4, Stage 4 - Weak/Declining, volume_dryup, weekly_volume_dryup, downtrend",watchlist,9.45,11.95,685.25,-17.82,"[12.95, 10.87]","[24, 14]",0.9,42.0,375
BLUEDART.NS,Blue Dart Express Limited,Services,Unknown,Unknown,False,Cash,1,Stage 4,Stage 4,Stage 4 - Weak/Declining,Stage 4 - Weak/Declining,Stage 4 • Stage 4 - Weak/Declining,0.72,Price is below long-term support with weak trend evidence.,,,,,-0.55,-6.03,59513030.11,0.57,11.51,0.9,True,True,"Stage 4, Stage 4 - Weak/Declining, weekly_vcp_ok, volume_dryup, weekly_volume_dryup, weekly_strong, downtrend",watchlist,10.9,11.9,5755.05,-20.49,"[17.05, 6.29, 6.61]","[34, 9, 9]",0.55,68.0,376
AWL.NS,Adani Wilmar Limited,Fast Moving Consumer Goods,Unknown,Unknown,False,Cash,1,Stage 4,Stage 4,Stage 4 - Weak/Declining,Stage 4 - Weak/Declining,Stage 4 • Stage 4 - Weak/Declining,0.72,Price is below long-term support with weak trend evidence.,,,2025-11-25,,-0.43,0.34,367341454.48,0.92,3.83,1.24,False,False,"Stage 4, Stage 4 - Weak/Declining, weekly_vcp_ok, weekly_strong, downtrend",watchlist,11.78,11.78,205.18,-12.88,"[9.31, 7.22]","[9, 8]",0.9,46.0,377
HUDCO.NS,Housing & Urban Development Corporation Limited,Financial Services,Unknown,Unknown,False,Cash,1,Stage 4,Stage 4,Stage 4 - Confirmed Downtrend,Stage 4 - Confirmed Downtrend,Stage 4 • Stage 4 - Confirmed Downtrend,0.86,Price is below a bearish moving-average stack with falling trend signals.,,,2026-07-06,,-16.05,-0.47,304016056.71,1.04,2.18,1.22,False,False,"Stage 4, Stage 4 - Confirmed Downtrend, weekly_vcp_ok, weekly_strong, downtrend",watchlist,11.78,11.78,203.53,-18.65,"[16.3, 11.98]","[6, 14]",0.9,55.0,378
NETWORK18.NS,Network18 Media & Investments Limited,"Media, Entertainment & Publication",Unknown,Unknown,False,Cash,1,Stage 4,Stage 4,Stage 4 - Confirmed Downtrend,Stage 4 - Confirmed Downtrend,Stage 4 • Stage 4 - Confirmed Downtrend,0.86,Price is below a bearish moving-average stack with falling trend signals.,,,,,-15.44,-14.22,91068907.83,0.74,0.45,0.58,True,True,"Stage 4, Stage 4 - Confirmed Downtrend, weekly_vcp_ok, volume_dryup, weekly_volume_dryup, weekly_strong, downtrend",watchlist,11.74,11.74,35.63,-27.36,"[22.73, 20.92, 15.15]","[33, 25, 30]",0.95,108.0,379
VGUARD.NS,V-Guard Industries Limited,Consumer Durables,Unknown,Unknown,False,Cash,1,Stage 2 Failed,Stage 4,Failed Stage 2,Failed Stage 2,Stage 2 Failed • Failed Stage 2,0.72,"This stock was recently Stage 2, but the latest structure no longer satisfies Stage 2 rules. It is kept as Stage 2 Failed until a fresh base/repair structure forms.",Recent Stage 2 break; public stage held as Stage 2 Failed.,2026-09-29,2026-09-21,,7.89,-3.94,123774229.51,0.22,0.57,0.2,True,True,"Stage 4, Stage 4 - Weak/Declining, weekly_vcp_ok, volume_dryup, weekly_volume_dryup, weekly_strong, downtrend | Stage 2 failed state applied from stage memory.",watchlist,11.72,11.72,350.26,-12.34,"[14.45, 8.65]","[26, 25]",0.9,57.0,380
SJVN.NS,SJVN Limited,Power,Unknown,Unknown,False,Cash,1,Stage 4,Stage 4,Stage 4 - Confirmed Downtrend,Stage 4 - Confirmed Downtrend,Stage 4 • Stage 4 - Confirmed Downtrend,0.86,Price is below a bearish moving-average stack with falling trend signals.,,,,,-11.06,-10.69,167405437.41,1.51,5.6,1.99,False,False,"Stage 4, Stage 4 - Confirmed Downtrend, weekly_vcp_ok, weekly_strong, downtrend",watchlist,11.7,11.7,70.18,-14.75,"[11.5, 8.93]","[24, 22]",0.9,52.0,381
BRITANNIA.NS,Britannia Industries Limited,Fast Moving Consumer Goods,Unknown,Unknown,True,F&O,1,Stage 4,Stage 4,Stage 4 - Confirmed Downtrend,Stage 4 - Confirmed Downtrend,Stage 4 • Stage 4 - Confirmed Downtrend,0.86,Price is below a bearish moving-average stack with falling trend signals.,,,2026-03-06,,-2.58,-10.74,1210189623.78,0.89,2.09,0.95,False,False,"Stage 4, Stage 4 - Confirmed Downtrend, downtrend",watchlist,11.63,11.63,5699.46,-15.17,"[14.54, 4.52]","[20, 5]",0.9,48.0,382
KIRLOSBROS.NS,Kirloskar Brothers Limited,Capital Goods,Unknown,Unknown,False,Cash,1,Stage 2 Failed,Stage 3,Failed Stage 2,Failed Stage 2,Stage 2 Failed • Failed Stage 2,0.72,"This stock was recently Stage 2, but the latest structure no longer satisfies Stage 2 rules. It is kept as Stage 2 Failed until a fresh base/repair structure forms.",Recent Stage 2 break; public stage held as Stage 2 Failed.,2026-09-29,2026-09-14,,6.19,30.21,90623039.96,1.14,14.16,2.04,False,False,"Stage 3, Stage 3 - Distribution/Damage, distribution_risk | Stage 2 failed state applied from stage memory.",watchlist,9.13,11.63,2184.72,-15.4,[4.39],[94],0.0,94.0,383
MAHSCOOTER.NS,Maharashtra Scooters Limited,Financial Services,Unknown,Unknown,False,Cash,1,Stage 2 Failed,Stage 4,Failed Stage 2,Failed Stage 2,Stage 2 Failed • Failed Stage 2,0.72,"This stock was recently Stage 2, but the latest structure no longer satisfies Stage 2 rules. It is kept as Stage 2 Failed until a fresh base/repair structure forms.",Recent Stage 2 break; public stage held as Stage 2 Failed.,2026-09-29,2026-09-24,,1.79,11.88,59179907.49,1.36,9.03,2.14,False,False,"Stage 4, Stage 4 - Weak/Declining, weekly_vcp_ok, weekly_strong, downtrend | Stage 2 failed state applied from stage memory.",watchlist,11.57,11.57,13960.39,-11.6,"[11.73, 8.13, 7.96, 8.76]","[12, 13, 15, 10]",0.73,79.0,384
TCS.NS,Tata Consultancy Services Limited,Information Technology,Unknown,Unknown,True,F&O,1,Stage 4,Stage 4,Stage 4 - Weak/Declining,Stage 4 - Weak/Declining,Stage 4 • Stage 4 - Weak/Declining,0.72,Price is below long-term support with weak trend evidence.,,,,,3.65,-15.82,6346036411.33,1.07,1.64,0.93,False,False,"Stage 4, Stage 4 - Weak/Declining, downtrend",watchlist,10.5,11.5,2495.0,-18.54,"[19.56, 10.06]","[21, 20]",0.9,62.0,385
TARC.NS,TARC Limited,Realty,Unknown,Unknown,False,Cash,1,Stage 4,Stage 4,Stage 4 - Weak/Declining,Stage 4 - Weak/Declining,Stage 4 • Stage 4 - Weak/Declining,0.72,Price is below long-term support with weak trend evidence.,,,,,6.16,6.66,71708761.75,0.39,0.54,0.32,True,True,"Stage 4, Stage 4 - Weak/Declining, weekly_vcp_ok, volume_dryup, weekly_volume_dryup, weekly_strong, downtrend",watchlist,10.36,11.36,136.49,-6.94,"[19.17, 16.9]","[10, 23]",0.9,39.0,386
RAMCOCEM.NS,The Ramco Cements Limited,Construction Materials,Unknown,Unknown,False,Cash,1,Stage 4,Stage 4,Stage 4 - Confirmed Downtrend,Stage 4 - Confirmed Downtrend,Stage 4 • Stage 4 - Confirmed Downtrend,0.86,Price is below a bearish moving-average stack with falling trend signals.,,,2026-03-04,,-4.2,-8.04,183579354.64,0.92,1.37,0.87,False,True,"Stage 4, Stage 4 - Confirmed Downtrend, weekly_vcp_ok, weekly_volume_dryup, weekly_strong, downtrend",watchlist,11.33,11.33,988.33,-14.58,"[11.5, 11.66, 6.31]","[11, 12, 17]",0.95,71.0,387
ADVENZYMES.NS,Advanced Enzyme Technologies Limited,Healthcare,Unknown,Unknown,False,Cash,1,Stage 4,Stage 4,Stage 4 - Weak/Declining,Stage 4 - Weak/Declining,Stage 4 • Stage 4 - Weak/Declining,0.72,Price is below long-term support with weak trend evidence.,,,2026-07-13,,-4.74,2.09,61542261.32,0.83,0.96,0.75,True,True,"Stage 4, Stage 4 - Weak/Declining, volume_dryup, weekly_volume_dryup, downtrend",watchlist,6.31,11.31,311.04,-9.29,"[23.13, 12.85]","[5, 19]",0.9,35.0,388
TATACONSUM.NS,TATA CONSUMER PRODUCTS LIMITED,Fast Moving Consumer Goods,Unknown,Unknown,True,F&O,1,Stage 4,Stage 4,Stage 4 - Confirmed Downtrend,Stage 4 - Confirmed Downtrend,Stage 4 • Stage 4 - Confirmed Downtrend,0.86,Price is below a bearish moving-average stack with falling trend signals.,,,2026-05-20,,-7.31,-7.06,1144336141.98,1.04,2.18,1.02,False,False,"Stage 4, Stage 4 - Confirmed Downtrend, downtrend",watchlist,11.3,11.3,1123.4,-13.86,"[14.02, 6.27]","[20, 17]",0.9,51.0,389
WIPRO.NS,Wipro Limited,Information Technology,Unknown,Unknown,True,F&O,1,Stage 4,Stage 4,Stage 4 - Confirmed Downtrend,Stage 4 - Confirmed Downtrend,Stage 4 • Stage 4 - Confirmed Downtrend,0.86,Price is below a bearish moving-average stack with falling trend signals.,,,2026-01-16,,-3.9,-19.17,2873317596.34,1.91,17.17,3.63,False,False,"Stage 4, Stage 4 - Confirmed Downtrend, downtrend",watchlist,10.2,11.2,184.53,-15.03,"[19.91, 4.27]","[24, 8]",0.9,40.0,390
LGBBROSLTD.NS,LG Balakrishnan & Bros Limited,Automobile and Auto Components,Unknown,Unknown,False,Cash,1,Stage 1,Stage 1,Stage 1 - Early Turn,Stage 1 - Early Turn,Stage 1 • Stage 1 - Early Turn,0.66,The stock is improving from a repair/base area but has not confirmed a clean Stage 2 yet.,,,2026-09-03,,15.2,3.58,42777793.47,0.96,0.99,0.9,False,False,"Stage 1, Stage 1 - Early Turn, stage1_not_actionable, stage1_needs_more_base",watchlist,8.7,11.2,1822.86,-5.09,"[20.78, 7.68, 4.51]","[43, 22, 9]",0.95,112.0,391
GICRE.NS,General Insurance Corporation of India,Financial Services,Unknown,Unknown,False,Cash,1,Stage 4,Stage 4,Stage 4 - Weak/Declining,Stage 4 - Weak/Declining,Stage 4 • Stage 4 - Weak/Declining,0.72,Price is below long-term support with weak trend evidence.,,,2026-06-05,,-1.81,-13.25,328089894.85,0.62,0.73,0.54,True,True,"Stage 4, Stage 4 - Weak/Declining, volume_dryup, weekly_volume_dryup, downtrend",watchlist,11.12,11.12,363.08,-11.8,"[13.76, 4.79]","[15, 7]",0.9,57.0,392
SUNTECK.NS,Sunteck Realty Limited,Realty,Unknown,Unknown,False,Cash,1,Stage 4,Stage 4,Stage 4 - Confirmed Downtrend,Stage 4 - Confirmed Downtrend,Stage 4 • Stage 4 - Confirmed Downtrend,0.86,Price is below a bearish moving-average stack with falling trend signals.,,,2025-11-14,,-8.81,-7.32,34092603.02,0.53,2.37,0.61,True,True,"Stage 4, Stage 4 - Confirmed Downtrend, weekly_vcp_ok, volume_dryup, weekly_volume_dryup, weekly_strong, downtrend",watchlist,10.1,11.1,356.81,-21.44,"[28.74, 15.67, 15.0]","[36, 12, 16]",0.95,105.0,393
BATAINDIA.NS,Bata India Limited,Consumer Durables,Unknown,Unknown,False,Cash,1,Stage 4,Stage 4,Stage 4 - Weak/Declining,Stage 4 - Weak/Declining,Stage 4 • Stage 4 - Weak/Declining,0.72,Price is below long-term support with weak trend evidence.,,,,,-0.65,-2.02,97702898.6,0.54,0.67,0.28,True,True,"Stage 4, Stage 4 - Weak/Declining, weekly_vcp_ok, volume_dryup, weekly_volume_dryup, weekly_strong, downtrend",watchlist,11.07,11.07,743.76,-16.59,"[16.43, 17.23]","[33, 14]",0.9,55.0,394
TVSSRICHAK.NS,TVS Srichakra Limited,Automobile and Auto Components,Unknown,Unknown,False,Cash,1,Stage 2,Stage 2,Early Stage 2,Early Stage 2,Stage 2 • Early Stage 2,0.72,"Price has moved above long-term structure, but the full moving-average stack is not clean yet.",,,2026-09-28,,11.68,28.69,48977901.89,0.26,0.18,0.2,True,True,"Stage 2, Early Stage 2, weekly_vcp_ok, volume_dryup, weekly_volume_dryup, weekly_strong",watchlist,8.54,11.04,5727.88,-22.57,[11.49],[20],0.0,20.0,395
ASHOKLEY.NS,Ashok Leyland Limited,Capital Goods,Unknown,Unknown,True,F&O,1,Stage 1,Stage 1,Stage 1 - Unclear/Repair,Stage 1 - Unclear/Repair,Stage 1 • Stage 1 - Unclear/Repair,0.58,Not enough evidence for Stage 2 or Stage 4; classified as repair/unclear structure.,,,2026-09-07,,-0.6,3.86,1788313197.58,0.69,1.29,0.66,True,True,"Stage 1, Stage 1 - Unclear/Repair, weekly_vcp_ok, volume_dryup, weekly_volume_dryup, weekly_strong, stage1_not_actionable, stage1_needs_more_base",watchlist,8.5,11.0,182.7,-16.02,"[13.91, 15.33, 11.91]","[7, 13, 15]",0.55,56.0,396
NESCO.NS,Nesco Limited,Services,Unknown,Unknown,False,Cash,1,Stage 4,Stage 4,Stage 4 - Weak/Declining,Stage 4 - Weak/Declining,Stage 4 • Stage 4 - Weak/Declining,0.72,Price is below long-term support with weak trend evidence.,,,2025-10-29,,-0.89,-1.5,64395413.68,1.07,3.36,1.64,False,False,"Stage 4, Stage 4 - Weak/Declining, weekly_vcp_ok, weekly_strong, downtrend",watchlist,9.95,10.95,1140.0,-8.73,"[14.63, 7.31]","[15, 19]",0.9,38.0,397
VBL.NS,Varun Beverages Limited,Fast Moving Consumer Goods,Unknown,Unknown,True,F&O,1,Stage 4,Stage 4,Stage 4 - Weak/Declining,Stage 4 - Weak/Declining,Stage 4 • Stage 4 - Weak/Declining,0.72,Price is below long-term support with weak trend evidence.,,,2026-07-10,,-10.5,8.04,2280284270.93,0.8,1.3,0.85,True,True,"Stage 4, Stage 4 - Weak/Declining, volume_dryup, weekly_volume_dryup, downtrend",watchlist,10.94,10.94,470.3,-8.57,"[23.89, 11.54]","[29, 10]",0.9,60.0,398
BEL.NS,Bharat Electronics Limited,Capital Goods,Unknown,Unknown,True,F&O,1,Stage 1,Stage 1,Stage 1 - Unclear/Repair,Stage 1 - Unclear/Repair,Stage 1 • Stage 1 - Unclear/Repair,0.58,Not enough evidence for Stage 2 or Stage 4; classified as repair/unclear structure.,,,2026-04-29,,-1.08,-8.65,3844883231.82,0.84,1.44,0.82,True,True,"Stage 1, Stage 1 - Unclear/Repair, weekly_vcp_ok, volume_dryup, weekly_volume_dryup, weekly_strong, stage1_not_actionable, stage1_needs_more_base",watchlist,8.27,10.77,434.41,-10.74,"[10.09, 11.1, 8.15]","[21, 17, 6]",0.55,93.0,399
POWERGRID.NS,Power Grid Corporation of India Limited,Power,Unknown,Unknown,True,F&O,1,Stage 1,Stage 1,Stage 1 - Unclear/Repair,Stage 1 - Unclear/Repair,Stage 1 • Stage 1 - Unclear/Repair,0.58,Not enough evidence for Stage 2 or Stage 4; classified as repair/unclear structure.,,,2026-07-23,,-2.69,-10.53,2523748852.78,1.15,2.94,1.32,False,False,"Stage 1, Stage 1 - Unclear/Repair, weekly_vcp_ok, weekly_strong, stage1_not_actionable, stage1_needs_more_base",watchlist,10.7,10.7,274.05,-4.58,"[10.48, 5.16]","[11, 7]",0.9,20.0,400
JISLJALEQS.NS,Jain Irrigation Systems Limited,Capital Goods,Unknown,Unknown,False,Cash,1,Stage 4,Stage 4,Stage 4 - Confirmed Downtrend,Stage 4 - Confirmed Downtrend,Stage 4 • Stage 4 - Confirmed Downtrend,0.86,Price is below a bearish moving-average stack with falling trend signals.,,,,,-10.36,-2.49,158614640.26,1.19,0.37,0.61,False,True,"Stage 4, Stage 4 - Confirmed Downtrend, weekly_volume_dryup, downtrend",watchlist,8.2,10.7,37.96,-23.68,"[22.6, 19.41]","[19, 10]",0.9,72.0,401
CDSL.NS,Central Depository Services (India) Ltd.,Financial Services,Unknown,Unknown,True,F&O,1,Stage 2 Failed,Stage 4,Failed Stage 2,Failed Stage 2,Stage 2 Failed • Failed Stage 2,0.72,"This stock was recently Stage 2, but the latest structure no longer satisfies Stage 2 rules. It is kept as Stage 2 Failed until a fresh base/repair structure forms.",Recent Stage 2 break; public stage held as Stage 2 Failed.,2026-09-29,2026-09-18,,0.32,6.1,1524166947.68,0.96,1.09,0.89,False,True,"Stage 4, Stage 4 - Weak/Declining, weekly_vcp_ok, weekly_volume_dryup, weekly_strong, downtrend | Stage 2 failed state applied from stage memory.",watchlist,10.51,10.51,1445.0,-12.67,"[17.73, 6.8, 5.73]","[20, 9, 31]",0.95,107.0,402
HINDZINC.NS,Hindustan Zinc Limited,Metals & Mining,Unknown,Unknown,True,F&O,1,Stage 2 Failed,Stage 1,Failed Stage 2,Failed Stage 2,Stage 2 Failed • Failed Stage 2,0.72,"This stock was recently Stage 2, but the latest structure no longer satisfies Stage 2 rules. It is kept as Stage 2 Failed until a fresh base/repair structure forms.",Recent Stage 2 break; public stage held as Stage 2 Failed.,2026-09-29,2026-09-25,,11.02,9.49,2478186452.59,0.75,0.83,0.73,True,True,"Stage 1, Stage 1 - Base/Repair, weekly_vcp_ok, volume_dryup, weekly_volume_dryup, weekly_strong, stage1_not_actionable, stage1_needs_more_base | Stage 2 failed state applied from stage memory.",watchlist,9.43,10.43,633.11,-11.03,"[24.08, 9.8, 11.25]","[46, 7, 14]",0.55,88.0,403
NCC.NS,NCC Limited,Construction,Unknown,Unknown,False,Cash,1,Stage 4,Stage 4,Stage 4 - Confirmed Downtrend,Stage 4 - Confirmed Downtrend,Stage 4 • Stage 4 - Confirmed Downtrend,0.86,Price is below a bearish moving-average stack with falling trend signals.,,,,,-6.85,-7.72,451847473.81,1.72,10.66,3.22,False,False,"Stage 4, Stage 4 - Confirmed Downtrend, weekly_vcp_ok, weekly_strong, downtrend",watchlist,10.32,10.32,153.86,-16.63,"[16.75, 6.07]","[24, 7]",0.9,41.0,404
CEATLTD.NS,Ceat Ltd.,Automobile and Auto Components,Unknown,Unknown,False,Cash,1,Stage 4,Stage 4,Stage 4 - Weak/Declining,Stage 4 - Weak/Declining,Stage 4 • Stage 4 - Weak/Declining,0.72,Price is below long-term support with weak trend evidence.,,,2026-08-06,,-7.82,-1.76,181834798.6,0.84,0.88,0.53,True,True,"Stage 4, Stage 4 - Weak/Declining, weekly_vcp_ok, volume_dryup, weekly_volume_dryup, weekly_strong, downtrend",watchlist,7.78,10.28,3831.49,-15.44,"[16.98, 15.26]","[9, 26]",0.9,48.0,405
IRCON.NS,Ircon International Limited,Construction,Unknown,Unknown,False,Cash,1,Stage 4,Stage 4,Stage 4 - Confirmed Downtrend,Stage 4 - Confirmed Downtrend,Stage 4 • Stage 4 - Confirmed Downtrend,0.86,Price is below a bearish moving-average stack with falling trend signals.,,,,,-17.08,-17.65,182251643.89,1.44,1.29,1.52,False,False,"Stage 4, Stage 4 - Confirmed Downtrend, weekly_vcp_ok, weekly_strong, downtrend",watchlist,10.25,10.25,136.82,-25.11,"[20.92, 13.57, 9.02]","[25, 26, 6]",0.95,70.0,406
JSWENERGY.NS,JSW Energy Limited,Power,Unknown,Unknown,True,F&O,1,Stage 4,Stage 4,Stage 4 - Weak/Declining,Stage 4 - Weak/Declining,Stage 4 • Stage 4 - Weak/Declining,0.72,Price is below long-term support with weak trend evidence.,,,2026-08-27,,-2.88,1.69,911052870.77,0.98,0.89,0.89,False,True,"Stage 4, Stage 4 - Weak/Declining, weekly_vcp_ok, weekly_volume_dryup, weekly_strong, downtrend",watchlist,10.23,10.23,616.33,-18.69,"[13.74, 10.88, 10.22, 10.73]","[12, 9, 7, 30]",1.0,91.0,407
DELHIVERY.NS,Delhivery Limited,Services,Unknown,Unknown,True,F&O,1,Stage 4,Stage 4,Stage 4 - Weak/Declining,Stage 4 - Weak/Declining,Stage 4 • Stage 4 - Weak/Declining,0.72,Price is below long-term support with weak trend evidence.,,,2026-09-04,,-11.71,-3.79,1083521363.45,1.16,2.66,1.42,False,False,"Stage 4, Stage 4 - Weak/Declining, weekly_vcp_ok, weekly_strong, downtrend",watchlist,9.2,10.2,472.78,-11.71,"[12.57, 10.64]","[10, 17]",0.9,32.0,408
NAVA.NS,NAVA LIMITED,Power,Unknown,Unknown,False,Cash,1,Stage 4,Stage 4,Stage 4 - Weak/Declining,Stage 4 - Weak/Declining,Stage 4 • Stage 4 - Weak/Declining,0.72,Price is below long-term support with weak trend evidence.,,,2026-05-28,,-5.42,-1.78,127002641.37,1.04,1.05,1.04,False,False,"Stage 4, Stage 4 - Weak/Declining, weekly_vcp_ok, weekly_strong, downtrend",watchlist,10.19,10.19,634.99,-14.02,"[23.73, 12.93, 8.91, 8.95]","[23, 16, 5, 12]",1.0,91.0,409
OLAELEC.NS,Ola Electric Mobility Ltd.,Automobile and Auto Components,Unknown,Unknown,False,Cash,1,Stage 1,Stage 1,Stage 1 - Unclear/Repair,Stage 1 - Unclear/Repair,Stage 1 • Stage 1 - Unclear/Repair,0.58,Not enough evidence for Stage 2 or Stage 4; classified as repair/unclear structure.,,,,,-9.84,28.65,3803614409.76,2.02,1.49,3.47,False,False,"Stage 1, Stage 1 - Unclear/Repair, stage1_not_actionable, stage1_needs_more_base",watchlist,7.6,10.1,42.6,-12.16,"[18.76, 21.39, 15.38]","[14, 15, 14]",0.55,55.0,410
CENTRALBK.NS,Central Bank of India,Financial Services,Unknown,Unknown,False,Cash,1,Stage 4,Stage 4,Stage 4 - Confirmed Downtrend,Stage 4 - Confirmed Downtrend,Stage 4 • Stage 4 - Confirmed Downtrend,0.86,Price is below a bearish moving-average stack with falling trend signals.,,,,,-2.38,-9.56,220837023.94,1.51,1.01,0.66,False,True,"Stage 4, Stage 4 - Confirmed Downtrend, weekly_vcp_ok, weekly_volume_dryup, weekly_strong, downtrend",watchlist,10.06,10.06,34.48,-12.88,"[19.65, 9.77, 8.35, 5.8]","[29, 15, 5, 20]",1.0,95.0,411
JWL.NS,Jupiter Wagons Limited,Capital Goods,Unknown,Unknown,False,Cash,1,Stage 4,Stage 4,Stage 4 - Confirmed Downtrend,Stage 4 - Confirmed Downtrend,Stage 4 • Stage 4 - Confirmed Downtrend,0.86,Price is below a bearish moving-average stack with falling trend signals.,,,,,-10.16,-14.42,146685377.04,0.76,1.0,0.75,True,True,"Stage 4, Stage 4 - Confirmed Downtrend, weekly_vcp_ok, volume_dryup, weekly_volume_dryup, weekly_strong, downtrend",watchlist,7.55,10.05,286.5,-23.27,"[15.04, 14.6, 15.45, 12.07]","[7, 11, 26, 25]",0.73,84.0,412
TCI.NS,Transport Corporation of India Limited,Services,Unknown,Unknown,False,Cash,1,Stage 4,Stage 4,Stage 4 - Confirmed Downtrend,Stage 4 - Confirmed Downtrend,Stage 4 • Stage 4 - Confirmed Downtrend,0.86,Price is below a bearish moving-average stack with falling trend signals.,,,2025-11-04,,-0.54,-12.21,298305100.1,4.23,1.96,8.74,False,False,"Stage 4, Stage 4 - Confirmed Downtrend, weekly_vcp_ok, weekly_strong, downtrend",watchlist,9.02,10.02,961.87,-9.69,"[14.86, 12.14, 5.94, 6.33]","[13, 7, 15, 12]",0.73,78.0,413
ALLCARGO.NS,Allcargo Logistics Limited,Services,Unknown,Unknown,False,Cash,1,Not Sure,Not Sure,Not Sure,Not Sure,Not Sure,0.0,Stage rules did not identify a reliable structure.,No confident stage classification.,,,,31.69,32.24,129943120.12,0.3,0.24,0.29,True,True,"Not Sure, Not Sure, weekly_vcp_ok, volume_dryup, weekly_volume_dryup, weekly_strong",watchlist,9.0,10.0,13.74,-23.38,[20.43],[24],0.0,24.0,414
GULFOILLUB.NS,Gulf Oil Lubricants India Limited,"Oil, Gas & Consumable Fuels",Unknown,Unknown,False,Cash,1,Stage 2 Failed,Stage 1,Failed Stage 2,Failed Stage 2,Stage 2 Failed • Failed Stage 2,0.72,"This stock was recently Stage 2, but the latest structure no longer satisfies Stage 2 rules. It is kept as Stage 2 Failed until a fresh base/repair structure forms.",Recent Stage 2 break; public stage held as Stage 2 Failed.,2026-09-29,2026-09-28,,13.7,28.54,57239930.44,0.48,0.51,0.59,True,True,"Stage 1, Stage 1 - Early Turn, stage1_base_ready, volume_dryup, weekly_volume_dryup, stage1_not_actionable | Stage 2 failed state applied from stage memory.",watchlist,7.47,9.97,1144.24,-3.36,[15.61],[26],0.0,26.0,415
SWIGGY.NS,Swiggy Ltd.,Consumer Services,Unknown,Unknown,True,F&O,1,Stage 4,Stage 4,Stage 4 - Weak/Declining,Stage 4 - Weak/Declining,Stage 4 • Stage 4 - Weak/Declining,0.72,Price is below long-term support with weak trend evidence.,,,,,8.22,-6.21,7316042379.38,0.73,0.63,0.63,True,True,"Stage 4, Stage 4 - Weak/Declining, weekly_vcp_ok, volume_dryup, weekly_volume_dryup, weekly_strong, downtrend",watchlist,8.92,9.92,305.53,-16.96,"[14.81, 11.56, 10.8]","[10, 9, 6]",0.95,39.0,416
NAUKRI.NS,Info Edge (India) Limited,Consumer Services,Unknown,Unknown,True,F&O,1,Stage 2 Failed,Not Sure,Failed Stage 2,Failed Stage 2,Stage 2 Failed • Failed Stage 2,0.72,"This stock was recently Stage 2, but the latest structure no longer satisfies Stage 2 rules. It is kept as Stage 2 Failed until a fresh base/repair structure forms.",Recent Stage 2 break; public stage held as Stage 2 Failed.,2026-09-29,2026-09-23,,27.74,26.12,1671715973.66,0.84,0.93,0.94,True,False,"Not Sure, Not Sure, weekly_vcp_ok, volume_dryup, weekly_strong | Stage 2 failed state applied from stage memory.",watchlist,8.86,9.86,1374.1,-9.4,[6.96],[10],0.0,10.0,417
GODIGIT.NS,Go Digit General Insurance Ltd.,Financial Services,Unknown,Unknown,False,Cash,1,Stage 4,Stage 4,Stage 4 - Confirmed Downtrend,Stage 4 - Confirmed Downtrend,Stage 4 • Stage 4 - Confirmed Downtrend,0.86,Price is below a bearish moving-average stack with falling trend signals.,,,,,-13.21,-20.41,249433388.53,2.05,5.09,3.02,False,False,"Stage 4, Stage 4 - Confirmed Downtrend, downtrend",watchlist,9.82,9.82,266.01,-4.82,"[26.66, 13.7]","[21, 10]",0.9,37.0,418
FINPIPE.NS,Finolex Industries Limited,Capital Goods,Unknown,Unknown,False,Cash,1,Stage 4,Stage 4,Stage 4 - Confirmed Downtrend,Stage 4 - Confirmed Downtrend,Stage 4 • Stage 4 - Confirmed Downtrend,0.86,Price is below a bearish moving-average stack with falling trend signals.,,,,,-5.94,-2.84,57067504.53,0.81,0.98,0.89,True,True,"Stage 4, Stage 4 - Confirmed Downtrend, weekly_vcp_ok, volume_dryup, weekly_volume_dryup, weekly_strong, downtrend",watchlist,7.13,9.63,183.65,-17.7,"[16.17, 15.33, 8.72, 9.5]","[11, 23, 8, 17]",0.73,80.0,419
RTNPOWER.NS,RattanIndia Power Limited,Power,Unknown,Unknown,False,Cash,1,Stage 4,Stage 4,Stage 4 - Confirmed Downtrend,Stage 4 - Confirmed Downtrend,Stage 4 • Stage 4 - Confirmed Downtrend,0.86,Price is below a bearish moving-average stack with falling trend signals.,,,,,-18.96,-16.88,119633117.05,0.95,0.76,0.8,False,True,"Stage 4, Stage 4 - Confirmed Downtrend, weekly_volume_dryup, downtrend",watchlist,9.62,9.62,9.43,-27.12,"[15.68, 11.98, 9.03]","[13, 9, 5]",0.95,67.0,420
VINATIORGA.NS,Vinati Organics Limited,Chemicals,Unknown,Unknown,False,Cash,1,Stage 4,Stage 4,Stage 4 - Confirmed Downtrend,Stage 4 - Confirmed Downtrend,Stage 4 • Stage 4 - Confirmed Downtrend,0.86,Price is below a bearish moving-average stack with falling trend signals.,,,,,-4.61,-9.33,76125550.03,1.23,1.35,1.05,False,False,"Stage 4, Stage 4 - Confirmed Downtrend, weekly_vcp_ok, weekly_strong, downtrend",watchlist,7.1,9.6,1375.67,-14.64,"[10.46, 7.76]","[16, 9]",0.9,44.0,421
ABLBL.NS,Aditya Birla Lifestyle Brands Ltd.,Consumer Services,Unknown,Unknown,False,Cash,1,Stage 4,Stage 4,Stage 4 - Confirmed Downtrend,Stage 4 - Confirmed Downtrend,Stage 4 • Stage 4 - Confirmed Downtrend,0.86,Price is below a bearish moving-average stack with falling trend signals.,,,,,-14.91,-19.0,173445842.87,2.73,53.12,9.01,False,False,"Stage 4, Stage 4 - Confirmed Downtrend, weekly_vcp_ok, weekly_strong, downtrend",watchlist,8.57,9.57,87.55,-12.08,"[9.33, 8.14]","[15, 9]",0.9,27.0,422
GHCL.NS,GHCL Limited,Chemicals,Unknown,Unknown,False,Cash,1,Stage 4,Stage 4,Stage 4 - Confirmed Downtrend,Stage 4 - Confirmed Downtrend,Stage 4 • Stage 4 - Confirmed Downtrend,0.86,Price is below a bearish moving-average stack with falling trend signals.,,,,,0.09,-7.56,49328641.66,1.13,5.08,1.67,False,False,"Stage 4, Stage 4 - Confirmed Downtrend, weekly_vcp_ok, weekly_strong, downtrend",watchlist,7.0,9.5,458.0,-11.67,"[19.58, 11.71, 6.66, 5.12]","[12, 8, 15, 25]",1.0,75.0,423
IFCI.NS,IFCI Limited,Financial Services,Unknown,Unknown,False,Cash,1,Stage 2 Failed,Stage 1,Failed Stage 2,Failed Stage 2,Stage 2 Failed • Failed Stage 2,0.72,"This stock was recently Stage 2, but the latest structure no longer satisfies Stage 2 rules. It is kept as Stage 2 Failed until a fresh base/repair structure forms.",Recent Stage 2 break; public stage held as Stage 2 Failed.,2026-09-29,2026-09-23,,-0.47,34.56,11699869506.39,1.04,0.38,0.75,False,True,"Stage 1, Stage 1 - Base/Repair, weekly_volume_dryup, stage1_not_actionable, stage1_needs_more_base | Stage 2 failed state applied from stage memory.",watchlist,9.48,9.48,107.69,-34.1,"[14.43, 8.19]","[12, 7]",0.9,23.0,424
BRIGADE.NS,Brigade Enterprises Limited,Realty,Unknown,Unknown,False,Cash,1,Stage 2 Failed,Stage 4,Failed Stage 2,Failed Stage 2,Stage 2 Failed • Failed Stage 2,0.72,"This stock was recently Stage 2, but the latest structure no longer satisfies Stage 2 rules. It is kept as Stage 2 Failed until a fresh base/repair structure forms.",Recent Stage 2 break; public stage held as Stage 2 Failed.,2026-09-29,2026-09-23,,15.99,9.5,429718897.39,0.5,0.51,0.39,True,True,"Stage 4, Stage 4 - Weak/Declining, weekly_vcp_ok, volume_dryup, weekly_volume_dryup, weekly_strong, downtrend | Stage 2 failed state applied from stage memory.",watchlist,8.45,9.45,736.29,-23.53,"[15.45, 17.27, 10.8]","[48, 9, 10]",0.55,82.0,425
OLECTRA.NS,Olectra Greentech Limited,Automobile and Auto Components,Unknown,Unknown,False,Cash,1,Stage 4,Stage 4,Stage 4 - Weak/Declining,Stage 4 - Weak/Declining,Stage 4 • Stage 4 - Weak/Declining,0.72,Price is below long-term support with weak trend evidence.,,,2026-08-13,,-17.62,10.66,455423085.82,1.25,0.93,1.76,False,False,"Stage 4, Stage 4 - Weak/Declining, downtrend",watchlist,6.95,9.45,1422.77,-20.09,"[16.63, 15.67]","[16, 15]",0.9,54.0,426
AMBUJACEM.NS,Ambuja Cements Limited,Construction Materials,Unknown,Unknown,True,F&O,1,Stage 4,Stage 4,Stage 4 - Confirmed Downtrend,Stage 4 - Confirmed Downtrend,Stage 4 • Stage 4 - Confirmed Downtrend,0.86,Price is below a bearish moving-average stack with falling trend signals.,,,,,-11.48,-14.08,449122127.07,0.64,1.09,0.6,True,True,"Stage 4, Stage 4 - Confirmed Downtrend, weekly_vcp_ok, volume_dryup, weekly_volume_dryup, weekly_strong, downtrend",watchlist,9.43,9.43,451.29,-18.95,"[12.38, 6.65]","[11, 14]",0.9,42.0,427
UTIAMC.NS,UTI Asset Management Company Limited,Financial Services,Unknown,Unknown,False,Cash,1,Stage 4,Stage 4,Stage 4 - Confirmed Downtrend,Stage 4 - Confirmed Downtrend,Stage 4 • Stage 4 - Confirmed Downtrend,0.86,Price is below a bearish moving-average stack with falling trend signals.,,,,,-0.44,-2.43,102034920.35,0.56,1.16,0.43,True,True,"Stage 4, Stage 4 - Confirmed Downtrend, weekly_vcp_ok, volume_dryup, weekly_volume_dryup, weekly_strong, downtrend",watchlist,9.32,9.32,935.95,-6.23,"[12.01, 6.37]","[9, 14]",0.9,36.0,428
HDFCLIFE.NS,HDFC Life Insurance Company Limited,Financial Services,Unknown,Unknown,True,F&O,1,Stage 4,Stage 4,Stage 4 - Confirmed Downtrend,Stage 4 - Confirmed Downtrend,Stage 4 • Stage 4 - Confirmed Downtrend,0.86,Price is below a bearish moving-average stack with falling trend signals.,,,,,-1.74,-9.02,2475134955.91,1.55,2.02,1.9,False,False,"Stage 4, Stage 4 - Confirmed Downtrend, weekly_vcp_ok, weekly_strong, downtrend",watchlist,9.3,9.3,606.06,-13.61,"[12.99, 8.93, 9.78, 9.72]","[12, 12, 13, 11]",0.73,77.0,429
EMAMILTD.NS,Emami Limited,Fast Moving Consumer Goods,Unknown,Unknown,False,Cash,1,Stage 4,Stage 4,Stage 4 - Confirmed Downtrend,Stage 4 - Confirmed Downtrend,Stage 4 • Stage 4 - Confirmed Downtrend,0.86,Price is below a bearish moving-average stack with falling trend signals.,,,,,-3.25,-4.33,964934176.39,2.02,1.27,1.76,False,False,"Stage 4, Stage 4 - Confirmed Downtrend, weekly_vcp_ok, weekly_strong, downtrend",watchlist,9.26,9.26,435.0,-12.4,"[21.09, 10.45]","[32, 22]",0.9,73.0,430
CAMPUS.NS,Campus Activewear Limited,Consumer Durables,Unknown,Unknown,False,Cash,1,Stage 4,Stage 4,Stage 4 - Confirmed Downtrend,Stage 4 - Confirmed Downtrend,Stage 4 • Stage 4 - Confirmed Downtrend,0.86,Price is below a bearish moving-average stack with falling trend signals.,,,2025-11-26,,-4.11,-9.75,70824122.38,0.59,0.59,0.46,True,True,"Stage 4, Stage 4 - Confirmed Downtrend, volume_dryup, weekly_volume_dryup, downtrend",watchlist,9.2,9.2,257.93,-18.68,"[10.93, 11.44, 12.5, 7.6]","[24, 12, 25, 9]",0.73,89.0,431
MAHLIFE.NS,Mahindra Lifespace Developers Limited,Realty,Unknown,Unknown,False,Cash,1,Stage 3,Stage 3,Stage 3 - Distribution/Damage,Stage 3 - Distribution/Damage,Stage 3 • Stage 3 - Distribution/Damage,0.76,"Prior strength exists, but short-term and/or weekly structure is deteriorating.",,,2026-08-31,,3.62,11.31,32322399.78,0.52,0.87,0.51,True,True,"Stage 3, Stage 3 - Distribution/Damage, volume_dryup, weekly_volume_dryup, distribution_risk",watchlist,8.11,9.11,408.71,-11.67,"[11.26, 8.56, 8.49, 9.12]","[11, 13, 9, 5]",0.73,114.0,432
ITCHOTELS.NS,ITC Hotels Ltd.,Consumer Services,Unknown,Unknown,False,Cash,1,Stage 4,Stage 4,Stage 4 - Weak/Declining,Stage 4 - Weak/Declining,Stage 4 • Stage 4 - Weak/Declining,0.72,Price is below long-term support with weak trend evidence.,,,,,-4.09,8.39,260506909.69,1.13,1.37,1.05,False,False,"Stage 4, Stage 4 - Weak/Declining, downtrend",watchlist,8.11,9.11,173.3,-7.37,"[15.74, 13.38]","[10, 27]",0.9,48.0,433
VIPIND.NS,VIP Industries Limited,Consumer Durables,Unknown,Unknown,False,Cash,1,Stage 4,Stage 4,Stage 4 - Weak/Declining,Stage 4 - Weak/Declining,Stage 4 • Stage 4 - Weak/Declining,0.72,Price is below long-term support with weak trend evidence.,,,,,1.12,-6.47,97335276.88,1.11,0.34,0.61,False,True,"Stage 4, Stage 4 - Weak/Declining, weekly_vcp_ok, weekly_volume_dryup, weekly_strong, downtrend",watchlist,9.1,9.1,345.6,-15.16,"[16.32, 16.52, 11.97]","[7, 39, 7]",0.95,94.0,434
IRB.NS,IRB Infrastructure Developers Limited,Construction,Unknown,Unknown,False,Cash,1,Stage 4,Stage 4,Stage 4 - Confirmed Downtrend,Stage 4 - Confirmed Downtrend,Stage 4 • Stage 4 - Confirmed Downtrend,0.86,Price is below a bearish moving-average stack with falling trend signals.,,,,,-14.05,-17.0,324575955.85,1.14,0.96,1.25,False,False,"Stage 4, Stage 4 - Confirmed Downtrend, weekly_vcp_ok, weekly_strong, downtrend",watchlist,9.1,9.1,21.76,-21.98,"[15.8, 12.32, 10.61]","[15, 23, 18]",0.95,68.0,435
TVSHLTD.NS,TVS Holdings Limited,Automobile and Auto Components,Unknown,Unknown,False,Cash,1,Stage 4,Stage 4,Stage 4 - Confirmed Downtrend,Stage 4 - Confirmed Downtrend,Stage 4 • Stage 4 - Confirmed Downtrend,0.86,Price is below a bearish moving-average stack with falling trend signals.,,,2026-08-13,,-7.22,-12.52,104452235.2,1.04,1.62,0.68,False,True,"Stage 4, Stage 4 - Confirmed Downtrend, weekly_vcp_ok, weekly_volume_dryup, weekly_strong, downtrend",watchlist,6.55,9.05,14194.8,-13.36,"[12.37, 4.73]","[9, 10]",0.9,31.0,436
ONESOURCE.NS,Onesource Specialty Pharma Ltd.,Healthcare,Unknown,Unknown,False,Cash,1,Stage 2 Failed,Not Sure,Failed Stage 2,Failed Stage 2,Stage 2 Failed • Failed Stage 2,0.72,"This stock was recently Stage 2, but the latest structure no longer satisfies Stage 2 rules. It is kept as Stage 2 Failed until a fresh base/repair structure forms.",Recent Stage 2 break; public stage held as Stage 2 Failed.,2026-09-29,2026-09-16,,0.9,12.9,612122513.57,0.83,1.62,0.9,True,True,"Not Sure, Not Sure, weekly_vcp_ok, volume_dryup, weekly_volume_dryup, weekly_strong | Stage 2 failed state applied from stage memory.",watchlist,4.03,9.03,1657.5,-4.48,[15.79],[20],0.0,20.0,437
LTF.NS,L&T Finance Ltd.,Financial Services,Unknown,Unknown,True,F&O,1,Stage 2 Failed,Stage 4,Failed Stage 2,Failed Stage 2,Stage 2 Failed • Failed Stage 2,0.72,"This stock was recently Stage 2, but the latest structure no longer satisfies Stage 2 rules. It is kept as Stage 2 Failed until a fresh base/repair structure forms.",Recent Stage 2 break; public stage held as Stage 2 Failed.,2026-09-29,2026-09-22,,-11.07,7.65,1677398281.72,1.58,2.58,2.64,False,False,"Stage 4, Stage 4, downtrend | Stage 2 failed state applied from stage memory.",watchlist,8.82,8.82,327.72,-17.29,"[12.24, 6.81]","[13, 8]",0.9,29.0,438
INTELLECT.NS,Intellect Design Arena Limited,Information Technology,Unknown,Unknown,False,Cash,1,Stage 4,Stage 4,Stage 4 - Confirmed Downtrend,Stage 4 - Confirmed Downtrend,Stage 4 • Stage 4 - Confirmed Downtrend,0.86,Price is below a bearish moving-average stack with falling trend signals.,,,2025-12-05,,-15.29,-4.63,190226230.14,0.75,0.87,0.75,True,True,"Stage 4, Stage 4 - Confirmed Downtrend, weekly_vcp_ok, volume_dryup, weekly_volume_dryup, weekly_strong, downtrend",watchlist,7.78,8.78,765.74,-19.91,"[13.35, 11.89]","[20, 20]",0.9,41.0,439
EPIGRAL.NS,Epigral Limited,Chemicals,Unknown,Unknown,False,Cash,1,Stage 4,Stage 4,Stage 4 - Weak/Declining,Stage 4 - Weak/Declining,Stage 4 • Stage 4 - Weak/Declining,0.72,Price is below long-term support with weak trend evidence.,,,,,4.03,16.19,39117348.52,0.32,0.57,0.36,True,True,"Stage 4, Stage 4 - Weak/Declining, weekly_vcp_ok, volume_dryup, weekly_volume_dryup, weekly_strong, downtrend",watchlist,6.22,8.72,1267.01,-19.65,"[30.49, 13.13]","[49, 18]",0.9,77.0,440
CMSINFO.NS,CMS Info Systems Limited,Services,Unknown,Unknown,False,Cash,1,Stage 4,Stage 4,Stage 4 - Confirmed Downtrend,Stage 4 - Confirmed Downtrend,Stage 4 • Stage 4 - Confirmed Downtrend,0.86,Price is below a bearish moving-average stack with falling trend signals.,,,,,-9.57,-19.17,202415834.99,1.23,0.41,0.54,False,True,"Stage 4, Stage 4 - Confirmed Downtrend, weekly_vcp_ok, weekly_volume_dryup, weekly_strong, downtrend",watchlist,7.7,8.7,285.34,-19.68,"[16.85, 12.03]","[12, 9]",0.9,60.0,441
MSUMI.NS,Motherson Sumi Wiring India Limited,Automobile and Auto Components,Unknown,Unknown,False,Cash,1,Stage 4,Stage 4,Stage 4 - Confirmed Downtrend,Stage 4 - Confirmed Downtrend,Stage 4 • Stage 4 - Confirmed Downtrend,0.86,Price is below a bearish moving-average stack with falling trend signals.,,,2026-01-09,,-9.56,-4.72,386024677.5,1.38,0.74,1.24,False,False,"Stage 4, Stage 4 - Confirmed Downtrend, weekly_vcp_ok, weekly_strong, downtrend",watchlist,6.2,8.7,42.07,-18.33,"[16.39, 6.82]","[25, 8]",0.9,48.0,442
ESABINDIA.NS,Esab India Limited,Capital Goods,Unknown,Unknown,False,Cash,1,Stage 2 Failed,Stage 1,Failed Stage 2,Failed Stage 2,Stage 2 Failed • Failed Stage 2,0.72,"This stock was recently Stage 2, but the latest structure no longer satisfies Stage 2 rules. It is kept as Stage 2 Failed until a fresh base/repair structure forms.",Recent Stage 2 break; public stage held as Stage 2 Failed.,2026-09-29,2026-09-14,,0.89,6.28,22947235.73,0.59,0.55,0.44,True,True,"Stage 1, Stage 1 - Base/Repair, volume_dryup, weekly_volume_dryup, stage1_not_actionable, stage1_needs_more_base | Stage 2 failed state applied from stage memory.",watchlist,6.17,8.67,6482.32,-15.0,"[22.58, 5.51]","[14, 20]",0.9,50.0,443
ABSLAMC.NS,Aditya Birla Sun Life AMC Limited,Financial Services,Unknown,Unknown,False,Cash,1,Stage 2 Failed,Stage 4,Failed Stage 2,Failed Stage 2,Stage 2 Failed • Failed Stage 2,0.72,"This stock was recently Stage 2, but the latest structure no longer satisfies Stage 2 rules. It is kept as Stage 2 Failed until a fresh base/repair structure forms.",Recent Stage 2 break; public stage held as Stage 2 Failed.,2026-09-29,2026-09-18,,-10.81,3.91,206928326.63,0.69,0.84,0.44,True,True,"Stage 4, Stage 4, volume_dryup, weekly_volume_dryup, downtrend | Stage 2 failed state applied from stage memory.",watchlist,8.65,8.65,1118.85,-14.56,"[18.55, 5.23]","[23, 5]",0.9,43.0,444
COFORGE.NS,Coforge Limited,Information Technology,Unknown,Unknown,True,F&O,1,Stage 2 Failed,Not Sure,Failed Stage 2,Failed Stage 2,Stage 2 Failed • Failed Stage 2,0.72,"This stock was recently Stage 2, but the latest structure no longer satisfies Stage 2 rules. It is kept as Stage 2 Failed until a fresh base/repair structure forms.",Recent Stage 2 break; public stage held as Stage 2 Failed.,2026-09-29,2026-09-25,,23.93,41.91,4147881951.77,0.63,0.83,0.48,True,True,"Not Sure, Not Sure, volume_dryup, weekly_volume_dryup | Stage 2 failed state applied from stage memory.",watchlist,7.64,8.64,2024.74,-14.95,[15.05],[12],0.0,12.0,445
AXISBANK.NS,Axis Bank Limited,Financial Services,Unknown,Unknown,True,F&O,1,Stage 4,Stage 4,Stage 4 - Confirmed Downtrend,Stage 4 - Confirmed Downtrend,Stage 4 • Stage 4 - Confirmed Downtrend,0.86,Price is below a bearish moving-average stack with falling trend signals.,,,2026-07-17,,-3.58,-2.14,5815168980.04,1.03,1.6,1.1,False,False,"Stage 4, Stage 4 - Confirmed Downtrend, weekly_vcp_ok, downtrend",watchlist,8.58,8.58,1302.28,-6.92,"[13.47, 4.98]","[21, 9]",0.9,36.0,446
IMAGICAA.NS,Imagicaaworld Entertainment Limited,Consumer Services,Unknown,Unknown,False,Cash,1,Stage 2,Stage 2,Early Stage 2,Early Stage 2,Stage 2 • Early Stage 2,0.72,"Price has moved above long-term structure, but the full moving-average stack is not clean yet.",,,2026-09-28,,13.22,23.56,49165594.76,0.56,0.6,0.43,True,True,"Stage 2, Early Stage 2, weekly_vcp_ok, volume_dryup, weekly_volume_dryup, weekly_strong",watchlist,7.51,8.51,62.11,-17.4,[20.56],[13],0.0,13.0,447
BAJAJFINSV.NS,Bajaj Finserv Limited,Financial Services,Unknown,Unknown,True,F&O,1,Stage 4,Stage 4,Stage 4 - Weak/Declining,Stage 4 - Weak/Declining,Stage 4 • Stage 4 - Weak/Declining,0.72,Price is below long-term support with weak trend evidence.,,,2026-09-04,,-2.04,4.73,1196040416.14,0.79,1.38,1.03,True,False,"Stage 4, Stage 4 - Weak/Declining, weekly_vcp_ok, volume_dryup, weekly_strong, downtrend",watchlist,8.44,8.44,2036.06,-14.42,"[9.74, 5.13]","[9, 5]",0.9,35.0,448
ESCORTS.NS,Escorts Kubota Limited,Capital Goods,Unknown,Unknown,False,Cash,1,Stage 4,Stage 4,Stage 4 - Confirmed Downtrend,Stage 4 - Confirmed Downtrend,Stage 4 • Stage 4 - Confirmed Downtrend,0.86,Price is below a bearish moving-average stack with falling trend signals.,,,2026-02-10,,-2.69,-4.96,192430993.01,0.97,0.6,1.24,False,False,"Stage 4, Stage 4 - Confirmed Downtrend, weekly_vcp_ok, weekly_strong, downtrend",watchlist,5.86,8.36,3173.1,-14.71,"[11.26, 4.47]","[5, 13]",0.9,43.0,449
SAFARI.NS,Safari Industries (India) Limited,Consumer Durables,Unknown,Unknown,False,Cash,1,Stage 4,Stage 4,Stage 4 - Confirmed Downtrend,Stage 4 - Confirmed Downtrend,Stage 4 • Stage 4 - Confirmed Downtrend,0.86,Price is below a bearish moving-average stack with falling trend signals.,,,2025-12-24,,-6.6,-5.48,60004564.37,0.99,0.93,0.84,False,True,"Stage 4, Stage 4 - Confirmed Downtrend, weekly_vcp_ok, weekly_volume_dryup, weekly_strong, downtrend",watchlist,8.28,8.28,1700.81,-15.87,"[17.58, 6.26]","[12, 76]",0.9,89.0,450
PATANJALI.NS,Patanjali Foods Ltd.,Fast Moving Consumer Goods,Unknown,Unknown,True,F&O,1,Stage 4,Stage 4,Stage 4 - Weak/Declining,Stage 4 - Weak/Declining,Stage 4 • Stage 4 - Weak/Declining,0.72,Price is below long-term support with weak trend evidence.,,,,,-3.65,-20.0,2022138420.06,1.95,0.9,0.7,False,True,"Stage 4, Stage 4 - Weak/Declining, weekly_volume_dryup, downtrend",watchlist,8.2,8.2,432.97,-14.22,"[31.29, 7.56]","[41, 30]",0.9,85.0,451
HDFCAMC.NS,HDFC Asset Management Company Limited,Financial Services,Unknown,Unknown,True,F&O,1,Stage 4,Stage 4,Stage 4 - Confirmed Downtrend,Stage 4 - Confirmed Downtrend,Stage 4 • Stage 4 - Confirmed Downtrend,0.86,Price is below a bearish moving-average stack with falling trend signals.,,,2026-07-15,,-14.57,-4.35,1449046076.23,0.92,1.87,1.0,False,False,"Stage 4, Stage 4 - Confirmed Downtrend, weekly_vcp_ok, weekly_strong, downtrend",watchlist,8.14,8.14,2460.5,-9.64,"[13.03, 6.6]","[14, 9]",0.9,29.0,452
TRIVENI.NS,Triveni Engineering & Industries Limited,Fast Moving Consumer Goods,Unknown,Unknown,False,Cash,1,Stage 4,Stage 4,Stage 4 - Confirmed Downtrend,Stage 4 - Confirmed Downtrend,Stage 4 • Stage 4 - Confirmed Downtrend,0.86,Price is below a bearish moving-average stack with falling trend signals.,,,2026-07-21,,-42.67,-37.65,179807829.68,0.79,0.69,0.69,True,True,"Stage 4, Stage 4 - Confirmed Downtrend, volume_dryup, weekly_volume_dryup, downtrend",watchlist,8.09,8.09,314.06,-23.85,"[55.1, 27.05]","[13, 19]",0.9,46.0,453
BANDHANBNK.NS,Bandhan Bank Limited,Financial Services,Unknown,Unknown,True,F&O,1,Stage 1,Stage 1,Stage 1 - Base/Repair,Stage 1 - Base/Repair,Stage 1 • Stage 1 - Base/Repair,0.7,Price is near long-term moving averages with no strong long-term downtrend signal.,,,2026-07-21,,-0.78,22.96,2326827307.21,1.13,0.9,1.27,False,False,"Stage 1, Stage 1 - Base/Repair, stage1_not_actionable, stage1_needs_more_base",watchlist,8.03,8.03,181.06,2.35,"[26.64, 9.36]","[7, 18]",0.9,35.0,454
HCG.NS,Healthcare Global Enterprises Limited,Healthcare,Unknown,Unknown,False,Cash,1,Stage 2 Failed,Stage 1,Failed Stage 2,Failed Stage 2,Stage 2 Failed • Failed Stage 2,0.72,"This stock was recently Stage 2, but the latest structure no longer satisfies Stage 2 rules. It is kept as Stage 2 Failed until a fresh base/repair structure forms.",Recent Stage 2 break; public stage held as Stage 2 Failed.,2026-09-29,2026-09-22,,13.49,30.69,88391861.09,0.9,0.84,0.44,False,True,"Stage 1, Stage 1 - Early Turn, stage1_base_ready, weekly_volume_dryup, stage1_not_actionable | Stage 2 failed state applied from stage memory.",watchlist,2.92,7.92,776.36,-9.37,[16.78],[12],0.0,12.0,455
RHIM.NS,RHI MAGNESITA INDIA LIMITED,Capital Goods,Unknown,Unknown,False,Cash,1,Stage 4,Stage 4,Stage 4 - Weak/Declining,Stage 4 - Weak/Declining,Stage 4 • Stage 4 - Weak/Declining,0.72,Price is below long-term support with weak trend evidence.,,,,,9.03,9.19,400539636.89,2.42,0.93,1.71,False,False,"Stage 4, Stage 4 - Weak/Declining, weekly_vcp_ok, weekly_strong, downtrend",watchlist,5.4,7.9,401.7,-2.12,"[16.55, 6.36]","[17, 5]",0.9,27.0,456
UBL.NS,United Breweries Limited,Fast Moving Consumer Goods,Unknown,Unknown,False,Cash,1,Stage 4,Stage 4,Stage 4 - Confirmed Downtrend,Stage 4 - Confirmed Downtrend,Stage 4 • Stage 4 - Confirmed Downtrend,0.86,Price is below a bearish moving-average stack with falling trend signals.,,,,,-3.34,-17.29,185632006.6,0.95,0.9,0.76,False,True,"Stage 4, Stage 4 - Confirmed Downtrend, weekly_volume_dryup, downtrend",watchlist,7.86,7.86,1456.2,-16.89,"[17.34, 4.23]","[31, 17]",0.9,57.0,457
RPOWER.NS,Reliance Power Limited,Power,Unknown,Unknown,False,Cash,1,Stage 4,Stage 4,Stage 4 - Confirmed Downtrend,Stage 4 - Confirmed Downtrend,Stage 4 • Stage 4 - Confirmed Downtrend,0.86,Price is below a bearish moving-average stack with falling trend signals.,,,,,-17.04,-14.7,397527908.56,0.98,1.77,1.01,False,False,"Stage 4, Stage 4 - Confirmed Downtrend, downtrend",watchlist,7.83,7.83,22.94,-13.82,"[21.43, 14.98]","[16, 8]",0.9,35.0,458
LICI.NS,Life Insurance Corporation Of India,Financial Services,Unknown,Unknown,True,F&O,1,Stage 4,Stage 4,Stage 4 - Weak/Declining,Stage 4 - Weak/Declining,Stage 4 • Stage 4 - Weak/Declining,0.72,Price is below long-term support with weak trend evidence.,,,2026-08-03,,-3.32,7.61,2734006663.43,0.68,1.2,0.79,True,True,"Stage 4, Stage 4 - Weak/Declining, volume_dryup, weekly_volume_dryup, downtrend",watchlist,7.71,7.71,448.38,-13.02,"[9.38, 8.63, 9.73]","[19, 12, 16]",0.55,109.0,459
INDIACEM.NS,The India Cements Limited,Construction Materials,Unknown,Unknown,False,Cash,1,Stage 4,Stage 4,Stage 4 - Confirmed Downtrend,Stage 4 - Confirmed Downtrend,Stage 4 • Stage 4 - Confirmed Downtrend,0.86,Price is below a bearish moving-average stack with falling trend signals.,,,2026-02-26,,-15.14,-15.19,55864466.98,1.64,0.86,0.71,False,True,"Stage 4, Stage 4 - Confirmed Downtrend, weekly_volume_dryup, downtrend",watchlist,7.6,7.6,417.13,-27.19,"[18.07, 10.78, 8.39]","[5, 11, 17]",0.95,52.0,460
CHEMPLASTS.NS,Chemplast Sanmar Limited,Chemicals,Unknown,Unknown,False,Cash,1,Stage 4,Stage 4,Stage 4 - Weak/Declining,Stage 4 - Weak/Declining,Stage 4 • Stage 4 - Weak/Declining,0.72,Price is below long-term support with weak trend evidence.,,,,,-1.18,-21.23,300840989.88,1.24,0.17,0.45,False,True,"Stage 4, Stage 4 - Weak/Declining, weekly_volume_dryup, downtrend",watchlist,5.07,7.57,197.29,-2.51,"[22.26, 18.25]","[13, 7]",0.9,39.0,461
NTPCGREEN.NS,NTPC Green Energy Ltd.,Power,Unknown,Unknown,False,Cash,1,Stage 4,Stage 4,Stage 4 - Weak/Declining,Stage 4 - Weak/Declining,Stage 4 • Stage 4 - Weak/Declining,0.72,Price is below long-term support with weak trend evidence.,,,2026-06-05,,0.33,-7.77,258689015.1,0.76,1.02,0.66,True,True,"Stage 4, Stage 4 - Weak/Declining, weekly_vcp_ok, volume_dryup, weekly_volume_dryup, downtrend",watchlist,7.53,7.53,93.85,-4.11,"[10.14, 8.71]","[6, 26]",0.9,39.0,462
PRINCEPIPE.NS,Prince Pipes And Fittings Limited,Capital Goods,Unknown,Unknown,False,Cash,1,Stage 2 Failed,Stage 4,Failed Stage 2,Failed Stage 2,Stage 2 Failed • Failed Stage 2,0.72,"This stock was recently Stage 2, but the latest structure no longer satisfies Stage 2 rules. It is kept as Stage 2 Failed until a fresh base/repair structure forms.",Recent Stage 2 break; public stage held as Stage 2 Failed.,2026-09-29,2026-09-10,,-1.82,14.62,36615986.08,0.53,0.45,0.4,True,True,"Stage 4, Stage 4 - Weak/Declining, weekly_vcp_ok, volume_dryup, weekly_volume_dryup, weekly_strong, downtrend | Stage 2 failed state applied from stage memory.",watchlist,4.98,7.48,302.47,-15.41,"[16.72, 16.61]","[22, 14]",0.9,60.0,463
GRINDWELL.NS,Grindwell Norton Limited,Capital Goods,Unknown,Unknown,False,Cash,1,Stage 2 Failed,Stage 1,Failed Stage 2,Failed Stage 2,Stage 2 Failed • Failed Stage 2,0.72,"This stock was recently Stage 2, but the latest structure no longer satisfies Stage 2 rules. It is kept as Stage 2 Failed until a fresh base/repair structure forms.",Recent Stage 2 break; public stage held as Stage 2 Failed.,2026-09-29,2026-09-21,,-1.32,39.86,46028693.71,0.98,0.84,0.59,False,True,"Stage 1, Stage 1 - Base/Repair, weekly_volume_dryup, stage1_not_actionable, stage1_needs_more_base | Stage 2 failed state applied from stage memory.",watchlist,4.59,7.09,2197.84,-12.79,"[20.53, 17.34]","[7, 22]",0.9,43.0,464
RUSTOMJEE.NS,Keystone Realtors Limited,Realty,Unknown,Unknown,False,Cash,1,Stage 4,Stage 4,Stage 4 - Confirmed Downtrend,Stage 4 - Confirmed Downtrend,Stage 4 • Stage 4 - Confirmed Downtrend,0.86,Price is below a bearish moving-average stack with falling trend signals.,,,,,-10.09,-3.12,38806953.18,0.4,1.2,0.65,True,True,"Stage 4, Stage 4 - Confirmed Downtrend, volume_dryup, weekly_volume_dryup, downtrend",watchlist,5.91,6.91,446.93,-18.79,"[15.47, 15.59, 13.89]","[25, 13, 12]",0.95,91.0,465
ACC.NS,ACC Limited,Construction Materials,Unknown,Unknown,False,Cash,1,Stage 4,Stage 4,Stage 4 - Confirmed Downtrend,Stage 4 - Confirmed Downtrend,Stage 4 • Stage 4 - Confirmed Downtrend,0.86,Price is below a bearish moving-average stack with falling trend signals.,,,,,-7.68,-10.75,176781443.4,1.09,6.39,1.41,False,False,"Stage 4, Stage 4 - Confirmed Downtrend, weekly_vcp_ok, weekly_strong, downtrend",watchlist,6.9,6.9,1413.9,-14.94,"[8.74, 9.52, 6.62]","[15, 9, 14]",0.55,64.0,466
CESC.NS,CESC Limited,Power,Unknown,Unknown,False,Cash,1,Stage 4,Stage 4,Stage 4 - Weak/Declining,Stage 4 - Weak/Declining,Stage 4 • Stage 4 - Weak/Declining,0.72,Price is below long-term support with weak trend evidence.,,,2026-08-17,,-12.15,-9.4,276489305.21,1.17,2.28,1.24,False,False,"Stage 4, Stage 4 - Weak/Declining, downtrend",watchlist,6.9,6.9,165.93,-19.32,"[12.45, 10.34, 11.1]","[11, 17, 31]",0.55,70.0,467
ORIENTELEC.NS,Orient Electric Limited,Consumer Durables,Unknown,Unknown,False,Cash,1,Stage 4,Stage 4,Stage 4 - Weak/Declining,Stage 4 - Weak/Declining,Stage 4 • Stage 4 - Weak/Declining,0.72,Price is below long-term support with weak trend evidence.,,,2026-09-04,,-6.09,-0.57,22440004.98,0.17,2.29,0.22,True,True,"Stage 4, Stage 4 - Weak/Declining, weekly_vcp_ok, volume_dryup, weekly_volume_dryup, weekly_strong, downtrend",watchlist,6.7,6.7,194.34,-19.41,"[14.33, 10.21]","[25, 16]",0.9,44.0,468
IRFC.NS,Indian Railway Finance Corporation Limited,Financial Services,Unknown,Unknown,True,F&O,1,Stage 4,Stage 4,Stage 4 - Confirmed Downtrend,Stage 4 - Confirmed Downtrend,Stage 4 • Stage 4 - Confirmed Downtrend,0.86,Price is below a bearish moving-average stack with falling trend signals.,,,,,-5.35,-12.99,590382908.9,1.09,2.17,1.13,False,False,"Stage 4, Stage 4 - Confirmed Downtrend, weekly_vcp_ok, weekly_strong, downtrend",watchlist,6.6,6.6,101.32,-20.78,"[13.92, 15.0, 13.97]","[25, 24, 32]",0.55,94.0,469
BANKBARODA.NS,Bank of Baroda,Financial Services,Unknown,Unknown,True,F&O,1,Stage 4,Stage 4,Stage 4 - Confirmed Downtrend,Stage 4 - Confirmed Downtrend,Stage 4 • Stage 4 - Confirmed Downtrend,0.86,Price is below a bearish moving-average stack with falling trend signals.,,,2026-06-26,,-3.69,-9.06,1495391290.96,0.7,1.05,0.68,True,True,"Stage 4, Stage 4 - Confirmed Downtrend, volume_dryup, weekly_volume_dryup, downtrend",watchlist,6.57,6.57,244.59,-6.91,"[16.78, 7.22]","[11, 5]",0.9,25.0,470
INOXWIND.NS,Inox Wind Limited,Capital Goods,Unknown,Unknown,True,F&O,1,Stage 4,Stage 4,Stage 4 - Confirmed Downtrend,Stage 4 - Confirmed Downtrend,Stage 4 • Stage 4 - Confirmed Downtrend,0.86,Price is below a bearish moving-average stack with falling trend signals.,,,,,-12.71,-11.22,903475975.04,0.78,0.73,0.86,True,True,"Stage 4, Stage 4 - Confirmed Downtrend, weekly_vcp_ok, volume_dryup, weekly_volume_dryup, downtrend",watchlist,4.07,6.57,94.87,-24.63,"[16.49, 18.56, 16.19]","[6, 12, 22]",0.55,83.0,471
MASFIN.NS,MAS Financial Services Limited,Financial Services,Unknown,Unknown,False,Cash,1,Stage 4,Stage 4,Stage 4 - Confirmed Downtrend,Stage 4 - Confirmed Downtrend,Stage 4 • Stage 4 - Confirmed Downtrend,0.86,Price is below a bearish moving-average stack with falling trend signals.,,,2026-07-13,,-6.36,-6.48,61467183.31,1.02,0.84,0.92,False,False,"Stage 4, Stage 4 - Confirmed Downtrend, downtrend",watchlist,6.47,6.47,310.2,-9.28,"[16.34, 10.31, 5.78]","[14, 9, 8]",0.95,43.0,472
DCAL.NS,Dishman Carbogen Amcis Limited,Healthcare,Unknown,Unknown,False,Cash,1,Stage 4,Stage 4,Stage 4 - Weak/Declining,Stage 4 - Weak/Declining,Stage 4 • Stage 4 - Weak/Declining,0.72,Price is below long-term support with weak trend evidence.,,,2025-11-12,,-11.85,9.87,33542662.27,0.65,0.96,0.45,True,True,"Stage 4, Stage 4 - Weak/Declining, weekly_vcp_ok, volume_dryup, weekly_volume_dryup, weekly_strong, downtrend",watchlist,1.45,6.45,201.0,-19.71,"[25.47, 13.89]","[19, 13]",0.9,46.0,473
ASTRAZEN.NS,AstraZeneca Pharma India Limited,Healthcare,Unknown,Unknown,False,Cash,1,Stage 4,Stage 4,Stage 4 - Confirmed Downtrend,Stage 4 - Confirmed Downtrend,Stage 4 • Stage 4 - Confirmed Downtrend,0.86,Price is below a bearish moving-average stack with falling trend signals.,,,2025-11-28,,-18.37,-18.68,38564381.95,0.55,0.87,0.57,True,True,"Stage 4, Stage 4 - Confirmed Downtrend, weekly_vcp_ok, volume_dryup, weekly_volume_dryup, weekly_strong, downtrend",watchlist,1.2,6.2,8760.24,-28.6,"[10.0, 10.7, 10.06, 6.87]","[14, 12, 13, 9]",0.73,72.0,474
RAMKY.NS,Ramky Infrastructure Limited,Construction,Unknown,Unknown,False,Cash,1,Stage 4,Stage 4,Stage 4 - Confirmed Downtrend,Stage 4 - Confirmed Downtrend,Stage 4 • Stage 4 - Confirmed Downtrend,0.86,Price is below a bearish moving-average stack with falling trend signals.,,,2025-11-28,,-20.84,-33.9,12207283.32,1.16,2.79,1.49,False,False,"Stage 4, Stage 4 - Confirmed Downtrend, downtrend",watchlist,6.1,6.1,419.42,-29.89,"[18.98, 14.39, 12.62]","[13, 11, 13]",0.95,66.0,475
HAPPSTMNDS.NS,Happiest Minds Technologies Limited,Information Technology,Unknown,Unknown,False,Cash,1,Stage 4,Stage 4,Stage 4 - Weak/Declining,Stage 4 - Weak/Declining,Stage 4 • Stage 4 - Weak/Declining,0.72,Price is below long-term support with weak trend evidence.,,,,,-4.92,-18.67,350742762.49,0.31,0.25,0.25,True,True,"Stage 4, Stage 4 - Weak/Declining, volume_dryup, weekly_volume_dryup, downtrend",watchlist,5.02,6.02,458.1,-32.61,"[13.94, 15.06, 14.93]","[6, 22, 9]",0.55,57.0,476
DBL.NS,Dilip Buildcon Limited,Construction,Unknown,Unknown,False,Cash,1,Stage 4,Stage 4,Stage 4 - Confirmed Downtrend,Stage 4 - Confirmed Downtrend,Stage 4 • Stage 4 - Confirmed Downtrend,0.86,Price is below a bearish moving-average stack with falling trend signals.,,,2025-11-04,,-0.68,1.82,214252701.25,0.4,0.28,0.17,True,True,"Stage 4, Stage 4 - Confirmed Downtrend, weekly_vcp_ok, volume_dryup, weekly_volume_dryup, weekly_strong, downtrend",watchlist,6.01,6.01,473.52,-13.22,"[17.29, 18.63, 17.84]","[16, 23, 23]",0.55,85.0,477
AHLUCONT.NS,Ahluwalia Contracts (India) Limited,Construction,Unknown,Unknown,False,Cash,1,Stage 4,Stage 4,Stage 4 - Confirmed Downtrend,Stage 4 - Confirmed Downtrend,Stage 4 • Stage 4 - Confirmed Downtrend,0.86,Price is below a bearish moving-average stack with falling trend signals.,,,2025-12-05,,-27.38,-22.46,42435132.83,0.88,2.25,1.02,False,False,"Stage 4, Stage 4 - Confirmed Downtrend, weekly_vcp_ok, weekly_strong, downtrend",watchlist,5.77,5.77,885.48,-37.71,"[15.34, 5.82]","[10, 40]",0.9,59.0,478
BHARATRAS.NS,Bharat Rasayan Limited,Chemicals,Unknown,Unknown,False,Cash,1,Stage 4,Stage 4,Stage 4 - Confirmed Downtrend,Stage 4 - Confirmed Downtrend,Stage 4 • Stage 4 - Confirmed Downtrend,0.86,Price is below a bearish moving-average stack with falling trend signals.,,,2025-12-12,,-18.98,-28.2,23236060.18,1.53,4.57,2.18,False,False,"Stage 4, Stage 4 - Confirmed Downtrend, weekly_vcp_ok, downtrend",watchlist,3.22,5.72,1434.89,-29.91,"[12.26, 11.84, 10.48]","[11, 17, 8]",0.95,41.0,479
INDIGOPNTS.NS,Indigo Paints Limited,Consumer Durables,Unknown,Unknown,False,Cash,1,Stage 2 Failed,Not Sure,Failed Stage 2,Failed Stage 2,Stage 2 Failed • Failed Stage 2,0.72,"This stock was recently Stage 2, but the latest structure no longer satisfies Stage 2 rules. It is kept as Stage 2 Failed until a fresh base/repair structure forms.",Recent Stage 2 break; public stage held as Stage 2 Failed.,2026-09-29,2026-09-25,,7.69,41.17,64119945.41,0.45,0.97,0.42,True,True,"Not Sure, Not Sure, volume_dryup, weekly_volume_dryup | Stage 2 failed state applied from stage memory.",watchlist,5.64,5.64,1209.0,-10.76,[13.38],[6],0.0,6.0,480
RACE.NS,Race Eco Chain Limited,Utilities,Unknown,Unknown,False,Cash,1,Not Sure,Not Sure,Not Sure,Not Sure,Not Sure,0.0,Stage rules did not identify a reliable structure.,No confident stage classification.,,,,11.7,16.52,12606470.72,4.1,0.67,4.66,False,False,"Not Sure, Not Sure, weekly_vcp_ok, weekly_strong",watchlist,0.62,5.62,115.2,4.04,"[19.68, 20.98]","[48, 29]",0.1,91.0,481
ALKEM.NS,Alkem Laboratories Limited,Healthcare,Unknown,Unknown,True,F&O,1,Stage 4,Stage 4,Stage 4 - Confirmed Downtrend,Stage 4 - Confirmed Downtrend,Stage 4 • Stage 4 - Confirmed Downtrend,0.86,Price is below a bearish moving-average stack with falling trend signals.,,,2026-08-11,,0.59,0.89,777560277.23,1.3,1.85,1.06,False,False,"Stage 4, Stage 4 - Confirmed Downtrend, weekly_vcp_ok, weekly_strong, downtrend",watchlist,0.54,5.54,5882.27,-10.75,[10.8],[89],0.0,89.0,482
INDUSINDBK.NS,IndusInd Bank Ltd.,Financial Services,Unknown,Unknown,True,F&O,1,Stage 2 Failed,Not Sure,Failed Stage 2,Failed Stage 2,Stage 2 Failed • Failed Stage 2,0.72,"This stock was recently Stage 2, but the latest structure no longer satisfies Stage 2 rules. It is kept as Stage 2 Failed until a fresh base/repair structure forms.",Recent Stage 2 break; public stage held as Stage 2 Failed.,2026-09-29,2026-09-23,,-3.85,12.31,2043557070.47,1.58,1.87,1.63,False,False,"Not Sure, Not Sure | Stage 2 failed state applied from stage memory.",watchlist,5.44,5.44,1039.82,-15.56,[7.2],[41],0.0,41.0,483
RTNINDIA.NS,RattanIndia Enterprises Limited,Services,Unknown,Unknown,False,Cash,1,Stage 4,Stage 4,Stage 4 - Confirmed Downtrend,Stage 4 - Confirmed Downtrend,Stage 4 • Stage 4 - Confirmed Downtrend,0.86,Price is below a bearish moving-average stack with falling trend signals.,,,,,-17.57,-10.97,48011129.24,1.11,2.04,1.02,False,False,"Stage 4, Stage 4 - Confirmed Downtrend, weekly_vcp_ok, weekly_strong, downtrend",watchlist,4.37,5.37,36.06,-28.85,"[25.71, 26.12]","[36, 31]",0.9,75.0,484
PGHH.NS,Procter & Gamble Hygiene and Health Care Limited,Fast Moving Consumer Goods,Unknown,Unknown,False,Cash,1,Stage 4,Stage 4,Stage 4 - Confirmed Downtrend,Stage 4 - Confirmed Downtrend,Stage 4 • Stage 4 - Confirmed Downtrend,0.86,Price is below a bearish moving-average stack with falling trend signals.,,,,,-16.19,-28.1,145226781.35,1.45,1.56,1.24,False,False,"Stage 4, Stage 4 - Confirmed Downtrend, downtrend",watchlist,5.32,5.32,8161.04,-15.8,"[14.47, 7.35]","[14, 5]",0.9,23.0,485
BAJAJHFL.NS,Bajaj Housing Finance Ltd.,Financial Services,Unknown,Unknown,False,Cash,1,Stage 4,Stage 4,Stage 4 - Confirmed Downtrend,Stage 4 - Confirmed Downtrend,Stage 4 • Stage 4 - Confirmed Downtrend,0.86,Price is below a bearish moving-average stack with falling trend signals.,,,,,-5.01,2.44,239634254.96,0.99,1.01,1.09,False,False,"Stage 4, Stage 4 - Confirmed Downtrend, weekly_vcp_ok, downtrend",watchlist,5.29,5.29,94.16,-13.7,"[12.04, 5.89, 5.35, 5.89]","[14, 11, 9, 9]",0.73,91.0,486
CSBBANK.NS,CSB Bank Limited,Financial Services,Unknown,Unknown,False,Cash,1,Stage 4,Stage 4,Stage 4 - Confirmed Downtrend,Stage 4 - Confirmed Downtrend,Stage 4 • Stage 4 - Confirmed Downtrend,0.86,Price is below a bearish moving-average stack with falling trend signals.,,,2026-01-30,,-4.18,-14.94,303052898.71,1.94,0.58,0.5,False,True,"Stage 4, Stage 4 - Confirmed Downtrend, weekly_vcp_ok, weekly_volume_dryup, weekly_strong, downtrend",watchlist,5.2,5.2,377.95,-16.34,"[17.68, 16.03, 16.89, 17.03]","[7, 10, 24, 13]",0.73,96.0,487
GREENPANEL.NS,Greenpanel Industries Limited,Consumer Durables,Unknown,Unknown,False,Cash,1,Stage 4,Stage 4,Stage 4 - Confirmed Downtrend,Stage 4 - Confirmed Downtrend,Stage 4 • Stage 4 - Confirmed Downtrend,0.86,Price is below a bearish moving-average stack with falling trend signals.,,,,,-10.95,-12.52,66612513.45,1.47,0.37,0.48,False,True,"Stage 4, Stage 4 - Confirmed Downtrend, weekly_vcp_ok, weekly_volume_dryup, weekly_strong, downtrend",watchlist,5.2,5.2,208.87,-23.85,"[25.87, 10.15, 9.54, 10.54]","[11, 8, 9, 7]",0.73,96.0,488
NTPC.NS,NTPC Limited,Power,Unknown,Unknown,True,F&O,1,Stage 4,Stage 4,Stage 4 - Weak/Declining,Stage 4 - Weak/Declining,Stage 4 • Stage 4 - Weak/Declining,0.72,Price is below long-term support with weak trend evidence.,,,2026-05-28,,-2.23,-10.23,2415057509.93,0.91,1.59,1.01,False,False,"Stage 4, Stage 4 - Weak/Declining, downtrend",watchlist,5.14,5.14,357.62,-9.54,"[13.93, 7.85, 8.36]","[13, 18, 25]",0.55,68.0,489
BHARTIHEXA.NS,Bharti Hexacom Ltd.,Telecommunication,Unknown,Unknown,False,Cash,1,Stage 4,Stage 4,Stage 4 - Weak/Declining,Stage 4 - Weak/Declining,Stage 4 • Stage 4 - Weak/Declining,0.72,Price is below long-term support with weak trend evidence.,,,2026-01-05,,4.03,-5.65,126175047.88,0.84,2.29,0.69,True,True,"Stage 4, Stage 4 - Weak/Declining, weekly_vcp_ok, volume_dryup, weekly_volume_dryup, weekly_strong, downtrend",watchlist,0.0,5.0,1619.73,-12.99,[10.97],[9],0.0,9.0,490
BIOCON.NS,Biocon Ltd.,Healthcare,Unknown,Unknown,True,F&O,1,Stage 4,Stage 4,Stage 4 - Weak/Declining,Stage 4 - Weak/Declining,Stage 4 • Stage 4 - Weak/Declining,0.72,Price is below long-term support with weak trend evidence.,,,2026-08-14,,-5.63,6.78,1224596538.96,0.94,0.97,0.73,False,True,"Stage 4, Stage 4 - Weak/Declining, weekly_vcp_ok, weekly_volume_dryup, weekly_strong, downtrend",watchlist,0.0,5.0,422.34,-10.73,[16.27],[30],0.0,30.0,491
ERIS.NS,Eris Lifesciences Limited,Healthcare,Unknown,Unknown,False,Cash,1,Stage 4,Stage 4,Stage 4 - Confirmed Downtrend,Stage 4 - Confirmed Downtrend,Stage 4 • Stage 4 - Confirmed Downtrend,0.86,Price is below a bearish moving-average stack with falling trend signals.,,,,,-8.76,-7.52,115742155.06,1.44,14.63,2.61,False,False,"Stage 4, Stage 4 - Confirmed Downtrend, weekly_vcp_ok, weekly_strong, downtrend",watchlist,0.0,5.0,1412.47,-13.68,[14.98],[50],0.0,50.0,492
JLHL.NS,Jupiter Life Line Hospitals Limited,Healthcare,Unknown,Unknown,False,Cash,1,Stage 2 Failed,Stage 4,Failed Stage 2,Failed Stage 2,Stage 2 Failed • Failed Stage 2,0.72,"This stock was recently Stage 2, but the latest structure no longer satisfies Stage 2 rules. It is kept as Stage 2 Failed until a fresh base/repair structure forms.",Recent Stage 2 break; public stage held as Stage 2 Failed.,2026-09-29,2026-09-18,,-3.99,9.73,44343122.76,1.37,11.68,2.42,False,False,"Stage 4, Stage 4 - Weak/Declining, weekly_vcp_ok, weekly_strong, downtrend | Stage 2 failed state applied from stage memory.",watchlist,0.0,5.0,313.5,-16.41,[11.26],[8],0.0,8.0,493
ALOKINDS.NS,Alok Industries Limited,Textiles,Unknown,Unknown,False,Cash,1,Stage 4,Stage 4,Stage 4 - Confirmed Downtrend,Stage 4 - Confirmed Downtrend,Stage 4 • Stage 4 - Confirmed Downtrend,0.86,Price is below a bearish moving-average stack with falling trend signals.,,,,,-40.27,-43.87,220854134.6,1.11,0.77,0.98,False,False,"Stage 4, Stage 4 - Confirmed Downtrend, weekly_vcp_ok, weekly_strong, downtrend",watchlist,0.0,5.0,12.15,-41.9,[47.63],[53],0.0,53.0,494
FORTIS.NS,Fortis Healthcare Limited,Healthcare,Unknown,Unknown,True,F&O,1,Stage 4,Stage 4,Stage 4 - Weak/Declining,Stage 4 - Weak/Declining,Stage 4 • Stage 4 - Weak/Declining,0.72,Price is below long-term support with weak trend evidence.,,,2026-07-29,,-9.53,2.27,978120441.4,1.21,2.3,1.59,False,False,"Stage 4, Stage 4 - Weak/Declining, weekly_vcp_ok, weekly_strong, downtrend",watchlist,0.0,5.0,943.55,-12.88,[10.26],[7],0.0,7.0,495
ROUTE.NS,ROUTE MOBILE LIMITED,Telecommunication,Unknown,Unknown,False,Cash,1,Stage 4,Stage 4,Stage 4 - Weak/Declining,Stage 4 - Weak/Declining,Stage 4 • Stage 4 - Weak/Declining,0.72,Price is below long-term support with weak trend evidence.,,,,,-12.25,-2.08,107896994.41,0.37,0.42,0.32,True,True,"Stage 4, Stage 4 - Weak/Declining, weekly_vcp_ok, volume_dryup, weekly_volume_dryup, weekly_strong, downtrend",watchlist,0.0,5.0,535.34,-16.46,[24.28],[23],0.0,23.0,496
SANOFI.NS,Sanofi India Limited,Healthcare,Unknown,Unknown,False,Cash,1,Stage 4,Stage 4,Stage 4 - Confirmed Downtrend,Stage 4 - Confirmed Downtrend,Stage 4 • Stage 4 - Confirmed Downtrend,0.86,Price is below a bearish moving-average stack with falling trend signals.,,,,,-4.27,-6.31,54932737.68,1.05,0.56,1.46,False,False,"Stage 4, Stage 4 - Confirmed Downtrend, weekly_vcp_ok, weekly_strong, downtrend",watchlist,0.0,5.0,3225.64,-4.76,[14.23],[30],0.0,30.0,497
SYNGENE.NS,Syngene International Limited,Healthcare,Unknown,Unknown,False,Cash,1,Stage 4,Stage 4,Stage 4 - Confirmed Downtrend,Stage 4 - Confirmed Downtrend,Stage 4 • Stage 4 - Confirmed Downtrend,0.86,Price is below a bearish moving-average stack with falling trend signals.,,,,,-10.51,-7.35,234298038.01,0.82,0.95,0.3,True,True,"Stage 4, Stage 4 - Confirmed Downtrend, weekly_vcp_ok, volume_dryup, weekly_volume_dryup, weekly_strong, downtrend",watchlist,0.0,5.0,450.74,-18.53,"[16.66, 18.86]","[24, 33]",0.1,65.0,498
TRIDENT.NS,Trident Limited,Textiles,Unknown,Unknown,False,Cash,1,Stage 4,Stage 4,Stage 4 - Confirmed Downtrend,Stage 4 - Confirmed Downtrend,Stage 4 • Stage 4 - Confirmed Downtrend,0.86,Price is below a bearish moving-average stack with falling trend signals.,,,,,-9.83,-4.65,59219824.09,0.75,1.21,0.71,True,True,"Stage 4, Stage 4 - Confirmed Downtrend, weekly_vcp_ok, volume_dryup, weekly_volume_dryup, weekly_strong, downtrend",watchlist,0.0,5.0,24.63,-8.7,[12.0],[28],0.0,28.0,499
TTML.NS,Tata Teleservices (Maharashtra) Limited,Telecommunication,Unknown,Unknown,False,Cash,1,Stage 4,Stage 4,Stage 4 - Confirmed Downtrend,Stage 4 - Confirmed Downtrend,Stage 4 • Stage 4 - Confirmed Downtrend,0.86,Price is below a bearish moving-average stack with falling trend signals.,,,,,-11.71,-5.73,211424714.79,2.25,2.07,6.7,False,False,"Stage 4, Stage 4 - Confirmed Downtrend, weekly_vcp_ok, weekly_strong, downtrend",watchlist,0.0,5.0,40.57,-13.29,[10.46],[5],0.0,5.0,500
CIPLA.NS,Cipla Limited,Healthcare,Unknown,Unknown,True,F&O,1,Stage 3,Stage 3,Stage 3 - Distribution/Damage,Stage 3 - Distribution/Damage,Stage 3 • Stage 3 - Distribution/Damage,0.76,"Prior strength exists, but short-term and/or weekly structure is deteriorating.",,,2026-08-24,,0.63,16.39,1286295515.17,1.0,1.78,1.07,False,False,"Stage 3, Stage 3 - Distribution/Damage, distribution_risk",watchlist,0.0,5.0,1488.1,-7.31,[9.85],[35],0.0,35.0,501
TATACOMM.NS,Tata Communications Limited,Telecommunication,Unknown,Unknown,False,Cash,1,Stage 2 Failed,Stage 4,Failed Stage 2,Failed Stage 2,Stage 2 Failed • Failed Stage 2,0.72,"This stock was recently Stage 2, but the latest structure no longer satisfies Stage 2 rules. It is kept as Stage 2 Failed until a fresh base/repair structure forms.",Recent Stage 2 break; public stage held as Stage 2 Failed.,2026-09-29,2026-09-18,,-7.18,19.49,404527285.11,0.83,0.87,0.54,True,True,"Stage 4, Stage 4 - Weak/Declining, volume_dryup, weekly_volume_dryup, downtrend | Stage 2 failed state applied from stage memory.",watchlist,0.0,5.0,1831.5,-9.65,[22.27],[47],0.0,47.0,502
FDC.NS,FDC Limited,Healthcare,Unknown,Unknown,False,Cash,1,Stage 4,Stage 4,Stage 4 - Confirmed Downtrend,Stage 4 - Confirmed Downtrend,Stage 4 • Stage 4 - Confirmed Downtrend,0.86,Price is below a bearish moving-average stack with falling trend signals.,,,2026-07-31,,-13.26,5.51,49477396.88,0.68,0.8,0.64,True,True,"Stage 4, Stage 4 - Confirmed Downtrend, volume_dryup, weekly_volume_dryup, downtrend",watchlist,0.0,5.0,366.24,-4.41,[22.64],[22],0.0,22.0,503
LUXIND.NS,Lux Industries Limited,Textiles,Unknown,Unknown,False,Cash,1,Stage 4,Stage 4,Stage 4 - Weak/Declining,Stage 4 - Weak/Declining,Stage 4 • Stage 4 - Weak/Declining,0.72,Price is below long-term support with weak trend evidence.,,,2026-06-04,,-5.12,2.66,59987154.38,2.59,0.45,0.99,False,False,"Stage 4, Stage 4 - Weak/Declining, downtrend",watchlist,0.0,5.0,1247.9,-11.56,[16.92],[15],0.0,15.0,504
NATCOPHARM.NS,Natco Pharma Limited,Healthcare,Unknown,Unknown,False,Cash,1,Stage 4,Stage 4,Stage 4 - Weak/Declining,Stage 4 - Weak/Declining,Stage 4 • Stage 4 - Weak/Declining,0.72,Price is below long-term support with weak trend evidence.,,,2026-05-29,,-3.29,-17.44,355446077.87,1.21,1.63,1.27,False,False,"Stage 4, Stage 4 - Weak/Declining, downtrend",watchlist,0.0,5.0,916.05,-7.96,[16.84],[23],0.0,23.0,505
GOKEX.NS,Gokaldas Exports Limited,Textiles,Unknown,Unknown,False,Cash,1,Stage 4,Stage 4,Stage 4 - Weak/Declining,Stage 4 - Weak/Declining,Stage 4 • Stage 4 - Weak/Declining,0.72,Price is below long-term support with weak trend evidence.,,,2026-08-20,,-14.96,9.49,200703794.71,1.34,2.03,1.43,False,False,"Stage 4, Stage 4 - Weak/Declining, downtrend",watchlist,0.0,5.0,803.9,-15.59,[17.18],[29],0.0,29.0,506
ITI.NS,ITI Limited,Telecommunication,Unknown,Unknown,False,Cash,1,Stage 4,Stage 4,Stage 4 - Confirmed Downtrend,Stage 4 - Confirmed Downtrend,Stage 4 • Stage 4 - Confirmed Downtrend,0.86,Price is below a bearish moving-average stack with falling trend signals.,,,2026-07-02,,-12.27,-5.29,37017421.5,0.66,0.94,0.72,True,True,"Stage 4, Stage 4 - Confirmed Downtrend, volume_dryup, weekly_volume_dryup, downtrend",watchlist,0.0,5.0,277.08,-12.16,[16.68],[28],0.0,28.0,507
RAINBOW.NS,Rainbow Childrens Medicare Limited,Healthcare,Unknown,Unknown,False,Cash,1,Stage 2 Failed,Stage 3,Failed Stage 2,Failed Stage 2,Stage 2 Failed • Failed Stage 2,0.72,"This stock was recently Stage 2, but the latest structure no longer satisfies Stage 2 rules. It is kept as Stage 2 Failed until a fresh base/repair structure forms.",Recent Stage 2 break; public stage held as Stage 2 Failed.,2026-09-29,2026-09-18,,2.53,19.72,176097398.18,1.5,2.21,2.29,False,False,"Stage 3, Stage 3 - Transition, distribution_risk | Stage 2 failed state applied from stage memory.",watchlist,0.0,5.0,1505.0,-9.12,[12.46],[15],0.0,15.0,508
BECTORFOOD.NS,Mrs. Bectors Food Specialities Limited,Fast Moving Consumer Goods,Unknown,Unknown,False,Cash,1,Stage 2 Failed,Not Sure,Failed Stage 2,Failed Stage 2,Stage 2 Failed • Failed Stage 2,0.72,"This stock was recently Stage 2, but the latest structure no longer satisfies Stage 2 rules. It is kept as Stage 2 Failed until a fresh base/repair structure forms.",Recent Stage 2 break; public stage held as Stage 2 Failed.,2026-09-29,2026-09-21,,24.55,11.59,235705928.75,0.43,0.36,0.11,True,True,"Not Sure, Not Sure, weekly_vcp_ok, volume_dryup, weekly_volume_dryup, weekly_strong | Stage 2 failed state applied from stage memory.",watchlist,4.86,4.86,247.44,-15.65,[16.43],[10],0.0,10.0,509
AADHARHFC.NS,Aadhar Housing Finance Ltd.,Financial Services,Unknown,Unknown,False,Cash,1,Stage 4,Stage 4,Stage 4 - Weak/Declining,Stage 4 - Weak/Declining,Stage 4 • Stage 4 - Weak/Declining,0.72,Price is below long-term support with weak trend evidence.,,,2026-08-17,,-16.12,-4.23,156273846.0,1.31,1.05,0.81,False,True,"Stage 4, Stage 4 - Weak/Declining, weekly_vcp_ok, weekly_volume_dryup, weekly_strong, downtrend",watchlist,4.78,4.78,488.0,-11.37,"[13.48, 11.3]","[18, 12]",0.9,35.0,510
JMFINANCIL.NS,JM Financial Limited,Financial Services,Unknown,Unknown,False,Cash,1,Stage 4,Stage 4,Stage 4 - Weak/Declining,Stage 4 - Weak/Declining,Stage 4 • Stage 4 - Weak/Declining,0.72,Price is below long-term support with weak trend evidence.,,,,,2.3,4.9,306132254.62,0.8,1.03,0.75,True,True,"Stage 4, Stage 4 - Weak/Declining, weekly_vcp_ok, volume_dryup, weekly_volume_dryup, weekly_strong, downtrend",watchlist,4.75,4.75,136.3,-7.72,"[22.21, 11.66, 13.39]","[17, 20, 8]",0.55,93.0,511
NIVABUPA.NS,Niva Bupa Health Insurance Company Ltd.,Financial Services,Unknown,Unknown,False,Cash,1,Not Sure,Not Sure,Not Sure,Not Sure,Not Sure,0.0,Stage rules did not identify a reliable structure.,No confident stage classification.,,2026-08-25,,-9.36,1.4,86929220.26,1.38,12.24,2.36,False,False,"Not Sure, Not Sure",watchlist,4.75,4.75,84.05,-12.81,[14.27],[30],0.0,30.0,512
POLYCAB.NS,Polycab India Limited,Capital Goods,Unknown,Unknown,True,F&O,1,Stage 1,Stage 1,Stage 1 - Base/Repair,Stage 1 - Base/Repair,Stage 1 • Stage 1 - Base/Repair,0.7,Price is near long-term moving averages with no strong long-term downtrend signal.,,,2026-08-31,,-9.11,15.98,3550629098.38,1.16,4.59,1.66,False,False,"Stage 1, Stage 1 - Base/Repair, stage1_not_actionable, stage1_needs_more_base",watchlist,2.24,4.74,9649.36,-16.03,"[13.18, 14.08]","[20, 22]",0.1,62.0,513
BBL.NS,Bharat Bijlee Limited,Capital Goods,Unknown,Unknown,False,Cash,1,Stage 4,Stage 4,Stage 4 - Confirmed Downtrend,Stage 4 - Confirmed Downtrend,Stage 4 • Stage 4 - Confirmed Downtrend,0.86,Price is below a bearish moving-average stack with falling trend signals.,,,,,-14.81,-4.46,42490344.24,0.67,1.04,0.72,True,True,"Stage 4, Stage 4 - Confirmed Downtrend, weekly_vcp_ok, volume_dryup, weekly_volume_dryup, weekly_strong, downtrend",watchlist,2.22,4.72,2605.55,-18.49,"[24.71, 12.48]","[14, 11]",0.9,52.0,514
ATGL.NS,Adani Total Gas Limited,"Oil, Gas & Consumable Fuels",Unknown,Unknown,False,Cash,1,Stage 4,Stage 4,Stage 4 - Weak/Declining,Stage 4 - Weak/Declining,Stage 4 • Stage 4 - Weak/Declining,0.72,Price is below long-term support with weak trend evidence.,,,2026-08-10,,-12.44,12.9,1743449941.25,2.95,0.27,0.4,False,True,"Stage 4, Stage 4 - Weak/Declining, weekly_volume_dryup, downtrend",watchlist,1.95,4.45,750.0,-21.55,"[19.68, 14.25, 16.21]","[14, 12, 19]",0.55,77.0,515
GOCOLORS.NS,Go Fashion (India) Limited,Consumer Services,Unknown,Unknown,False,Cash,1,Stage 4,Stage 4,Stage 4 - Weak/Declining,Stage 4 - Weak/Declining,Stage 4 • Stage 4 - Weak/Declining,0.72,Price is below long-term support with weak trend evidence.,,,,,-9.35,11.68,22253628.05,0.29,0.61,0.32,True,True,"Stage 4, Stage 4 - Weak/Declining, volume_dryup, weekly_volume_dryup, downtrend",watchlist,3.31,4.31,365.05,-16.64,"[29.7, 16.06]","[19, 34]",0.9,55.0,516
LAOPALA.NS,La Opala RG Limited,Consumer Durables,Unknown,Unknown,False,Cash,1,Stage 4,Stage 4,Stage 4 - Confirmed Downtrend,Stage 4 - Confirmed Downtrend,Stage 4 • Stage 4 - Confirmed Downtrend,0.86,Price is below a bearish moving-average stack with falling trend signals.,,,,,-5.42,-9.77,23068104.34,0.46,0.44,0.3,True,True,"Stage 4, Stage 4 - Confirmed Downtrend, weekly_vcp_ok, volume_dryup, weekly_volume_dryup, weekly_strong, downtrend",watchlist,4.2,4.2,204.75,-23.46,"[12.06, 6.98]","[7, 64]",0.9,78.0,517
WONDERLA.NS,Wonderla Holidays Limited,Consumer Services,Unknown,Unknown,False,Cash,1,Stage 2 Failed,Stage 1,Failed Stage 2,Failed Stage 2,Stage 2 Failed • Failed Stage 2,0.72,"This stock was recently Stage 2, but the latest structure no longer satisfies Stage 2 rules. It is kept as Stage 2 Failed until a fresh base/repair structure forms.",Recent Stage 2 break; public stage held as Stage 2 Failed.,2026-09-29,2026-09-25,,7.84,-4.37,26256133.7,0.4,0.38,0.36,True,True,"Stage 1, Stage 1 - Early Turn, weekly_vcp_ok, volume_dryup, weekly_volume_dryup, weekly_strong, stage1_not_actionable, stage1_needs_more_base | Stage 2 failed state applied from stage memory.",watchlist,3.05,4.05,555.97,-9.81,"[11.41, 9.17]","[7, 10]",0.9,28.0,518
FIRSTCRY.NS,Brainbees Solutions Ltd.,Consumer Services,Unknown,Unknown,False,Cash,1,Stage 4,Stage 4,Stage 4 - Confirmed Downtrend,Stage 4 - Confirmed Downtrend,Stage 4 • Stage 4 - Confirmed Downtrend,0.86,Price is below a bearish moving-average stack with falling trend signals.,,,,,-9.88,-18.22,1660597575.24,2.6,1.26,4.99,False,False,"Stage 4, Stage 4 - Confirmed Downtrend, weekly_vcp_ok, weekly_strong, downtrend",watchlist,2.95,3.95,238.37,-22.65,"[19.86, 13.87, 14.87]","[28, 8, 6]",0.55,66.0,519
JKIL.NS,J.Kumar Infraprojects Limited,Construction,Unknown,Unknown,False,Cash,1,Stage 4,Stage 4,Stage 4 - Confirmed Downtrend,Stage 4 - Confirmed Downtrend,Stage 4 • Stage 4 - Confirmed Downtrend,0.86,Price is below a bearish moving-average stack with falling trend signals.,,,,,-1.78,0.26,20280141.08,0.74,1.04,0.65,True,True,"Stage 4, Stage 4 - Confirmed Downtrend, weekly_vcp_ok, volume_dryup, weekly_volume_dryup, weekly_strong, downtrend",watchlist,3.85,3.85,515.48,-12.43,"[14.22, 12.86, 8.47]","[19, 14, 32]",0.95,75.0,520
ABCAPITAL.NS,Aditya Birla Capital Limited,Financial Services,Unknown,Unknown,True,F&O,1,Stage 2 Failed,Stage 3,Failed Stage 2,Failed Stage 2,Stage 2 Failed • Failed Stage 2,0.72,"This stock was recently Stage 2, but the latest structure no longer satisfies Stage 2 rules. It is kept as Stage 2 Failed until a fresh base/repair structure forms.",Recent Stage 2 break; public stage held as Stage 2 Failed.,2026-09-29,2026-09-24,,0.24,21.88,999416754.25,0.87,1.62,0.94,False,False,"Stage 3, Stage 3 - Transition, weekly_vcp_ok, weekly_strong, distribution_risk | Stage 2 failed state applied from stage memory.",watchlist,3.82,3.82,417.18,-9.39,"[8.57, 9.23]","[11, 15]",0.1,32.0,521
JAICORPLTD.NS,Jai Corp Limited,Capital Goods,Unknown,Unknown,False,Cash,1,Stage 4,Stage 4,Stage 4 - Confirmed Downtrend,Stage 4 - Confirmed Downtrend,Stage 4 • Stage 4 - Confirmed Downtrend,0.86,Price is below a bearish moving-average stack with falling trend signals.,,,2025-11-04,,-14.81,-5.24,24870971.83,0.9,0.84,0.95,False,False,"Stage 4, Stage 4 - Confirmed Downtrend, downtrend",watchlist,1.08,3.58,117.58,-21.93,"[21.79, 16.46]","[25, 24]",0.9,63.0,522
NIITMTS.NS,NIIT Learning Systems Limited,Consumer Services,Unknown,Unknown,False,Cash,1,Stage 4,Stage 4,Stage 4 - Confirmed Downtrend,Stage 4 - Confirmed Downtrend,Stage 4 • Stage 4 - Confirmed Downtrend,0.86,Price is below a bearish moving-average stack with falling trend signals.,,,2026-02-17,,-6.71,-27.02,44015527.7,0.77,0.34,0.59,True,True,"Stage 4, Stage 4 - Confirmed Downtrend, weekly_vcp_ok, volume_dryup, weekly_volume_dryup, weekly_strong, downtrend",watchlist,2.51,3.51,269.22,-23.87,"[41.41, 8.85]","[28, 55]",0.9,99.0,523
DLF.NS,DLF Limited,Realty,Unknown,Unknown,True,F&O,1,Stage 2 Failed,Not Sure,Failed Stage 2,Failed Stage 2,Stage 2 Failed • Failed Stage 2,0.72,"This stock was recently Stage 2, but the latest structure no longer satisfies Stage 2 rules. It is kept as Stage 2 Failed until a fresh base/repair structure forms.",Recent Stage 2 break; public stage held as Stage 2 Failed.,2026-09-29,2026-09-25,,3.86,25.4,2463013768.84,1.02,1.38,1.11,False,False,"Not Sure, Not Sure | Stage 2 failed state applied from stage memory.",watchlist,1.95,2.95,691.61,-5.58,[11.51],[12],0.0,12.0,524
POONAWALLA.NS,Poonawalla Fincorp Limited,Financial Services,Unknown,Unknown,False,Cash,1,Stage 2 Failed,Not Sure,Failed Stage 2,Failed Stage 2,Stage 2 Failed • Failed Stage 2,0.72,"This stock was recently Stage 2, but the latest structure no longer satisfies Stage 2 rules. It is kept as Stage 2 Failed until a fresh base/repair structure forms.",Recent Stage 2 break; public stage held as Stage 2 Failed.,2026-09-29,2026-09-23,,2.14,12.46,554433684.24,1.46,0.94,1.02,False,False,"Not Sure, Not Sure, weekly_vcp_ok | Stage 2 failed state applied from stage memory.",watchlist,2.71,2.71,512.8,-13.61,[12.45],[42],0.0,42.0,525
ABB.NS,ABB India Limited,Capital Goods,Unknown,Unknown,True,F&O,1,Stage 2 Failed,Stage 1,Failed Stage 2,Failed Stage 2,Stage 2 Failed • Failed Stage 2,0.72,"This stock was recently Stage 2, but the latest structure no longer satisfies Stage 2 rules. It is kept as Stage 2 Failed until a fresh base/repair structure forms.",Recent Stage 2 break; public stage held as Stage 2 Failed.,2026-09-29,2026-09-28,,2.99,9.7,1201526367.6,0.79,1.29,0.64,True,True,"Stage 1, Stage 1 - Base/Repair, volume_dryup, weekly_volume_dryup, stage1_not_actionable, stage1_needs_more_base | Stage 2 failed state applied from stage memory.",watchlist,0.2,2.7,7827.52,-14.91,"[10.59, 11.75]","[9, 23]",0.1,44.0,526
DHANUKA.NS,Dhanuka Agritech Limited,Chemicals,Unknown,Unknown,False,Cash,1,Stage 4,Stage 4,Stage 4 - Confirmed Downtrend,Stage 4 - Confirmed Downtrend,Stage 4 • Stage 4 - Confirmed Downtrend,0.86,Price is below a bearish moving-average stack with falling trend signals.,,,,,-8.59,-2.72,19973970.7,0.69,1.37,0.71,True,True,"Stage 4, Stage 4 - Confirmed Downtrend, volume_dryup, weekly_volume_dryup, downtrend",watchlist,0.03,2.53,1031.8,-9.81,"[9.26, 9.59]","[15, 7]",0.9,26.0,527
HLEGLAS.NS,HLE Glascoat Limited,Capital Goods,Unknown,Unknown,False,Cash,1,Stage 1,Stage 1,Stage 1 - Early Turn,Stage 1 - Early Turn,Stage 1 • Stage 1 - Early Turn,0.66,The stock is improving from a repair/base area but has not confirmed a clean Stage 2 yet.,,,2025-11-11,,20.34,60.65,197745117.04,1.12,0.66,0.7,False,True,"Stage 1, Stage 1 - Early Turn, weekly_vcp_ok, weekly_volume_dryup, weekly_strong, stage1_not_actionable, stage1_needs_more_base",watchlist,0.0,2.5,483.85,-10.17,[25.94],[54],0.0,54.0,528
EPL.NS,EPL Limited,Capital Goods,Unknown,Unknown,False,Cash,1,Stage 2 Failed,Stage 1,Failed Stage 2,Failed Stage 2,Stage 2 Failed • Failed Stage 2,0.72,"This stock was recently Stage 2, but the latest structure no longer satisfies Stage 2 rules. It is kept as Stage 2 Failed until a fresh base/repair structure forms.",Recent Stage 2 break; public stage held as Stage 2 Failed.,2026-09-29,2026-09-28,,4.3,7.48,716337650.01,0.35,0.09,0.22,True,True,"Stage 1, Stage 1 - Base/Repair, weekly_vcp_ok, volume_dryup, weekly_volume_dryup, weekly_strong, stage1_not_actionable, stage1_needs_more_base | Stage 2 failed state applied from stage memory.",watchlist,0.0,2.5,266.16,-12.44,[16.8],[18],0.0,18.0,529
VSTTILLERS.NS,V.S.T Tillers Tractors Limited,Capital Goods,Unknown,Unknown,False,Cash,1,Stage 4,Stage 4,Stage 4 - Weak/Declining,Stage 4 - Weak/Declining,Stage 4 • Stage 4 - Weak/Declining,0.72,Price is below long-term support with weak trend evidence.,,,2026-02-26,,4.03,-11.66,39544335.53,1.28,1.09,1.35,False,False,"Stage 4, Stage 4 - Weak/Declining, weekly_vcp_ok, weekly_strong, downtrend",watchlist,0.0,2.5,4459.6,-0.72,[15.59],[23],0.0,23.0,530
INGERRAND.NS,Ingersoll Rand (India) Limited,Capital Goods,Unknown,Unknown,False,Cash,1,Stage 2 Failed,Stage 1,Failed Stage 2,Failed Stage 2,Stage 2 Failed • Failed Stage 2,0.72,"This stock was recently Stage 2, but the latest structure no longer satisfies Stage 2 rules. It is kept as Stage 2 Failed until a fresh base/repair structure forms.",Recent Stage 2 break; public stage held as Stage 2 Failed.,2026-09-29,2026-09-16,,3.07,14.6,102711532.79,0.79,0.21,0.65,True,True,"Stage 1, Stage 1 - Base/Repair, weekly_vcp_ok, volume_dryup, weekly_volume_dryup, weekly_strong, stage1_not_actionable, stage1_needs_more_base | Stage 2 failed state applied from stage memory.",watchlist,0.0,2.5,4963.67,-15.49,[6.55],[54],0.0,54.0,531
DEEPAKNTR.NS,Deepak Nitrite Limited,Chemicals,Unknown,Unknown,False,Cash,1,Stage 2 Failed,Stage 1,Failed Stage 2,Failed Stage 2,Stage 2 Failed • Failed Stage 2,0.72,"This stock was recently Stage 2, but the latest structure no longer satisfies Stage 2 rules. It is kept as Stage 2 Failed until a fresh base/repair structure forms.",Recent Stage 2 break; public stage held as Stage 2 Failed.,2026-09-29,2026-09-23,,4.62,11.94,376256543.85,0.51,0.65,0.3,True,True,"Stage 1, Stage 1 - Unclear/Repair, weekly_vcp_ok, volume_dryup, weekly_volume_dryup, weekly_strong, stage1_not_actionable, stage1_needs_more_base | Stage 2 failed state applied from stage memory.",watchlist,0.0,2.5,1820.0,-15.99,[8.48],[7],0.0,7.0,532
EICHERMOT.NS,Eicher Motors Limited,Automobile and Auto Components,Unknown,Unknown,True,F&O,1,Stage 2 Failed,Stage 1,Failed Stage 2,Failed Stage 2,Stage 2 Failed • Failed Stage 2,0.72,"This stock was recently Stage 2, but the latest structure no longer satisfies Stage 2 rules. It is kept as Stage 2 Failed until a fresh base/repair structure forms.",Recent Stage 2 break; public stage held as Stage 2 Failed.,2026-09-29,2026-09-23,,4.87,10.43,2885607379.2,0.76,1.6,0.8,True,True,"Stage 1, Stage 1 - Base/Repair, weekly_vcp_ok, volume_dryup, weekly_volume_dryup, weekly_strong, stage1_not_actionable, stage1_needs_more_base | Stage 2 failed state applied from stage memory.",watchlist,0.0,2.5,8154.24,-11.96,[8.05],[12],0.0,12.0,533
ASTRAL.NS,Astral Limited,Capital Goods,Unknown,Unknown,True,F&O,1,Stage 1,Stage 1,Stage 1 - Unclear/Repair,Stage 1 - Unclear/Repair,Stage 1 • Stage 1 - Unclear/Repair,0.58,Not enough evidence for Stage 2 or Stage 4; classified as repair/unclear structure.,,,2026-05-06,,5.47,-9.11,875723575.83,0.55,1.03,0.48,True,True,"Stage 1, Stage 1 - Unclear/Repair, weekly_vcp_ok, volume_dryup, weekly_volume_dryup, weekly_strong, stage1_not_actionable, stage1_needs_more_base",watchlist,0.0,2.5,1583.77,-13.18,[17.16],[15],0.0,15.0,534
ATUL.NS,Atul Limited,Chemicals,Unknown,Unknown,False,Cash,1,Stage 1,Stage 1,Stage 1 - Unclear/Repair,Stage 1 - Unclear/Repair,Stage 1 • Stage 1 - Unclear/Repair,0.58,Not enough evidence for Stage 2 or Stage 4; classified as repair/unclear structure.,,,2026-07-03,,-2.27,-1.77,164959899.9,0.55,1.15,0.42,True,True,"Stage 1, Stage 1 - Unclear/Repair, weekly_vcp_ok, volume_dryup, weekly_volume_dryup, weekly_strong, stage1_not_actionable, stage1_needs_more_base",watchlist,0.0,2.5,6642.5,-9.94,[13.08],[11],0.0,11.0,535
HEROMOTOCO.NS,Hero MotoCorp Limited,Automobile and Auto Components,Unknown,Unknown,True,F&O,1,Stage 2 Failed,Stage 4,Failed Stage 2,Failed Stage 2,Stage 2 Failed • Failed Stage 2,0.72,"This stock was recently Stage 2, but the latest structure no longer satisfies Stage 2 rules. It is kept as Stage 2 Failed until a fresh base/repair structure forms.",Recent Stage 2 break; public stage held as Stage 2 Failed.,2026-09-29,2026-09-08,,14.94,4.0,2701400686.8,0.72,1.37,0.62,True,True,"Stage 4, Stage 4 - Weak/Declining, weekly_vcp_ok, volume_dryup, weekly_volume_dryup, weekly_strong, downtrend | Stage 2 failed state applied from stage memory.",watchlist,0.0,2.5,5668.9,-8.13,[12.99],[25],0.0,25.0,536
CLEAN.NS,Clean Science and Technology Limited,Chemicals,Unknown,Unknown,False,Cash,1,Stage 4,Stage 4,Stage 4 - Weak/Declining,Stage 4 - Weak/Declining,Stage 4 • Stage 4 - Weak/Declining,0.72,Price is below long-term support with weak trend evidence.,,,,,6.83,12.66,308766739.05,0.74,1.2,0.57,True,True,"Stage 4, Stage 4 - Weak/Declining, weekly_vcp_ok, volume_dryup, weekly_volume_dryup, weekly_strong, downtrend",watchlist,0.0,2.5,872.85,-11.12,[11.56],[9],0.0,9.0,537
COCHINSHIP.NS,Cochin Shipyard Limited,Capital Goods,Unknown,Unknown,True,F&O,1,Stage 4,Stage 4,Stage 4 - Confirmed Downtrend,Stage 4 - Confirmed Downtrend,Stage 4 • Stage 4 - Confirmed Downtrend,0.86,Price is below a bearish moving-average stack with falling trend signals.,,,2025-10-17,,-4.68,2.47,1537442944.05,0.8,1.44,0.64,True,True,"Stage 4, Stage 4 - Confirmed Downtrend, weekly_vcp_ok, volume_dryup, weekly_volume_dryup, weekly_strong, downtrend",watchlist,0.0,2.5,1576.13,-13.76,[16.01],[24],0.0,24.0,538
MAZDOCK.NS,Mazagon Dock Shipbuilders Limited,Capital Goods,Unknown,Unknown,True,F&O,1,Stage 2 Failed,Stage 4,Failed Stage 2,Failed Stage 2,Stage 2 Failed • Failed Stage 2,0.72,"This stock was recently Stage 2, but the latest structure no longer satisfies Stage 2 rules. It is kept as Stage 2 Failed until a fresh base/repair structure forms.",Recent Stage 2 break; public stage held as Stage 2 Failed.,2026-09-29,2026-09-08,,-11.76,-9.18,1334835270.1,0.91,1.15,0.72,False,True,"Stage 4, Stage 4 - Weak/Declining, weekly_vcp_ok, weekly_volume_dryup, weekly_strong, downtrend | Stage 2 failed state applied from stage memory.",watchlist,0.0,2.5,2661.45,-21.58,[11.63],[30],0.0,30.0,539
SHARDACROP.NS,Sharda Cropchem Limited,Chemicals,Unknown,Unknown,False,Cash,1,Stage 4,Stage 4,Stage 4 - Confirmed Downtrend,Stage 4 - Confirmed Downtrend,Stage 4 • Stage 4 - Confirmed Downtrend,0.86,Price is below a bearish moving-average stack with falling trend signals.,,,2026-05-06,,-13.86,-17.34,74695828.91,0.65,0.89,0.65,True,True,"Stage 4, Stage 4 - Confirmed Downtrend, weekly_vcp_ok, volume_dryup, weekly_volume_dryup, weekly_strong, downtrend",watchlist,0.0,2.5,804.88,-10.37,[18.31],[27],0.0,27.0,540
SWANCORP.NS,Swan Corp Ltd.,Chemicals,Unknown,Unknown,False,Cash,1,Stage 4,Stage 4,Stage 4 - Confirmed Downtrend,Stage 4 - Confirmed Downtrend,Stage 4 • Stage 4 - Confirmed Downtrend,0.86,Price is below a bearish moving-average stack with falling trend signals.,,,2026-01-07,,-2.55,-8.97,1119964620.15,0.45,0.19,0.3,True,True,"Stage 4, Stage 4 - Confirmed Downtrend, weekly_vcp_ok, volume_dryup, weekly_volume_dryup, weekly_strong, downtrend",watchlist,0.0,2.5,317.04,-10.41,[18.69],[47],0.0,47.0,541
JUBLINGREA.NS,Jubilant Ingrevia Limited,Chemicals,Unknown,Unknown,False,Cash,1,Stage 2 Failed,Stage 4,Failed Stage 2,Failed Stage 2,Stage 2 Failed • Failed Stage 2,0.72,"This stock was recently Stage 2, but the latest structure no longer satisfies Stage 2 rules. It is kept as Stage 2 Failed until a fresh base/repair structure forms.",Recent Stage 2 break; public stage held as Stage 2 Failed.,2026-09-29,2026-09-09,,0.48,8.37,172505390.88,0.96,0.84,0.99,False,False,"Stage 4, Stage 4 - Weak/Declining, weekly_vcp_ok, weekly_strong, downtrend | Stage 2 failed state applied from stage memory.",watchlist,0.0,2.5,771.05,-17.11,[19.87],[48],0.0,48.0,542
GSFC.NS,Gujarat State Fertilizers & Chemicals Limited,Chemicals,Unknown,Unknown,False,Cash,1,Stage 4,Stage 4,Stage 4 - Weak/Declining,Stage 4 - Weak/Declining,Stage 4 • Stage 4 - Weak/Declining,0.72,Price is below long-term support with weak trend evidence.,,,,,2.43,3.11,154514969.93,0.96,0.47,0.84,False,True,"Stage 4, Stage 4 - Weak/Declining, weekly_vcp_ok, weekly_volume_dryup, weekly_strong, downtrend",watchlist,0.0,2.5,160.96,-5.78,[8.42],[8],0.0,8.0,543
AIAENG.NS,AIA Engineering Limited,Capital Goods,Unknown,Unknown,False,Cash,1,Stage 4,Stage 4,Stage 4,Stage 4,Stage 4,0.66,Declining structure detected.,,,2026-08-28,,-13.75,5.05,253550563.2,1.41,0.68,1.53,False,False,"Stage 4, Stage 4, weekly_vcp_ok, weekly_strong, downtrend",watchlist,0.0,2.5,4311.35,-11.03,[22.38],[25],0.0,25.0,544
ANURAS.NS,Anupam Rasayan India Limited,Chemicals,Unknown,Unknown,False,Cash,1,Stage 4,Stage 4,Stage 4 - Confirmed Downtrend,Stage 4 - Confirmed Downtrend,Stage 4 • Stage 4 - Confirmed Downtrend,0.86,Price is below a bearish moving-average stack with falling trend signals.,,,2026-06-05,,-1.1,-6.35,680072433.64,2.47,0.39,0.55,False,True,"Stage 4, Stage 4 - Confirmed Downtrend, weekly_vcp_ok, weekly_volume_dryup, weekly_strong, downtrend",watchlist,0.0,2.5,1272.28,-7.43,[12.41],[16],0.0,16.0,545
BORORENEW.NS,BOROSIL RENEWABLES LIMITED,Capital Goods,Unknown,Unknown,False,Cash,1,Stage 4,Stage 4,Stage 4 - Weak/Declining,Stage 4 - Weak/Declining,Stage 4 • Stage 4 - Weak/Declining,0.72,Price is below long-term support with weak trend evidence.,,,2026-08-04,,-21.18,9.21,201268864.39,1.11,0.92,0.69,False,True,"Stage 4, Stage 4 - Weak/Declining, weekly_vcp_ok, weekly_volume_dryup, weekly_strong, downtrend",watchlist,0.0,2.5,518.86,-12.79,[24.93],[25],0.0,25.0,546
CUMMINSIND.NS,Cummins India Limited,Capital Goods,Unknown,Unknown,True,F&O,1,Stage 4,Stage 4,Stage 4 - Weak/Declining,Stage 4 - Weak/Declining,Stage 4 • Stage 4 - Weak/Declining,0.72,Price is below long-term support with weak trend evidence.,,,2026-08-11,,-5.61,3.47,1821320676.08,0.88,2.02,0.98,False,False,"Stage 4, Stage 4 - Weak/Declining, weekly_vcp_ok, weekly_strong, downtrend",watchlist,0.0,2.5,5692.78,-15.68,[4.62],[64],0.0,64.0,547
KEC.NS,KEC International Limited,Capital Goods,Unknown,Unknown,False,Cash,1,Stage 4,Stage 4,Stage 4 - Confirmed Downtrend,Stage 4 - Confirmed Downtrend,Stage 4 • Stage 4 - Confirmed Downtrend,0.86,Price is below a bearish moving-average stack with falling trend signals.,,,,,-19.06,-27.82,437865971.22,0.75,1.17,0.65,True,True,"Stage 4, Stage 4 - Confirmed Downtrend, weekly_vcp_ok, volume_dryup, weekly_volume_dryup, weekly_strong, downtrend",watchlist,0.0,2.5,442.17,-14.43,[19.29],[26],0.0,26.0,548
RCF.NS,Rashtriya Chemicals and Fertilizers Limited,Chemicals,Unknown,Unknown,False,Cash,1,Stage 4,Stage 4,Stage 4 - Confirmed Downtrend,Stage 4 - Confirmed Downtrend,Stage 4 • Stage 4 - Confirmed Downtrend,0.86,Price is below a bearish moving-average stack with falling trend signals.,,,,,-11.66,-6.25,109723600.27,0.84,0.64,0.92,True,False,"Stage 4, Stage 4 - Confirmed Downtrend, weekly_vcp_ok, volume_dryup, weekly_strong, downtrend",watchlist,0.0,2.5,127.2,-15.01,[16.55],[16],0.0,16.0,549
SALASAR.NS,Salasar Techno Engineering Limited,Capital Goods,Unknown,Unknown,False,Cash,1,Stage 4,Stage 4,Stage 4 - Confirmed Downtrend,Stage 4 - Confirmed Downtrend,Stage 4 • Stage 4 - Confirmed Downtrend,0.86,Price is below a bearish moving-average stack with falling trend signals.,,,,,-25.88,-35.84,41438339.15,1.17,4.02,1.83,False,False,"Stage 4, Stage 4 - Confirmed Downtrend, weekly_vcp_ok, weekly_strong, downtrend",watchlist,0.0,2.5,6.66,-37.55,[22.45],[42],0.0,42.0,550
SANDUMA.NS,Sandur Manganese & Iron Ores Limited,"Oil, Gas & Consumable Fuels",Unknown,Unknown,False,Cash,1,Stage 4,Stage 4,Stage 4 - Confirmed Downtrend,Stage 4 - Confirmed Downtrend,Stage 4 • Stage 4 - Confirmed Downtrend,0.86,Price is below a bearish moving-average stack with falling trend signals.,,,2026-06-05,,-6.64,-1.48,93270971.2,0.72,0.89,0.71,True,True,"Stage 4, Stage 4 - Confirmed Downtrend, weekly_vcp_ok, volume_dryup, weekly_volume_dryup, weekly_strong, downtrend",watchlist,0.0,2.5,213.82,-14.56,[16.51],[14],0.0,14.0,551
SUBROS.NS,Subros Limited,Automobile and Auto Components,Unknown,Unknown,False,Cash,1,Stage 4,Stage 4,Stage 4 - Confirmed Downtrend,Stage 4 - Confirmed Downtrend,Stage 4 • Stage 4 - Confirmed Downtrend,0.86,Price is below a bearish moving-average stack with falling trend signals.,,,2025-11-10,,-10.82,2.78,25423092.75,0.81,1.29,0.85,True,True,"Stage 4, Stage 4 - Confirmed Downtrend, weekly_vcp_ok, volume_dryup, weekly_volume_dryup, weekly_strong, downtrend",watchlist,0.0,2.5,744.8,-5.72,[20.75],[30],0.0,30.0,552
SURYAROSNI.NS,Surya Roshni Limited,Capital Goods,Unknown,Unknown,False,Cash,1,Stage 4,Stage 4,Stage 4 - Confirmed Downtrend,Stage 4 - Confirmed Downtrend,Stage 4 • Stage 4 - Confirmed Downtrend,0.86,Price is below a bearish moving-average stack with falling trend signals.,,,2026-07-10,,-9.15,6.69,89764157.98,0.77,0.87,0.88,True,True,"Stage 4, Stage 4 - Confirmed Downtrend, weekly_vcp_ok, volume_dryup, weekly_volume_dryup, weekly_strong, downtrend",watchlist,0.0,2.5,222.67,-0.86,[19.11],[28],0.0,28.0,553
BDL.NS,Bharat Dynamics Limited,Capital Goods,Unknown,Unknown,True,F&O,1,Stage 4,Stage 4,Stage 4 - Confirmed Downtrend,Stage 4 - Confirmed Downtrend,Stage 4 • Stage 4 - Confirmed Downtrend,0.86,Price is below a bearish moving-average stack with falling trend signals.,,,,,-15.77,-10.91,1195505022.42,0.79,0.89,0.93,True,False,"Stage 4, Stage 4 - Confirmed Downtrend, weekly_vcp_ok, volume_dryup, weekly_strong, downtrend",watchlist,0.0,2.5,1395.67,-22.25,[23.3],[22],0.0,22.0,554
BALKRISIND.NS,Balkrishna Industries Limited,Automobile and Auto Components,Unknown,Unknown,False,Cash,1,Stage 4,Stage 4,Stage 4 - Weak/Declining,Stage 4 - Weak/Declining,Stage 4 • Stage 4 - Weak/Declining,0.72,Price is below long-term support with weak trend evidence.,,,2026-09-07,,2.13,3.67,532319779.23,0.31,0.25,0.17,True,True,"Stage 4, Stage 4 - Weak/Declining, weekly_vcp_ok, volume_dryup, weekly_volume_dryup, weekly_strong, downtrend",watchlist,0.0,2.5,2389.17,-11.01,[17.9],[30],0.0,30.0,555
UNOMINDA.NS,UNO Minda Limited,Automobile and Auto Components,Unknown,Unknown,True,F&O,1,Stage 2 Failed,Stage 4,Failed Stage 2,Failed Stage 2,Stage 2 Failed • Failed Stage 2,0.72,"This stock was recently Stage 2, but the latest structure no longer satisfies Stage 2 rules. It is kept as Stage 2 Failed until a fresh base/repair structure forms.",Recent Stage 2 break; public stage held as Stage 2 Failed.,2026-09-29,2026-09-22,,9.23,11.46,668930226.89,0.81,0.89,0.73,True,True,"Stage 4, Stage 4 - Weak/Declining, weekly_vcp_ok, volume_dryup, weekly_volume_dryup, downtrend | Stage 2 failed state applied from stage memory.",watchlist,0.0,2.5,1309.79,-11.28,[10.68],[26],0.0,26.0,556
ROSSARI.NS,Rossari Biotech Limited,Chemicals,Unknown,Unknown,False,Cash,1,Stage 4,Stage 4,Stage 4 - Confirmed Downtrend,Stage 4 - Confirmed Downtrend,Stage 4 • Stage 4 - Confirmed Downtrend,0.86,Price is below a bearish moving-average stack with falling trend signals.,,,,,-11.89,-3.48,30436551.64,0.78,1.0,0.8,True,True,"Stage 4, Stage 4 - Confirmed Downtrend, weekly_vcp_ok, volume_dryup, weekly_volume_dryup, downtrend",watchlist,0.0,2.5,475.03,-9.96,[18.97],[19],0.0,19.0,557
APOLLO.NS,Apollo Micro Systems Limited,Capital Goods,Unknown,Unknown,False,Cash,1,Stage 2 Failed,Stage 1,Failed Stage 2,Failed Stage 2,Stage 2 Failed • Failed Stage 2,0.72,"This stock was recently Stage 2, but the latest structure no longer satisfies Stage 2 rules. It is kept as Stage 2 Failed until a fresh base/repair structure forms.",Recent Stage 2 break; public stage held as Stage 2 Failed.,2026-09-29,2026-09-22,,-4.45,102.02,3160548379.64,1.37,0.88,1.03,False,False,"Stage 1, Stage 1 - Unclear/Repair, stage1_not_actionable, stage1_needs_more_base | Stage 2 failed state applied from stage memory.",watchlist,0.0,2.5,427.69,-5.87,[15.55],[5],0.0,5.0,558
SUPREMEIND.NS,Supreme Industries Limited,Capital Goods,Unknown,Unknown,True,F&O,1,Stage 1,Stage 1,Stage 1 - Base/Repair,Stage 1 - Base/Repair,Stage 1 • Stage 1 - Base/Repair,0.7,Price is near long-term moving averages with no strong long-term downtrend signal.,,,,,12.76,-5.05,538235234.3,0.85,0.72,0.65,False,True,"Stage 1, Stage 1 - Base/Repair, weekly_volume_dryup, stage1_not_actionable, stage1_needs_more_base",watchlist,0.0,2.5,3716.49,-7.28,[11.86],[13],0.0,13.0,559
HYUNDAI.NS,Hyundai Motor India Ltd.,Automobile and Auto Components,Unknown,Unknown,True,F&O,1,Stage 2 Failed,Stage 3,Failed Stage 2,Failed Stage 2,Stage 2 Failed • Failed Stage 2,0.72,"This stock was recently Stage 2, but the latest structure no longer satisfies Stage 2 rules. It is kept as Stage 2 Failed until a fresh base/repair structure forms.",Recent Stage 2 break; public stage held as Stage 2 Failed.,2026-09-29,2026-09-21,,12.39,25.8,1330556670.22,0.89,1.16,0.97,False,False,"Stage 3, Stage 3 - Distribution/Damage, distribution_risk | Stage 2 failed state applied from stage memory.",watchlist,0.0,2.5,2284.99,-8.1,[7.83],[14],0.0,14.0,560
EXIDEIND.NS,Exide Industries Limited,Automobile and Auto Components,Unknown,Unknown,True,F&O,1,Stage 2 Failed,Stage 1,Failed Stage 2,Failed Stage 2,Stage 2 Failed • Failed Stage 2,0.72,"This stock was recently Stage 2, but the latest structure no longer satisfies Stage 2 rules. It is kept as Stage 2 Failed until a fresh base/repair structure forms.",Recent Stage 2 break; public stage held as Stage 2 Failed.,2026-09-29,2026-09-28,,3.73,37.32,852882178.85,0.58,0.96,0.47,True,True,"Stage 1, Stage 1 - Base/Repair, volume_dryup, weekly_volume_dryup, stage1_not_actionable, stage1_needs_more_base | Stage 2 failed state applied from stage memory.",watchlist,0.0,2.5,458.7,-11.27,[18.39],[25],0.0,25.0,561
GENUSPOWER.NS,Genus Power Infrastructures Limited,Capital Goods,Unknown,Unknown,False,Cash,1,Stage 2 Failed,Stage 1,Failed Stage 2,Failed Stage 2,Stage 2 Failed • Failed Stage 2,0.72,"This stock was recently Stage 2, but the latest structure no longer satisfies Stage 2 rules. It is kept as Stage 2 Failed until a fresh base/repair structure forms.",Recent Stage 2 break; public stage held as Stage 2 Failed.,2026-09-29,2026-09-25,,-2.46,24.02,539781494.11,0.72,0.78,0.73,True,True,"Stage 1, Stage 1 - Base/Repair, volume_dryup, weekly_volume_dryup, stage1_not_actionable, stage1_needs_more_base | Stage 2 failed state applied from stage memory.",watchlist,0.0,2.5,352.92,-16.79,[17.68],[13],0.0,13.0,562
SUMICHEM.NS,Sumitomo Chemical India Limited,Chemicals,Unknown,Unknown,False,Cash,1,Stage 2 Failed,Stage 1,Failed Stage 2,Failed Stage 2,Stage 2 Failed • Failed Stage 2,0.72,"This stock was recently Stage 2, but the latest structure no longer satisfies Stage 2 rules. It is kept as Stage 2 Failed until a fresh base/repair structure forms.",Recent Stage 2 break; public stage held as Stage 2 Failed.,2026-09-29,2026-09-23,,-7.92,9.95,126906362.53,0.78,0.94,0.54,True,True,"Stage 1, Stage 1 - Base/Repair, volume_dryup, weekly_volume_dryup, stage1_not_actionable, stage1_needs_more_base | Stage 2 failed state applied from stage memory.",watchlist,0.0,2.5,563.8,-23.53,[14.92],[10],0.0,10.0,563
ACI.NS,Archean Chemical Industries Limited,Chemicals,Unknown,Unknown,False,Cash,1,Stage 4,Stage 4,Stage 4 - Confirmed Downtrend,Stage 4 - Confirmed Downtrend,Stage 4 • Stage 4 - Confirmed Downtrend,0.86,Price is below a bearish moving-average stack with falling trend signals.,,,,,-3.05,-13.55,174155825.8,0.83,1.3,0.82,True,True,"Stage 4, Stage 4 - Confirmed Downtrend, volume_dryup, weekly_volume_dryup, downtrend",watchlist,0.0,2.5,523.82,-6.34,[13.16],[7],0.0,7.0,564
CIEINDIA.NS,CIE Automotive India Limited,Automobile and Auto Components,Unknown,Unknown,False,Cash,1,Stage 4,Stage 4,Stage 4 - Weak/Declining,Stage 4 - Weak/Declining,Stage 4 • Stage 4 - Weak/Declining,0.72,Price is below long-term support with weak trend evidence.,,,2026-07-22,,-14.05,-15.82,93941527.53,0.62,0.82,0.61,True,True,"Stage 4, Stage 4 - Weak/Declining, volume_dryup, weekly_volume_dryup, downtrend",watchlist,0.0,2.5,398.8,-5.6,[13.26],[25],0.0,25.0,565
WAAREEENER.NS,Waaree Energies Ltd.,Capital Goods,Unknown,Unknown,True,F&O,1,Stage 4,Stage 4,Stage 4 - Weak/Declining,Stage 4 - Weak/Declining,Stage 4 • Stage 4 - Weak/Declining,0.72,Price is below long-term support with weak trend evidence.,,,,,-10.66,-22.33,1491204621.7,0.99,1.34,0.78,False,True,"Stage 4, Stage 4 - Weak/Declining, weekly_volume_dryup, downtrend",watchlist,0.0,2.5,2729.63,-12.81,[18.9],[28],0.0,28.0,566
ZENTEC.NS,Zen Technologies Ltd.,Capital Goods,Unknown,Unknown,False,Cash,1,Stage 2 Failed,Stage 1,Failed Stage 2,Failed Stage 2,Stage 2 Failed • Failed Stage 2,0.72,"This stock was recently Stage 2, but the latest structure no longer satisfies Stage 2 rules. It is kept as Stage 2 Failed until a fresh base/repair structure forms.",Recent Stage 2 break; public stage held as Stage 2 Failed.,2026-09-29,2026-09-08,,-1.18,17.95,483427422.01,0.56,0.75,0.52,True,True,"Stage 1, Stage 1 - Base/Repair, volume_dryup, weekly_volume_dryup, stage1_not_actionable, stage1_needs_more_base | Stage 2 failed state applied from stage memory.",watchlist,0.0,2.5,1869.67,-13.36,[22.37],[20],0.0,20.0,567
POWERINDIA.NS,Hitachi Energy India Limited,Capital Goods,Unknown,Unknown,True,F&O,1,Stage 2 Failed,Stage 1,Failed Stage 2,Failed Stage 2,Stage 2 Failed • Failed Stage 2,0.72,"This stock was recently Stage 2, but the latest structure no longer satisfies Stage 2 rules. It is kept as Stage 2 Failed until a fresh base/repair structure forms.",Recent Stage 2 break; public stage held as Stage 2 Failed.,2026-09-29,2026-09-18,,5.08,23.35,3187518535.75,1.05,4.51,1.32,False,False,"Stage 1, Stage 1 - Base/Repair, stage1_not_actionable, stage1_needs_more_base | Stage 2 failed state applied from stage memory.",watchlist,0.0,2.5,32757.22,-6.17,[18.96],[26],0.0,26.0,568
LINDEINDIA.NS,Linde India Limited,Chemicals,Unknown,Unknown,False,Cash,1,Not Sure,Stage 4,Pending Stage 4,Pending Stage 4,Not Sure • Pending Stage 4,0.55,Blocked public stage jump Stage 1 -> Stage 4; waiting for intermediate/confirmed structure.,Blocked public stage jump Stage 1 -> Stage 4; waiting for intermediate/confirmed structure.,,2026-08-10,Stage 4,-7.45,-12.49,138244596.07,0.86,1.54,0.86,False,True,"Stage 4, Stage 4 - Weak/Declining, weekly_volume_dryup, downtrend | Blocked public stage jump Stage 1 -> Stage 4; waiting for intermediate/confirmed structure.",watchlist,0.0,2.5,6496.36,-4.57,[17.55],[31],0.0,31.0,569
TITAGARH.NS,TITAGARH RAIL SYSTEMS LIMITED,Capital Goods,Unknown,Unknown,False,Cash,1,Stage 2 Failed,Stage 3,Failed Stage 2,Failed Stage 2,Stage 2 Failed • Failed Stage 2,0.72,"This stock was recently Stage 2, but the latest structure no longer satisfies Stage 2 rules. It is kept as Stage 2 Failed until a fresh base/repair structure forms.",Recent Stage 2 break; public stage held as Stage 2 Failed.,2026-09-29,2026-09-21,,-0.45,28.76,545967903.23,0.92,0.55,0.76,False,True,"Stage 3, Stage 3 - Distribution/Damage, weekly_volume_dryup, distribution_risk | Stage 2 failed state applied from stage memory.",watchlist,0.0,2.5,905.3,-9.49,[12.75],[5],0.0,5.0,570
AARTIIND.NS,Aarti Industries Limited,Chemicals,Unknown,Unknown,False,Cash,1,Stage 2 Failed,Stage 3,Failed Stage 2,Failed Stage 2,Stage 2 Failed • Failed Stage 2,0.72,"This stock was recently Stage 2, but the latest structure no longer satisfies Stage 2 rules. It is kept as Stage 2 Failed until a fresh base/repair structure forms.",Recent Stage 2 break; public stage held as Stage 2 Failed.,2026-09-29,2026-09-25,,2.58,16.94,251476020.06,0.4,0.58,0.3,True,True,"Stage 3, Stage 3 - Transition, volume_dryup, weekly_volume_dryup, distribution_risk | Stage 2 failed state applied from stage memory.",watchlist,0.0,2.5,551.62,-14.81,[16.54],[16],0.0,16.0,571
BHARATFORG.NS,Bharat Forge Limited,Capital Goods,Unknown,Unknown,True,F&O,1,Stage 3,Stage 3,Stage 3 - Distribution/Damage,Stage 3 - Distribution/Damage,Stage 3 • Stage 3 - Distribution/Damage,0.76,"Prior strength exists, but short-term and/or weekly structure is deteriorating.",,,2026-09-03,,-3.08,17.05,1808670463.42,0.85,1.26,0.83,True,True,"Stage 3, Stage 3 - Distribution/Damage, volume_dryup, weekly_volume_dryup, distribution_risk",watchlist,0.0,2.5,2108.58,-7.9,[12.09],[12],0.0,12.0,572
GVT&D.NS,GE Vernova T&D India Ltd.,Capital Goods,Unknown,Unknown,False,Cash,1,Stage 2 Failed,Stage 3,Failed Stage 2,Failed Stage 2,Stage 2 Failed • Failed Stage 2,0.72,"This stock was recently Stage 2, but the latest structure no longer satisfies Stage 2 rules. It is kept as Stage 2 Failed until a fresh base/repair structure forms.",Recent Stage 2 break; public stage held as Stage 2 Failed.,2026-09-29,2026-09-23,,0.11,11.66,3427432914.1,0.57,1.07,0.54,True,True,"Stage 3, Stage 3 - Distribution/Damage, volume_dryup, weekly_volume_dryup, distribution_risk | Stage 2 failed state applied from stage memory.",watchlist,0.0,2.5,4833.44,-14.55,[14.0],[5],0.0,5.0,573
ZFCVINDIA.NS,ZF Commercial Vehicle Control Systems India Limited,Automobile and Auto Components,Unknown,Unknown,False,Cash,1,Stage 2 Failed,Stage 1,Failed Stage 2,Failed Stage 2,Stage 2 Failed • Failed Stage 2,0.72,"This stock was recently Stage 2, but the latest structure no longer satisfies Stage 2 rules. It is kept as Stage 2 Failed until a fresh base/repair structure forms.",Recent Stage 2 break; public stage held as Stage 2 Failed.,2026-09-29,2026-09-16,,1.29,0.94,224304924.32,1.14,0.82,0.78,False,True,"Stage 1, Stage 1 - Unclear/Repair, weekly_volume_dryup, stage1_not_actionable, stage1_needs_more_base | Stage 2 failed state applied from stage memory.",watchlist,0.0,2.5,3044.05,-24.52,[8.2],[79],0.0,79.0,574
FACT.NS,Fertilizers and Chemicals Travancore Limited,Chemicals,Unknown,Unknown,False,Cash,1,Stage 4,Stage 4,Stage 4 - Weak/Declining,Stage 4 - Weak/Declining,Stage 4 • Stage 4 - Weak/Declining,0.72,Price is below long-term support with weak trend evidence.,,,2026-06-26,,-8.24,-3.77,160020586.93,0.32,0.52,0.25,True,True,"Stage 4, Stage 4 - Weak/Declining, volume_dryup, weekly_volume_dryup, downtrend",watchlist,0.0,2.5,921.61,-17.84,[19.56],[16],0.0,16.0,575
TARIL.NS,Transformers And Rectifiers (India) Ltd.,Capital Goods,Unknown,Unknown,False,Cash,1,Stage 4,Stage 4,Stage 4 - Weak/Declining,Stage 4 - Weak/Declining,Stage 4 • Stage 4 - Weak/Declining,0.72,Price is below long-term support with weak trend evidence.,,,,,-12.86,-0.04,238441436.03,0.64,0.72,0.58,True,True,"Stage 4, Stage 4 - Weak/Declining, volume_dryup, weekly_volume_dryup, downtrend",watchlist,0.0,2.5,327.23,-16.62,[23.66],[44],0.0,44.0,576
THERMAX.NS,Thermax Limited,Capital Goods,Unknown,Unknown,False,Cash,1,Stage 4,Stage 4,Stage 4 - Weak/Declining,Stage 4 - Weak/Declining,Stage 4 • Stage 4 - Weak/Declining,0.72,Price is below long-term support with weak trend evidence.,,,2026-08-05,,-22.54,1.3,509704832.05,0.64,1.37,0.48,True,True,"Stage 4, Stage 4 - Weak/Declining, volume_dryup, weekly_volume_dryup, downtrend",watchlist,0.0,2.5,4036.95,-18.48,[26.92],[8],0.0,8.0,577
BPCL.NS,Bharat Petroleum Corporation Limited,"Oil, Gas & Consumable Fuels",Unknown,Unknown,True,F&O,1,Stage 4,Stage 4,Stage 4 - Weak/Declining,Stage 4 - Weak/Declining,Stage 4 • Stage 4 - Weak/Declining,0.72,Price is below long-term support with weak trend evidence.,,,2026-03-02,,3.18,7.86,1280744578.55,0.91,1.0,0.56,False,True,"Stage 4, Stage 4 - Weak/Declining, weekly_volume_dryup, downtrend",watchlist,0.0,2.5,326.92,-8.43,[9.3],[12],0.0,12.0,578
DEEPAKFERT.NS,Deepak Fertilizers and Petrochemicals Corporation Limited,Chemicals,Unknown,Unknown,False,Cash,1,Stage 3,Stage 3,Stage 3 - Distribution/Damage,Stage 3 - Distribution/Damage,Stage 3 • Stage 3 - Distribution/Damage,0.76,"Prior strength exists, but short-term and/or weekly structure is deteriorating.",,,2026-08-28,,-14.06,34.44,298565720.06,0.62,0.75,0.69,True,True,"Stage 3, Stage 3 - Distribution/Damage, volume_dryup, weekly_volume_dryup, distribution_risk",watchlist,0.0,2.5,1510.64,-13.35,[23.99],[31],0.0,31.0,579
EIDPARRY.NS,EID Parry India Limited,Chemicals,Unknown,Unknown,False,Cash,1,Stage 4,Stage 4,Stage 4 - Confirmed Downtrend,Stage 4 - Confirmed Downtrend,Stage 4 • Stage 4 - Confirmed Downtrend,0.86,Price is below a bearish moving-average stack with falling trend signals.,,,,,-0.18,-13.31,238486382.62,0.57,0.41,0.51,True,True,"Stage 4, Stage 4 - Confirmed Downtrend, volume_dryup, weekly_volume_dryup, downtrend",watchlist,0.0,2.5,866.91,-19.69,[23.6],[40],0.0,40.0,580
HEG.NS,HEG Limited,Capital Goods,Unknown,Unknown,False,Cash,1,Stage 4,Stage 4,Stage 4 - Confirmed Downtrend,Stage 4 - Confirmed Downtrend,Stage 4 • Stage 4 - Confirmed Downtrend,0.86,Price is below a bearish moving-average stack with falling trend signals.,,,2026-09-04,,-47.72,-55.66,663827000.01,0.75,0.36,0.67,True,True,"Stage 4, Stage 4 - Confirmed Downtrend, volume_dryup, weekly_volume_dryup, downtrend",watchlist,0.0,2.5,755.22,-68.22,[71.42],[21],0.0,21.0,581
KAYNES.NS,Kaynes Technology India Limited,Capital Goods,Unknown,Unknown,True,F&O,1,Not Sure,Stage 4,Pending Stage 4,Pending Stage 4,Not Sure • Pending Stage 4,0.55,Blocked public stage jump Stage 1 -> Stage 4; waiting for intermediate/confirmed structure.,Blocked public stage jump Stage 1 -> Stage 4; waiting for intermediate/confirmed structure.,,2025-11-13,Stage 4,11.37,-4.81,3705575638.43,1.05,1.32,0.97,False,False,"Stage 4, Stage 4 - Weak/Declining, downtrend | Blocked public stage jump Stage 1 -> Stage 4; waiting for intermediate/confirmed structure.",watchlist,0.0,2.5,4125.11,-14.87,[16.91],[30],0.0,30.0,582
KEI.NS,KEI Industries Limited,Capital Goods,Unknown,Unknown,True,F&O,1,Stage 1,Stage 1,Stage 1 - Unclear/Repair,Stage 1 - Unclear/Repair,Stage 1 • Stage 1 - Unclear/Repair,0.58,Not enough evidence for Stage 2 or Stage 4; classified as repair/unclear structure.,,,2026-09-03,,-9.32,8.65,2999168281.05,0.67,1.19,0.78,True,True,"Stage 1, Stage 1 - Unclear/Repair, volume_dryup, weekly_volume_dryup, stage1_not_actionable, stage1_needs_more_base",watchlist,0.0,2.5,5750.35,-22.42,[24.61],[18],0.0,18.0,583
NFL.NS,National Fertilizers Limited,Chemicals,Unknown,Unknown,False,Cash,1,Stage 4,Stage 4,Stage 4 - Confirmed Downtrend,Stage 4 - Confirmed Downtrend,Stage 4 • Stage 4 - Confirmed Downtrend,0.86,Price is below a bearish moving-average stack with falling trend signals.,,,,,-6.99,-5.64,30779879.71,0.78,0.99,0.85,True,True,"Stage 4, Stage 4 - Confirmed Downtrend, volume_dryup, weekly_volume_dryup, downtrend",watchlist,0.0,2.5,74.38,-12.89,[13.57],[24],0.0,24.0,584
PIIND.NS,PI Industries Limited,Chemicals,Unknown,Unknown,True,F&O,1,Stage 4,Stage 4,Stage 4 - Confirmed Downtrend,Stage 4 - Confirmed Downtrend,Stage 4 • Stage 4 - Confirmed Downtrend,0.86,Price is below a bearish moving-average stack with falling trend signals.,,,,,-7.16,-18.6,635505158.36,1.0,0.73,0.71,False,True,"Stage 4, Stage 4 - Confirmed Downtrend, weekly_volume_dryup, downtrend",watchlist,0.0,2.5,2536.5,-9.77,[22.71],[29],0.0,29.0,585
PREMIERENE.NS,Premier Energies Ltd.,Capital Goods,Unknown,Unknown,True,F&O,1,Not Sure,Stage 4,Pending Stage 4,Pending Stage 4,Not Sure • Pending Stage 4,0.55,Blocked public stage jump Stage 1 -> Stage 4; waiting for intermediate/confirmed structure.,Blocked public stage jump Stage 1 -> Stage 4; waiting for intermediate/confirmed structure.,,2026-08-14,Stage 4,-10.85,-5.52,1093112186.54,1.5,2.62,1.18,False,False,"Stage 4, Stage 4 - Weak/Declining, downtrend | Blocked public stage jump Stage 1 -> Stage 4; waiting for intermediate/confirmed structure.",watchlist,0.0,2.5,921.61,-5.6,[13.81],[14],0.0,14.0,586
RALLIS.NS,Rallis India Limited,Chemicals,Unknown,Unknown,False,Cash,1,Stage 4,Stage 4,Stage 4 - Confirmed Downtrend,Stage 4 - Confirmed Downtrend,Stage 4 • Stage 4 - Confirmed Downtrend,0.86,Price is below a bearish moving-average stack with falling trend signals.,,,,,-6.32,-15.87,102648776.15,0.71,1.05,0.48,True,True,"Stage 4, Stage 4 - Confirmed Downtrend, volume_dryup, weekly_volume_dryup, downtrend",watchlist,0.0,2.5,216.2,-7.51,[20.61],[45],0.0,45.0,587
SUZLON.NS,Suzlon Energy Limited,Capital Goods,Unknown,Unknown,True,F&O,1,Stage 4,Stage 4,Stage 4 - Weak/Declining,Stage 4 - Weak/Declining,Stage 4 • Stage 4 - Weak/Declining,0.72,Price is below long-term support with weak trend evidence.,,,2026-07-13,,-24.51,-4.57,2197261833.49,1.16,1.33,1.53,False,False,"Stage 4, Stage 4 - Weak/Declining, downtrend",watchlist,0.0,2.5,59.41,-33.52,[20.89],[65],0.0,65.0,588
TIINDIA.NS,Tube Investments of India Limited,Automobile and Auto Components,Unknown,Unknown,True,F&O,1,Stage 4,Stage 4,Stage 4 - Weak/Declining,Stage 4 - Weak/Declining,Stage 4 • Stage 4 - Weak/Declining,0.72,Price is below long-term support with weak trend evidence.,,,2026-08-28,,-12.83,-6.07,496720558.27,0.53,1.21,0.55,True,True,"Stage 4, Stage 4 - Weak/Declining, volume_dryup, weekly_volume_dryup, downtrend",watchlist,0.0,2.5,2642.42,-8.68,[20.08],[26],0.0,26.0,589
FIVESTAR.NS,Five-Star Business Finance Limited,Financial Services,Unknown,Unknown,False,Cash,1,Stage 2 Failed,Stage 3,Failed Stage 2,Failed Stage 2,Stage 2 Failed • Failed Stage 2,0.72,"This stock was recently Stage 2, but the latest structure no longer satisfies Stage 2 rules. It is kept as Stage 2 Failed until a fresh base/repair structure forms.",Recent Stage 2 break; public stage held as Stage 2 Failed.,2026-09-29,2026-09-23,,-3.29,38.85,359831634.86,1.24,2.29,1.62,False,False,"Stage 3, Stage 3 - Transition, weekly_vcp_ok, weekly_strong, distribution_risk | Stage 2 failed state applied from stage memory.",watchlist,2.43,2.43,572.53,-13.15,[6.93],[47],0.0,47.0,590
RATEGAIN.NS,Rategain Travel Technologies Limited,Information Technology,Unknown,Unknown,False,Cash,1,Stage 2 Failed,Stage 1,Failed Stage 2,Failed Stage 2,Stage 2 Failed • Failed Stage 2,0.72,"This stock was recently Stage 2, but the latest structure no longer satisfies Stage 2 rules. It is kept as Stage 2 Failed until a fresh base/repair structure forms.",Recent Stage 2 break; public stage held as Stage 2 Failed.,2026-09-29,2026-09-21,,-5.76,66.92,255521922.31,0.54,0.6,0.44,True,True,"Stage 1, Stage 1 - Unclear/Repair, volume_dryup, weekly_volume_dryup, stage1_not_actionable, stage1_needs_more_base | Stage 2 failed state applied from stage memory.",watchlist,1.43,2.43,1010.77,-17.88,"[14.7, 16.32]","[7, 5]",0.1,21.0,591
DBCORP.NS,D.B.Corp Limited,"Media, Entertainment & Publication",Unknown,Unknown,False,Cash,1,Stage 4,Stage 4,Stage 4 - Confirmed Downtrend,Stage 4 - Confirmed Downtrend,Stage 4 • Stage 4 - Confirmed Downtrend,0.86,Price is below a bearish moving-average stack with falling trend signals.,,,,,-1.26,-9.21,12068000.38,0.71,1.57,0.57,True,True,"Stage 4, Stage 4 - Confirmed Downtrend, weekly_vcp_ok, volume_dryup, weekly_volume_dryup, weekly_strong, downtrend",watchlist,1.86,1.86,215.81,-18.57,"[18.77, 10.25]","[23, 11]",0.9,36.0,592
IONEXCHANG.NS,ION Exchange (India) Limited,Construction,Unknown,Unknown,False,Cash,1,Stage 2 Failed,Stage 3,Failed Stage 2,Failed Stage 2,Stage 2 Failed • Failed Stage 2,0.72,"This stock was recently Stage 2, but the latest structure no longer satisfies Stage 2 rules. It is kept as Stage 2 Failed until a fresh base/repair structure forms.",Recent Stage 2 break; public stage held as Stage 2 Failed.,2026-09-29,2026-09-28,,4.42,19.55,274649351.87,0.49,0.39,0.32,True,True,"Stage 3, Stage 3 - Transition, volume_dryup, weekly_volume_dryup, distribution_risk | Stage 2 failed state applied from stage memory.",watchlist,1.79,1.79,461.81,-11.17,[25.52],[36],0.0,36.0,593
SFL.NS,Sheela Foam Limited,Consumer Durables,Unknown,Unknown,False,Cash,1,Stage 3,Stage 3,Stage 3 - Distribution/Damage,Stage 3 - Distribution/Damage,Stage 3 • Stage 3 - Distribution/Damage,0.76,"Prior strength exists, but short-term and/or weekly structure is deteriorating.",,,2026-08-31,,-11.47,25.98,197621572.22,0.54,0.64,0.48,True,True,"Stage 3, Stage 3 - Distribution/Damage, volume_dryup, weekly_volume_dryup, distribution_risk",watchlist,1.45,1.45,832.45,-24.14,[4.61],[71],0.0,71.0,594
VENTIVE.NS,Ventive Hospitality Ltd.,Consumer Services,Unknown,Unknown,False,Cash,1,Stage 4,Stage 4,Stage 4 - Confirmed Downtrend,Stage 4 - Confirmed Downtrend,Stage 4 • Stage 4 - Confirmed Downtrend,0.86,Price is below a bearish moving-average stack with falling trend signals.,,,,,-5.51,-2.05,19445420.47,1.05,0.62,0.64,False,True,"Stage 4, Stage 4 - Confirmed Downtrend, weekly_vcp_ok, weekly_volume_dryup, weekly_strong, downtrend",watchlist,0.2,1.2,683.89,-18.14,"[13.88, 13.96]","[22, 24]",0.9,73.0,595
SIS.NS,SIS LIMITED,Services,Unknown,Unknown,False,Cash,1,Stage 3,Stage 3,Stage 3 - Distribution/Damage,Stage 3 - Distribution/Damage,Stage 3 • Stage 3 - Distribution/Damage,0.76,"Prior strength exists, but short-term and/or weekly structure is deteriorating.",,,2026-09-04,,4.37,45.89,174980312.62,1.58,1.21,2.22,False,False,"Stage 3, Stage 3 - Distribution/Damage, distribution_risk",watchlist,0.14,1.14,441.0,-5.07,[7.63],[10],0.0,10.0,596
GRINFRA.NS,G R Infraprojects Limited,Construction,Unknown,Unknown,False,Cash,1,Stage 4,Stage 4,Stage 4 - Confirmed Downtrend,Stage 4 - Confirmed Downtrend,Stage 4 • Stage 4 - Confirmed Downtrend,0.86,Price is below a bearish moving-average stack with falling trend signals.,,,,,-4.55,-1.48,24101617.82,1.23,0.61,0.55,False,True,"Stage 4, Stage 4 - Confirmed Downtrend, weekly_vcp_ok, weekly_volume_dryup, weekly_strong, downtrend",watchlist,1.1,1.1,950.46,-14.12,"[17.36, 10.53, 8.16]","[24, 9, 14]",0.95,65.0,597
BIRLACORPN.NS,Birla Corporation Limited,Construction Materials,Unknown,Unknown,False,Cash,1,Stage 4,Stage 4,Stage 4 - Confirmed Downtrend,Stage 4 - Confirmed Downtrend,Stage 4 • Stage 4 - Confirmed Downtrend,0.86,Price is below a bearish moving-average stack with falling trend signals.,,,,,-6.25,-3.24,42783142.36,0.77,1.23,0.61,True,True,"Stage 4, Stage 4 - Confirmed Downtrend, weekly_vcp_ok, volume_dryup, weekly_volume_dryup, weekly_strong, downtrend",watchlist,1.02,1.02,919.61,-7.58,"[16.39, 13.95]","[9, 27]",0.9,45.0,598
JSL.NS,Jindal Stainless Limited,Metals & Mining,Unknown,Unknown,False,Cash,1,Stage 1,Stage 1,Stage 1 - Early Turn,Stage 1 - Early Turn,Stage 1 • Stage 1 - Early Turn,0.66,The stock is improving from a repair/base area but has not confirmed a clean Stage 2 yet.,,,2026-02-26,,12.23,2.71,958516589.02,1.68,0.62,1.45,False,False,"Stage 1, Stage 1 - Early Turn, weekly_vcp_ok, weekly_strong, stage1_not_actionable, stage1_needs_more_base",watchlist,0.0,1.0,795.39,-7.18,[9.95],[5],0.0,5.0,599
IGIL.NS,International Gemmological Institute (India) Ltd.,Services,Unknown,Unknown,False,Cash,1,Stage 1,Stage 1,Stage 1 - Base/Repair,Stage 1 - Base/Repair,Stage 1 • Stage 1 - Base/Repair,0.7,Price is near long-term moving averages with no strong long-term downtrend signal.,,,2026-07-09,,-3.07,1.91,178836605.86,1.05,1.12,0.75,False,True,"Stage 1, Stage 1 - Base/Repair, weekly_vcp_ok, weekly_volume_dryup, weekly_strong, stage1_not_actionable, stage1_needs_more_base",watchlist,0.0,1.0,350.11,-7.37,[16.7],[29],0.0,29.0,600
HINDCOPPER.NS,Hindustan Copper Ltd.,Metals & Mining,Unknown,Unknown,False,Cash,1,Stage 1,Stage 1,Stage 1 - Unclear/Repair,Stage 1 - Unclear/Repair,Stage 1 • Stage 1 - Unclear/Repair,0.58,Not enough evidence for Stage 2 or Stage 4; classified as repair/unclear structure.,,,2026-08-24,,1.42,-4.95,3852956302.49,0.59,0.77,0.56,True,True,"Stage 1, Stage 1 - Unclear/Repair, weekly_vcp_ok, volume_dryup, weekly_volume_dryup, weekly_strong, stage1_not_actionable, stage1_needs_more_base",watchlist,0.0,1.0,585.56,-18.99,[12.05],[5],0.0,5.0,601
SCI.NS,Shipping Corporation Of India Limited,Services,Unknown,Unknown,False,Cash,1,Stage 2 Failed,Stage 3,Failed Stage 2,Failed Stage 2,Stage 2 Failed • Failed Stage 2,0.72,"This stock was recently Stage 2, but the latest structure no longer satisfies Stage 2 rules. It is kept as Stage 2 Failed until a fresh base/repair structure forms.",Recent Stage 2 break; public stage held as Stage 2 Failed.,2026-09-29,2026-09-10,,-3.22,18.1,420898973.12,0.59,0.81,0.5,True,True,"Stage 3, Stage 3 - Distribution/Damage, weekly_vcp_ok, volume_dryup, weekly_volume_dryup, weekly_strong, distribution_risk | Stage 2 failed state applied from stage memory.",watchlist,0.0,1.0,302.67,-9.84,[13.17],[13],0.0,13.0,602
SONATSOFTW.NS,Sonata Software Limited,Information Technology,Unknown,Unknown,False,Cash,1,Stage 4,Stage 4,Stage 4 - Weak/Declining,Stage 4 - Weak/Declining,Stage 4 • Stage 4 - Weak/Declining,0.72,Price is below long-term support with weak trend evidence.,,,,,1.51,14.71,338837718.18,0.62,2.26,0.54,True,True,"Stage 4, Stage 4 - Weak/Declining, weekly_vcp_ok, volume_dryup, weekly_volume_dryup, weekly_strong, downtrend",watchlist,0.0,1.0,292.46,-10.81,[28.01],[27],0.0,27.0,603
JUBLFOOD.NS,Jubilant Foodworks Limited,Consumer Services,Unknown,Unknown,True,F&O,1,Not Sure,Stage 4,Pending Stage 4,Pending Stage 4,Not Sure • Pending Stage 4,0.55,Blocked public stage jump Stage 1 -> Stage 4; waiting for intermediate/confirmed structure.,Blocked public stage jump Stage 1 -> Stage 4; waiting for intermediate/confirmed structure.,,,Stage 4,14.12,1.15,474181028.66,0.62,2.16,0.5,True,True,"Stage 4, Stage 4 - Weak/Declining, weekly_vcp_ok, volume_dryup, weekly_volume_dryup, weekly_strong, downtrend | Blocked public stage jump Stage 1 -> Stage 4; waiting for intermediate/confirmed structure.",watchlist,0.0,1.0,528.77,-12.44,[12.55],[14],0.0,14.0,604
MASTEK.NS,Mastek Limited,Information Technology,Unknown,Unknown,False,Cash,1,Stage 4,Stage 4,Stage 4 - Weak/Declining,Stage 4 - Weak/Declining,Stage 4 • Stage 4 - Weak/Declining,0.72,Price is below long-term support with weak trend evidence.,,,,,0.8,3.59,162563795.46,0.35,0.17,0.34,True,True,"Stage 4, Stage 4 - Weak/Declining, weekly_vcp_ok, volume_dryup, weekly_volume_dryup, weekly_strong, downtrend",watchlist,0.0,1.0,1920.98,-20.7,[17.4],[20],0.0,20.0,605
AFFLE.NS,Affle (India) Limited,Information Technology,Unknown,Unknown,False,Cash,1,Not Sure,Stage 4,Pending Stage 4,Pending Stage 4,Not Sure • Pending Stage 4,0.55,Stage 2 Failed -> Stage 4 needs 3 confirmation runs; current count 1.,Stage 2 Failed -> Stage 4 needs 3 confirmation runs; current count 1.,,2026-09-07,Stage 4,8.52,6.26,592906589.4,0.39,0.65,0.33,True,True,"Stage 4, Stage 4 - Weak/Declining, weekly_vcp_ok, volume_dryup, weekly_volume_dryup, weekly_strong, downtrend | Stage 2 Failed -> Stage 4 needs 3 confirmation runs; current count 1.",watchlist,0.0,1.0,1751.26,-14.29,[13.42],[19],0.0,19.0,606
PRESTIGE.NS,Prestige Estates Projects Ltd.,Realty,Unknown,Unknown,True,F&O,1,Stage 4,Stage 4,Stage 4 - Weak/Declining,Stage 4 - Weak/Declining,Stage 4 • Stage 4 - Weak/Declining,0.72,Price is below long-term support with weak trend evidence.,,,2026-08-31,,-8.87,20.41,696508314.58,0.87,1.67,0.81,False,True,"Stage 4, Stage 4 - Weak/Declining, weekly_vcp_ok, weekly_volume_dryup, weekly_strong, downtrend",watchlist,0.0,1.0,1649.48,-14.06,[14.67],[18],0.0,18.0,607
GODREJPROP.NS,Godrej Properties Limited,Realty,Unknown,Unknown,True,F&O,1,Stage 4,Stage 4,Stage 4 - Weak/Declining,Stage 4 - Weak/Declining,Stage 4 • Stage 4 - Weak/Declining,0.72,Price is below long-term support with weak trend evidence.,,,2026-08-28,,-11.7,4.09,1198885964.3,0.74,0.66,0.58,True,True,"Stage 4, Stage 4 - Weak/Declining, weekly_vcp_ok, volume_dryup, weekly_volume_dryup, weekly_strong, downtrend",watchlist,0.0,1.0,2098.67,-22.12,[21.36],[14],0.0,14.0,608
GRAVITA.NS,Gravita India Limited,Metals & Mining,Unknown,Unknown,False,Cash,1,Stage 2 Failed,Stage 4,Failed Stage 2,Failed Stage 2,Stage 2 Failed • Failed Stage 2,0.72,"This stock was recently Stage 2, but the latest structure no longer satisfies Stage 2 rules. It is kept as Stage 2 Failed until a fresh base/repair structure forms.",Recent Stage 2 break; public stage held as Stage 2 Failed.,2026-09-29,2026-09-10,,-10.06,5.2,314903966.26,1.06,1.18,1.17,False,False,"Stage 4, Stage 4 - Weak/Declining, weekly_vcp_ok, weekly_strong, downtrend | Stage 2 failed state applied from stage memory.",watchlist,0.0,1.0,1861.75,-22.28,[15.78],[13],0.0,13.0,609
IMFA.NS,Indian Metals & Ferro Alloys Limited,Metals & Mining,Unknown,Unknown,False,Cash,1,Stage 4,Stage 4,Stage 4 - Weak/Declining,Stage 4 - Weak/Declining,Stage 4 • Stage 4 - Weak/Declining,0.72,Price is below long-term support with weak trend evidence.,,,2026-08-24,,-5.71,-5.5,107289429.91,0.54,0.93,0.48,True,True,"Stage 4, Stage 4 - Weak/Declining, weekly_vcp_ok, volume_dryup, weekly_volume_dryup, weekly_strong, downtrend",watchlist,0.0,1.0,1484.59,-18.73,[22.17],[29],0.0,29.0,610
INDIAMART.NS,Indiamart Intermesh Limited,Consumer Services,Unknown,Unknown,False,Cash,1,Stage 4,Stage 4,Stage 4 - Confirmed Downtrend,Stage 4 - Confirmed Downtrend,Stage 4 • Stage 4 - Confirmed Downtrend,0.86,Price is below a bearish moving-average stack with falling trend signals.,,,,,-8.13,-19.29,185501973.24,1.24,0.73,0.45,False,True,"Stage 4, Stage 4 - Confirmed Downtrend, weekly_vcp_ok, weekly_volume_dryup, weekly_strong, downtrend",watchlist,0.0,1.0,1825.0,-11.62,"[12.06, 12.97]","[8, 27]",0.1,46.0,611
MHRIL.NS,Mahindra Holidays & Resorts India Limited,Consumer Services,Unknown,Unknown,False,Cash,1,Stage 4,Stage 4,Stage 4 - Confirmed Downtrend,Stage 4 - Confirmed Downtrend,Stage 4 • Stage 4 - Confirmed Downtrend,0.86,Price is below a bearish moving-average stack with falling trend signals.,,,,,-11.75,-21.59,24291087.52,0.76,0.45,0.7,True,True,"Stage 4, Stage 4 - Confirmed Downtrend, weekly_vcp_ok, volume_dryup, weekly_volume_dryup, weekly_strong, downtrend",watchlist,0.0,1.0,226.04,-13.96,[20.5],[30],0.0,30.0,612
NUCLEUS.NS,Nucleus Software Exports Limited,Information Technology,Unknown,Unknown,False,Cash,1,Stage 4,Stage 4,Stage 4 - Confirmed Downtrend,Stage 4 - Confirmed Downtrend,Stage 4 • Stage 4 - Confirmed Downtrend,0.86,Price is below a bearish moving-average stack with falling trend signals.,,,,,-6.68,-15.89,12153278.59,0.44,1.09,0.51,True,True,"Stage 4, Stage 4 - Confirmed Downtrend, weekly_vcp_ok, volume_dryup, weekly_volume_dryup, weekly_strong, downtrend",watchlist,0.0,1.0,793.39,-17.75,"[18.32, 9.82, 10.78]","[21, 20, 12]",0.55,71.0,613
ZAGGLE.NS,Zaggle Prepaid Ocean Services Limited,Information Technology,Unknown,Unknown,False,Cash,1,Stage 4,Stage 4,Stage 4 - Confirmed Downtrend,Stage 4 - Confirmed Downtrend,Stage 4 • Stage 4 - Confirmed Downtrend,0.86,Price is below a bearish moving-average stack with falling trend signals.,,,,,-12.33,-22.37,165901778.4,0.27,0.14,0.25,True,True,"Stage 4, Stage 4 - Confirmed Downtrend, weekly_vcp_ok, volume_dryup, weekly_volume_dryup, weekly_strong, downtrend",watchlist,0.0,1.0,188.54,-7.8,[26.96],[9],0.0,9.0,614
ORISSAMINE.NS,The Orissa Minerals Development Company Limited,Metals & Mining,Unknown,Unknown,False,Cash,1,Stage 4,Stage 4,Stage 4 - Weak/Declining,Stage 4 - Weak/Declining,Stage 4 • Stage 4 - Weak/Declining,0.72,Price is below long-term support with weak trend evidence.,,,,,-0.36,6.83,28580085.85,0.3,0.89,0.23,True,True,"Stage 4, Stage 4 - Weak/Declining, weekly_vcp_ok, volume_dryup, weekly_volume_dryup, weekly_strong, downtrend",watchlist,0.0,1.0,4058.09,-9.48,[19.06],[27],0.0,27.0,615
HEXT.NS,Hexaware Technologies Ltd.,Information Technology,Unknown,Unknown,False,Cash,1,Stage 4,Stage 4,Stage 4 - Weak/Declining,Stage 4 - Weak/Declining,Stage 4 • Stage 4 - Weak/Declining,0.72,Price is below long-term support with weak trend evidence.,,,,,-5.76,9.59,160722399.73,0.26,0.44,0.22,True,True,"Stage 4, Stage 4 - Weak/Declining, weekly_vcp_ok, volume_dryup, weekly_volume_dryup, weekly_strong, downtrend",watchlist,0.0,1.0,566.84,-14.95,[15.14],[21],0.0,21.0,616
ARVINDFASN.NS,Arvind Fashions Limited,Consumer Services,Unknown,Unknown,False,Cash,1,Stage 4,Stage 4,Stage 4 - Confirmed Downtrend,Stage 4 - Confirmed Downtrend,Stage 4 • Stage 4 - Confirmed Downtrend,0.86,Price is below a bearish moving-average stack with falling trend signals.,,,,,-7.24,-5.54,88799407.16,0.73,1.96,0.91,True,False,"Stage 4, Stage 4 - Confirmed Downtrend, weekly_vcp_ok, volume_dryup, weekly_strong, downtrend",watchlist,0.0,1.0,463.81,-11.57,[11.72],[33],0.0,33.0,617
BSOFT.NS,BIRLASOFT LIMITED,Information Technology,Unknown,Unknown,False,Cash,1,Stage 4,Stage 4,Stage 4 - Weak/Declining,Stage 4 - Weak/Declining,Stage 4 • Stage 4 - Weak/Declining,0.72,Price is below long-term support with weak trend evidence.,,,2026-01-30,,2.67,-24.69,402819858.21,0.57,0.69,0.52,True,True,"Stage 4, Stage 4 - Weak/Declining, weekly_vcp_ok, volume_dryup, weekly_volume_dryup, weekly_strong, downtrend",watchlist,0.0,1.0,303.95,-11.48,[17.16],[26],0.0,26.0,618
DBREALTY.NS,D B Realty Limited,Realty,Unknown,Unknown,False,Cash,1,Stage 4,Stage 4,Stage 4 - Confirmed Downtrend,Stage 4 - Confirmed Downtrend,Stage 4 • Stage 4 - Confirmed Downtrend,0.86,Price is below a bearish moving-average stack with falling trend signals.,,,,,-8.65,6.92,96466434.92,1.12,0.66,1.18,False,False,"Stage 4, Stage 4 - Confirmed Downtrend, weekly_vcp_ok, weekly_strong, downtrend",watchlist,0.0,1.0,111.57,-12.33,[23.06],[28],0.0,28.0,619
EASEMYTRIP.NS,Easy Trip Planners Limited,Consumer Services,Unknown,Unknown,False,Cash,1,Stage 4,Stage 4,Stage 4 - Confirmed Downtrend,Stage 4 - Confirmed Downtrend,Stage 4 • Stage 4 - Confirmed Downtrend,0.86,Price is below a bearish moving-average stack with falling trend signals.,,,,,-9.96,-10.86,83765572.2,0.85,0.51,0.66,True,True,"Stage 4, Stage 4 - Confirmed Downtrend, weekly_vcp_ok, volume_dryup, weekly_volume_dryup, weekly_strong, downtrend",watchlist,0.0,1.0,6.23,-5.63,[29.76],[34],0.0,34.0,620
EIHOTEL.NS,EIH Limited,Consumer Services,Unknown,Unknown,False,Cash,1,Stage 4,Stage 4,Stage 4 - Confirmed Downtrend,Stage 4 - Confirmed Downtrend,Stage 4 • Stage 4 - Confirmed Downtrend,0.86,Price is below a bearish moving-average stack with falling trend signals.,,,2025-11-07,,-1.91,0.33,115174593.16,1.9,8.01,2.16,False,False,"Stage 4, Stage 4 - Confirmed Downtrend, weekly_vcp_ok, weekly_strong, downtrend",watchlist,0.0,1.0,321.71,-6.17,[8.98],[16],0.0,16.0,621
GATEWAY.NS,Gateway Distriparks Limited,Services,Unknown,Unknown,False,Cash,1,Stage 4,Stage 4,Stage 4 - Confirmed Downtrend,Stage 4 - Confirmed Downtrend,Stage 4 • Stage 4 - Confirmed Downtrend,0.86,Price is below a bearish moving-average stack with falling trend signals.,,,2026-07-15,,-8.76,-3.07,28913367.29,0.49,0.88,0.47,True,True,"Stage 4, Stage 4 - Confirmed Downtrend, weekly_vcp_ok, volume_dryup, weekly_volume_dryup, weekly_strong, downtrend",watchlist,0.0,1.0,55.29,-6.72,[13.13],[30],0.0,30.0,622
GMRAIRPORT.NS,GMR Airports Ltd.,Services,Unknown,Unknown,True,F&O,1,Stage 4,Stage 4,Stage 4 - Weak/Declining,Stage 4 - Weak/Declining,Stage 4 • Stage 4 - Weak/Declining,0.72,Price is below long-term support with weak trend evidence.,,,2026-08-19,,-10.85,3.25,1005139420.29,1.09,0.81,0.8,False,True,"Stage 4, Stage 4 - Weak/Declining, weekly_vcp_ok, weekly_volume_dryup, weekly_strong, downtrend",watchlist,0.0,1.0,115.84,-19.07,[8.01],[110],0.0,110.0,623
IRCTC.NS,Indian Railway Catering And Tourism Corporation Ltd.,Consumer Services,Unknown,Unknown,False,Cash,1,Stage 4,Stage 4,Stage 4 - Confirmed Downtrend,Stage 4 - Confirmed Downtrend,Stage 4 • Stage 4 - Confirmed Downtrend,0.86,Price is below a bearish moving-average stack with falling trend signals.,,,,,-5.12,-11.53,296658032.53,0.92,0.96,0.7,False,True,"Stage 4, Stage 4 - Confirmed Downtrend, weekly_vcp_ok, weekly_volume_dryup, weekly_strong, downtrend",watchlist,0.0,1.0,492.84,-8.17,[15.28],[27],0.0,27.0,624
KPITTECH.NS,KPIT Technologies Limited,Information Technology,Unknown,Unknown,True,F&O,1,Stage 4,Stage 4,Stage 4 - Confirmed Downtrend,Stage 4 - Confirmed Downtrend,Stage 4 • Stage 4 - Confirmed Downtrend,0.86,Price is below a bearish moving-average stack with falling trend signals.,,,,,-0.15,-24.12,811459409.47,0.59,2.18,0.55,True,True,"Stage 4, Stage 4 - Confirmed Downtrend, weekly_vcp_ok, volume_dryup, weekly_volume_dryup, weekly_strong, downtrend",watchlist,0.0,1.0,614.52,-15.43,[34.26],[31],0.0,31.0,625
MAPMYINDIA.NS,C.E. Info Systems Limited,Information Technology,Unknown,Unknown,False,Cash,1,Stage 4,Stage 4,Stage 4 - Weak/Declining,Stage 4 - Weak/Declining,Stage 4 • Stage 4 - Weak/Declining,0.72,Price is below long-term support with weak trend evidence.,,,,,-3.63,-2.75,179554932.95,0.99,1.53,0.53,False,True,"Stage 4, Stage 4 - Weak/Declining, weekly_vcp_ok, weekly_volume_dryup, weekly_strong, downtrend",watchlist,0.0,1.0,1034.81,-18.32,[16.71],[6],0.0,6.0,626
SAKSOFT.NS,Saksoft Limited,Information Technology,Unknown,Unknown,False,Cash,1,Stage 4,Stage 4,Stage 4 - Weak/Declining,Stage 4 - Weak/Declining,Stage 4 • Stage 4 - Weak/Declining,0.72,Price is below long-term support with weak trend evidence.,,,2025-11-20,,-15.61,10.57,35780838.83,0.57,0.7,0.37,True,True,"Stage 4, Stage 4 - Weak/Declining, weekly_vcp_ok, volume_dryup, weekly_volume_dryup, weekly_strong, downtrend",watchlist,0.0,1.0,170.0,-17.78,[23.51],[30],0.0,30.0,627
SOBHA.NS,Sobha Limited,Realty,Unknown,Unknown,False,Cash,1,Stage 4,Stage 4,Stage 4 - Confirmed Downtrend,Stage 4 - Confirmed Downtrend,Stage 4 • Stage 4 - Confirmed Downtrend,0.86,Price is below a bearish moving-average stack with falling trend signals.,,,2026-01-12,,-9.31,0.57,94017544.82,0.77,1.32,0.41,True,True,"Stage 4, Stage 4 - Confirmed Downtrend, weekly_vcp_ok, volume_dryup, weekly_volume_dryup, weekly_strong, downtrend",watchlist,0.0,1.0,1262.2,-3.62,[15.68],[31],0.0,31.0,628
TEAMLEASE.NS,Teamlease Services Limited,Services,Unknown,Unknown,False,Cash,1,Stage 4,Stage 4,Stage 4 - Confirmed Downtrend,Stage 4 - Confirmed Downtrend,Stage 4 • Stage 4 - Confirmed Downtrend,0.86,Price is below a bearish moving-average stack with falling trend signals.,,,,,-13.15,-3.44,22184361.46,0.63,1.69,0.74,True,True,"Stage 4, Stage 4 - Confirmed Downtrend, weekly_vcp_ok, volume_dryup, weekly_volume_dryup, weekly_strong, downtrend",watchlist,0.0,1.0,1478.7,-22.32,[5.16],[74],0.0,74.0,629
VMM.NS,Vishal Mega Mart Ltd.,Consumer Services,Unknown,Unknown,True,F&O,1,Stage 4,Stage 4,Stage 4 - Confirmed Downtrend,Stage 4 - Confirmed Downtrend,Stage 4 • Stage 4 - Confirmed Downtrend,0.86,Price is below a bearish moving-average stack with falling trend signals.,,,,,-7.46,-7.85,1025773761.02,0.87,1.04,1.1,False,False,"Stage 4, Stage 4 - Confirmed Downtrend, weekly_vcp_ok, weekly_strong, downtrend",watchlist,0.0,1.0,115.6,-9.78,[14.3],[17],0.0,17.0,630
NSLNISP.NS,NMDC Steel Limited,Metals & Mining,Unknown,Unknown,False,Cash,1,Stage 2 Failed,Stage 1,Failed Stage 2,Failed Stage 2,Stage 2 Failed • Failed Stage 2,0.72,"This stock was recently Stage 2, but the latest structure no longer satisfies Stage 2 rules. It is kept as Stage 2 Failed until a fresh base/repair structure forms.",Recent Stage 2 break; public stage held as Stage 2 Failed.,2026-09-29,2026-09-23,,0.03,12.31,201487914.23,0.63,0.57,0.76,True,True,"Stage 1, Stage 1 - Base/Repair, volume_dryup, weekly_volume_dryup, stage1_not_actionable, stage1_needs_more_base | Stage 2 failed state applied from stage memory.",watchlist,0.0,1.0,49.49,-15.55,[18.56],[13],0.0,13.0,631
ITDC.NS,India Tourism Development Corporation Limited,Consumer Services,Unknown,Unknown,False,Cash,1,Stage 2 Failed,Stage 3,Failed Stage 2,Failed Stage 2,Stage 2 Failed • Failed Stage 2,0.72,"This stock was recently Stage 2, but the latest structure no longer satisfies Stage 2 rules. It is kept as Stage 2 Failed until a fresh base/repair structure forms.",Recent Stage 2 break; public stage held as Stage 2 Failed.,2026-09-29,2026-09-25,,18.29,63.13,549830451.92,0.84,0.17,0.15,True,True,"Stage 3, Stage 3 - Transition, volume_dryup, weekly_volume_dryup, distribution_risk | Stage 2 failed state applied from stage memory.",watchlist,0.0,1.0,733.45,-10.4,[17.68],[20],0.0,20.0,632
MEDPLUS.NS,Medplus Health Services Limited,Consumer Services,Unknown,Unknown,False,Cash,1,Stage 4,Stage 4,Stage 4 - Confirmed Downtrend,Stage 4 - Confirmed Downtrend,Stage 4 • Stage 4 - Confirmed Downtrend,0.86,Price is below a bearish moving-average stack with falling trend signals.,,,2026-06-05,,-14.4,-21.32,65472473.87,0.4,0.59,0.43,True,True,"Stage 4, Stage 4 - Confirmed Downtrend, volume_dryup, weekly_volume_dryup, downtrend",watchlist,0.0,1.0,900.62,-27.38,[36.9],[84],0.0,84.0,633
OBEROIRLTY.NS,Oberoi Realty Limited,Realty,Unknown,Unknown,True,F&O,1,Stage 2 Failed,Stage 1,Failed Stage 2,Failed Stage 2,Stage 2 Failed • Failed Stage 2,0.72,"This stock was recently Stage 2, but the latest structure no longer satisfies Stage 2 rules. It is kept as Stage 2 Failed until a fresh base/repair structure forms.",Recent Stage 2 break; public stage held as Stage 2 Failed.,2026-09-29,2026-09-28,,-2.73,17.71,851912614.78,1.26,0.83,1.05,False,False,"Stage 1, Stage 1 - Base/Repair, stage1_not_actionable, stage1_needs_more_base | Stage 2 failed state applied from stage memory.",watchlist,0.0,1.0,1936.18,-8.95,[14.11],[8],0.0,8.0,634
GENSOL.NS,Gensol Engineering Limited,Services,Unknown,Unknown,False,Cash,1,Stage 4,Stage 4,Stage 4 - Confirmed Downtrend,Stage 4 - Confirmed Downtrend,Stage 4 • Stage 4 - Confirmed Downtrend,0.86,Price is below a bearish moving-average stack with falling trend signals.,,,,,-23.15,-20.28,1006166.34,1.02,2.68,1.46,False,False,"Stage 4, Stage 4 - Confirmed Downtrend, downtrend",watchlist,0.0,1.0,18.1,-16.35,"[13.68, 14.14]","[9, 10]",0.9,21.0,635
HEMIPROP.NS,Hemisphere Properties India Limited,Realty,Unknown,Unknown,False,Cash,1,Stage 4,Stage 4,Stage 4 - Confirmed Downtrend,Stage 4 - Confirmed Downtrend,Stage 4 • Stage 4 - Confirmed Downtrend,0.86,Price is below a bearish moving-average stack with falling trend signals.,,,2026-07-03,,-13.55,-2.8,33016496.88,0.91,2.9,1.12,False,False,"Stage 4, Stage 4 - Confirmed Downtrend, downtrend",watchlist,0.0,1.0,134.11,-14.3,[18.84],[32],0.0,32.0,636
ZENSARTECH.NS,Zensar Technologies Limited,Information Technology,Unknown,Unknown,False,Cash,1,Stage 4,Stage 4,Stage 4 - Confirmed Downtrend,Stage 4 - Confirmed Downtrend,Stage 4 • Stage 4 - Confirmed Downtrend,0.86,Price is below a bearish moving-average stack with falling trend signals.,,,,,-8.82,-20.04,1533310865.65,1.0,0.26,0.57,False,True,"Stage 4, Stage 4 - Confirmed Downtrend, weekly_volume_dryup, downtrend",watchlist,0.0,1.0,497.27,-13.73,[23.88],[32],0.0,32.0,637
ECLERX.NS,eClerx Services Limited,Services,Unknown,Unknown,False,Cash,1,Stage 2 Failed,Stage 4,Failed Stage 2,Failed Stage 2,Stage 2 Failed • Failed Stage 2,0.72,"This stock was recently Stage 2, but the latest structure no longer satisfies Stage 2 rules. It is kept as Stage 2 Failed until a fresh base/repair structure forms.",Recent Stage 2 break; public stage held as Stage 2 Failed.,2026-09-29,2026-09-23,,24.97,18.23,300785406.34,0.73,0.87,0.56,True,True,"Stage 4, Stage 4 - Weak/Declining, volume_dryup, weekly_volume_dryup, downtrend | Stage 2 failed state applied from stage memory.",watchlist,0.0,1.0,2065.61,-14.33,[13.12],[8],0.0,8.0,638
FSL.NS,Firstsource Solutions Limited,Services,Unknown,Unknown,False,Cash,1,Stage 4,Stage 4,Stage 4 - Weak/Declining,Stage 4 - Weak/Declining,Stage 4 • Stage 4 - Weak/Declining,0.72,Price is below long-term support with weak trend evidence.,,,,,9.6,11.78,675366270.21,0.26,0.2,0.11,True,True,"Stage 4, Stage 4 - Weak/Declining, volume_dryup, weekly_volume_dryup, downtrend",watchlist,0.0,1.0,292.51,-14.91,[27.86],[27],0.0,27.0,639
HGS.NS,Hinduja Global Solutions Limited,Services,Unknown,Unknown,False,Cash,1,Stage 4,Stage 4,Stage 4 - Confirmed Downtrend,Stage 4 - Confirmed Downtrend,Stage 4 • Stage 4 - Confirmed Downtrend,0.86,Price is below a bearish moving-average stack with falling trend signals.,,,,,-4.94,2.49,5243495.46,0.76,0.59,0.67,True,True,"Stage 4, Stage 4 - Confirmed Downtrend, volume_dryup, weekly_volume_dryup, downtrend",watchlist,0.0,1.0,413.07,-11.38,"[14.26, 12.27]","[21, 10]",0.9,34.0,640
INDIGO.NS,InterGlobe Aviation Limited,Services,Unknown,Unknown,True,F&O,1,Stage 3,Stage 3,Stage 3 - Distribution/Damage,Stage 3 - Distribution/Damage,Stage 3 • Stage 3 - Distribution/Damage,0.76,"Prior strength exists, but short-term and/or weekly structure is deteriorating.",,,2026-08-31,,-4.18,16.63,2981745268.45,0.85,0.7,0.74,False,True,"Stage 3, Stage 3 - Distribution/Damage, weekly_volume_dryup, distribution_risk",watchlist,0.0,1.0,5289.24,-7.89,[14.64],[30],0.0,30.0,641
LATENTVIEW.NS,Latent View Analytics Limited,Information Technology,Unknown,Unknown,False,Cash,1,Stage 4,Stage 4,Stage 4 - Confirmed Downtrend,Stage 4 - Confirmed Downtrend,Stage 4 • Stage 4 - Confirmed Downtrend,0.86,Price is below a bearish moving-average stack with falling trend signals.,,,2026-01-07,,-10.11,-21.2,124446398.49,0.8,2.1,0.66,True,True,"Stage 4, Stage 4 - Confirmed Downtrend, volume_dryup, weekly_volume_dryup, downtrend",watchlist,0.0,1.0,325.37,-27.62,"[14.32, 15.73, 16.78]","[20, 7, 9]",0.15,54.0,642
MMTC.NS,MMTC Limited,Services,Unknown,Unknown,False,Cash,1,Stage 4,Stage 4,Stage 4 - Confirmed Downtrend,Stage 4 - Confirmed Downtrend,Stage 4 • Stage 4 - Confirmed Downtrend,0.86,Price is below a bearish moving-average stack with falling trend signals.,,,2026-07-13,,-9.42,1.22,81151470.23,0.46,0.47,0.56,True,True,"Stage 4, Stage 4 - Confirmed Downtrend, volume_dryup, weekly_volume_dryup, downtrend",watchlist,0.0,1.0,67.7,-16.16,[23.55],[31],0.0,31.0,643
PERSISTENT.NS,Persistent Systems Limited,Information Technology,Unknown,Unknown,True,F&O,1,Stage 4,Stage 4,Stage 4 - Weak/Declining,Stage 4 - Weak/Declining,Stage 4 • Stage 4 - Weak/Declining,0.72,Price is below long-term support with weak trend evidence.,,,2026-08-17,,16.66,-1.99,2183060569.43,0.7,0.66,0.68,True,True,"Stage 4, Stage 4 - Weak/Declining, volume_dryup, weekly_volume_dryup, downtrend",watchlist,0.0,1.0,5920.34,-12.81,[24.37],[20],0.0,20.0,644
SAMHI.NS,Samhi Hotels Limited,Consumer Services,Unknown,Unknown,False,Cash,1,Stage 4,Stage 4,Stage 4 - Weak/Declining,Stage 4 - Weak/Declining,Stage 4 • Stage 4 - Weak/Declining,0.72,Price is below long-term support with weak trend evidence.,,,,,-10.04,1.52,281008743.54,1.16,0.64,0.61,False,True,"Stage 4, Stage 4 - Weak/Declining, weekly_volume_dryup, downtrend",watchlist,0.0,1.0,172.5,-13.43,[20.6],[26],0.0,26.0,645
TATAELXSI.NS,Tata Elxsi Limited,Information Technology,Unknown,Unknown,True,F&O,1,Stage 4,Stage 4,Stage 4 - Confirmed Downtrend,Stage 4 - Confirmed Downtrend,Stage 4 • Stage 4 - Confirmed Downtrend,0.86,Price is below a bearish moving-average stack with falling trend signals.,,,,,-6.66,-23.02,736848289.62,1.02,2.66,0.93,False,False,"Stage 4, Stage 4 - Confirmed Downtrend, downtrend",watchlist,0.0,1.0,3863.75,-16.88,[21.47],[55],0.0,55.0,646
TRENT.NS,Trent Limited,Consumer Services,Unknown,Unknown,True,F&O,1,Stage 4,Stage 4,Stage 4 - Weak/Declining,Stage 4 - Weak/Declining,Stage 4 • Stage 4 - Weak/Declining,0.72,Price is below long-term support with weak trend evidence.,,,,,-15.08,3.71,1915179465.69,0.97,2.49,1.12,False,False,"Stage 4, Stage 4 - Weak/Declining, downtrend",watchlist,0.0,1.0,2852.88,-7.64,[16.58],[15],0.0,15.0,647
VEDL.NS,Vedanta Limited,Metals & Mining,Unknown,Unknown,True,F&O,1,Stage 4,Stage 4,Stage 4 - Confirmed Downtrend,Stage 4 - Confirmed Downtrend,Stage 4 • Stage 4 - Confirmed Downtrend,0.86,Price is below a bearish moving-average stack with falling trend signals.,,,2026-04-29,,-1.24,-61.87,1759176487.22,0.68,1.01,0.75,True,True,"Stage 4, Stage 4 - Confirmed Downtrend, volume_dryup, weekly_volume_dryup, downtrend",watchlist,0.0,1.0,291.51,-10.81,[13.23],[14],0.0,14.0,648
BAJAJCON.NS,Bajaj Consumer Care Limited,Fast Moving Consumer Goods,Unknown,Unknown,False,Cash,1,Stage 3,Stage 3,Stage 3 - Distribution/Damage,Stage 3 - Distribution/Damage,Stage 3 • Stage 3 - Distribution/Damage,0.76,"Prior strength exists, but short-term and/or weekly structure is deteriorating.",,,2026-08-07,,-13.96,29.19,416676963.07,0.77,1.21,0.77,True,True,"Stage 3, Stage 3 - Distribution/Damage, volume_dryup, weekly_volume_dryup, distribution_risk",watchlist,0.71,0.71,693.21,-28.88,[9.86],[93],0.0,93.0,649
DODLA.NS,Dodla Dairy Limited,Fast Moving Consumer Goods,Unknown,Unknown,False,Cash,1,Stage 4,Stage 4,Stage 4 - Confirmed Downtrend,Stage 4 - Confirmed Downtrend,Stage 4 • Stage 4 - Confirmed Downtrend,0.86,Price is below a bearish moving-average stack with falling trend signals.,,,,,-4.16,0.95,22583366.32,0.69,0.78,0.69,True,True,"Stage 4, Stage 4 - Confirmed Downtrend, weekly_vcp_ok, volume_dryup, weekly_volume_dryup, weekly_strong, downtrend",watchlist,0.6,0.6,1162.03,-12.99,"[13.23, 7.1]","[15, 25]",0.9,42.0,650
ADANIGREEN.NS,Adani Green Energy Limited,Power,Unknown,Unknown,True,F&O,1,Stage 1,Stage 1,Stage 1 - Base/Repair,Stage 1 - Base/Repair,Stage 1 • Stage 1 - Base/Repair,0.7,Price is near long-term moving averages with no strong long-term downtrend signal.,,,2026-08-28,,-13.0,37.25,1546321012.91,0.73,1.19,0.87,True,True,"Stage 1, Stage 1 - Base/Repair, volume_dryup, weekly_volume_dryup, stage1_not_actionable, stage1_needs_more_base",watchlist,0.24,0.24,1634.36,-22.91,[21.36],[59],0.0,59.0,651
AUBANK.NS,AU Small Finance Bank Limited,Financial Services,Unknown,Unknown,True,F&O,1,Stage 2 Failed,Stage 1,Failed Stage 2,Failed Stage 2,Stage 2 Failed • Failed Stage 2,0.72,"This stock was recently Stage 2, but the latest structure no longer satisfies Stage 2 rules. It is kept as Stage 2 Failed until a fresh base/repair structure forms.",Recent Stage 2 break; public stage held as Stage 2 Failed.,2026-09-29,2026-09-25,,1.1,14.33,1219870916.67,0.98,1.36,1.38,False,False,"Stage 1, Stage 1 - Base/Repair, weekly_vcp_ok, weekly_strong, stage1_not_actionable, stage1_needs_more_base | Stage 2 failed state applied from stage memory.",watchlist,0.0,0.0,1146.1,-12.29,[11.96],[13],0.0,13.0,652
M&MFIN.NS,Mahindra & Mahindra Financial Services Limited,Financial Services,Unknown,Unknown,False,Cash,1,Stage 2 Failed,Stage 1,Failed Stage 2,Failed Stage 2,Stage 2 Failed • Failed Stage 2,0.72,"This stock was recently Stage 2, but the latest structure no longer satisfies Stage 2 rules. It is kept as Stage 2 Failed until a fresh base/repair structure forms.",Recent Stage 2 break; public stage held as Stage 2 Failed.,2026-09-29,2026-09-22,,6.45,19.72,618369181.39,0.43,1.05,0.34,True,True,"Stage 1, Stage 1 - Base/Repair, weekly_vcp_ok, volume_dryup, weekly_volume_dryup, weekly_strong, stage1_not_actionable, stage1_needs_more_base | Stage 2 failed state applied from stage memory.",watchlist,0.0,0.0,390.08,-15.9,[19.55],[24],0.0,24.0,653
DIXON.NS,Dixon Technologies (India) Limited,Consumer Durables,Unknown,Unknown,True,F&O,1,Stage 2 Failed,Stage 3,Failed Stage 2,Failed Stage 2,Stage 2 Failed • Failed Stage 2,0.72,"This stock was recently Stage 2, but the latest structure no longer satisfies Stage 2 rules. It is kept as Stage 2 Failed until a fresh base/repair structure forms.",Recent Stage 2 break; public stage held as Stage 2 Failed.,2026-09-29,2026-09-08,,12.49,32.95,4386575317.29,0.96,0.84,0.88,False,True,"Stage 3, Stage 3 - Transition, weekly_vcp_ok, weekly_volume_dryup, weekly_strong, distribution_risk | Stage 2 failed state applied from stage memory.",watchlist,0.0,0.0,15014.7,-11.75,[11.92],[33],0.0,33.0,654
UNIONBANK.NS,Union Bank of India,Financial Services,Unknown,Unknown,True,F&O,1,Stage 2 Failed,Stage 1,Failed Stage 2,Failed Stage 2,Stage 2 Failed • Failed Stage 2,0.72,"This stock was recently Stage 2, but the latest structure no longer satisfies Stage 2 rules. It is kept as Stage 2 Failed until a fresh base/repair structure forms.",Recent Stage 2 break; public stage held as Stage 2 Failed.,2026-09-29,2026-09-25,,7.82,-1.4,1358357846.37,0.79,2.64,0.86,True,True,"Stage 1, Stage 1 - Base/Repair, weekly_vcp_ok, volume_dryup, weekly_volume_dryup, weekly_strong, stage1_not_actionable, stage1_needs_more_base | Stage 2 failed state applied from stage memory.",watchlist,0.0,0.0,192.33,-13.69,[9.15],[14],0.0,14.0,655
EQUITASBNK.NS,Equitas Small Finance Bank Limited,Financial Services,Unknown,Unknown,False,Cash,1,Stage 1,Stage 1,Stage 1 - Base/Repair,Stage 1 - Base/Repair,Stage 1 • Stage 1 - Base/Repair,0.7,Price is near long-term moving averages with no strong long-term downtrend signal.,,,2026-08-31,,-6.06,22.44,121489300.53,0.99,1.36,1.19,False,False,"Stage 1, Stage 1 - Base/Repair, weekly_vcp_ok, weekly_strong, stage1_not_actionable, stage1_needs_more_base",watchlist,0.0,0.0,74.98,-10.55,[15.84],[10],0.0,10.0,656
SHRIRAMFIN.NS,Shriram Finance Ltd.,Financial Services,Unknown,Unknown,True,F&O,1,Stage 2 Failed,Stage 1,Failed Stage 2,Failed Stage 2,Stage 2 Failed • Failed Stage 2,0.72,"This stock was recently Stage 2, but the latest structure no longer satisfies Stage 2 rules. It is kept as Stage 2 Failed until a fresh base/repair structure forms.",Recent Stage 2 break; public stage held as Stage 2 Failed.,2026-09-29,2026-09-10,,-2.62,5.73,4032755415.59,0.96,1.66,0.93,False,False,"Stage 1, Stage 1 - Base/Repair, weekly_vcp_ok, weekly_strong, stage1_not_actionable, stage1_needs_more_base | Stage 2 failed state applied from stage memory.",watchlist,0.0,0.0,1144.0,-15.08,[8.68],[13],0.0,13.0,657
HOMEFIRST.NS,Home First Finance Company India Limited,Financial Services,Unknown,Unknown,False,Cash,1,Stage 2 Failed,Stage 1,Failed Stage 2,Failed Stage 2,Stage 2 Failed • Failed Stage 2,0.72,"This stock was recently Stage 2, but the latest structure no longer satisfies Stage 2 rules. It is kept as Stage 2 Failed until a fresh base/repair structure forms.",Recent Stage 2 break; public stage held as Stage 2 Failed.,2026-09-29,2026-09-23,,-3.16,15.08,317458327.14,1.61,0.86,1.17,False,False,"Stage 1, Stage 1 - Base/Repair, weekly_vcp_ok, weekly_strong, stage1_not_actionable, stage1_needs_more_base | Stage 2 failed state applied from stage memory.",watchlist,0.0,0.0,1276.13,-14.24,[10.37],[15],0.0,15.0,658
MARICO.NS,Marico Limited,Fast Moving Consumer Goods,Unknown,Unknown,True,F&O,1,Not Sure,Stage 1,Pending Stage 1,Pending Stage 1,Not Sure • Pending Stage 1,0.55,Blocked public stage jump Stage 3 -> Stage 1; waiting for intermediate/confirmed structure.,Blocked public stage jump Stage 3 -> Stage 1; waiting for intermediate/confirmed structure.,,2026-09-01,Stage 1,0.34,5.81,1197910050.1,0.93,1.04,0.59,False,True,"Stage 1, Stage 1 - Base/Repair, weekly_vcp_ok, weekly_volume_dryup, weekly_strong, stage1_not_actionable, stage1_needs_more_base | Blocked public stage jump Stage 3 -> Stage 1; waiting for intermediate/confirmed structure.",watchlist,0.0,0.0,868.87,-9.41,[11.01],[33],0.0,33.0,659
MANAPPURAM.NS,Manappuram Finance Limited,Financial Services,Unknown,Unknown,True,F&O,1,Stage 2 Failed,Stage 3,Failed Stage 2,Failed Stage 2,Stage 2 Failed • Failed Stage 2,0.72,"This stock was recently Stage 2, but the latest structure no longer satisfies Stage 2 rules. It is kept as Stage 2 Failed until a fresh base/repair structure forms.",Recent Stage 2 break; public stage held as Stage 2 Failed.,2026-09-29,2026-09-25,,2.73,22.71,1432820126.57,0.79,2.06,1.09,True,False,"Stage 3, Stage 3 - Distribution/Damage, weekly_vcp_ok, volume_dryup, weekly_strong, distribution_risk | Stage 2 failed state applied from stage memory.",watchlist,0.0,0.0,373.2,-15.21,[11.58],[14],0.0,14.0,660
ICICIBANK.NS,ICICI Bank Limited,Financial Services,Unknown,Unknown,True,F&O,1,Stage 2 Failed,Stage 1,Failed Stage 2,Failed Stage 2,Stage 2 Failed • Failed Stage 2,0.72,"This stock was recently Stage 2, but the latest structure no longer satisfies Stage 2 rules. It is kept as Stage 2 Failed until a fresh base/repair structure forms.",Recent Stage 2 break; public stage held as Stage 2 Failed.,2026-09-29,2026-09-17,,-1.64,6.28,11633758038.8,0.87,1.77,0.92,False,False,"Stage 1, Stage 1 - Base/Repair, weekly_vcp_ok, weekly_strong, stage1_not_actionable, stage1_needs_more_base | Stage 2 failed state applied from stage memory.",watchlist,0.0,0.0,1456.54,-11.28,[5.19],[22],0.0,22.0,661
RELIGARE.NS,Religare Enterprises Limited,Financial Services,Unknown,Unknown,False,Cash,1,Stage 2 Failed,Stage 1,Failed Stage 2,Failed Stage 2,Stage 2 Failed • Failed Stage 2,0.72,"This stock was recently Stage 2, but the latest structure no longer satisfies Stage 2 rules. It is kept as Stage 2 Failed until a fresh base/repair structure forms.",Recent Stage 2 break; public stage held as Stage 2 Failed.,2026-09-29,2026-09-23,,-5.68,6.87,197123302.59,0.61,1.41,0.64,True,True,"Stage 1, Stage 1 - Base/Repair, weekly_vcp_ok, volume_dryup, weekly_volume_dryup, weekly_strong, stage1_not_actionable, stage1_needs_more_base | Stage 2 failed state applied from stage memory.",watchlist,0.0,0.0,262.05,-11.45,[14.81],[14],0.0,14.0,662
SUNDARMFIN.NS,Sundaram Finance Limited,Financial Services,Unknown,Unknown,False,Cash,1,Stage 1,Stage 1,Stage 1 - Unclear/Repair,Stage 1 - Unclear/Repair,Stage 1 • Stage 1 - Unclear/Repair,0.58,Not enough evidence for Stage 2 or Stage 4; classified as repair/unclear structure.,,,2026-03-17,,1.28,-4.77,206423110.04,1.1,1.1,0.8,False,True,"Stage 1, Stage 1 - Unclear/Repair, weekly_vcp_ok, weekly_volume_dryup, weekly_strong, stage1_not_actionable, stage1_needs_more_base",watchlist,0.0,0.0,4877.78,-11.13,[11.35],[7],0.0,7.0,663
PILANIINVS.NS,Pilani Investment and Industries Corporation Limited,Financial Services,Unknown,Unknown,False,Cash,1,Stage 4,Stage 4,Stage 4 - Confirmed Downtrend,Stage 4 - Confirmed Downtrend,Stage 4 • Stage 4 - Confirmed Downtrend,0.86,Price is below a bearish moving-average stack with falling trend signals.,,,2025-11-17,,-3.0,-8.04,10073474.66,0.9,1.11,0.68,False,True,"Stage 4, Stage 4 - Confirmed Downtrend, weekly_vcp_ok, weekly_volume_dryup, weekly_strong, downtrend",watchlist,0.0,0.0,4459.79,-9.69,[6.42],[12],0.0,12.0,664
TATAINVEST.NS,Tata Investment Corporation Ltd.,Financial Services,Unknown,Unknown,False,Cash,1,Stage 4,Stage 4,Stage 4 - Weak/Declining,Stage 4 - Weak/Declining,Stage 4 • Stage 4 - Weak/Declining,0.72,Price is below long-term support with weak trend evidence.,,,2025-10-29,,-0.23,6.65,1678351316.68,1.22,0.31,0.34,False,True,"Stage 4, Stage 4 - Weak/Declining, weekly_vcp_ok, weekly_volume_dryup, weekly_strong, downtrend",watchlist,0.0,0.0,751.81,-16.81,[13.81],[20],0.0,20.0,665
CHOICEIN.NS,Choice International Limited,Financial Services,Unknown,Unknown,False,Cash,1,Stage 4,Stage 4,Stage 4 - Weak/Declining,Stage 4 - Weak/Declining,Stage 4 • Stage 4 - Weak/Declining,0.72,Price is below long-term support with weak trend evidence.,,,2026-08-24,,-1.32,17.29,288991431.72,1.04,0.83,0.67,False,True,"Stage 4, Stage 4 - Weak/Declining, weekly_vcp_ok, weekly_volume_dryup, weekly_strong, downtrend",watchlist,0.0,0.0,820.43,-9.66,[15.53],[27],0.0,27.0,666
RESPONIND.NS,Responsive Industries Limited,Consumer Durables,Unknown,Unknown,False,Cash,1,Stage 4,Stage 4,Stage 4 - Weak/Declining,Stage 4 - Weak/Declining,Stage 4 • Stage 4 - Weak/Declining,0.72,Price is below long-term support with weak trend evidence.,,,2026-07-20,,-14.95,30.01,536026392.65,0.46,0.6,0.64,True,True,"Stage 4, Stage 4 - Weak/Declining, weekly_vcp_ok, volume_dryup, weekly_volume_dryup, weekly_strong, downtrend",watchlist,0.0,0.0,241.18,-30.3,[12.77],[102],0.0,102.0,667
BLUESTARCO.NS,Blue Star Limited,Consumer Durables,Unknown,Unknown,True,F&O,1,Stage 4,Stage 4,Stage 4 - Confirmed Downtrend,Stage 4 - Confirmed Downtrend,Stage 4 • Stage 4 - Confirmed Downtrend,0.86,Price is below a bearish moving-average stack with falling trend signals.,,,2026-03-12,,3.12,-1.36,1014684662.35,1.17,1.88,1.29,False,False,"Stage 4, Stage 4 - Confirmed Downtrend, weekly_vcp_ok, weekly_strong, downtrend",watchlist,0.0,0.0,1580.0,-3.2,[17.57],[26],0.0,26.0,668
HEIDELBERG.NS,HeidelbergCement India Limited,Construction Materials,Unknown,Unknown,False,Cash,1,Stage 4,Stage 4,Stage 4 - Weak/Declining,Stage 4 - Weak/Declining,Stage 4 • Stage 4 - Weak/Declining,0.72,Price is below long-term support with weak trend evidence.,,,,,-6.77,-7.0,33158057.8,1.22,1.0,1.46,False,False,"Stage 4, Stage 4 - Weak/Declining, weekly_vcp_ok, weekly_strong, downtrend",watchlist,0.0,0.0,155.58,-16.25,"[12.59, 7.2]","[13, 17]",0.9,47.0,669
HINDWAREAP.NS,Hindware Home Innovation Limited,Consumer Durables,Unknown,Unknown,False,Cash,1,Stage 4,Stage 4,Stage 4 - Confirmed Downtrend,Stage 4 - Confirmed Downtrend,Stage 4 • Stage 4 - Confirmed Downtrend,0.86,Price is below a bearish moving-average stack with falling trend signals.,,,2025-11-28,,-26.1,-13.56,16946000.21,0.77,0.84,0.9,True,False,"Stage 4, Stage 4 - Confirmed Downtrend, weekly_vcp_ok, volume_dryup, weekly_strong, downtrend",watchlist,0.0,0.0,203.77,-16.47,[23.61],[19],0.0,19.0,670
JKLAKSHMI.NS,JK Lakshmi Cement Limited,Construction Materials,Unknown,Unknown,False,Cash,1,Stage 4,Stage 4,Stage 4 - Confirmed Downtrend,Stage 4 - Confirmed Downtrend,Stage 4 • Stage 4 - Confirmed Downtrend,0.86,Price is below a bearish moving-average stack with falling trend signals.,,,,,-8.41,-15.49,69705349.34,0.63,3.61,0.78,True,True,"Stage 4, Stage 4 - Confirmed Downtrend, weekly_vcp_ok, volume_dryup, weekly_volume_dryup, weekly_strong, downtrend",watchlist,0.0,0.0,535.94,-8.54,[20.39],[24],0.0,24.0,671
KSCL.NS,Kaveri Seed Company Limited,Fast Moving Consumer Goods,Unknown,Unknown,False,Cash,1,Stage 4,Stage 4,Stage 4 - Confirmed Downtrend,Stage 4 - Confirmed Downtrend,Stage 4 • Stage 4 - Confirmed Downtrend,0.86,Price is below a bearish moving-average stack with falling trend signals.,,,,,-13.23,-10.72,1222016635.67,4.33,0.35,8.89,False,False,"Stage 4, Stage 4 - Confirmed Downtrend, weekly_vcp_ok, weekly_strong, downtrend",watchlist,0.0,0.0,810.37,-8.42,[24.24],[36],0.0,36.0,672
PSB.NS,Punjab & Sind Bank,Financial Services,Unknown,Unknown,False,Cash,1,Stage 4,Stage 4,Stage 4 - Confirmed Downtrend,Stage 4 - Confirmed Downtrend,Stage 4 • Stage 4 - Confirmed Downtrend,0.86,Price is below a bearish moving-average stack with falling trend signals.,,,,,-7.31,-6.14,21881961.03,0.87,1.28,0.74,False,True,"Stage 4, Stage 4 - Confirmed Downtrend, weekly_vcp_ok, weekly_volume_dryup, weekly_strong, downtrend",watchlist,0.0,0.0,23.91,-11.72,[11.32],[31],0.0,31.0,673
SAMMAANCAP.NS,Sammaan Capital Ltd.,Financial Services,Unknown,Unknown,True,F&O,1,Stage 4,Stage 4,Stage 4 - Weak/Declining,Stage 4 - Weak/Declining,Stage 4 • Stage 4 - Weak/Declining,0.72,Price is below long-term support with weak trend evidence.,,,2026-08-13,,-16.26,-6.96,697963359.65,0.57,0.67,0.54,True,True,"Stage 4, Stage 4 - Weak/Declining, weekly_vcp_ok, volume_dryup, weekly_volume_dryup, weekly_strong, downtrend",watchlist,0.0,0.0,161.28,-15.38,[14.62],[28],0.0,28.0,674
SULA.NS,Sula Vineyards Limited,Fast Moving Consumer Goods,Unknown,Unknown,False,Cash,1,Stage 4,Stage 4,Stage 4 - Confirmed Downtrend,Stage 4 - Confirmed Downtrend,Stage 4 • Stage 4 - Confirmed Downtrend,0.86,Price is below a bearish moving-average stack with falling trend signals.,,,,,-8.87,-15.15,56231701.01,1.02,0.49,0.39,False,True,"Stage 4, Stage 4 - Confirmed Downtrend, weekly_vcp_ok, weekly_volume_dryup, weekly_strong, downtrend",watchlist,0.0,0.0,150.76,-12.6,[17.77],[14],0.0,14.0,675
YESBANK.NS,Yes Bank Limited,Financial Services,Unknown,Unknown,True,F&O,1,Stage 4,Stage 4,Stage 4,Stage 4,Stage 4,0.66,Declining structure detected.,,,2026-08-17,,-9.05,14.56,1695898422.95,1.41,2.1,1.43,False,False,"Stage 4, Stage 4, weekly_vcp_ok, weekly_strong, downtrend",watchlist,0.0,0.0,24.14,-14.22,[15.36],[54],0.0,54.0,676
PGEL.NS,PG Electroplast Limited,Consumer Durables,Unknown,Unknown,True,F&O,1,Stage 4,Stage 4,Stage 4 - Weak/Declining,Stage 4 - Weak/Declining,Stage 4 • Stage 4 - Weak/Declining,0.72,Price is below long-term support with weak trend evidence.,,,2026-09-07,,-6.25,9.69,469843713.91,0.53,2.18,0.58,True,True,"Stage 4, Stage 4 - Weak/Declining, weekly_vcp_ok, volume_dryup, weekly_volume_dryup, weekly_strong, downtrend",watchlist,0.0,0.0,605.47,-18.55,[11.03],[6],0.0,6.0,677
ULTRACEMCO.NS,UltraTech Cement Limited,Construction Materials,Unknown,Unknown,True,F&O,1,Stage 4,Stage 4,Stage 4 - Weak/Declining,Stage 4 - Weak/Declining,Stage 4 • Stage 4 - Weak/Declining,0.72,Price is below long-term support with weak trend evidence.,,,2026-08-28,,0.3,1.32,2960560607.1,1.14,2.06,1.18,False,False,"Stage 4, Stage 4 - Weak/Declining, weekly_vcp_ok, weekly_strong, downtrend",watchlist,0.0,0.0,11840.68,-8.54,[9.99],[15],0.0,15.0,678
BALMLAWRIE.NS,Balmer Lawrie & Company Limited,Diversified,Unknown,Unknown,False,Cash,1,Stage 4,Stage 4,Stage 4 - Weak/Declining,Stage 4 - Weak/Declining,Stage 4 • Stage 4 - Weak/Declining,0.72,Price is below long-term support with weak trend evidence.,,,2026-09-07,,-3.03,3.44,21132960.3,0.74,0.51,0.56,True,True,"Stage 4, Stage 4 - Weak/Declining, weekly_vcp_ok, volume_dryup, weekly_volume_dryup, weekly_strong, downtrend",watchlist,0.0,0.0,178.35,-9.4,[9.74],[14],0.0,14.0,679
BIKAJI.NS,Bikaji Foods International Limited,Fast Moving Consumer Goods,Unknown,Unknown,False,Cash,1,Stage 4,Stage 4,Stage 4 - Confirmed Downtrend,Stage 4 - Confirmed Downtrend,Stage 4 • Stage 4 - Confirmed Downtrend,0.86,Price is below a bearish moving-average stack with falling trend signals.,,,,,-13.6,-14.67,222551336.23,2.56,3.01,4.98,False,False,"Stage 4, Stage 4 - Confirmed Downtrend, weekly_vcp_ok, weekly_strong, downtrend",watchlist,0.0,0.0,637.01,-16.62,[16.22],[14],0.0,14.0,680
CANFINHOME.NS,Can Fin Homes Limited,Financial Services,Unknown,Unknown,False,Cash,1,Stage 4,Stage 4,Stage 4 - Confirmed Downtrend,Stage 4 - Confirmed Downtrend,Stage 4 • Stage 4 - Confirmed Downtrend,0.86,Price is below a bearish moving-average stack with falling trend signals.,,,2026-07-17,,-12.67,-8.86,198318170.88,1.17,0.73,0.88,False,True,"Stage 4, Stage 4 - Confirmed Downtrend, weekly_vcp_ok, weekly_volume_dryup, weekly_strong, downtrend",watchlist,0.0,0.0,816.43,-10.38,[15.08],[9],0.0,9.0,681
CENTURYPLY.NS,Century Plyboards (India) Limited,Consumer Durables,Unknown,Unknown,False,Cash,1,Stage 4,Stage 4,Stage 4 - Confirmed Downtrend,Stage 4 - Confirmed Downtrend,Stage 4 • Stage 4 - Confirmed Downtrend,0.86,Price is below a bearish moving-average stack with falling trend signals.,,,2026-08-11,,-8.05,-6.49,64153419.36,1.74,7.43,2.08,False,False,"Stage 4, Stage 4 - Confirmed Downtrend, weekly_vcp_ok, weekly_strong, downtrend",watchlist,0.0,0.0,780.31,-14.78,[9.43],[29],0.0,29.0,682
CREDITACC.NS,CREDITACCESS GRAMEEN LIMITED,Financial Services,Unknown,Unknown,False,Cash,1,Stage 2 Failed,Stage 4,Failed Stage 2,Failed Stage 2,Stage 2 Failed • Failed Stage 2,0.72,"This stock was recently Stage 2, but the latest structure no longer satisfies Stage 2 rules. It is kept as Stage 2 Failed until a fresh base/repair structure forms.",Recent Stage 2 break; public stage held as Stage 2 Failed.,2026-09-29,2026-09-14,,-15.86,3.48,225018136.65,0.55,1.72,0.62,True,True,"Stage 4, Stage 4, weekly_vcp_ok, volume_dryup, weekly_volume_dryup, weekly_strong, downtrend | Stage 2 failed state applied from stage memory.",watchlist,0.0,0.0,1470.57,-17.29,[17.47],[22],0.0,22.0,683
DISHTV.NS,Dish TV India Limited,"Media, Entertainment & Publication",Unknown,Unknown,False,Cash,1,Stage 4,Stage 4,Stage 4 - Confirmed Downtrend,Stage 4 - Confirmed Downtrend,Stage 4 • Stage 4 - Confirmed Downtrend,0.86,Price is below a bearish moving-average stack with falling trend signals.,,,,,-23.7,-22.76,4789222.52,2.21,1.68,2.56,False,False,"Stage 4, Stage 4 - Confirmed Downtrend, weekly_vcp_ok, weekly_strong, downtrend",watchlist,0.0,0.0,3.56,-39.54,"[34.06, 16.97, 18.53]","[38, 34, 10]",0.55,104.0,684
GODFRYPHLP.NS,Godfrey Phillips India Limited,Fast Moving Consumer Goods,Unknown,Unknown,True,F&O,1,Stage 4,Stage 4,Stage 4 - Confirmed Downtrend,Stage 4 - Confirmed Downtrend,Stage 4 • Stage 4 - Confirmed Downtrend,0.86,Price is below a bearish moving-average stack with falling trend signals.,,,2025-10-20,,-6.91,-1.48,316283457.26,0.48,1.69,0.48,True,True,"Stage 4, Stage 4 - Confirmed Downtrend, weekly_vcp_ok, volume_dryup, weekly_volume_dryup, weekly_strong, downtrend",watchlist,0.0,0.0,2456.63,-24.2,[12.12],[121],0.0,121.0,685
GODREJCP.NS,Godrej Consumer Products Ltd.,Fast Moving Consumer Goods,Unknown,Unknown,True,F&O,1,Stage 4,Stage 4,Stage 4 - Confirmed Downtrend,Stage 4 - Confirmed Downtrend,Stage 4 • Stage 4 - Confirmed Downtrend,0.86,Price is below a bearish moving-average stack with falling trend signals.,,,2026-02-11,,-14.13,-13.32,1182507322.32,0.54,1.03,0.49,True,True,"Stage 4, Stage 4 - Confirmed Downtrend, weekly_vcp_ok, volume_dryup, weekly_volume_dryup, weekly_strong, downtrend",watchlist,0.0,0.0,892.56,-4.21,[21.83],[26],0.0,26.0,686
GREENLAM.NS,Greenlam Industries Limited,Consumer Durables,Unknown,Unknown,False,Cash,1,Stage 4,Stage 4,Stage 4 - Weak/Declining,Stage 4 - Weak/Declining,Stage 4 • Stage 4 - Weak/Declining,0.72,Price is below long-term support with weak trend evidence.,,,2026-08-27,,-13.72,-2.0,10517777.19,0.35,1.22,0.42,True,True,"Stage 4, Stage 4 - Weak/Declining, weekly_vcp_ok, volume_dryup, weekly_volume_dryup, weekly_strong, downtrend",watchlist,0.0,0.0,238.74,-10.24,[12.67],[14],0.0,14.0,687
HAVELLS.NS,Havells India Limited,Consumer Durables,Unknown,Unknown,True,F&O,1,Stage 4,Stage 4,Stage 4 - Confirmed Downtrend,Stage 4 - Confirmed Downtrend,Stage 4 • Stage 4 - Confirmed Downtrend,0.86,Price is below a bearish moving-average stack with falling trend signals.,,,,,-5.63,-12.65,853616998.16,0.71,1.35,0.68,True,True,"Stage 4, Stage 4 - Confirmed Downtrend, weekly_vcp_ok, volume_dryup, weekly_volume_dryup, weekly_strong, downtrend",watchlist,0.0,0.0,1301.37,-19.83,[17.79],[21],0.0,21.0,688
HGINFRA.NS,H.G. Infra Engineering Limited,Construction,Unknown,Unknown,False,Cash,1,Stage 4,Stage 4,Stage 4 - Confirmed Downtrend,Stage 4 - Confirmed Downtrend,Stage 4 • Stage 4 - Confirmed Downtrend,0.86,Price is below a bearish moving-average stack with falling trend signals.,,,,,-17.04,-9.76,343807383.88,3.33,0.26,6.54,False,False,"Stage 4, Stage 4 - Confirmed Downtrend, weekly_vcp_ok, weekly_strong, downtrend",watchlist,0.0,0.0,495.87,-11.62,[18.37],[15],0.0,15.0,689
HINDUNILVR.NS,Hindustan Unilever Limited,Fast Moving Consumer Goods,Unknown,Unknown,True,F&O,1,Stage 4,Stage 4,Stage 4 - Confirmed Downtrend,Stage 4 - Confirmed Downtrend,Stage 4 • Stage 4 - Confirmed Downtrend,0.86,Price is below a bearish moving-average stack with falling trend signals.,,,2025-10-23,,-9.29,-9.24,2491896692.72,0.87,1.72,0.95,False,False,"Stage 4, Stage 4 - Confirmed Downtrend, weekly_vcp_ok, weekly_strong, downtrend",watchlist,0.0,0.0,2055.49,-9.33,[12.96],[33],0.0,33.0,690
ICICIPRULI.NS,ICICI Prudential Life Insurance Company Limited,Financial Services,Unknown,Unknown,True,F&O,1,Stage 4,Stage 4,Stage 4 - Confirmed Downtrend,Stage 4 - Confirmed Downtrend,Stage 4 • Stage 4 - Confirmed Downtrend,0.86,Price is below a bearish moving-average stack with falling trend signals.,,,2026-02-06,,-2.35,-12.61,750739211.52,1.35,1.98,1.84,False,False,"Stage 4, Stage 4 - Confirmed Downtrend, weekly_vcp_ok, weekly_strong, downtrend",watchlist,0.0,0.0,526.67,-15.59,[12.84],[28],0.0,28.0,691
ICRA.NS,ICRA Limited,Financial Services,Unknown,Unknown,False,Cash,1,Stage 4,Stage 4,Stage 4 - Confirmed Downtrend,Stage 4 - Confirmed Downtrend,Stage 4 • Stage 4 - Confirmed Downtrend,0.86,Price is below a bearish moving-average stack with falling trend signals.,,,2025-11-06,,-10.96,-13.65,117897932.83,0.75,0.48,0.61,True,True,"Stage 4, Stage 4 - Confirmed Downtrend, weekly_vcp_ok, volume_dryup, weekly_volume_dryup, weekly_strong, downtrend",watchlist,0.0,0.0,5182.75,-17.07,[12.58],[27],0.0,27.0,692
IREDA.NS,Indian Renewable Energy Development Agency Ltd.,Financial Services,Unknown,Unknown,True,F&O,1,Stage 4,Stage 4,Stage 4 - Confirmed Downtrend,Stage 4 - Confirmed Downtrend,Stage 4 • Stage 4 - Confirmed Downtrend,0.86,Price is below a bearish moving-average stack with falling trend signals.,,,,,-7.0,-2.87,515153046.02,1.26,1.97,2.0,False,False,"Stage 4, Stage 4 - Confirmed Downtrend, weekly_vcp_ok, weekly_strong, downtrend",watchlist,0.0,0.0,120.55,-7.92,[10.75],[16],0.0,16.0,693
JPPOWER.NS,Jaiprakash Power Ventures Limited,Power,Unknown,Unknown,False,Cash,1,Stage 4,Stage 4,Stage 4 - Weak/Declining,Stage 4 - Weak/Declining,Stage 4 • Stage 4 - Weak/Declining,0.72,Price is below long-term support with weak trend evidence.,,,2026-08-12,,-8.23,1.25,1085970089.14,1.77,0.64,0.62,False,True,"Stage 4, Stage 4 - Weak/Declining, weekly_vcp_ok, weekly_volume_dryup, weekly_strong, downtrend",watchlist,0.0,0.0,18.28,-16.53,[20.9],[54],0.0,54.0,694
KANSAINER.NS,Kansai Nerolac Paints Limited,Consumer Durables,Unknown,Unknown,False,Cash,1,Stage 4,Stage 4,Stage 4 - Confirmed Downtrend,Stage 4 - Confirmed Downtrend,Stage 4 • Stage 4 - Confirmed Downtrend,0.86,Price is below a bearish moving-average stack with falling trend signals.,,,2025-11-17,,-8.36,3.19,60746565.02,0.8,2.65,0.81,True,True,"Stage 4, Stage 4 - Confirmed Downtrend, weekly_vcp_ok, volume_dryup, weekly_volume_dryup, weekly_strong, downtrend",watchlist,0.0,0.0,208.41,-13.0,[11.74],[15],0.0,15.0,695
KPIGREEN.NS,KPI Green Energy Limited,Power,Unknown,Unknown,False,Cash,1,Stage 4,Stage 4,Stage 4 - Weak/Declining,Stage 4 - Weak/Declining,Stage 4 • Stage 4 - Weak/Declining,0.72,Price is below long-term support with weak trend evidence.,,,,,-2.02,-4.32,981387304.96,2.66,1.59,2.41,False,False,"Stage 4, Stage 4 - Weak/Declining, weekly_vcp_ok, weekly_strong, downtrend",watchlist,0.0,0.0,323.81,14.65,[35.25],[44],0.0,44.0,696
METROBRAND.NS,Metro Brands Limited,Consumer Durables,Unknown,Unknown,False,Cash,1,Stage 4,Stage 4,Stage 4 - Confirmed Downtrend,Stage 4 - Confirmed Downtrend,Stage 4 • Stage 4 - Confirmed Downtrend,0.86,Price is below a bearish moving-average stack with falling trend signals.,,,,,-9.66,-6.28,96992747.8,1.92,0.22,0.71,False,True,"Stage 4, Stage 4 - Confirmed Downtrend, weekly_vcp_ok, weekly_volume_dryup, weekly_strong, downtrend",watchlist,0.0,0.0,1044.2,-16.48,[16.76],[49],0.0,49.0,697
MFSL.NS,Max Financial Services Limited,Financial Services,Unknown,Unknown,True,F&O,1,Stage 4,Stage 4,Stage 4 - Confirmed Downtrend,Stage 4 - Confirmed Downtrend,Stage 4 • Stage 4 - Confirmed Downtrend,0.86,Price is below a bearish moving-average stack with falling trend signals.,,,2026-03-11,,-6.75,-6.65,1833784924.06,2.15,0.96,3.57,False,False,"Stage 4, Stage 4 - Confirmed Downtrend, weekly_vcp_ok, weekly_strong, downtrend",watchlist,0.0,0.0,1604.9,-13.24,[11.7],[21],0.0,21.0,698
MUTHOOTFIN.NS,Muthoot Finance Limited,Financial Services,Unknown,Unknown,True,F&O,1,Stage 4,Stage 4,Stage 4 - Confirmed Downtrend,Stage 4 - Confirmed Downtrend,Stage 4 • Stage 4 - Confirmed Downtrend,0.86,Price is below a bearish moving-average stack with falling trend signals.,,,2026-02-12,,-4.38,-15.65,1758762731.41,0.66,1.51,0.71,True,True,"Stage 4, Stage 4 - Confirmed Downtrend, weekly_vcp_ok, volume_dryup, weekly_volume_dryup, weekly_strong, downtrend",watchlist,0.0,0.0,3252.18,-15.85,[16.15],[13],0.0,13.0,699
PNC.NS,Pritish Nandy Communications Limited,"Media, Entertainment & Publication",Unknown,Unknown,False,Cash,1,Stage 4,Stage 4,Stage 4 - Confirmed Downtrend,Stage 4 - Confirmed Downtrend,Stage 4 • Stage 4 - Confirmed Downtrend,0.86,Price is below a bearish moving-average stack with falling trend signals.,,,,,-12.96,-8.87,392513.76,2.21,1.41,0.82,False,True,"Stage 4, Stage 4 - Confirmed Downtrend, weekly_vcp_ok, weekly_volume_dryup, weekly_strong, downtrend",watchlist,0.0,0.0,24.05,-27.66,"[19.71, 21.28, 20.16]","[6, 25, 5]",0.55,86.0,700
PNCINFRA.NS,PNC Infratech Limited,Construction,Unknown,Unknown,False,Cash,1,Stage 4,Stage 4,Stage 4 - Confirmed Downtrend,Stage 4 - Confirmed Downtrend,Stage 4 • Stage 4 - Confirmed Downtrend,0.86,Price is below a bearish moving-average stack with falling trend signals.,,,,,-38.73,-25.06,314929508.03,2.86,0.63,1.11,False,False,"Stage 4, Stage 4 - Confirmed Downtrend, weekly_vcp_ok, weekly_strong, downtrend",watchlist,0.0,0.0,260.33,-50.14,[54.88],[43],0.0,43.0,701
RAJESHEXPO.NS,Rajesh Exports Limited,Consumer Durables,Unknown,Unknown,False,Cash,1,Stage 4,Stage 4,Stage 4 - Confirmed Downtrend,Stage 4 - Confirmed Downtrend,Stage 4 • Stage 4 - Confirmed Downtrend,0.86,Price is below a bearish moving-average stack with falling trend signals.,,,2025-12-30,,-27.26,-30.37,17697971.13,1.96,0.9,0.9,False,False,"Stage 4, Stage 4 - Confirmed Downtrend, weekly_vcp_ok, weekly_strong, downtrend",watchlist,0.0,0.0,86.6,-26.81,"[40.95, 19.99, 17.9]","[13, 7, 9]",0.95,38.0,702
RELAXO.NS,Relaxo Footwears Limited,Consumer Durables,Unknown,Unknown,False,Cash,1,Stage 4,Stage 4,Stage 4 - Weak/Declining,Stage 4 - Weak/Declining,Stage 4 • Stage 4 - Weak/Declining,0.72,Price is below long-term support with weak trend evidence.,,,2026-08-17,,-19.74,10.68,78528637.49,1.21,0.48,0.27,False,True,"Stage 4, Stage 4 - Weak/Declining, weekly_vcp_ok, weekly_volume_dryup, weekly_strong, downtrend",watchlist,0.0,0.0,348.73,-16.41,[14.62],[14],0.0,14.0,703
RITES.NS,RITES Limited,Construction,Unknown,Unknown,False,Cash,1,Stage 4,Stage 4,Stage 4 - Weak/Declining,Stage 4 - Weak/Declining,Stage 4 • Stage 4 - Weak/Declining,0.72,Price is below long-term support with weak trend evidence.,,,,,-4.1,2.99,66468128.76,0.8,1.25,0.72,True,True,"Stage 4, Stage 4 - Weak/Declining, weekly_vcp_ok, volume_dryup, weekly_volume_dryup, weekly_strong, downtrend",watchlist,0.0,0.0,220.43,-12.76,[14.04],[13],0.0,13.0,704
RVNL.NS,Rail Vikas Nigam Limited,Construction,Unknown,Unknown,True,F&O,1,Stage 4,Stage 4,Stage 4 - Confirmed Downtrend,Stage 4 - Confirmed Downtrend,Stage 4 • Stage 4 - Confirmed Downtrend,0.86,Price is below a bearish moving-average stack with falling trend signals.,,,,,-9.76,-23.65,948562433.85,1.05,1.71,0.83,False,True,"Stage 4, Stage 4 - Confirmed Downtrend, weekly_vcp_ok, weekly_volume_dryup, weekly_strong, downtrend",watchlist,0.0,0.0,231.78,-14.62,[17.32],[28],0.0,28.0,705
SBILIFE.NS,SBI Life Insurance Company Limited,Financial Services,Unknown,Unknown,True,F&O,1,Stage 4,Stage 4,Stage 4 - Confirmed Downtrend,Stage 4 - Confirmed Downtrend,Stage 4 • Stage 4 - Confirmed Downtrend,0.86,Price is below a bearish moving-average stack with falling trend signals.,,,2026-03-02,,3.03,-5.09,1778589775.79,1.32,1.67,1.74,False,False,"Stage 4, Stage 4 - Confirmed Downtrend, weekly_vcp_ok, weekly_strong, downtrend",watchlist,0.0,0.0,1804.85,-3.87,[13.69],[31],0.0,31.0,706
SHREECEM.NS,SHREE CEMENT LIMITED,Construction Materials,Unknown,Unknown,True,F&O,1,Stage 4,Stage 4,Stage 4 - Confirmed Downtrend,Stage 4 - Confirmed Downtrend,Stage 4 • Stage 4 - Confirmed Downtrend,0.86,Price is below a bearish moving-average stack with falling trend signals.,,,2026-08-10,,-11.93,-6.88,868541388.75,2.02,19.62,4.34,False,False,"Stage 4, Stage 4 - Confirmed Downtrend, weekly_vcp_ok, weekly_strong, downtrend",watchlist,0.0,0.0,27598.21,-20.65,[20.6],[41],0.0,41.0,707
SPANDANA.NS,Spandana Sphoorty Financial Limited,Financial Services,Unknown,Unknown,False,Cash,1,Stage 4,Stage 4,Stage 4 - Confirmed Downtrend,Stage 4 - Confirmed Downtrend,Stage 4 • Stage 4 - Confirmed Downtrend,0.86,Price is below a bearish moving-average stack with falling trend signals.,,,2026-07-29,,-18.86,12.46,20992013.81,0.51,0.93,0.56,True,True,"Stage 4, Stage 4 - Confirmed Downtrend, weekly_vcp_ok, volume_dryup, weekly_volume_dryup, weekly_strong, downtrend",watchlist,0.0,0.0,254.75,-11.02,[26.0],[32],0.0,32.0,708
STARCEMENT.NS,Star Cement Limited,Construction Materials,Unknown,Unknown,False,Cash,1,Stage 4,Stage 4,Stage 4 - Confirmed Downtrend,Stage 4 - Confirmed Downtrend,Stage 4 • Stage 4 - Confirmed Downtrend,0.86,Price is below a bearish moving-average stack with falling trend signals.,,,2025-11-03,,-9.03,-14.91,37740996.69,0.78,2.18,0.75,True,True,"Stage 4, Stage 4 - Confirmed Downtrend, weekly_vcp_ok, volume_dryup, weekly_volume_dryup, weekly_strong, downtrend",watchlist,0.0,0.0,196.72,-9.47,[15.4],[30],0.0,30.0,709
TATAPOWER.NS,Tata Power Company Limited,Power,Unknown,Unknown,True,F&O,1,Stage 4,Stage 4,Stage 4 - Weak/Declining,Stage 4 - Weak/Declining,Stage 4 • Stage 4 - Weak/Declining,0.72,Price is below long-term support with weak trend evidence.,,,2026-06-05,,1.72,-5.44,1460709542.33,0.86,2.4,0.96,False,False,"Stage 4, Stage 4 - Weak/Declining, weekly_vcp_ok, weekly_strong, downtrend",watchlist,0.0,0.0,377.65,-4.94,[11.12],[11],0.0,11.0,710
ZEEL.NS,Zee Entertainment Enterprises Limited,"Media, Entertainment & Publication",Unknown,Unknown,False,Cash,1,Stage 4,Stage 4,Stage 4 - Weak/Declining,Stage 4 - Weak/Declining,Stage 4 • Stage 4 - Weak/Declining,0.72,Price is below long-term support with weak trend evidence.,,,2026-08-21,,-21.73,3.41,1332301264.38,0.56,0.7,0.47,True,True,"Stage 4, Stage 4 - Weak/Declining, weekly_vcp_ok, volume_dryup, weekly_volume_dryup, weekly_strong, downtrend",watchlist,0.0,0.0,108.24,-31.5,[23.29],[7],0.0,7.0,711
CAMS.NS,Computer Age Management Services Limited,Financial Services,Unknown,Unknown,True,F&O,1,Stage 4,Stage 4,Stage 4 - Weak/Declining,Stage 4 - Weak/Declining,Stage 4 • Stage 4 - Weak/Declining,0.72,Price is below long-term support with weak trend evidence.,,,2026-08-31,,-9.84,0.97,761154483.49,0.88,1.79,0.99,False,False,"Stage 4, Stage 4 - Weak/Declining, weekly_vcp_ok, weekly_strong, downtrend",watchlist,0.0,0.0,787.78,-15.46,[13.4],[8],0.0,8.0,712
PFC.NS,Power Finance Corporation Limited,Financial Services,Unknown,Unknown,True,F&O,1,Stage 4,Stage 4,Stage 4 - Weak/Declining,Stage 4 - Weak/Declining,Stage 4 • Stage 4 - Weak/Declining,0.72,Price is below long-term support with weak trend evidence.,,,2026-07-01,,-16.3,-18.08,2943363270.33,1.1,1.55,1.27,False,False,"Stage 4, Stage 4 - Weak/Declining, weekly_vcp_ok, weekly_strong, downtrend",watchlist,0.0,0.0,365.83,-11.41,[20.81],[20],0.0,20.0,713
ITC.NS,ITC Limited,Fast Moving Consumer Goods,Unknown,Unknown,True,F&O,1,Stage 4,Stage 4,Stage 4 - Confirmed Downtrend,Stage 4 - Confirmed Downtrend,Stage 4 • Stage 4 - Confirmed Downtrend,0.86,Price is below a bearish moving-average stack with falling trend signals.,,,,,-2.53,-7.19,2834627041.36,0.78,1.16,0.71,True,True,"Stage 4, Stage 4 - Confirmed Downtrend, weekly_vcp_ok, volume_dryup, weekly_volume_dryup, weekly_strong, downtrend",watchlist,0.0,0.0,273.95,-3.23,[12.66],[20],0.0,20.0,714
UNITDSPR.NS,United Spirits Ltd.,Fast Moving Consumer Goods,Unknown,Unknown,True,F&O,1,Stage 2 Failed,Stage 1,Failed Stage 2,Failed Stage 2,Stage 2 Failed • Failed Stage 2,0.72,"This stock was recently Stage 2, but the latest structure no longer satisfies Stage 2 rules. It is kept as Stage 2 Failed until a fresh base/repair structure forms.",Recent Stage 2 break; public stage held as Stage 2 Failed.,2026-09-29,2026-09-28,,4.62,11.55,1222475744.72,1.55,16.66,3.07,False,False,"Stage 1, Stage 1 - Unclear/Repair, weekly_vcp_ok, stage1_not_actionable, stage1_needs_more_base | Stage 2 failed state applied from stage memory.",watchlist,0.0,0.0,1563.4,-12.82,[12.49],[18],0.0,18.0,715
HATHWAY.NS,Hathway Cable & Datacom Limited,"Media, Entertainment & Publication",Unknown,Unknown,False,Cash,1,Stage 4,Stage 4,Stage 4 - Confirmed Downtrend,Stage 4 - Confirmed Downtrend,Stage 4 • Stage 4 - Confirmed Downtrend,0.86,Price is below a bearish moving-average stack with falling trend signals.,,,,,-9.98,-5.31,15087328.83,1.34,1.83,2.05,False,False,"Stage 4, Stage 4 - Confirmed Downtrend, weekly_vcp_ok, downtrend",watchlist,0.0,0.0,12.91,-26.51,"[16.71, 18.15, 11.08, 11.71]","[21, 6, 8, 16]",0.47,107.0,716
REDTAPE.NS,Redtape Limited,Consumer Durables,Unknown,Unknown,False,Cash,1,Stage 4,Stage 4,Stage 4 - Weak/Declining,Stage 4 - Weak/Declining,Stage 4 • Stage 4 - Weak/Declining,0.72,Price is below long-term support with weak trend evidence.,,,2026-08-07,,-8.27,4.73,265923075.71,0.69,0.79,0.67,True,True,"Stage 4, Stage 4 - Weak/Declining, weekly_vcp_ok, volume_dryup, weekly_volume_dryup, downtrend",watchlist,0.0,0.0,132.98,-11.66,[23.83],[24],0.0,24.0,717
DCMSHRIRAM.NS,DCM Shriram Limited,Diversified,Unknown,Unknown,False,Cash,1,Stage 4,Stage 4,Stage 4 - Confirmed Downtrend,Stage 4 - Confirmed Downtrend,Stage 4 • Stage 4 - Confirmed Downtrend,0.86,Price is below a bearish moving-average stack with falling trend signals.,,,2026-01-05,,-5.14,-19.2,64352728.96,0.55,5.16,0.83,True,True,"Stage 4, Stage 4 - Confirmed Downtrend, volume_dryup, weekly_volume_dryup, downtrend",watchlist,0.0,0.0,1121.46,-19.05,[18.08],[11],0.0,11.0,718
VAIBHAVGBL.NS,Vaibhav Global Limited,Consumer Durables,Unknown,Unknown,False,Cash,1,Stage 4,Stage 4,Stage 4 - Weak/Declining,Stage 4 - Weak/Declining,Stage 4 • Stage 4 - Weak/Declining,0.72,Price is below long-term support with weak trend evidence.,,,2026-08-13,,-7.63,11.31,44517825.85,0.57,1.2,0.6,True,True,"Stage 4, Stage 4 - Weak/Declining, volume_dryup, weekly_volume_dryup, downtrend",watchlist,0.0,0.0,226.48,-10.41,[11.21],[8],0.0,8.0,719
IFBIND.NS,IFB Industries Limited,Consumer Durables,Unknown,Unknown,False,Cash,1,Stage 4,Stage 4,Stage 4 - Weak/Declining,Stage 4 - Weak/Declining,Stage 4 • Stage 4 - Weak/Declining,0.72,Price is below long-term support with weak trend evidence.,,,2025-12-12,,-0.34,24.86,38348058.39,0.61,1.31,0.75,True,True,"Stage 4, Stage 4 - Weak/Declining, volume_dryup, weekly_volume_dryup, downtrend",watchlist,0.0,0.0,1339.94,-10.37,[13.63],[8],0.0,8.0,720
IEX.NS,Indian Energy Exchange Limited,Financial Services,Unknown,Unknown,True,F&O,1,Stage 4,Stage 4,Stage 4 - Confirmed Downtrend,Stage 4 - Confirmed Downtrend,Stage 4 • Stage 4 - Confirmed Downtrend,0.86,Price is below a bearish moving-average stack with falling trend signals.,,,,,-8.12,-13.88,415487570.79,0.71,2.38,0.75,True,True,"Stage 4, Stage 4 - Confirmed Downtrend, volume_dryup, weekly_volume_dryup, downtrend",watchlist,0.0,0.0,135.0,-21.19,[14.22],[61],0.0,61.0,721
JKCEMENT.NS,J.K. Cement Ltd.,Construction Materials,Unknown,Unknown,False,Cash,1,Stage 4,Stage 4,Stage 4 - Confirmed Downtrend,Stage 4 - Confirmed Downtrend,Stage 4 • Stage 4 - Confirmed Downtrend,0.86,Price is below a bearish moving-average stack with falling trend signals.,,,,,-5.85,-9.14,207016725.65,1.06,0.84,0.74,False,True,"Stage 4, Stage 4 - Confirmed Downtrend, weekly_volume_dryup, downtrend",watchlist,0.0,0.0,5790.0,-16.68,"[16.89, 18.09]","[15, 53]",0.1,83.0,722
CCL.NS,CCL Products (India) Limited,Fast Moving Consumer Goods,Unknown,Unknown,False,Cash,1,Stage 1,Stage 1,Stage 1 - Unclear/Repair,Stage 1 - Unclear/Repair,Stage 1 • Stage 1 - Unclear/Repair,0.58,Not enough evidence for Stage 2 or Stage 4; classified as repair/unclear structure.,,,2026-09-03,,-7.94,-9.21,146659473.55,0.93,0.84,1.08,False,False,"Stage 1, Stage 1 - Unclear/Repair, stage1_not_actionable, stage1_needs_more_base",watchlist,0.0,0.0,1240.92,-18.91,[13.71],[58],0.0,58.0,723
ISGEC.NS,Isgec Heavy Engineering Limited,Construction,Unknown,Unknown,False,Cash,1,Stage 1,Stage 1,Stage 1 - Unclear/Repair,Stage 1 - Unclear/Repair,Stage 1 • Stage 1 - Unclear/Repair,0.58,Not enough evidence for Stage 2 or Stage 4; classified as repair/unclear structure.,,,,,2.39,-2.52,74216663.93,1.74,0.6,1.55,False,False,"Stage 1, Stage 1 - Unclear/Repair, stage1_not_actionable, stage1_needs_more_base",watchlist,0.0,0.0,825.11,6.66,[26.87],[40],0.0,40.0,724
NIACL.NS,The New India Assurance Company Limited,Financial Services,Unknown,Unknown,False,Cash,1,Stage 2 Failed,Stage 1,Failed Stage 2,Failed Stage 2,Stage 2 Failed • Failed Stage 2,0.72,"This stock was recently Stage 2, but the latest structure no longer satisfies Stage 2 rules. It is kept as Stage 2 Failed until a fresh base/repair structure forms.",Recent Stage 2 break; public stage held as Stage 2 Failed.,2026-09-29,2026-09-25,,-2.65,37.37,2703815238.61,0.94,0.43,0.42,False,True,"Stage 1, Stage 1 - Base/Repair, weekly_volume_dryup, stage1_not_actionable, stage1_needs_more_base | Stage 2 failed state applied from stage memory.",watchlist,0.0,0.0,243.02,-30.75,[25.19],[27],0.0,27.0,725
JYOTHYLAB.NS,Jyothy Labs Limited,Fast Moving Consumer Goods,Unknown,Unknown,False,Cash,1,Stage 4,Stage 4,Stage 4 - Weak/Declining,Stage 4 - Weak/Declining,Stage 4 • Stage 4 - Weak/Declining,0.72,Price is below long-term support with weak trend evidence.,,,,,1.94,-10.19,187013788.86,0.38,0.5,0.34,True,True,"Stage 4, Stage 4 - Weak/Declining, volume_dryup, weekly_volume_dryup, downtrend",watchlist,0.0,0.0,215.88,-14.65,[8.96],[10],0.0,10.0,726
TORNTPOWER.NS,Torrent Power Limited,Power,Unknown,Unknown,False,Cash,1,Stage 4,Stage 4,Stage 4 - Weak/Declining,Stage 4 - Weak/Declining,Stage 4 • Stage 4 - Weak/Declining,0.72,Price is below long-term support with weak trend evidence.,,,2026-06-24,,-4.67,-10.76,524911835.08,0.55,0.6,0.37,True,True,"Stage 4, Stage 4 - Weak/Declining, volume_dryup, weekly_volume_dryup, downtrend",watchlist,0.0,0.0,1329.47,-8.22,[18.66],[35],0.0,35.0,727
VSTIND.NS,VST Industries Limited,Fast Moving Consumer Goods,Unknown,Unknown,False,Cash,1,Stage 4,Stage 4,Stage 4 - Confirmed Downtrend,Stage 4 - Confirmed Downtrend,Stage 4 • Stage 4 - Confirmed Downtrend,0.86,Price is below a bearish moving-average stack with falling trend signals.,,,2026-07-10,,-14.76,0.08,21673243.8,0.7,0.84,0.63,True,True,"Stage 4, Stage 4 - Confirmed Downtrend, volume_dryup, weekly_volume_dryup, downtrend",watchlist,0.0,0.0,236.31,-14.11,[22.58],[52],0.0,52.0,728
ANGELONE.NS,Angel One Limited,Financial Services,Unknown,Unknown,True,F&O,1,Stage 2 Failed,Stage 4,Failed Stage 2,Failed Stage 2,Stage 2 Failed • Failed Stage 2,0.72,"This stock was recently Stage 2, but the latest structure no longer satisfies Stage 2 rules. It is kept as Stage 2 Failed until a fresh base/repair structure forms.",Recent Stage 2 break; public stage held as Stage 2 Failed.,2026-09-29,2026-09-23,,-16.08,11.95,1499068783.82,0.59,0.8,0.66,True,True,"Stage 4, Stage 4 - Weak/Declining, volume_dryup, weekly_volume_dryup, downtrend | Stage 2 failed state applied from stage memory.",watchlist,0.0,0.0,310.0,-11.77,[22.29],[34],0.0,34.0,729
NUVAMA.NS,Nuvama Wealth Management Ltd.,Financial Services,Unknown,Unknown,True,F&O,1,Stage 2 Failed,Stage 1,Failed Stage 2,Failed Stage 2,Stage 2 Failed • Failed Stage 2,0.72,"This stock was recently Stage 2, but the latest structure no longer satisfies Stage 2 rules. It is kept as Stage 2 Failed until a fresh base/repair structure forms.",Recent Stage 2 break; public stage held as Stage 2 Failed.,2026-09-29,2026-09-16,,-6.43,42.47,553884490.69,0.73,1.02,0.93,True,False,"Stage 1, Stage 1 - Base/Repair, volume_dryup, stage1_not_actionable, stage1_needs_more_base | Stage 2 failed state applied from stage memory.",watchlist,0.0,0.0,1907.23,-13.38,[20.82],[21],0.0,21.0,730
IDBI.NS,IDBI Bank Limited,Financial Services,Unknown,Unknown,False,Cash,1,Stage 4,Stage 4,Stage 4 - Weak/Declining,Stage 4 - Weak/Declining,Stage 4 • Stage 4 - Weak/Declining,0.72,Price is below long-term support with weak trend evidence.,,,2026-03-10,,5.42,19.38,1298335098.98,0.91,0.45,0.9,False,True,"Stage 4, Stage 4 - Weak/Declining, weekly_volume_dryup, downtrend",watchlist,0.0,0.0,96.42,-13.58,[17.87],[9],0.0,9.0,731
CROMPTON.NS,Crompton Greaves Consumer Electricals Limited,Consumer Durables,Unknown,Unknown,True,F&O,1,Stage 4,Stage 4,Stage 4 - Weak/Declining,Stage 4 - Weak/Declining,Stage 4 • Stage 4 - Weak/Declining,0.72,Price is below long-term support with weak trend evidence.,,,2026-08-06,,-14.97,-8.59,542355760.77,0.7,1.75,0.79,True,True,"Stage 4, Stage 4 - Weak/Declining, volume_dryup, weekly_volume_dryup, downtrend",watchlist,0.0,0.0,259.0,-18.39,[12.72],[8],0.0,8.0,732
AFCONS.NS,Afcons Infrastructure Ltd.,Construction,Unknown,Unknown,False,Cash,1,Stage 4,Stage 4,Stage 4 - Confirmed Downtrend,Stage 4 - Confirmed Downtrend,Stage 4 • Stage 4 - Confirmed Downtrend,0.86,Price is below a bearish moving-average stack with falling trend signals.,,,,,-14.9,-13.12,764662403.52,1.23,0.25,0.39,False,True,"Stage 4, Stage 4 - Confirmed Downtrend, weekly_volume_dryup, downtrend",watchlist,0.0,0.0,305.08,-19.66,[24.7],[44],0.0,44.0,733
HDFCBANK.NS,HDFC Bank Limited,Financial Services,Unknown,Unknown,True,F&O,1,Stage 4,Stage 4,Stage 4 - Confirmed Downtrend,Stage 4 - Confirmed Downtrend,Stage 4 • Stage 4 - Confirmed Downtrend,0.86,Price is below a bearish moving-average stack with falling trend signals.,,,2026-01-02,,-3.74,-4.26,19921662254.35,1.05,1.53,0.95,False,False,"Stage 4, Stage 4 - Confirmed Downtrend, downtrend",watchlist,0.0,0.0,844.48,-14.42,"[6.81, 7.4, 7.82]","[5, 10, 9]",0.15,91.0,734
3MINDIA.NS,3M India Limited,Diversified,Unknown,Unknown,False,Cash,1,Stage 4,Stage 4,Stage 4 - Weak/Declining,Stage 4 - Weak/Declining,Stage 4 • Stage 4 - Weak/Declining,0.72,Price is below long-term support with weak trend evidence.,,,2026-08-28,,1.3,10.51,170470909.0,1.98,8.11,2.09,False,False,"Stage 4, Stage 4 - Weak/Declining, downtrend",watchlist,0.0,0.0,35095.0,-9.13,[15.55],[21],0.0,21.0,735
AAVAS.NS,Aavas Financiers Ltd.,Financial Services,Unknown,Unknown,False,Cash,1,Stage 4,Stage 4,Stage 4 - Confirmed Downtrend,Stage 4 - Confirmed Downtrend,Stage 4 • Stage 4 - Confirmed Downtrend,0.86,Price is below a bearish moving-average stack with falling trend signals.,,,,,-11.07,9.07,116112741.58,0.8,0.55,0.7,True,True,"Stage 4, Stage 4 - Confirmed Downtrend, volume_dryup, weekly_volume_dryup, downtrend",watchlist,0.0,0.0,1544.9,-19.19,[15.93],[94],0.0,94.0,736
ADANIENSOL.NS,Adani Energy Solutions Limited,Power,Unknown,Unknown,True,F&O,1,Stage 3,Stage 3,Stage 3 - Distribution/Damage,Stage 3 - Distribution/Damage,Stage 3 • Stage 3 - Distribution/Damage,0.76,"Prior strength exists, but short-term and/or weekly structure is deteriorating.",,,2026-09-07,,-10.73,32.17,2179332228.21,0.57,0.8,0.57,True,True,"Stage 3, Stage 3 - Distribution/Damage, volume_dryup, weekly_volume_dryup, distribution_risk",watchlist,0.0,0.0,1639.86,-20.37,[17.65],[5],0.0,5.0,737
BBTC.NS,Bombay Burmah Trading Corporation Limited,Fast Moving Consumer Goods,Unknown,Unknown,False,Cash,1,Stage 4,Stage 4,Stage 4 - Confirmed Downtrend,Stage 4 - Confirmed Downtrend,Stage 4 • Stage 4 - Confirmed Downtrend,0.86,Price is below a bearish moving-average stack with falling trend signals.,,,2025-11-20,,-6.81,-3.5,275014321.83,0.78,0.38,0.2,True,True,"Stage 4, Stage 4 - Confirmed Downtrend, volume_dryup, weekly_volume_dryup, downtrend",watchlist,0.0,0.0,1641.87,-17.47,[15.01],[13],0.0,13.0,738
BERGEPAINT.NS,Berger Paints (I) Limited,Consumer Durables,Unknown,Unknown,False,Cash,1,Stage 4,Stage 4,Stage 4 - Weak/Declining,Stage 4 - Weak/Declining,Stage 4 • Stage 4 - Weak/Declining,0.72,Price is below long-term support with weak trend evidence.,,,2026-08-28,,-7.03,5.23,176986809.26,1.3,1.84,1.07,False,False,"Stage 4, Stage 4 - Weak/Declining, downtrend",watchlist,0.0,0.0,463.81,-3.37,[13.46],[16],0.0,16.0,739
BSE.NS,BSE Ltd.,Financial Services,Unknown,Unknown,True,F&O,1,Stage 4,Stage 4,Stage 4 - Weak/Declining,Stage 4 - Weak/Declining,Stage 4 • Stage 4 - Weak/Declining,0.72,Price is below long-term support with weak trend evidence.,,,2026-07-24,,-9.9,8.04,17333979300.12,1.44,7.07,2.41,False,False,"Stage 4, Stage 4 - Weak/Declining, downtrend",watchlist,0.0,0.0,3874.27,-17.4,[25.6],[55],0.0,55.0,740
CERA.NS,Cera Sanitaryware Limited,Consumer Durables,Unknown,Unknown,False,Cash,1,Stage 4,Stage 4,Stage 4,Stage 4,Stage 4,0.66,Declining structure detected.,,,2026-08-28,,-13.72,8.7,40614634.2,1.09,0.92,1.41,False,False,"Stage 4, Stage 4, downtrend",watchlist,0.0,0.0,6493.5,-21.08,"[13.56, 9.54]","[19, 14]",0.9,53.0,741
COLPAL.NS,Colgate Palmolive (India) Limited,Fast Moving Consumer Goods,Unknown,Unknown,True,F&O,1,Stage 4,Stage 4,Stage 4 - Confirmed Downtrend,Stage 4 - Confirmed Downtrend,Stage 4 • Stage 4 - Confirmed Downtrend,0.86,Price is below a bearish moving-average stack with falling trend signals.,,,,,-6.76,-0.83,774164264.66,1.25,0.6,0.82,False,True,"Stage 4, Stage 4 - Confirmed Downtrend, weekly_volume_dryup, downtrend",watchlist,0.0,0.0,1917.8,-6.92,[19.49],[32],0.0,32.0,742
GILLETTE.NS,Gillette India Limited,Fast Moving Consumer Goods,Unknown,Unknown,False,Cash,1,Stage 4,Stage 4,Stage 4 - Confirmed Downtrend,Stage 4 - Confirmed Downtrend,Stage 4 • Stage 4 - Confirmed Downtrend,0.86,Price is below a bearish moving-average stack with falling trend signals.,,,,,-1.73,-5.91,144769477.07,1.48,1.63,1.16,False,False,"Stage 4, Stage 4 - Confirmed Downtrend, downtrend",watchlist,0.0,0.0,7577.24,-8.1,[8.34],[35],0.0,35.0,743
GODREJIND.NS,Godrej Industries Limited,Diversified,Unknown,Unknown,False,Cash,1,Stage 2 Failed,Stage 4,Failed Stage 2,Failed Stage 2,Stage 2 Failed • Failed Stage 2,0.72,"This stock was recently Stage 2, but the latest structure no longer satisfies Stage 2 rules. It is kept as Stage 2 Failed until a fresh base/repair structure forms.",Recent Stage 2 break; public stage held as Stage 2 Failed.,2026-09-29,2026-09-16,,-6.7,25.75,95559594.78,1.09,0.36,0.89,False,True,"Stage 4, Stage 4, weekly_volume_dryup, downtrend | Stage 2 failed state applied from stage memory.",watchlist,0.0,0.0,1252.19,-15.69,[22.03],[34],0.0,34.0,744
ICICIGI.NS,ICICI Lombard General Insurance Company Limited,Financial Services,Unknown,Unknown,True,F&O,1,Stage 4,Stage 4,Stage 4 - Confirmed Downtrend,Stage 4 - Confirmed Downtrend,Stage 4 • Stage 4 - Confirmed Downtrend,0.86,Price is below a bearish moving-average stack with falling trend signals.,,,2026-01-07,,-8.5,-10.77,1167640397.38,1.07,0.82,1.21,False,False,"Stage 4, Stage 4 - Confirmed Downtrend, downtrend",watchlist,0.0,0.0,1652.89,-8.34,[19.64],[29],0.0,29.0,745
J&KBANK.NS,The Jammu & Kashmir Bank Limited,Financial Services,Unknown,Unknown,False,Cash,1,Stage 3,Stage 3,Stage 3 - Distribution/Damage,Stage 3 - Distribution/Damage,Stage 3 • Stage 3 - Distribution/Damage,0.76,"Prior strength exists, but short-term and/or weekly structure is deteriorating.",,,2026-08-28,,-10.11,20.07,264057169.45,0.58,1.3,0.4,True,True,"Stage 3, Stage 3 - Distribution/Damage, volume_dryup, weekly_volume_dryup, distribution_risk",watchlist,0.0,0.0,182.61,-24.14,[29.22],[45],0.0,45.0,746
KFINTECH.NS,Kfin Technologies Limited,Financial Services,Unknown,Unknown,True,F&O,1,Stage 4,Stage 4,Stage 4 - Weak/Declining,Stage 4 - Weak/Declining,Stage 4 • Stage 4 - Weak/Declining,0.72,Price is below long-term support with weak trend evidence.,,,,,2.57,-7.18,490875613.92,0.56,1.88,0.64,True,True,"Stage 4, Stage 4 - Weak/Declining, volume_dryup, weekly_volume_dryup, downtrend",watchlist,0.0,0.0,931.63,-10.03,[12.08],[18],0.0,18.0,747
KNRCON.NS,KNR Constructions Limited,Construction,Unknown,Unknown,False,Cash,1,Stage 4,Stage 4,Stage 4 - Confirmed Downtrend,Stage 4 - Confirmed Downtrend,Stage 4 • Stage 4 - Confirmed Downtrend,0.86,Price is below a bearish moving-average stack with falling trend signals.,,,,,-2.97,4.59,190907082.24,1.06,0.54,0.57,False,True,"Stage 4, Stage 4 - Confirmed Downtrend, weekly_volume_dryup, downtrend",watchlist,0.0,0.0,134.41,-11.22,[20.85],[17],0.0,17.0,748
LT.NS,Larsen & Toubro Limited,Construction,Unknown,Unknown,True,F&O,1,Not Sure,Stage 4,Pending Stage 4,Pending Stage 4,Not Sure • Pending Stage 4,0.55,Stage 2 Failed -> Stage 4 needs 3 confirmation runs; current count 1.,Stage 2 Failed -> Stage 4 needs 3 confirmation runs; current count 1.,,2026-09-07,Stage 4,-0.85,2.01,5504528921.65,1.02,1.94,1.07,False,False,"Stage 4, Stage 4 - Weak/Declining, downtrend | Stage 2 Failed -> Stage 4 needs 3 confirmation runs; current count 1.",watchlist,0.0,0.0,4132.52,-9.28,[12.93],[21],0.0,21.0,749
NAM-INDIA.NS,Nippon Life India Asset Management Limited,Financial Services,Unknown,Unknown,True,F&O,1,Stage 2 Failed,Stage 3,Failed Stage 2,Failed Stage 2,Stage 2 Failed • Failed Stage 2,0.72,"This stock was recently Stage 2, but the latest structure no longer satisfies Stage 2 rules. It is kept as Stage 2 Failed until a fresh base/repair structure forms.",Recent Stage 2 break; public stage held as Stage 2 Failed.,2026-09-29,2026-09-18,,-6.29,29.04,1173945291.82,0.81,0.77,0.74,True,True,"Stage 3, Stage 3 - Distribution/Damage, volume_dryup, weekly_volume_dryup, distribution_risk | Stage 2 failed state applied from stage memory.",watchlist,0.0,0.0,1271.72,-16.02,[9.67],[7],0.0,7.0,750
NAVNETEDUL.NS,Navneet Education Limited,"Media, Entertainment & Publication",Unknown,Unknown,False,Cash,1,Stage 4,Stage 4,Stage 4 - Confirmed Downtrend,Stage 4 - Confirmed Downtrend,Stage 4 • Stage 4 - Confirmed Downtrend,0.86,Price is below a bearish moving-average stack with falling trend signals.,,,2026-07-21,,-12.02,-4.85,12994055.06,0.61,0.83,0.57,True,True,"Stage 4, Stage 4 - Confirmed Downtrend, volume_dryup, weekly_volume_dryup, downtrend",watchlist,0.0,0.0,138.75,-12.49,[14.91],[37],0.0,37.0,751
PATELENG.NS,Patel Engineering Limited,Construction,Unknown,Unknown,False,Cash,1,Stage 4,Stage 4,Stage 4 - Confirmed Downtrend,Stage 4 - Confirmed Downtrend,Stage 4 • Stage 4 - Confirmed Downtrend,0.86,Price is below a bearish moving-average stack with falling trend signals.,,,2026-07-13,,-16.19,6.3,65048219.23,0.97,0.64,0.79,False,True,"Stage 4, Stage 4 - Confirmed Downtrend, weekly_volume_dryup, downtrend",watchlist,0.0,0.0,29.6,-10.65,[14.11],[14],0.0,14.0,752
PRSMJOHNSN.NS,Prism Johnson Limited,Construction Materials,Unknown,Unknown,False,Cash,1,Stage 4,Stage 4,Stage 4 - Weak/Declining,Stage 4 - Weak/Declining,Stage 4 • Stage 4 - Weak/Declining,0.72,Price is below long-term support with weak trend evidence.,,,,,0.24,-11.2,41236857.11,0.17,0.6,0.17,True,True,"Stage 4, Stage 4 - Weak/Declining, volume_dryup, weekly_volume_dryup, downtrend",watchlist,0.0,0.0,118.48,-7.77,[21.82],[35],0.0,35.0,753
SENCO.NS,Senco Gold Limited,Consumer Durables,Unknown,Unknown,False,Cash,1,Stage 2 Failed,Stage 4,Failed Stage 2,Failed Stage 2,Stage 2 Failed • Failed Stage 2,0.72,"This stock was recently Stage 2, but the latest structure no longer satisfies Stage 2 rules. It is kept as Stage 2 Failed until a fresh base/repair structure forms.",Recent Stage 2 break; public stage held as Stage 2 Failed.,2026-09-29,2026-09-23,,7.02,2.25,263516884.52,0.52,1.65,0.79,True,True,"Stage 4, Stage 4, volume_dryup, weekly_volume_dryup, downtrend | Stage 2 failed state applied from stage memory.",watchlist,0.0,0.0,378.41,-13.24,[23.48],[17],0.0,17.0,754
STARHEALTH.NS,Star Health and Allied Insurance Company Limited,Financial Services,Unknown,Unknown,False,Cash,1,Stage 2 Failed,Stage 3,Failed Stage 2,Failed Stage 2,Stage 2 Failed • Failed Stage 2,0.72,"This stock was recently Stage 2, but the latest structure no longer satisfies Stage 2 rules. It is kept as Stage 2 Failed until a fresh base/repair structure forms.",Recent Stage 2 break; public stage held as Stage 2 Failed.,2026-09-29,2026-09-15,,-1.24,17.8,563164001.29,2.48,0.84,3.79,False,False,"Stage 3, Stage 3 - Distribution/Damage, distribution_risk | Stage 2 failed state applied from stage memory.",watchlist,0.0,0.0,588.0,-8.49,[11.45],[7],0.0,7.0,755
TTKPRESTIG.NS,TTK Prestige Limited,Consumer Durables,Unknown,Unknown,False,Cash,1,Stage 4,Stage 4,Stage 4 - Weak/Declining,Stage 4 - Weak/Declining,Stage 4 • Stage 4 - Weak/Declining,0.72,Price is below long-term support with weak trend evidence.,,,2026-08-18,,-7.54,18.75,42122322.47,0.28,8.49,0.36,True,True,"Stage 4, Stage 4 - Weak/Declining, volume_dryup, weekly_volume_dryup, downtrend",watchlist,0.0,0.0,615.78,-13.32,[21.14],[16],0.0,16.0,756
UCOBANK.NS,UCO Bank,Financial Services,Unknown,Unknown,False,Cash,1,Stage 4,Stage 4,Stage 4 - Confirmed Downtrend,Stage 4 - Confirmed Downtrend,Stage 4 • Stage 4 - Confirmed Downtrend,0.86,Price is below a bearish moving-average stack with falling trend signals.,,,,,-8.47,-3.31,90952941.27,0.79,1.12,0.78,True,True,"Stage 4, Stage 4 - Confirmed Downtrend, volume_dryup, weekly_volume_dryup, downtrend",watchlist,0.0,0.0,26.49,-12.97,[15.85],[27],0.0,27.0,757
