ticker,Company Name,Industry,sector,industry_group,is_fo_stock,fo_category,Include,stage,stage_raw,stage_variant,stage_classification,stage_display,stage_confidence,stage_reason,stage_state_reason,stage_failed_since,last_stage2_date,stage_pending_raw,rs_3m_pct,rs_6m_pct,avg_turnover_inr,volume_dryup_ratio,breakout_volume_ratio,weekly_volume_ratio,volume_is_drying_up,weekly_volume_is_drying_up,notes,weekly_setup_bucket,weekly_score,final_weekly_score,weekly_pivot,weekly_breakout_distance_pct,weekly_contraction_depths_pct,weekly_contraction_durations,weekly_contraction_score,weekly_base_duration_weeks,weekly_vcp_quality,current_rank
AARTIPHARM.NS,Aarti Pharmalabs Limited,Healthcare,Unknown,Unknown,False,Cash,1,Stage 2,Stage 2,Early Stage 2,Early Stage 2,Stage 2 • Early Stage 2,0.72,"Price has moved above long-term structure, but the full moving-average stack is not clean yet.",,,2026-09-29,,42.34,45.86,733493035.65,1.37,1.4,0.85,False,True,"Stage 2, Early Stage 2, weekly_vcp_ok, weekly_volume_dryup, weekly_strong",weekly_breakout,74.9,79.9,931.97,2.34,"[28.32, 25.78, 12.48]","[11, 5, 5]",0.95,28.0,strong,1
DIVISLAB.NS,Divi's Laboratories Limited,Healthcare,Unknown,Unknown,True,F&O,1,Stage 2,Stage 2,Clean Stage 2,Clean Stage 2,Stage 2 • Clean Stage 2,0.9,"Price is above rising key averages, weekly structure is supportive, and the stock is near its 52-week high.",,,2026-09-29,,42.85,58.98,4493773952.7,0.99,1.16,1.07,False,False,"Stage 2, Clean Stage 2, trend_template_ok, weekly_vcp_ok, weekly_strong",weekly_near_pivot,73.8,78.8,9740.0,-4.6,"[16.86, 7.43]","[7, 3]",0.9,16.0,strong,2
AKUMS.NS,Akums Drugs and Pharmaceuticals Ltd.,Healthcare,Unknown,Unknown,False,Cash,1,Stage 2,Stage 2,Clean Stage 2,Clean Stage 2,Stage 2 • Clean Stage 2,0.9,"Price is above rising key averages, weekly structure is supportive, and the stock is near its 52-week high.",,,2026-09-29,,37.85,65.4,223183987.01,0.87,0.59,0.52,False,True,"Stage 2, Clean Stage 2, trend_template_ok, weekly_vcp_ok, weekly_volume_dryup, weekly_strong",weekly_breakout,73.0,78.0,797.94,2.58,"[14.59, 14.82]","[3, 4]",0.9,11.0,strong,3
WOCKPHARMA.NS,Wockhardt Limited,Healthcare,Unknown,Unknown,False,Cash,1,Stage 2,Stage 2,Clean Stage 2,Clean Stage 2,Stage 2 • Clean Stage 2,0.9,"Price is above rising key averages, weekly structure is supportive, and the stock is near its 52-week high.",,,2026-09-29,,17.28,61.8,3012688090.87,1.28,0.73,0.92,False,False,"Stage 2, Clean Stage 2, trend_template_ok, weekly_vcp_ok, weekly_strong",weekly_near_pivot,72.91,77.91,2276.88,-7.05,"[26.0, 12.25]","[6, 2]",0.9,11.0,strong,4
SONACOMS.NS,Sona BLW Precision Forgings Limited,Automobile and Auto Components,Unknown,Unknown,True,F&O,1,Stage 2,Stage 2,Clean Stage 2,Clean Stage 2,Stage 2 • Clean Stage 2,0.9,"Price is above rising key averages, weekly structure is supportive, and the stock is near its 52-week high.",,,2026-09-29,,31.14,60.29,1701614455.29,1.26,1.37,1.37,False,False,"Stage 2, Clean Stage 2, trend_template_ok, weekly_vcp_ok, weekly_strong",weekly_near_pivot,73.8,76.3,845.48,-1.83,"[15.92, 13.66]","[8, 6]",0.9,16.0,strong,5
VARROC.NS,Varroc Engineering Limited,Automobile and Auto Components,Unknown,Unknown,False,Cash,1,Stage 2,Stage 2,Clean Stage 2,Clean Stage 2,Stage 2 • Clean Stage 2,0.9,"Price is above rising key averages, weekly structure is supportive, and the stock is near its 52-week high.",,,2026-09-29,,37.64,79.08,282292242.41,0.42,0.79,0.33,True,True,"Stage 2, Clean Stage 2, trend_template_ok, weekly_vcp_ok, volume_dryup, weekly_volume_dryup, weekly_strong",weekly_near_pivot,73.8,76.3,897.57,-3.86,"[25.64, 26.67]","[7, 8]",0.9,17.0,strong,6
JTLIND.NS,JTL INDUSTRIES LIMITED,Capital Goods,Unknown,Unknown,False,Cash,1,Stage 2,Stage 2,Clean Stage 2,Clean Stage 2,Stage 2 • Clean Stage 2,0.9,"Price is above rising key averages, weekly structure is supportive, and the stock is near its 52-week high.",,,2026-09-29,,13.19,80.01,250563632.03,0.85,0.45,0.85,False,True,"Stage 2, Clean Stage 2, trend_template_ok, weekly_vcp_ok, weekly_volume_dryup, weekly_strong",weekly_near_pivot,73.8,76.3,94.03,-6.12,"[50.0, 16.55]","[10, 10]",0.9,26.0,strong,7
WELCORP.NS,Welspun Corp Limited,Capital Goods,Unknown,Unknown,False,Cash,1,Stage 2,Stage 2,Extended Stage 2,Extended Stage 2,Stage 2 • Extended Stage 2,0.78,"Advancing structure remains intact, but price is stretched versus key moving averages or far above the 52-week low.",,,2026-09-29,,82.82,208.78,5660298762.87,1.05,0.58,0.99,False,False,"Stage 2, Extended Stage 2, trend_template_ok, weekly_vcp_ok, weekly_strong",weekly_near_pivot,73.8,76.3,2842.47,-4.41,"[14.45, 10.18]","[5, 6]",0.9,12.0,strong,8
AARTIDRUGS.NS,Aarti Drugs Limited,Healthcare,Unknown,Unknown,False,Cash,1,Stage 2,Stage 2,Stage 2,Stage 2,Stage 2,0.76,Advancing structure detected.,,,2026-09-29,,20.28,19.44,86127762.99,1.25,0.82,1.92,False,False,"Stage 2, Stage 2, trend_template_ok, weekly_vcp_ok, weekly_strong",weekly_near_pivot,70.87,75.87,454.44,-5.18,"[29.49, 24.05, 7.06]","[5, 8, 5]",0.95,40.0,strong,9
JKPAPER.NS,JK Paper Limited,Forest Materials,Unknown,Unknown,False,Cash,1,Stage 2,Stage 2,Early Stage 2,Early Stage 2,Stage 2 • Early Stage 2,0.72,"Price has moved above long-term structure, but the full moving-average stack is not clean yet.",,,2026-09-29,,20.19,17.62,248236093.56,0.67,0.56,0.29,True,True,"Stage 2, Early Stage 2, weekly_vcp_ok, volume_dryup, weekly_volume_dryup, weekly_strong",weekly_near_pivot,70.68,75.68,423.31,-6.99,"[20.4, 15.47, 12.18]","[7, 5, 3]",0.95,27.0,strong,10
TEXRAIL.NS,Texmaco Rail & Engineering Limited,Capital Goods,Unknown,Unknown,False,Cash,1,Stage 2,Stage 2,Early Stage 2,Early Stage 2,Stage 2 • Early Stage 2,0.72,"Price has moved above long-term structure, but the full moving-average stack is not clean yet.",,,2026-09-29,,16.33,45.02,462322363.22,1.94,5.62,3.02,False,False,"Stage 2, Early Stage 2, weekly_vcp_ok, weekly_strong",weekly_breakout,73.03,75.53,130.14,1.22,"[45.4, 23.25, 17.24]","[14, 3, 6]",0.95,34.0,strong,11
KSL.NS,Kalyani Steels Limited,Capital Goods,Unknown,Unknown,False,Cash,1,Stage 2,Stage 2,Clean Stage 2,Clean Stage 2,Stage 2 • Clean Stage 2,0.9,"Price is above rising key averages, weekly structure is supportive, and the stock is near its 52-week high.",,,2026-09-29,,17.91,52.85,159212001.2,1.55,0.51,0.97,False,False,"Stage 2, Clean Stage 2, trend_template_ok, weekly_vcp_ok, weekly_strong",weekly_near_pivot,72.88,75.38,973.09,-0.79,"[15.79, 16.0]","[5, 5]",0.9,15.0,strong,12
SHARDAMOTR.NS,Sharda Motor Industries Limited,Automobile and Auto Components,Unknown,Unknown,False,Cash,1,Stage 2,Stage 2,Early Stage 2,Early Stage 2,Stage 2 • Early Stage 2,0.72,"Price has moved above long-term structure, but the full moving-average stack is not clean yet.",,,2026-09-29,,15.59,29.79,73743183.31,1.01,0.56,0.63,False,True,"Stage 2, Early Stage 2, weekly_vcp_ok, weekly_volume_dryup, weekly_strong",weekly_breakout,72.54,75.04,954.15,0.29,"[31.15, 17.62, 11.63, 11.1]","[8, 3, 3, 4]",1.0,30.0,strong,13
BOSCHLTD.NS,Bosch Limited,Automobile and Auto Components,Unknown,Unknown,True,F&O,1,Stage 2,Stage 2,Clean Stage 2,Clean Stage 2,Stage 2 • Clean Stage 2,0.9,"Price is above rising key averages, weekly structure is supportive, and the stock is near its 52-week high.",,,2026-09-29,,19.96,46.24,1203183574.75,0.51,0.96,0.53,True,True,"Stage 2, Clean Stage 2, trend_template_ok, daily_vcp_ok, weekly_vcp_ok, volume_dryup, weekly_volume_dryup, weekly_strong",weekly_near_pivot,72.42,74.92,50087.5,-5.96,"[25.92, 10.37]","[8, 2]",0.9,15.0,strong,14
BEML.NS,BEML Limited,Capital Goods,Unknown,Unknown,False,Cash,1,Stage 2,Stage 2,Stage 2,Stage 2,Stage 2,0.76,Advancing structure detected.,,,2026-09-29,,14.83,30.76,883137358.65,0.8,0.5,0.46,True,True,"Stage 2, Stage 2, trend_template_ok, weekly_vcp_ok, volume_dryup, weekly_volume_dryup, weekly_strong",weekly_near_pivot,71.46,73.96,2026.03,-1.66,"[29.57, 17.53, 11.74]","[14, 4, 3]",0.95,32.0,strong,15
PARADEEP.NS,Paradeep Phosphates Limited,Chemicals,Unknown,Unknown,False,Cash,1,Stage 2,Stage 2,Early Stage 2,Early Stage 2,Stage 2 • Early Stage 2,0.72,"Price has moved above long-term structure, but the full moving-average stack is not clean yet.",,,2026-09-29,,15.82,33.44,369131456.85,0.22,0.4,0.22,True,True,"Stage 2, Early Stage 2, weekly_vcp_ok, volume_dryup, weekly_volume_dryup, weekly_strong",weekly_near_pivot,70.73,73.23,158.22,-2.49,"[41.52, 16.7]","[10, 4]",0.9,20.0,strong,16
HARSHA.NS,Harsha Engineers International Limited,Capital Goods,Unknown,Unknown,False,Cash,1,Stage 2,Stage 2,Clean Stage 2,Clean Stage 2,Stage 2 • Clean Stage 2,0.9,"Price is above rising key averages, weekly structure is supportive, and the stock is near its 52-week high.",,,2026-09-29,,15.64,36.57,74951724.34,1.13,0.55,0.94,False,False,"Stage 2, Clean Stage 2, trend_template_ok, weekly_vcp_ok, weekly_strong",weekly_near_pivot,70.22,72.72,471.77,-0.31,"[17.91, 12.1]","[4, 5]",0.9,11.0,strong,17
STAR.NS,Strides Pharma Science Limited,Healthcare,Unknown,Unknown,False,Cash,1,Stage 2,Stage 2,Clean Stage 2,Clean Stage 2,Stage 2 • Clean Stage 2,0.9,"Price is above rising key averages, weekly structure is supportive, and the stock is near its 52-week high.",,,2026-09-29,,7.12,11.9,448132509.89,0.59,0.91,0.52,True,True,"Stage 2, Clean Stage 2, trend_template_ok, weekly_vcp_ok, volume_dryup, weekly_volume_dryup, weekly_strong",weekly_near_pivot,67.7,72.7,1146.44,-2.31,"[21.57, 18.62]","[4, 8]",0.9,14.0,strong,18
APLAPOLLO.NS,APL Apollo Tubes Limited,Capital Goods,Unknown,Unknown,True,F&O,1,Stage 2,Stage 2,Early Stage 2,Early Stage 2,Stage 2 • Early Stage 2,0.72,"Price has moved above long-term structure, but the full moving-average stack is not clean yet.",,,2026-09-29,,28.64,14.99,1295124404.31,0.82,0.96,0.73,True,True,"Stage 2, Early Stage 2, weekly_vcp_ok, volume_dryup, weekly_volume_dryup, weekly_strong",weekly_near_pivot,70.16,72.66,2276.22,-3.78,"[20.31, 20.11]","[7, 6]",0.9,16.0,strong,19
VRLLOG.NS,VRL Logistics Limited,Services,Unknown,Unknown,False,Cash,1,Stage 2,Stage 2,Early Stage 2,Early Stage 2,Stage 2 • Early Stage 2,0.72,"Price has moved above long-term structure, but the full moving-average stack is not clean yet.",,,2026-09-29,,26.44,20.86,33381414.78,0.28,1.05,0.3,True,True,"Stage 2, Early Stage 2, weekly_vcp_ok, volume_dryup, weekly_volume_dryup, weekly_strong",weekly_near_pivot,71.63,72.63,310.74,-7.59,"[25.62, 18.75, 7.18]","[7, 8, 3]",0.95,22.0,strong,20
ETERNAL.NS,Eternal Ltd.,Consumer Services,Unknown,Unknown,True,F&O,1,Stage 2,Stage 2,Early Stage 2,Early Stage 2,Stage 2 • Early Stage 2,0.72,"Price has moved above long-term structure, but the full moving-average stack is not clean yet.",,,2026-09-29,,19.71,36.65,5996711726.47,0.74,0.96,0.77,True,True,"Stage 2, Early Stage 2, weekly_vcp_ok, volume_dryup, weekly_volume_dryup, weekly_strong",weekly_near_pivot,71.44,72.44,333.53,-4.06,"[31.1, 11.98]","[5, 3]",0.9,14.0,strong,21
MOTILALOFS.NS,Motilal Oswal Financial Services Limited,Financial Services,Unknown,Unknown,True,F&O,1,Stage 2,Stage 2,Clean Stage 2,Clean Stage 2,Stage 2 • Clean Stage 2,0.9,"Price is above rising key averages, weekly structure is supportive, and the stock is near its 52-week high.",,,2026-09-29,,11.1,40.94,785456749.99,0.7,0.82,0.66,True,True,"Stage 2, Clean Stage 2, trend_template_ok, weekly_vcp_ok, volume_dryup, weekly_volume_dryup, weekly_strong",weekly_breakout,71.0,72.0,991.48,0.25,"[43.5, 15.63]","[21, 2]",0.9,39.0,strong,22
JAMNAAUTO.NS,Jamna Auto Industries Limited,Automobile and Auto Components,Unknown,Unknown,False,Cash,1,Stage 2,Stage 2,Stage 2,Stage 2,Stage 2,0.76,Advancing structure detected.,,,2026-09-29,,6.99,18.85,398660619.31,1.41,1.12,2.08,False,False,"Stage 2, Stage 2, weekly_vcp_ok, weekly_strong",weekly_near_pivot,69.48,71.98,147.43,-7.52,"[27.12, 18.77, 16.75]","[6, 2, 8]",0.95,27.0,strong,23
MCX.NS,Multi Commodity Exchange of India Limited,Financial Services,Unknown,Unknown,True,F&O,1,Stage 2,Stage 2,Clean Stage 2,Clean Stage 2,Stage 2 • Clean Stage 2,0.9,"Price is above rising key averages, weekly structure is supportive, and the stock is near its 52-week high.",,,2026-09-29,,28.3,28.86,6122053781.79,0.91,0.97,1.08,False,False,"Stage 2, Clean Stage 2, trend_template_ok, weekly_vcp_ok, weekly_strong",weekly_near_pivot,70.72,71.72,3405.95,-3.1,"[22.21, 15.55]","[3, 5]",0.9,11.0,strong,24
FINEORG.NS,Fine Organic Industries Limited,Chemicals,Unknown,Unknown,False,Cash,1,Stage 2,Stage 2,Messy Stage 2,Messy Stage 2,Stage 2 • Messy Stage 2,0.64,"Long-term structure is still constructive, but the short-term/weekly structure is not clean.",,,2026-09-29,,5.45,17.35,97673017.8,0.72,0.94,0.7,True,True,"Stage 2, Messy Stage 2, weekly_vcp_ok, volume_dryup, weekly_volume_dryup, weekly_strong",weekly_near_pivot,69.18,71.68,5400.59,-5.11,"[22.16, 14.01, 13.22]","[4, 6, 3]",0.95,21.0,strong,25
PNBHOUSING.NS,PNB Housing Finance Limited,Financial Services,Unknown,Unknown,True,F&O,1,Stage 2,Stage 2,Early Stage 2,Early Stage 2,Stage 2 • Early Stage 2,0.72,"Price has moved above long-term structure, but the full moving-average stack is not clean yet.",,,2026-09-29,,10.37,36.86,1022618493.14,1.19,1.28,0.85,False,True,"Stage 2, Early Stage 2, weekly_vcp_ok, weekly_volume_dryup, weekly_strong",weekly_near_pivot,70.52,71.52,1213.62,-7.71,"[28.17, 14.03]","[9, 2]",0.9,22.0,strong,26
BAJAJHLDNG.NS,Bajaj Holdings & Investment Limited,Financial Services,Unknown,Unknown,True,F&O,1,Stage 2,Stage 2,Early Stage 2,Early Stage 2,Stage 2 • Early Stage 2,0.72,"Price has moved above long-term structure, but the full moving-average stack is not clean yet.",,,2026-09-29,,7.09,17.63,466320888.09,1.01,0.95,0.95,False,False,"Stage 2, Early Stage 2, weekly_vcp_ok, weekly_strong",weekly_near_pivot,70.47,71.47,11589.72,-6.92,"[26.17, 10.2, 9.68, 7.03]","[5, 2, 2, 3]",1.0,26.0,strong,27
AUROPHARMA.NS,Aurobindo Pharma Limited,Healthcare,Unknown,Unknown,True,F&O,1,Stage 2,Stage 2,Clean Stage 2,Clean Stage 2,Stage 2 • Clean Stage 2,0.9,"Price is above rising key averages, weekly structure is supportive, and the stock is near its 52-week high.",,,2026-09-29,,11.65,24.42,1270431310.79,1.05,1.45,0.99,False,False,"Stage 2, Clean Stage 2, trend_template_ok, weekly_vcp_ok, weekly_strong",weekly_near_pivot,66.21,71.21,1720.0,-2.79,"[10.26, 7.62]","[4, 3]",0.9,9.0,strong,28
DCBBANK.NS,DCB Bank Limited,Financial Services,Unknown,Unknown,False,Cash,1,Stage 2,Stage 2,Early Stage 2,Early Stage 2,Stage 2 • Early Stage 2,0.72,"Price has moved above long-term structure, but the full moving-average stack is not clean yet.",,,2026-09-29,,15.57,16.42,310749056.08,0.51,0.29,0.63,True,True,"Stage 2, Early Stage 2, weekly_vcp_ok, volume_dryup, weekly_volume_dryup, weekly_strong",weekly_near_pivot,70.1,71.1,204.55,-0.49,"[22.46, 17.92, 7.5]","[9, 5, 7]",0.95,29.0,strong,29
BOROLTD.NS,Borosil Limited,Consumer Durables,Unknown,Unknown,False,Cash,1,Stage 2,Stage 2,Early Stage 2,Early Stage 2,Stage 2 • Early Stage 2,0.72,"Price has moved above long-term structure, but the full moving-average stack is not clean yet.",,,2026-09-29,,29.08,22.02,103972057.41,0.82,1.08,1.56,True,False,"Stage 2, Early Stage 2, weekly_vcp_ok, volume_dryup, weekly_strong",weekly_breakout,70.91,70.91,289.51,1.34,"[41.19, 20.06]","[20, 5]",0.9,28.0,strong,30
SHILPAMED.NS,Shilpa Medicare Limited,Healthcare,Unknown,Unknown,False,Cash,1,Stage 2,Stage 2,Extended Stage 2,Extended Stage 2,Stage 2 • Extended Stage 2,0.78,"Advancing structure remains intact, but price is stretched versus key moving averages or far above the 52-week low.",,,2026-09-29,,82.41,166.46,875706706.43,0.45,0.43,0.34,True,True,"Stage 2, Extended Stage 2, trend_template_ok, weekly_vcp_ok, volume_dryup, weekly_volume_dryup, weekly_strong",weekly_breakout,65.8,70.8,650.73,60.93,"[37.47, 12.14]","[11, 5]",0.9,18.0,strong,31
NEULANDLAB.NS,Neuland Laboratories Limited,Healthcare,Unknown,Unknown,False,Cash,1,Stage 2,Stage 2,Early Stage 2,Early Stage 2,Stage 2 • Early Stage 2,0.72,"Price has moved above long-term structure, but the full moving-average stack is not clean yet.",,,2026-09-29,,19.64,61.04,1018850014.5,0.69,1.21,0.81,True,True,"Stage 2, Early Stage 2, weekly_vcp_ok, volume_dryup, weekly_volume_dryup, weekly_strong",weekly_forming,65.8,70.8,24225.0,-11.87,"[36.97, 18.84]","[11, 6]",0.9,19.0,strong,32
GAIL.NS,GAIL (India) Limited,"Oil, Gas & Consumable Fuels",Unknown,Unknown,True,F&O,1,Stage 2,Stage 2,Early Stage 2,Early Stage 2,Stage 2 • Early Stage 2,0.72,"Price has moved above long-term structure, but the full moving-average stack is not clean yet.",,,2026-09-29,,4.52,16.36,1070866244.6,0.84,1.93,1.11,True,False,"Stage 2, Early Stage 2, daily_vcp_ok, weekly_vcp_ok, volume_dryup, weekly_strong",weekly_near_pivot,67.89,70.39,182.17,-6.38,"[21.64, 6.28]","[4, 4]",0.9,21.0,strong,33
USHAMART.NS,Usha Martin Limited,Capital Goods,Unknown,Unknown,False,Cash,1,Stage 2,Stage 2,Early Stage 2,Early Stage 2,Stage 2 • Early Stage 2,0.72,"Price has moved above long-term structure, but the full moving-average stack is not clean yet.",,,2026-09-29,,4.44,22.6,536727539.93,1.58,0.82,0.65,False,True,"Stage 2, Early Stage 2, weekly_vcp_ok, weekly_volume_dryup, weekly_strong",weekly_near_pivot,67.7,70.2,529.3,-5.79,"[12.8, 8.65]","[3, 3]",0.9,11.0,strong,34
ACE.NS,Action Construction Equipment Limited,Capital Goods,Unknown,Unknown,False,Cash,1,Stage 2,Stage 2,Clean Stage 2,Clean Stage 2,Stage 2 • Clean Stage 2,0.9,"Price is above rising key averages, weekly structure is supportive, and the stock is near its 52-week high.",,,2026-09-29,,29.44,46.52,412562602.77,0.94,1.06,0.47,False,True,"Stage 2, Clean Stage 2, trend_template_ok, weekly_vcp_ok, weekly_volume_dryup, weekly_strong",weekly_breakout,67.6,70.1,966.67,27.45,"[23.18, 20.73, 12.02, 8.52]","[6, 7, 4, 4]",1.0,31.0,strong,35
GODREJAGRO.NS,Godrej Agrovet Limited,Fast Moving Consumer Goods,Unknown,Unknown,False,Cash,1,Stage 2,Stage 2,Clean Stage 2,Clean Stage 2,Stage 2 • Clean Stage 2,0.9,"Price is above rising key averages, weekly structure is supportive, and the stock is near its 52-week high.",,,2026-09-29,,18.69,9.44,156773036.37,0.37,0.15,0.48,True,True,"Stage 2, Clean Stage 2, weekly_vcp_ok, volume_dryup, weekly_volume_dryup, weekly_strong",weekly_breakout,69.71,69.71,619.07,0.72,"[19.17, 12.91, 7.35]","[7, 11, 3]",0.95,25.0,strong,36
INDHOTEL.NS,The Indian Hotels Company Limited,Consumer Services,Unknown,Unknown,True,F&O,1,Stage 2,Stage 2,Stage 2,Stage 2,Stage 2,0.76,Advancing structure detected.,,,2026-09-29,,5.51,20.61,2123570901.25,2.1,1.53,4.15,False,False,"Stage 2, Stage 2, weekly_vcp_ok, weekly_strong",weekly_near_pivot,68.41,69.41,758.73,-3.96,"[20.86, 7.37]","[7, 5]",0.9,29.0,strong,37
GMMPFAUDLR.NS,GMM Pfaudler Limited,Capital Goods,Unknown,Unknown,False,Cash,1,Stage 2,Stage 2,Extended Stage 2,Extended Stage 2,Stage 2 • Extended Stage 2,0.78,"Advancing structure remains intact, but price is stretched versus key moving averages or far above the 52-week low.",,,2026-09-29,,97.58,68.48,779384734.31,1.03,0.38,0.66,False,True,"Stage 2, Extended Stage 2, weekly_vcp_ok, weekly_volume_dryup, weekly_strong",weekly_breakout,66.9,69.4,944.31,55.32,"[24.54, 22.12, 9.63]","[8, 5, 3]",0.95,23.0,strong,38
KAJARIACER.NS,Kajaria Ceramics Limited,Consumer Durables,Unknown,Unknown,False,Cash,1,Stage 2,Stage 2,Stage 2,Stage 2,Stage 2,0.76,Advancing structure detected.,,,2026-09-29,,10.04,24.16,561375559.23,2.08,10.8,5.63,False,False,"Stage 2, Stage 2, weekly_vcp_ok, weekly_strong",weekly_near_pivot,69.22,69.22,1269.12,-2.68,"[16.49, 8.89]","[3, 3]",0.9,14.0,strong,39
LAURUSLABS.NS,Laurus Labs Limited,Healthcare,Unknown,Unknown,True,F&O,1,Stage 2,Stage 2,Extended Stage 2,Extended Stage 2,Stage 2 • Extended Stage 2,0.78,"Advancing structure remains intact, but price is stretched versus key moving averages or far above the 52-week low.",,,2026-09-29,,36.28,86.13,3166146382.4,0.64,0.48,0.58,True,True,"Stage 2, Extended Stage 2, trend_template_ok, weekly_vcp_ok, volume_dryup, weekly_volume_dryup, weekly_strong",weekly_breakout,63.8,68.8,1874.07,5.65,"[19.55, 15.16]","[4, 3]",0.9,10.0,strong,40
JSWSTEEL.NS,JSW Steel Limited,Metals & Mining,Unknown,Unknown,True,F&O,1,Stage 2,Stage 2,Early Stage 2,Early Stage 2,Stage 2 • Early Stage 2,0.72,"Price has moved above long-term structure, but the full moving-average stack is not clean yet.",,,2026-09-29,,8.2,8.14,1650260032.13,0.91,0.86,0.87,False,True,"Stage 2, Early Stage 2, weekly_vcp_ok, weekly_volume_dryup, weekly_strong",weekly_near_pivot,67.43,68.43,1351.0,-7.22,"[14.18, 8.83]","[4, 5]",0.9,18.0,strong,41
GRWRHITECH.NS,Garware Hi-Tech Films Limited,Capital Goods,Unknown,Unknown,False,Cash,1,Stage 2,Stage 2,Stage 2,Stage 2,Stage 2,0.76,Advancing structure detected.,,,2026-09-29,,6.9,87.71,404531594.89,0.9,1.41,0.99,False,False,"Stage 2, Stage 2, weekly_vcp_ok, weekly_strong",weekly_forming,65.8,68.3,7989.44,-12.19,"[37.06, 27.8]","[9, 8]",0.9,19.0,strong,42
AGI.NS,AGI Greenpac Limited,Capital Goods,Unknown,Unknown,False,Cash,1,Stage 2,Stage 2,Early Stage 2,Early Stage 2,Stage 2 • Early Stage 2,0.72,"Price has moved above long-term structure, but the full moving-average stack is not clean yet.",,,2026-09-29,,21.65,61.11,162226363.0,1.34,0.5,0.68,False,True,"Stage 2, Early Stage 2, weekly_vcp_ok, weekly_volume_dryup, weekly_strong",weekly_breakout,65.8,68.3,742.43,8.35,"[39.96, 5.8]","[13, 12]",0.9,29.0,strong,43
SUNDRMFAST.NS,Sundram Fasteners Limited,Automobile and Auto Components,Unknown,Unknown,False,Cash,1,Stage 2,Stage 2,Early Stage 2,Early Stage 2,Stage 2 • Early Stage 2,0.72,"Price has moved above long-term structure, but the full moving-average stack is not clean yet.",,,2026-09-29,,28.38,51.35,332405545.31,0.78,0.33,0.92,True,False,"Stage 2, Early Stage 2, weekly_vcp_ok, volume_dryup, weekly_strong",weekly_breakout,65.77,68.27,913.91,24.66,"[23.55, 10.65]","[13, 5]",0.9,23.0,strong,44
INDGN.NS,Indegene Ltd.,Healthcare,Unknown,Unknown,False,Cash,1,Stage 2,Stage 2,Clean Stage 2,Clean Stage 2,Stage 2 • Clean Stage 2,0.9,"Price is above rising key averages, weekly structure is supportive, and the stock is near its 52-week high.",,,2026-09-29,,26.87,26.4,301988480.91,0.99,0.57,1.7,False,False,"Stage 2, Clean Stage 2, trend_template_ok, weekly_vcp_ok, weekly_strong",weekly_breakout,63.13,68.13,551.58,7.1,"[19.1, 12.43]","[4, 4]",0.9,21.0,strong,45
RKFORGE.NS,Ramkrishna Forgings Limited,Capital Goods,Unknown,Unknown,False,Cash,1,Stage 2,Stage 2,Early Stage 2,Early Stage 2,Stage 2 • Early Stage 2,0.72,"Price has moved above long-term structure, but the full moving-average stack is not clean yet.",,,2026-09-29,,29.06,37.55,395137921.61,0.39,0.8,0.42,True,True,"Stage 2, Early Stage 2, weekly_vcp_ok, volume_dryup, weekly_volume_dryup, weekly_strong",weekly_forming,65.56,68.06,774.15,-9.28,"[21.19, 15.99, 9.38]","[5, 5, 4]",0.95,21.0,strong,46
JYOTICNC.NS,Jyoti CNC Automation Ltd.,Capital Goods,Unknown,Unknown,False,Cash,1,Stage 2,Stage 2,Early Stage 2,Early Stage 2,Stage 2 • Early Stage 2,0.72,"Price has moved above long-term structure, but the full moving-average stack is not clean yet.",,,2026-09-29,,41.74,34.39,1371070530.82,1.27,0.34,0.57,False,True,"Stage 2, Early Stage 2, weekly_vcp_ok, weekly_volume_dryup, weekly_strong",weekly_forming,65.41,67.91,1136.59,-8.51,"[33.0, 31.35]","[11, 8]",0.9,22.0,strong,47
GABRIEL.NS,Gabriel India Limited,Automobile and Auto Components,Unknown,Unknown,False,Cash,1,Stage 2,Stage 2,Early Stage 2,Early Stage 2,Stage 2 • Early Stage 2,0.72,"Price has moved above long-term structure, but the full moving-average stack is not clean yet.",,,2026-09-29,,12.25,49.88,921062250.06,2.3,0.44,0.32,False,True,"Stage 2, Early Stage 2, weekly_vcp_ok, weekly_volume_dryup, weekly_strong",weekly_forming,65.11,67.61,1599.49,-16.11,"[25.65, 25.23, 15.46]","[5, 7, 5]",0.95,25.0,strong,48
PTCIL.NS,PTC Industries Limited,Capital Goods,Unknown,Unknown,False,Cash,1,Stage 2,Stage 2,Clean Stage 2,Clean Stage 2,Stage 2 • Clean Stage 2,0.9,"Price is above rising key averages, weekly structure is supportive, and the stock is near its 52-week high.",,,2026-09-29,,31.27,37.17,607515023.25,0.45,0.6,0.42,True,True,"Stage 2, Clean Stage 2, trend_template_ok, weekly_vcp_ok, volume_dryup, weekly_volume_dryup, weekly_strong",weekly_forming,64.64,67.14,24167.22,-8.18,"[23.08, 15.12]","[7, 4]",0.9,20.0,strong,49
GLAXO.NS,GlaxoSmithKline Pharmaceuticals Limited,Healthcare,Unknown,Unknown,False,Cash,1,Stage 2,Stage 2,Early Stage 2,Early Stage 2,Stage 2 • Early Stage 2,0.72,"Price has moved above long-term structure, but the full moving-average stack is not clean yet.",,,2026-09-29,,22.08,20.41,217594101.67,0.8,0.32,1.03,True,False,"Stage 2, Early Stage 2, weekly_vcp_ok, volume_dryup, weekly_strong",weekly_forming,62.05,67.05,3126.16,-11.42,"[18.46, 15.36]","[7, 7]",0.9,17.0,strong,50
EMUDHRA.NS,eMudhra Limited,Information Technology,Unknown,Unknown,False,Cash,1,Stage 2,Stage 2,Early Stage 2,Early Stage 2,Stage 2 • Early Stage 2,0.72,"Price has moved above long-term structure, but the full moving-average stack is not clean yet.",,,2026-09-29,,43.52,40.41,1461598035.03,1.27,0.46,0.61,False,True,"Stage 2, Early Stage 2, weekly_vcp_ok, weekly_volume_dryup, weekly_strong",weekly_breakout,66.9,66.9,546.92,9.07,"[38.29, 21.24, 13.45]","[8, 9, 3]",0.95,31.0,strong,51
GLENMARK.NS,Glenmark Pharmaceuticals Limited,Healthcare,Unknown,Unknown,True,F&O,1,Stage 2,Stage 2,Early Stage 2,Early Stage 2,Stage 2 • Early Stage 2,0.72,"Price has moved above long-term structure, but the full moving-average stack is not clean yet.",,,2026-09-29,,9.71,9.25,1271013946.61,1.3,2.35,1.88,False,False,"Stage 2, Early Stage 2, weekly_vcp_ok, weekly_strong",weekly_forming,61.9,66.9,2539.51,-8.07,"[14.23, 14.42, 15.08, 7.05]","[4, 3, 7, 3]",1.0,30.0,strong,52
PAYTM.NS,One 97 Communications Limited,Financial Services,Unknown,Unknown,True,F&O,1,Stage 2,Stage 2,Clean Stage 2,Clean Stage 2,Stage 2 • Clean Stage 2,0.9,"Price is above rising key averages, weekly structure is supportive, and the stock is near its 52-week high.",,,2026-09-29,,44.54,61.86,7442140170.74,0.83,0.56,0.84,True,True,"Stage 2, Clean Stage 2, trend_template_ok, weekly_vcp_ok, volume_dryup, weekly_volume_dryup, weekly_strong",weekly_breakout,65.8,66.8,1225.14,36.96,"[31.43, 17.09]","[12, 5]",0.9,22.0,strong,53
FLUOROCHEM.NS,Gujarat Fluorochemicals Limited,Chemicals,Unknown,Unknown,False,Cash,1,Stage 2,Stage 2,Early Stage 2,Early Stage 2,Stage 2 • Early Stage 2,0.72,"Price has moved above long-term structure, but the full moving-average stack is not clean yet.",,,2026-09-29,,18.79,34.93,543148490.46,0.54,0.55,0.28,True,True,"Stage 2, Early Stage 2, weekly_vcp_ok, volume_dryup, weekly_volume_dryup, weekly_strong",weekly_forming,64.27,66.77,4964.29,-11.26,"[21.41, 18.75, 11.01]","[4, 7, 5]",0.95,23.0,strong,54
PRICOLLTD.NS,Pricol Limited,Automobile and Auto Components,Unknown,Unknown,False,Cash,1,Stage 2,Stage 2,Early Stage 2,Early Stage 2,Stage 2 • Early Stage 2,0.72,"Price has moved above long-term structure, but the full moving-average stack is not clean yet.",,,2026-09-29,,26.49,37.38,197344203.89,0.44,0.78,0.47,True,True,"Stage 2, Early Stage 2, weekly_vcp_ok, volume_dryup, weekly_volume_dryup, weekly_strong",weekly_forming,64.19,66.69,824.44,-9.32,"[24.94, 20.4]","[3, 6]",0.9,12.0,strong,55
GALAXYSURF.NS,Galaxy Surfactants Limited,Chemicals,Unknown,Unknown,False,Cash,1,Stage 2,Stage 2,Clean Stage 2,Clean Stage 2,Stage 2 • Clean Stage 2,0.9,"Price is above rising key averages, weekly structure is supportive, and the stock is near its 52-week high.",,,2026-09-29,,21.9,41.24,91163633.42,0.67,2.71,0.91,True,False,"Stage 2, Clean Stage 2, trend_template_ok, weekly_vcp_ok, volume_dryup, weekly_strong",weekly_forming,64.11,66.61,2652.63,-12.06,"[26.73, 16.19]","[6, 6]",0.9,16.0,strong,56
APLLTD.NS,Alembic Pharmaceuticals Limited,Healthcare,Unknown,Unknown,False,Cash,1,Stage 2,Stage 2,Early Stage 2,Early Stage 2,Stage 2 • Early Stage 2,0.72,"Price has moved above long-term structure, but the full moving-average stack is not clean yet.",,,2026-09-29,,7.05,20.1,186279269.74,1.99,1.51,2.26,False,False,"Stage 2, Early Stage 2, weekly_vcp_ok, weekly_strong",weekly_breakout,61.61,66.61,798.54,3.37,"[25.38, 23.16, 12.62]","[12, 7, 3]",0.95,30.0,strong,57
TIIL.NS,Technocraft Industries (India) Limited,Capital Goods,Unknown,Unknown,False,Cash,1,Stage 2,Stage 2,Early Stage 2,Early Stage 2,Stage 2 • Early Stage 2,0.72,"Price has moved above long-term structure, but the full moving-average stack is not clean yet.",,,2026-09-29,,23.09,28.78,99286888.67,0.63,0.79,0.49,True,True,"Stage 2, Early Stage 2, weekly_vcp_ok, volume_dryup, weekly_volume_dryup, weekly_strong",weekly_forming,64.09,66.59,3571.54,-18.78,"[28.66, 27.32, 8.33]","[10, 5, 3]",0.95,35.0,strong,58
SYRMA.NS,Syrma SGS Technology Limited,Capital Goods,Unknown,Unknown,False,Cash,1,Stage 2,Stage 2,Extended Stage 2,Extended Stage 2,Stage 2 • Extended Stage 2,0.78,"Advancing structure remains intact, but price is stretched versus key moving averages or far above the 52-week low.",,,2026-09-29,,35.1,119.46,4828950550.44,1.77,1.79,0.9,False,False,"Stage 2, Extended Stage 2, trend_template_ok, weekly_vcp_ok, weekly_strong",weekly_breakout,63.8,66.3,1544.12,15.46,"[17.18, 9.65]","[5, 3]",0.9,10.0,strong,59
ATHERENERG.NS,Ather Energy Ltd.,Automobile and Auto Components,Unknown,Unknown,False,Cash,1,Stage 2,Stage 2,Extended Stage 2,Extended Stage 2,Stage 2 • Extended Stage 2,0.78,"Advancing structure remains intact, but price is stretched versus key moving averages or far above the 52-week low.",,,2026-09-29,,33.42,85.96,5831783310.22,0.81,0.68,0.74,True,True,"Stage 2, Extended Stage 2, weekly_vcp_ok, volume_dryup, weekly_volume_dryup, weekly_strong",weekly_forming,63.8,66.3,1747.05,-18.43,"[23.0, 13.2]","[3, 3]",0.9,10.0,strong,60
CARTRADE.NS,Cartrade Tech Limited,Consumer Services,Unknown,Unknown,False,Cash,1,Stage 2,Stage 2,Early Stage 2,Early Stage 2,Stage 2 • Early Stage 2,0.72,"Price has moved above long-term structure, but the full moving-average stack is not clean yet.",,,2026-09-29,,10.68,63.09,980726518.43,0.59,0.48,0.6,True,True,"Stage 2, Early Stage 2, weekly_vcp_ok, volume_dryup, weekly_volume_dryup, weekly_strong",weekly_forming,65.18,66.18,3259.69,-11.04,"[50.92, 15.57]","[17, 3]",0.9,23.0,strong,61
REDINGTON.NS,Redington Limited,Services,Unknown,Unknown,False,Cash,1,Stage 2,Stage 2,Extended Stage 2,Extended Stage 2,Stage 2 • Extended Stage 2,0.78,"Advancing structure remains intact, but price is stretched versus key moving averages or far above the 52-week low.",,,2026-09-29,,53.86,99.75,2252442419.66,0.6,0.68,0.46,True,True,"Stage 2, Extended Stage 2, trend_template_ok, weekly_vcp_ok, volume_dryup, weekly_volume_dryup, weekly_strong",weekly_breakout,65.0,66.0,365.14,11.46,"[33.11, 14.19]","[5, 4]",0.9,11.0,strong,62
NAZARA.NS,Nazara Technologies Limited,"Media, Entertainment & Publication",Unknown,Unknown,False,Cash,1,Stage 2,Stage 2,Clean Stage 2,Clean Stage 2,Stage 2 • Clean Stage 2,0.9,"Price is above rising key averages, weekly structure is supportive, and the stock is near its 52-week high.",,,2026-09-29,,38.34,61.42,519011105.22,0.76,1.21,0.97,True,False,"Stage 2, Clean Stage 2, trend_template_ok, weekly_vcp_ok, volume_dryup, weekly_strong",weekly_breakout,65.8,65.8,314.55,24.89,"[26.83, 15.8]","[11, 4]",0.9,22.0,strong,63
LODHA.NS,Macrotech Developers Limited,Realty,Unknown,Unknown,True,F&O,1,Stage 2,Stage 2,Early Stage 2,Early Stage 2,Stage 2 • Early Stage 2,0.72,"Price has moved above long-term structure, but the full moving-average stack is not clean yet.",,,2026-09-29,,10.73,57.42,2111750097.46,1.11,1.04,1.38,False,False,"Stage 2, Early Stage 2, weekly_vcp_ok, weekly_strong",weekly_forming,64.61,65.61,1342.59,-15.46,"[41.54, 14.84]","[6, 2]",0.9,13.0,strong,64
EDELWEISS.NS,Edelweiss Financial Services Limited,Financial Services,Unknown,Unknown,False,Cash,1,Stage 2,Stage 2,Clean Stage 2,Clean Stage 2,Stage 2 • Clean Stage 2,0.9,"Price is above rising key averages, weekly structure is supportive, and the stock is near its 52-week high.",,,2026-09-29,,21.23,32.98,1413342931.37,1.29,1.21,0.99,False,False,"Stage 2, Clean Stage 2, trend_template_ok, weekly_vcp_ok, weekly_strong",weekly_breakout,64.32,65.32,132.66,7.59,"[24.24, 19.79, 15.35]","[6, 6, 5]",0.95,23.0,strong,65
TVSSRICHAK.NS,TVS Srichakra Limited,Automobile and Auto Components,Unknown,Unknown,False,Cash,1,Stage 2,Stage 2,Early Stage 2,Early Stage 2,Stage 2 • Early Stage 2,0.72,"Price has moved above long-term structure, but the full moving-average stack is not clean yet.",,,2026-09-29,,12.47,25.93,45817583.48,0.22,0.18,0.2,True,True,"Stage 2, Early Stage 2, weekly_vcp_ok, volume_dryup, weekly_volume_dryup, weekly_strong",weekly_forming,62.74,65.24,5727.88,-22.53,"[33.23, 16.42, 12.48]","[7, 5, 6]",0.95,26.0,strong,66
ENGINERSIN.NS,Engineers India Limited,Construction,Unknown,Unknown,False,Cash,1,Stage 2,Stage 2,Extended Stage 2,Extended Stage 2,Stage 2 • Extended Stage 2,0.78,"Advancing structure remains intact, but price is stretched versus key moving averages or far above the 52-week low.",,,2026-09-29,,34.78,55.77,1747399778.22,1.81,0.45,1.79,False,False,"Stage 2, Extended Stage 2, trend_template_ok, weekly_vcp_ok, weekly_strong",weekly_breakout,65.0,65.0,287.79,7.58,"[20.22, 17.19]","[2, 4]",0.9,11.0,strong,67
AGARWALEYE.NS,Dr. Agarwal's Health Care Ltd.,Healthcare,Unknown,Unknown,False,Cash,1,Stage 2,Stage 2,Early Stage 2,Early Stage 2,Stage 2 • Early Stage 2,0.72,"Price has moved above long-term structure, but the full moving-average stack is not clean yet.",,,2026-09-29,,7.16,13.65,157313199.22,0.22,0.54,0.28,True,True,"Stage 2, Early Stage 2, weekly_vcp_ok, volume_dryup, weekly_volume_dryup, weekly_strong",weekly_forming,59.88,64.88,568.74,-15.73,"[23.88, 6.97]","[12, 8]",0.9,23.0,strong,68
PRUDENT.NS,Prudent Corporate Advisory Services Limited,Financial Services,Unknown,Unknown,False,Cash,1,Stage 2,Stage 2,Early Stage 2,Early Stage 2,Stage 2 • Early Stage 2,0.72,"Price has moved above long-term structure, but the full moving-average stack is not clean yet.",,,2026-09-29,,10.52,38.21,103652928.02,0.79,0.97,1.11,True,False,"Stage 2, Early Stage 2, weekly_vcp_ok, volume_dryup, weekly_strong",weekly_forming,63.77,64.77,4112.68,-23.91,"[25.52, 12.75, 12.49]","[5, 5, 4]",0.95,24.0,strong,69
IIFL.NS,IIFL Finance Limited,Financial Services,Unknown,Unknown,False,Cash,1,Stage 2,Stage 2,Early Stage 2,Early Stage 2,Stage 2 • Early Stage 2,0.72,"Price has moved above long-term structure, but the full moving-average stack is not clean yet.",,,2026-09-29,,20.63,38.94,1542319158.87,0.71,0.4,0.52,True,True,"Stage 2, Early Stage 2, weekly_vcp_ok, volume_dryup, weekly_volume_dryup, weekly_strong",weekly_forming,63.76,64.76,706.23,-14.94,"[29.0, 15.44]","[4, 2]",0.9,16.0,strong,70
SPLPETRO.NS,Supreme Petrochem Limited,Chemicals,Unknown,Unknown,False,Cash,1,Stage 2,Stage 2,Clean Stage 2,Clean Stage 2,Stage 2 • Clean Stage 2,0.9,"Price is above rising key averages, weekly structure is supportive, and the stock is near its 52-week high.",,,2026-09-29,,18.99,11.79,342879755.71,1.29,0.74,1.04,False,False,"Stage 2, Clean Stage 2, trend_template_ok, weekly_vcp_ok, weekly_strong",weekly_breakout,61.98,64.48,783.8,3.11,"[22.01, 12.97, 13.01]","[6, 3, 2]",0.95,16.0,strong,71
CYIENT.NS,Cyient Limited,Information Technology,Unknown,Unknown,False,Cash,1,Stage 2,Stage 2,Early Stage 2,Early Stage 2,Stage 2 • Early Stage 2,0.72,"Price has moved above long-term structure, but the full moving-average stack is not clean yet.",,,2026-09-29,,33.32,30.95,495768734.52,0.55,1.85,0.73,True,True,"Stage 2, Early Stage 2, weekly_vcp_ok, volume_dryup, weekly_volume_dryup, weekly_strong",weekly_breakout,64.23,64.23,991.23,11.04,"[37.19, 12.61]","[17, 8]",0.9,33.0,strong,72
HATSUN.NS,Hatsun Agro Product Limited,Fast Moving Consumer Goods,Unknown,Unknown,False,Cash,1,Stage 2,Stage 2,Stage 2,Stage 2,Stage 2,0.76,Advancing structure detected.,,,2026-09-29,,28.44,22.53,120035486.0,0.43,0.13,0.31,True,True,"Stage 2, Stage 2, weekly_vcp_ok, volume_dryup, weekly_volume_dryup, weekly_strong",weekly_breakout,64.0,64.0,1013.02,8.49,"[12.01, 12.57, 9.2]","[7, 7, 2]",0.95,27.0,strong,73
TVSMOTOR.NS,TVS Motor Company Limited,Automobile and Auto Components,Unknown,Unknown,True,F&O,1,Stage 2,Stage 2,Early Stage 2,Early Stage 2,Stage 2 • Early Stage 2,0.72,"Price has moved above long-term structure, but the full moving-average stack is not clean yet.",,,2026-09-29,,17.62,17.01,2540120210.44,0.74,0.76,0.62,True,True,"Stage 2, Early Stage 2, weekly_vcp_ok, volume_dryup, weekly_volume_dryup, weekly_strong",weekly_forming,61.26,63.76,4492.35,-8.6,"[17.32, 16.17]","[2, 6]",0.9,12.0,strong,74
HAL.NS,Hindustan Aeronautics Limited,Capital Goods,Unknown,Unknown,True,F&O,1,Stage 2,Stage 2,Early Stage 2,Early Stage 2,Stage 2 • Early Stage 2,0.72,"Price has moved above long-term structure, but the full moving-average stack is not clean yet.",,,2026-09-29,,12.13,21.92,4040943011.57,0.79,1.7,0.88,True,True,"Stage 2, Early Stage 2, weekly_vcp_ok, volume_dryup, weekly_volume_dryup, weekly_strong",weekly_forming,61.21,63.71,5149.9,-9.36,"[24.88, 14.22]","[9, 5]",0.9,19.0,strong,75
CASTROLIND.NS,Castrol India Limited,"Oil, Gas & Consumable Fuels",Unknown,Unknown,False,Cash,1,Stage 2,Stage 2,Clean Stage 2,Clean Stage 2,Stage 2 • Clean Stage 2,0.9,"Price is above rising key averages, weekly structure is supportive, and the stock is near its 52-week high.",,,2026-09-29,,19.3,14.83,719697069.17,1.75,0.87,2.02,False,False,"Stage 2, Clean Stage 2, weekly_vcp_ok, weekly_strong",weekly_breakout,61.21,63.71,182.92,9.62,"[10.74, 7.94]","[4, 5]",0.9,13.0,strong,76
BALRAMCHIN.NS,Balrampur Chini Mills Limited,Fast Moving Consumer Goods,Unknown,Unknown,False,Cash,1,Stage 2,Stage 2,Messy Stage 2,Messy Stage 2,Stage 2 • Messy Stage 2,0.64,"Long-term structure is still constructive, but the short-term/weekly structure is not clean.",,,2026-09-29,,22.89,35.83,1362650197.66,0.37,0.23,0.49,True,True,"Stage 2, Messy Stage 2, trend_template_ok, weekly_vcp_ok, volume_dryup, weekly_volume_dryup, weekly_strong",weekly_forming,63.67,63.67,782.32,-15.27,"[15.94, 7.17]","[2, 6]",0.9,16.0,strong,77
VOLTAMP.NS,Voltamp Transformers Limited,Capital Goods,Unknown,Unknown,False,Cash,1,Stage 2,Stage 2,Messy Stage 2,Messy Stage 2,Stage 2 • Messy Stage 2,0.64,"Long-term structure is still constructive, but the short-term/weekly structure is not clean.",,,2026-09-29,,14.59,16.88,216035788.3,0.3,0.53,0.28,True,True,"Stage 2, Messy Stage 2, trend_template_ok, weekly_vcp_ok, volume_dryup, weekly_volume_dryup, weekly_strong",weekly_forming,60.95,63.45,11719.47,-10.41,"[30.42, 17.65]","[2, 5]",0.9,12.0,strong,78
TI.NS,Tilaknagar Industries Limited,Fast Moving Consumer Goods,Unknown,Unknown,False,Cash,1,Stage 2,Stage 2,Messy Stage 2,Messy Stage 2,Stage 2 • Messy Stage 2,0.64,"Long-term structure is still constructive, but the short-term/weekly structure is not clean.",,,2026-09-29,,25.75,28.73,435535219.44,1.08,1.13,0.75,False,True,"Stage 2, Messy Stage 2, trend_template_ok, weekly_vcp_ok, weekly_volume_dryup, weekly_strong",weekly_forming,63.25,63.25,594.45,-9.05,"[16.02, 7.54]","[7, 4]",0.9,14.0,strong,79
ENDURANCE.NS,Endurance Technologies Limited,Automobile and Auto Components,Unknown,Unknown,False,Cash,1,Stage 2,Stage 2,Early Stage 2,Early Stage 2,Stage 2 • Early Stage 2,0.72,"Price has moved above long-term structure, but the full moving-average stack is not clean yet.",,,2026-09-29,,7.53,18.99,224378575.22,0.78,1.43,0.8,True,True,"Stage 2, Early Stage 2, weekly_vcp_ok, volume_dryup, weekly_volume_dryup, weekly_strong",weekly_forming,60.45,62.95,3077.38,-13.68,"[20.76, 9.72]","[5, 7]",0.9,21.0,strong,80
JAYNECOIND.NS,Jayaswal Neco Industries Limited,Capital Goods,Unknown,Unknown,False,Cash,1,Stage 2,Stage 2,Stage 2,Stage 2,Stage 2,0.76,Advancing structure detected.,Stage 2 reclaimed after 3 confirmation runs.,,2026-09-29,,9.07,16.65,487496763.41,0.56,1.02,0.62,True,True,"Stage 2, Stage 2, weekly_vcp_ok, volume_dryup, weekly_volume_dryup, weekly_strong",weekly_forming,60.37,62.87,105.35,-11.93,"[28.42, 11.22]","[7, 7]",0.9,17.0,strong,81
EPL.NS,EPL Limited,Capital Goods,Unknown,Unknown,False,Cash,1,Stage 2 Failed,Stage 2,Failed Stage 2,Failed Stage 2,Stage 2 Failed • Failed Stage 2,0.7,Failed Stage 2 cooling period is still active; waiting for a fresh base or confirmed reclaim.,Failed Stage 2 hold period active.,,2026-09-28,,4.87,9.48,628219415.5,0.36,0.41,0.29,True,True,"Stage 2, Early Stage 2, weekly_vcp_ok, volume_dryup, weekly_volume_dryup, weekly_strong | Failed Stage 2 hold period active.",weekly_forming,60.34,62.84,274.51,-13.66,"[22.63, 16.92, 10.38]","[4, 4, 3]",0.95,23.0,strong,82
IDFCFIRSTB.NS,IDFC First Bank Limited,Financial Services,Unknown,Unknown,True,F&O,1,Stage 2,Stage 2,Early Stage 2,Early Stage 2,Stage 2 • Early Stage 2,0.72,"Price has moved above long-term structure, but the full moving-average stack is not clean yet.",,,2026-09-29,,7.46,32.19,1922951108.61,1.34,1.23,1.4,False,False,"Stage 2, Early Stage 2, weekly_vcp_ok, weekly_strong",weekly_forming,61.77,62.77,88.65,-8.14,"[32.61, 6.78]","[6, 5]",0.9,28.0,strong,83
KARURVYSYA.NS,Karur Vysya Bank Limited,Financial Services,Unknown,Unknown,False,Cash,1,Stage 2,Stage 2,Early Stage 2,Early Stage 2,Stage 2 • Early Stage 2,0.72,"Price has moved above long-term structure, but the full moving-average stack is not clean yet.",,,2026-09-29,,14.42,23.62,535907120.63,1.07,2.09,0.5,False,True,"Stage 2, Early Stage 2, weekly_vcp_ok, weekly_volume_dryup, weekly_strong",weekly_forming,61.6,62.6,359.28,-9.6,"[25.59, 16.48]","[4, 5]",0.9,15.0,strong,84
MANYAVAR.NS,Vedant Fashions Limited,Consumer Services,Unknown,Unknown,False,Cash,1,Stage 2,Stage 2,Early Stage 2,Early Stage 2,Stage 2 • Early Stage 2,0.72,"Price has moved above long-term structure, but the full moving-average stack is not clean yet.",,,2026-09-29,,41.68,42.12,200789801.41,0.25,0.27,0.11,True,True,"Stage 2, Early Stage 2, weekly_vcp_ok, volume_dryup, weekly_volume_dryup, weekly_strong",weekly_forming,61.4,62.4,596.44,-10.28,"[18.04, 10.08]","[4, 3]",0.9,8.0,strong,85
CRISIL.NS,CRISIL Limited,Financial Services,Unknown,Unknown,False,Cash,1,Stage 2,Stage 2,Early Stage 2,Early Stage 2,Stage 2 • Early Stage 2,0.72,"Price has moved above long-term structure, but the full moving-average stack is not clean yet.",,,2026-09-29,,17.85,16.08,242412109.7,0.89,0.67,0.86,False,True,"Stage 2, Early Stage 2, daily_vcp_ok, weekly_vcp_ok, weekly_volume_dryup, weekly_strong",weekly_forming,61.19,62.19,4880.53,-8.8,"[23.79, 15.26]","[8, 7]",0.9,18.0,strong,86
KRBL.NS,KRBL Limited,Fast Moving Consumer Goods,Unknown,Unknown,False,Cash,1,Stage 2,Stage 2,Early Stage 2,Early Stage 2,Stage 2 • Early Stage 2,0.72,"Price has moved above long-term structure, but the full moving-average stack is not clean yet.",,,2026-09-29,,9.97,22.5,160260239.08,0.5,0.31,0.5,True,True,"Stage 2, Early Stage 2, weekly_vcp_ok, volume_dryup, weekly_volume_dryup, weekly_strong",weekly_forming,62.15,62.15,448.43,-14.9,"[30.68, 17.33, 14.75]","[6, 2, 4]",0.95,24.0,strong,87
IMAGICAA.NS,Imagicaaworld Entertainment Limited,Consumer Services,Unknown,Unknown,False,Cash,1,Stage 2,Stage 2,Early Stage 2,Early Stage 2,Stage 2 • Early Stage 2,0.72,"Price has moved above long-term structure, but the full moving-average stack is not clean yet.",,,2026-09-29,,13.11,18.64,48591887.82,0.46,0.11,0.4,True,True,"Stage 2, Early Stage 2, weekly_vcp_ok, volume_dryup, weekly_volume_dryup, weekly_strong",weekly_forming,60.97,61.97,62.11,-17.76,"[32.4, 21.45]","[9, 4]",0.9,17.0,strong,88
CUB.NS,City Union Bank Limited,Financial Services,Unknown,Unknown,False,Cash,1,Stage 2,Stage 2,Early Stage 2,Early Stage 2,Stage 2 • Early Stage 2,0.72,"Price has moved above long-term structure, but the full moving-average stack is not clean yet.",,,2026-09-29,,8.35,21.12,558494501.07,0.9,3.51,1.32,False,False,"Stage 2, Early Stage 2, weekly_vcp_ok, weekly_strong",weekly_forming,60.75,61.75,249.29,-9.32,"[30.13, 18.57]","[6, 6]",0.9,18.0,strong,89
HNDFDS.NS,Hindustan Foods Limited,Fast Moving Consumer Goods,Unknown,Unknown,False,Cash,1,Stage 2,Stage 2,Early Stage 2,Early Stage 2,Stage 2 • Early Stage 2,0.72,"Price has moved above long-term structure, but the full moving-average stack is not clean yet.",,,2026-09-29,,11.1,14.97,55922465.97,0.73,1.31,0.87,True,True,"Stage 2, Early Stage 2, weekly_vcp_ok, volume_dryup, weekly_volume_dryup, weekly_strong",weekly_forming,61.51,61.51,678.94,-15.35,"[21.67, 14.07, 5.29]","[9, 4, 9]",0.95,32.0,strong,90
AUBANK.NS,AU Small Finance Bank Limited,Financial Services,Unknown,Unknown,True,F&O,1,Stage 2 Failed,Stage 2,Failed Stage 2,Failed Stage 2,Stage 2 Failed • Failed Stage 2,0.7,Failed Stage 2 cooling period is still active; waiting for a fresh base or confirmed reclaim.,Failed Stage 2 hold period active.,,2026-09-25,,2.08,12.53,1241934168.57,1.0,0.96,1.35,False,False,"Stage 2, Messy Stage 2, weekly_vcp_ok, weekly_strong | Failed Stage 2 hold period active.",weekly_forming,60.36,61.36,1146.1,-11.85,"[19.97, 12.8, 11.96]","[6, 6, 2]",0.95,22.0,strong,91
PHOENIXLTD.NS,The Phoenix Mills Limited,Realty,Unknown,Unknown,True,F&O,1,Stage 2,Stage 2,Stage 2,Stage 2,Stage 2,0.76,Advancing structure detected.,,,2026-09-29,,-1.19,23.33,729504901.06,0.86,1.14,0.85,False,True,"Stage 2, Stage 2, daily_vcp_ok, weekly_vcp_ok, weekly_volume_dryup, weekly_strong",weekly_forming,60.01,61.01,2170.72,-10.86,"[17.92, 9.75]","[20, 4]",0.9,30.0,strong,92
NUVOCO.NS,Nuvoco Vistas Corporation Limited,Construction Materials,Unknown,Unknown,False,Cash,1,Not Sure,Stage 2,Pending Stage 2,Pending Stage 2,Not Sure • Pending Stage 2,0.55,Stage 2 pending confirmation: needs 3 raw Stage 2 runs; current count 1.,Stage 2 pending confirmation: needs 3 raw Stage 2 runs; current count 1.,,2025-10-17,Stage 2,13.01,14.33,123385446.17,0.86,0.57,0.59,False,True,"Stage 2, Early Stage 2, weekly_vcp_ok, weekly_volume_dryup, weekly_strong | Stage 2 pending confirmation: needs 3 raw Stage 2 runs; current count 1.",weekly_forming,60.53,60.53,398.7,-15.27,"[23.64, 17.92]","[6, 2]",0.9,17.0,strong,93
DEVYANI.NS,Devyani International Limited,Consumer Services,Unknown,Unknown,False,Cash,1,Stage 2,Stage 2,Early Stage 2,Early Stage 2,Stage 2 • Early Stage 2,0.72,"Price has moved above long-term structure, but the full moving-average stack is not clean yet.",,,2026-09-29,,20.96,29.76,226302432.08,0.41,0.44,0.38,True,True,"Stage 2, Early Stage 2, weekly_vcp_ok, volume_dryup, weekly_volume_dryup, weekly_strong",weekly_forming,59.2,60.2,156.22,-16.6,"[31.34, 33.38, 18.89, 11.85]","[4, 7, 6, 5]",0.73,29.0,strong,94
BAJAJHIND.NS,Bajaj Hindusthan Sugar Limited,Fast Moving Consumer Goods,Unknown,Unknown,False,Cash,1,Stage 2,Stage 2,Early Stage 2,Early Stage 2,Stage 2 • Early Stage 2,0.72,"Price has moved above long-term structure, but the full moving-average stack is not clean yet.",,,2026-09-29,,16.39,12.58,409315327.24,0.42,0.23,0.44,True,True,"Stage 2, Early Stage 2, weekly_vcp_ok, volume_dryup, weekly_volume_dryup, weekly_strong",weekly_forming,59.9,59.9,26.05,-24.98,"[18.84, 18.73]","[2, 6]",0.9,11.0,strong,95
TECHM.NS,Tech Mahindra Limited,Information Technology,Unknown,Unknown,True,F&O,1,Stage 2,Stage 2,Early Stage 2,Early Stage 2,Stage 2 • Early Stage 2,0.72,"Price has moved above long-term structure, but the full moving-average stack is not clean yet.",,,2026-09-29,,15.15,4.83,2617352860.76,0.82,1.57,0.89,True,True,"Stage 2, Early Stage 2, weekly_vcp_ok, volume_dryup, weekly_volume_dryup, weekly_strong",weekly_forming,59.8,59.8,1689.55,-9.8,"[15.42, 11.18]","[2, 6]",0.9,14.0,strong,96
KOTAKBANK.NS,Kotak Mahindra Bank Limited,Financial Services,Unknown,Unknown,True,F&O,1,Stage 2 Failed,Stage 1,Failed Stage 2,Failed Stage 2,Stage 2 Failed • Failed Stage 2,0.72,"This stock was recently Stage 2, but the latest structure no longer satisfies Stage 2 rules. It is kept as Stage 2 Failed until a fresh base/repair structure forms.",Recent Stage 2 break; public stage held as Stage 2 Failed.,2026-09-30,2026-09-29,,16.35,13.8,5221921895.15,1.3,2.53,1.88,False,False,"Stage 1, Stage 1 - Early Turn, stage1_base_ready, weekly_vcp_ok, weekly_strong, stage1_not_actionable | Stage 2 failed state applied from stage memory.",weekly_watchlist,55.81,56.81,429.85,-2.99,"[20.56, 10.97]","[7, 2]",0.9,21.0,strong,97
JSL.NS,Jindal Stainless Limited,Metals & Mining,Unknown,Unknown,False,Cash,1,Stage 1,Stage 1,Stage 1 - Early Turn,Stage 1 - Early Turn,Stage 1 • Stage 1 - Early Turn,0.66,The stock is improving from a repair/base area but has not confirmed a clean Stage 2 yet.,,,2026-02-26,,13.68,2.87,972858227.18,1.58,0.87,1.43,False,False,"Stage 1, Stage 1 - Early Turn, stage1_base_ready, weekly_vcp_ok, weekly_strong, stage1_not_actionable",weekly_watchlist,54.45,55.45,795.39,-6.03,"[18.65, 7.42]","[7, 6]",0.9,19.0,strong,98
RSYSTEMS.NS,R Systems International Limited,Information Technology,Unknown,Unknown,False,Cash,1,Stage 1,Stage 1,Stage 1 - Early Turn,Stage 1 - Early Turn,Stage 1 • Stage 1 - Early Turn,0.66,The stock is improving from a repair/base area but has not confirmed a clean Stage 2 yet.,,,,,33.93,4.92,2056800456.54,4.64,2.81,111.07,False,False,"Stage 1, Stage 1 - Early Turn, weekly_vcp_ok, weekly_strong, stage1_not_actionable, stage1_needs_more_base",weekly_watchlist,53.69,53.69,283.9,-1.41,"[32.16, 28.8]","[3, 13]",0.9,17.0,strong,99
PETRONET.NS,Petronet LNG Limited,"Oil, Gas & Consumable Fuels",Unknown,Unknown,True,F&O,1,Stage 2 Failed,Stage 3,Failed Stage 2,Failed Stage 2,Stage 2 Failed • Failed Stage 2,0.72,"This stock was recently Stage 2, but the latest structure no longer satisfies Stage 2 rules. It is kept as Stage 2 Failed until a fresh base/repair structure forms.",Recent Stage 2 break; public stage held as Stage 2 Failed.,2026-09-30,2026-09-28,,10.07,11.53,452846619.29,1.06,1.37,1.15,False,False,"Stage 3, Stage 3 - Distribution/Damage, weekly_vcp_ok, weekly_strong, distribution_risk | Stage 2 failed state applied from stage memory.",weekly_watchlist,51.06,53.56,301.13,-5.52,"[27.9, 9.27, 9.1]","[4, 2, 5]",0.95,21.0,strong,100
MEDANTA.NS,Global Health Limited,Healthcare,Unknown,Unknown,False,Cash,1,Stage 2,Stage 2,Early Stage 2,Early Stage 2,Stage 2 • Early Stage 2,0.72,"Price has moved above long-term structure, but the full moving-average stack is not clean yet.",,,2026-09-29,,7.89,35.2,376680775.96,0.86,1.69,0.79,False,True,"Stage 2, Early Stage 2, weekly_vcp_ok, weekly_volume_dryup",weekly_forming,48.41,53.41,1546.7,-11.75,"[18.54, 19.64, 9.78]","[3, 6, 3]",0.55,21.0,moderate,101
SAPPHIRE.NS,Sapphire Foods India Limited,Consumer Services,Unknown,Unknown,False,Cash,1,Stage 2 Failed,Not Sure,Failed Stage 2,Failed Stage 2,Stage 2 Failed • Failed Stage 2,0.72,"This stock was recently Stage 2, but the latest structure no longer satisfies Stage 2 rules. It is kept as Stage 2 Failed until a fresh base/repair structure forms.",Recent Stage 2 break; public stage held as Stage 2 Failed.,2026-09-30,2026-09-23,,21.75,32.47,188759975.39,0.54,0.43,0.54,True,True,"Not Sure, Not Sure, weekly_vcp_ok, volume_dryup, weekly_volume_dryup, weekly_strong | Stage 2 failed state applied from stage memory.",weekly_watchlist,52.32,53.32,259.23,-18.19,"[38.88, 23.66, 11.35]","[7, 6, 4]",0.95,23.0,strong,102
ALLCARGO.NS,Allcargo Logistics Limited,Services,Unknown,Unknown,False,Cash,1,Not Sure,Not Sure,Not Sure,Not Sure,Not Sure,0.0,Stage rules did not identify a reliable structure.,No confident stage classification.,,,,31.25,27.1,123790260.25,0.28,0.35,0.29,True,True,"Not Sure, Not Sure, weekly_vcp_ok, volume_dryup, weekly_volume_dryup, weekly_strong",weekly_watchlist,51.63,52.63,13.74,-26.3,"[80.33, 20.43]","[20, 4]",0.9,35.0,strong,103
FIVESTAR.NS,Five-Star Business Finance Limited,Financial Services,Unknown,Unknown,False,Cash,1,Stage 2 Failed,Not Sure,Failed Stage 2,Failed Stage 2,Stage 2 Failed • Failed Stage 2,0.72,"This stock was recently Stage 2, but the latest structure no longer satisfies Stage 2 rules. It is kept as Stage 2 Failed until a fresh base/repair structure forms.",Recent Stage 2 break; public stage held as Stage 2 Failed.,2026-09-30,2026-09-23,,0.46,44.03,360730690.65,1.24,0.9,1.53,False,False,"Not Sure, Not Sure, weekly_vcp_ok, weekly_strong | Stage 2 failed state applied from stage memory.",weekly_watchlist,51.35,52.35,574.52,-10.04,"[49.23, 21.67, 14.65]","[21, 5, 5]",0.95,43.0,strong,104
HLEGLAS.NS,HLE Glascoat Limited,Capital Goods,Unknown,Unknown,False,Cash,1,Stage 1,Stage 1,Stage 1 - Early Turn,Stage 1 - Early Turn,Stage 1 • Stage 1 - Early Turn,0.66,The stock is improving from a repair/base area but has not confirmed a clean Stage 2 yet.,,,2025-11-11,,20.5,56.59,199365518.07,0.87,0.33,0.46,False,True,"Stage 1, Stage 1 - Early Turn, weekly_vcp_ok, weekly_volume_dryup, weekly_strong, stage1_not_actionable, stage1_needs_more_base",weekly_watchlist,49.51,52.01,484.65,-9.34,"[47.15, 25.94]","[12, 11]",0.9,32.0,strong,105
JINDALSTEL.NS,Jindal Steel & Power Limited,Metals & Mining,Unknown,Unknown,True,F&O,1,Stage 2 Failed,Stage 1,Failed Stage 2,Failed Stage 2,Stage 2 Failed • Failed Stage 2,0.72,"This stock was recently Stage 2, but the latest structure no longer satisfies Stage 2 rules. It is kept as Stage 2 Failed until a fresh base/repair structure forms.",Recent Stage 2 break; public stage held as Stage 2 Failed.,2026-09-30,2026-09-25,,14.11,-3.97,820154028.32,1.01,2.03,0.98,False,False,"Stage 1, Stage 1 - Base/Repair, weekly_vcp_ok, weekly_strong, stage1_not_actionable, stage1_needs_more_base | Stage 2 failed state applied from stage memory.",weekly_watchlist,50.81,51.81,1198.49,-5.31,"[22.67, 11.57]","[12, 2]",0.9,20.0,strong,106
RACE.NS,Race Eco Chain Limited,Utilities,Unknown,Unknown,False,Cash,1,Not Sure,Not Sure,Not Sure,Not Sure,Not Sure,0.0,Stage rules did not identify a reliable structure.,No confident stage classification.,,,,11.24,-3.12,12631391.41,4.03,0.34,1.74,False,False,"Not Sure, Not Sure, weekly_vcp_ok, weekly_strong",weekly_watchlist,46.61,51.61,114.58,3.0,"[38.58, 27.25]","[7, 9]",0.9,17.0,strong,107
KOLTEPATIL.NS,Kolte - Patil Developers Limited,Realty,Unknown,Unknown,False,Cash,1,Stage 2,Stage 2,Early Stage 2,Early Stage 2,Stage 2 • Early Stage 2,0.72,"Price has moved above long-term structure, but the full moving-average stack is not clean yet.",,,2026-09-29,,22.9,35.53,49104193.65,0.14,0.26,0.08,True,True,"Stage 2, Early Stage 2, weekly_vcp_ok, volume_dryup, weekly_volume_dryup",weekly_forming,49.94,50.94,555.57,-23.53,"[27.66, 13.97, 14.75]","[13, 3, 3]",0.55,23.0,moderate,108
PNB.NS,Punjab National Bank,Financial Services,Unknown,Unknown,True,F&O,1,Not Sure,Stage 3,Pending Stage 3,Pending Stage 3,Not Sure • Pending Stage 3,0.55,Stage 2 Failed -> Stage 3 needs 3 confirmation runs; current count 1.,Stage 2 Failed -> Stage 3 needs 3 confirmation runs; current count 1.,,2026-09-08,Stage 3,15.21,9.96,1472885141.44,1.07,1.23,0.99,False,False,"Stage 3, Stage 3 - Distribution/Damage, weekly_vcp_ok, weekly_strong, distribution_risk | Stage 2 Failed -> Stage 3 needs 3 confirmation runs; current count 1.",weekly_watchlist,49.52,50.52,119.5,-5.39,"[14.79, 8.85]","[4, 3]",0.9,11.0,strong,109
JMFINANCIL.NS,JM Financial Limited,Financial Services,Unknown,Unknown,False,Cash,1,Not Sure,Not Sure,Not Sure,Not Sure,Not Sure,0.0,Stage rules did not identify a reliable structure.,No confident stage classification.,,,,4.42,7.29,311049317.5,0.8,0.91,0.83,True,True,"Not Sure, Not Sure, weekly_vcp_ok, volume_dryup, weekly_volume_dryup, weekly_strong",weekly_watchlist,49.17,50.17,145.23,-11.16,"[23.38, 22.71, 22.21, 11.66]","[5, 6, 4, 4]",1.0,31.0,strong,110
PVRINOX.NS,PVR INOX Limited,"Media, Entertainment & Publication",Unknown,Unknown,False,Cash,1,Stage 2,Stage 2,Clean Stage 2,Clean Stage 2,Stage 2 • Clean Stage 2,0.9,"Price is above rising key averages, weekly structure is supportive, and the stock is near its 52-week high.",,,2026-09-29,,29.35,30.01,895468148.3,0.9,1.06,0.97,False,False,"Stage 2, Clean Stage 2, trend_template_ok, weekly_vcp_ok",weekly_forming,50.04,50.04,1111.94,11.76,"[26.97, 14.21, 15.84]","[14, 3, 4]",0.55,32.0,moderate,111
CLEAN.NS,Clean Science and Technology Limited,Chemicals,Unknown,Unknown,False,Cash,1,Not Sure,Not Sure,Not Sure,Not Sure,Not Sure,0.0,Stage rules did not identify a reliable structure.,No confident stage classification.,,,,7.48,13.96,270738385.31,0.71,0.76,0.58,True,True,"Not Sure, Not Sure, weekly_vcp_ok, volume_dryup, weekly_volume_dryup, weekly_strong",weekly_watchlist,47.14,49.64,873.3,-9.04,"[18.7, 16.26]","[2, 4]",0.9,11.0,strong,112
BRIGADE.NS,Brigade Enterprises Limited,Realty,Unknown,Unknown,False,Cash,1,Stage 2 Failed,Not Sure,Failed Stage 2,Failed Stage 2,Stage 2 Failed • Failed Stage 2,0.72,"This stock was recently Stage 2, but the latest structure no longer satisfies Stage 2 rules. It is kept as Stage 2 Failed until a fresh base/repair structure forms.",Recent Stage 2 break; public stage held as Stage 2 Failed.,2026-09-30,2026-09-23,,14.22,10.01,437741758.05,0.55,0.88,0.53,True,True,"Not Sure, Not Sure, weekly_vcp_ok, volume_dryup, weekly_volume_dryup, weekly_strong | Stage 2 failed state applied from stage memory.",weekly_watchlist,48.22,49.22,736.29,-21.87,"[33.59, 21.99]","[11, 5]",0.9,22.0,strong,113
BECTORFOOD.NS,Mrs. Bectors Food Specialities Limited,Fast Moving Consumer Goods,Unknown,Unknown,False,Cash,1,Stage 2 Failed,Not Sure,Failed Stage 2,Failed Stage 2,Stage 2 Failed • Failed Stage 2,0.72,"This stock was recently Stage 2, but the latest structure no longer satisfies Stage 2 rules. It is kept as Stage 2 Failed until a fresh base/repair structure forms.",Recent Stage 2 break; public stage held as Stage 2 Failed.,2026-09-30,2026-09-21,,23.76,8.68,233187645.5,0.39,0.68,0.12,True,True,"Not Sure, Not Sure, weekly_vcp_ok, volume_dryup, weekly_volume_dryup, weekly_strong | Stage 2 failed state applied from stage memory.",weekly_watchlist,49.04,49.04,265.51,-22.13,"[32.13, 22.71]","[6, 12]",0.9,23.0,strong,114
WHIRLPOOL.NS,Whirlpool of India Limited,Consumer Durables,Unknown,Unknown,False,Cash,1,Not Sure,Not Sure,Not Sure,Not Sure,Not Sure,0.0,Stage rules did not identify a reliable structure.,No confident stage classification.,,2025-11-07,,18.64,7.76,2639382392.58,3.8,1.49,6.59,False,False,"Not Sure, Not Sure, weekly_vcp_ok, weekly_strong",weekly_watchlist,48.44,48.44,855.09,4.11,"[25.81, 9.81]","[6, 7]",0.9,16.0,strong,115
HSCL.NS,Himadri Speciality Chemical Limited,Chemicals,Unknown,Unknown,False,Cash,1,Stage 2 Failed,Stage 3,Failed Stage 2,Failed Stage 2,Stage 2 Failed • Failed Stage 2,0.72,"This stock was recently Stage 2, but the latest structure no longer satisfies Stage 2 rules. It is kept as Stage 2 Failed until a fresh base/repair structure forms.",Recent Stage 2 break; public stage held as Stage 2 Failed.,2026-09-30,2026-09-14,,5.87,47.51,1489000783.94,0.35,0.35,0.26,True,True,"Stage 3, Stage 3 - Distribution/Damage, weekly_vcp_ok, volume_dryup, weekly_volume_dryup, weekly_strong, distribution_risk | Stage 2 failed state applied from stage memory.",weekly_watchlist,45.14,47.64,820.93,-17.44,"[17.55, 9.47]","[2, 9]",0.9,15.0,strong,116
YESBANK.NS,Yes Bank Limited,Financial Services,Unknown,Unknown,True,F&O,1,Not Sure,Not Sure,Not Sure,Not Sure,Not Sure,0.0,Stage rules did not identify a reliable structure.,No confident stage classification.,,2026-08-17,,-6.84,14.26,1745085215.44,1.26,1.38,1.59,False,False,"Not Sure, Not Sure, weekly_vcp_ok, weekly_strong",weekly_watchlist,46.54,47.54,25.83,-18.88,"[28.3, 15.36]","[10, 11]",0.9,32.0,strong,117
TEJASNET.NS,Tejas Networks Limited,Telecommunication,Unknown,Unknown,False,Cash,1,Stage 2 Failed,Stage 1,Failed Stage 2,Failed Stage 2,Stage 2 Failed • Failed Stage 2,0.72,"This stock was recently Stage 2, but the latest structure no longer satisfies Stage 2 rules. It is kept as Stage 2 Failed until a fresh base/repair structure forms.",Recent Stage 2 break; public stage held as Stage 2 Failed.,2026-09-30,2026-09-25,,-7.9,14.81,1841610406.71,0.36,0.23,0.34,True,True,"Stage 1, Stage 1 - Base/Repair, weekly_vcp_ok, volume_dryup, weekly_volume_dryup, weekly_strong, stage1_not_actionable, stage1_needs_more_base | Stage 2 failed state applied from stage memory.",weekly_watchlist,42.49,47.49,645.88,-24.72,"[27.73, 12.06]","[4, 11]",0.9,20.0,strong,118
POLYMED.NS,Poly Medicure Limited,Healthcare,Unknown,Unknown,False,Cash,1,Stage 2 Failed,Stage 3,Failed Stage 2,Failed Stage 2,Stage 2 Failed • Failed Stage 2,0.72,"This stock was recently Stage 2, but the latest structure no longer satisfies Stage 2 rules. It is kept as Stage 2 Failed until a fresh base/repair structure forms.",Recent Stage 2 break; public stage held as Stage 2 Failed.,2026-09-30,2026-09-25,,6.17,19.37,183788509.44,0.7,0.86,0.87,True,True,"Stage 3, Stage 3 - Transition, weekly_vcp_ok, volume_dryup, weekly_volume_dryup, weekly_strong, distribution_risk | Stage 2 failed state applied from stage memory.",weekly_watchlist,42.35,47.35,1913.13,-12.51,"[43.56, 23.98]","[20, 3]",0.9,29.0,strong,119
SCHAEFFLER.NS,Schaeffler India Limited,Automobile and Auto Components,Unknown,Unknown,False,Cash,1,Stage 1,Stage 1,Stage 1 - Base/Repair,Stage 1 - Base/Repair,Stage 1 • Stage 1 - Base/Repair,0.7,Price is near long-term moving averages with no strong long-term downtrend signal.,,,2026-07-29,,1.01,4.72,202319092.89,1.05,1.25,0.84,False,True,"Stage 1, Stage 1 - Base/Repair, weekly_vcp_ok, weekly_volume_dryup, weekly_strong, stage1_not_actionable, stage1_needs_more_base",weekly_watchlist,44.57,47.07,4445.0,-12.33,"[19.85, 17.39, 14.26, 10.81]","[11, 5, 6, 4]",1.0,37.0,strong,120
APOLLOHOSP.NS,Apollo Hospitals Enterprise Limited,Healthcare,Unknown,Unknown,True,F&O,1,Stage 2 Failed,Stage 1,Failed Stage 2,Failed Stage 2,Stage 2 Failed • Failed Stage 2,0.72,"This stock was recently Stage 2, but the latest structure no longer satisfies Stage 2 rules. It is kept as Stage 2 Failed until a fresh base/repair structure forms.",Recent Stage 2 break; public stage held as Stage 2 Failed.,2026-09-30,2026-09-28,,-1.23,10.29,3477839400.3,1.49,7.27,2.5,False,False,"Stage 1, Stage 1 - Base/Repair, weekly_vcp_ok, weekly_strong, stage1_not_actionable, stage1_needs_more_base | Stage 2 failed state applied from stage memory.",weekly_watchlist,41.91,46.91,9039.48,-9.67,"[10.57, 10.04]","[2, 4]",0.9,11.0,strong,121
KKCL.NS,Kewal Kiran Clothing Limited,Textiles,Unknown,Unknown,False,Cash,1,Stage 2 Failed,Stage 1,Failed Stage 2,Failed Stage 2,Stage 2 Failed • Failed Stage 2,0.72,"This stock was recently Stage 2, but the latest structure no longer satisfies Stage 2 rules. It is kept as Stage 2 Failed until a fresh base/repair structure forms.",Recent Stage 2 break; public stage held as Stage 2 Failed.,2026-09-30,2026-09-18,,-2.29,0.26,14366051.02,0.52,0.25,0.63,True,True,"Stage 1, Stage 1 - Unclear/Repair, weekly_vcp_ok, volume_dryup, weekly_volume_dryup, weekly_strong, stage1_not_actionable, stage1_needs_more_base | Stage 2 failed state applied from stage memory.",weekly_watchlist,41.8,46.8,569.04,-19.1,"[26.01, 15.49]","[6, 5]",0.9,17.0,strong,122
SUNPHARMA.NS,Sun Pharmaceutical Industries Limited,Healthcare,Unknown,Unknown,True,F&O,1,Stage 2 Failed,Stage 3,Failed Stage 2,Failed Stage 2,Stage 2 Failed • Failed Stage 2,0.72,"This stock was recently Stage 2, but the latest structure no longer satisfies Stage 2 rules. It is kept as Stage 2 Failed until a fresh base/repair structure forms.",Recent Stage 2 break; public stage held as Stage 2 Failed.,2026-09-30,2026-09-10,,2.02,4.72,2734257871.27,0.94,1.61,0.96,False,False,"Stage 3, Stage 3 - Distribution/Damage, weekly_vcp_ok, weekly_strong, distribution_risk | Stage 2 failed state applied from stage memory.",weekly_watchlist,41.57,46.57,2050.48,-11.41,"[12.34, 12.45, 8.34]","[3, 6, 2]",0.95,21.0,strong,123
VSTTILLERS.NS,V.S.T Tillers Tractors Limited,Capital Goods,Unknown,Unknown,False,Cash,1,Stage 4,Stage 4,Stage 4 - Weak/Declining,Stage 4 - Weak/Declining,Stage 4 • Stage 4 - Weak/Declining,0.72,Price is below long-term support with weak trend evidence.,,,2026-02-26,,4.43,-13.17,39350264.13,1.27,0.88,1.32,False,False,"Stage 4, Stage 4 - Weak/Declining, weekly_vcp_ok, weekly_strong, downtrend",weekly_watchlist,43.8,46.3,4687.98,-6.36,"[25.82, 21.42]","[6, 9]",0.9,16.0,strong,124
LICHSGFIN.NS,LIC Housing Finance Limited,Financial Services,Unknown,Unknown,True,F&O,1,Stage 2,Stage 2,Clean Stage 2,Clean Stage 2,Stage 2 • Clean Stage 2,0.9,"Price is above rising key averages, weekly structure is supportive, and the stock is near its 52-week high.",,,2026-09-29,,5.34,4.16,1986385942.78,1.01,1.53,1.01,False,False,"Stage 2, Clean Stage 2, weekly_vcp_ok",weekly_forming,45.05,46.05,586.43,-9.59,"[16.78, 12.48, 13.24]","[4, 3, 10]",0.55,26.0,moderate,125
ASTERDM.NS,Aster DM Healthcare Limited,Healthcare,Unknown,Unknown,False,Cash,1,Stage 2 Failed,Stage 1,Failed Stage 2,Failed Stage 2,Stage 2 Failed • Failed Stage 2,0.72,"This stock was recently Stage 2, but the latest structure no longer satisfies Stage 2 rules. It is kept as Stage 2 Failed until a fresh base/repair structure forms.",Recent Stage 2 break; public stage held as Stage 2 Failed.,2026-09-30,2026-09-15,,-5.13,5.02,941834439.16,0.48,0.54,0.7,True,True,"Stage 1, Stage 1 - Base/Repair, weekly_vcp_ok, volume_dryup, weekly_volume_dryup, weekly_strong, stage1_not_actionable, stage1_needs_more_base | Stage 2 failed state applied from stage memory.",weekly_watchlist,41.0,46.0,892.86,-21.92,"[17.69, 17.31]","[4, 4]",0.9,11.0,strong,126
DATAMATICS.NS,Datamatics Global Services Limited,Information Technology,Unknown,Unknown,False,Cash,1,Stage 2,Stage 2,Stage 2,Stage 2,Stage 2,0.76,Advancing structure detected.,Stage 2 reclaimed after 3 confirmation runs.,,2026-09-29,,3.5,14.97,129386826.15,0.98,1.2,1.33,False,False,"Stage 2, Stage 2, weekly_vcp_ok",weekly_forming,45.95,45.95,913.71,-11.84,"[26.65, 28.51, 11.94]","[5, 6, 18]",0.55,37.0,moderate,127
PRINCEPIPE.NS,Prince Pipes And Fittings Limited,Capital Goods,Unknown,Unknown,False,Cash,1,Stage 2 Failed,Stage 1,Failed Stage 2,Failed Stage 2,Stage 2 Failed • Failed Stage 2,0.72,"This stock was recently Stage 2, but the latest structure no longer satisfies Stage 2 rules. It is kept as Stage 2 Failed until a fresh base/repair structure forms.",Recent Stage 2 break; public stage held as Stage 2 Failed.,2026-09-30,2026-09-10,,1.03,11.67,35583213.05,0.51,0.35,0.39,True,True,"Stage 1, Stage 1 - Unclear/Repair, weekly_vcp_ok, volume_dryup, weekly_volume_dryup, weekly_strong, stage1_not_actionable, stage1_needs_more_base | Stage 2 failed state applied from stage memory.",weekly_watchlist,43.07,45.57,301.97,-15.31,"[27.38, 15.02]","[7, 9]",0.9,23.0,strong,128
ASHOKLEY.NS,Ashok Leyland Limited,Capital Goods,Unknown,Unknown,True,F&O,1,Stage 1,Stage 1,Stage 1 - Base/Repair,Stage 1 - Base/Repair,Stage 1 • Stage 1 - Base/Repair,0.7,Price is near long-term moving averages with no strong long-term downtrend signal.,,,2026-09-07,,-0.38,1.25,1787105118.8,0.73,1.59,0.85,True,True,"Stage 1, Stage 1 - Base/Repair, weekly_vcp_ok, volume_dryup, weekly_volume_dryup, weekly_strong, stage1_not_actionable, stage1_needs_more_base",weekly_watchlist,42.99,45.49,183.02,-15.75,"[33.56, 22.61, 11.91]","[7, 7, 3]",0.95,23.0,strong,129
NAUKRI.NS,Info Edge (India) Limited,Consumer Services,Unknown,Unknown,True,F&O,1,Stage 2 Failed,Stage 3,Failed Stage 2,Failed Stage 2,Stage 2 Failed • Failed Stage 2,0.72,"This stock was recently Stage 2, but the latest structure no longer satisfies Stage 2 rules. It is kept as Stage 2 Failed until a fresh base/repair structure forms.",Recent Stage 2 break; public stage held as Stage 2 Failed.,2026-09-30,2026-09-23,,25.03,21.73,1662536103.03,0.92,1.24,0.95,False,False,"Stage 3, Stage 3 - Transition, weekly_vcp_ok, weekly_strong, distribution_risk | Stage 2 failed state applied from stage memory.",weekly_watchlist,44.48,45.48,1393.43,-12.48,"[33.52, 15.97]","[15, 5]",0.9,25.0,strong,130
EICHERMOT.NS,Eicher Motors Limited,Automobile and Auto Components,Unknown,Unknown,True,F&O,1,Stage 2 Failed,Stage 1,Failed Stage 2,Failed Stage 2,Stage 2 Failed • Failed Stage 2,0.72,"This stock was recently Stage 2, but the latest structure no longer satisfies Stage 2 rules. It is kept as Stage 2 Failed until a fresh base/repair structure forms.",Recent Stage 2 break; public stage held as Stage 2 Failed.,2026-09-30,2026-09-23,,3.5,8.08,2604177022.05,0.78,1.09,0.89,True,True,"Stage 1, Stage 1 - Base/Repair, weekly_vcp_ok, volume_dryup, weekly_volume_dryup, weekly_strong, stage1_not_actionable, stage1_needs_more_base | Stage 2 failed state applied from stage memory.",weekly_watchlist,42.96,45.46,8179.29,-12.58,"[11.5, 9.19]","[4, 6]",0.9,19.0,strong,131
BEL.NS,Bharat Electronics Limited,Capital Goods,Unknown,Unknown,True,F&O,1,Stage 1,Stage 1,Stage 1 - Unclear/Repair,Stage 1 - Unclear/Repair,Stage 1 • Stage 1 - Unclear/Repair,0.58,Not enough evidence for Stage 2 or Stage 4; classified as repair/unclear structure.,,,2026-04-29,,-1.83,-10.4,3790817333.71,0.83,1.01,0.88,True,True,"Stage 1, Stage 1 - Unclear/Repair, weekly_vcp_ok, volume_dryup, weekly_volume_dryup, weekly_strong, stage1_not_actionable, stage1_needs_more_base",weekly_watchlist,42.9,45.4,435.17,-10.77,"[15.65, 14.08, 12.14]","[4, 7, 5]",0.95,21.0,strong,132
INGERRAND.NS,Ingersoll Rand (India) Limited,Capital Goods,Unknown,Unknown,False,Cash,1,Stage 2 Failed,Stage 1,Failed Stage 2,Failed Stage 2,Stage 2 Failed • Failed Stage 2,0.72,"This stock was recently Stage 2, but the latest structure no longer satisfies Stage 2 rules. It is kept as Stage 2 Failed until a fresh base/repair structure forms.",Recent Stage 2 break; public stage held as Stage 2 Failed.,2026-09-30,2026-09-16,,0.26,10.71,89483226.47,0.76,1.08,0.46,True,True,"Stage 1, Stage 1 - Base/Repair, weekly_vcp_ok, volume_dryup, weekly_volume_dryup, weekly_strong, stage1_not_actionable, stage1_needs_more_base | Stage 2 failed state applied from stage memory.",weekly_watchlist,42.9,45.4,4963.67,-16.51,"[19.65, 10.59]","[4, 4]",0.9,14.0,strong,133
CHALET.NS,Chalet Hotels Limited,Consumer Services,Unknown,Unknown,False,Cash,1,Stage 2 Failed,Not Sure,Failed Stage 2,Failed Stage 2,Stage 2 Failed • Failed Stage 2,0.72,"This stock was recently Stage 2, but the latest structure no longer satisfies Stage 2 rules. It is kept as Stage 2 Failed until a fresh base/repair structure forms.",Recent Stage 2 break; public stage held as Stage 2 Failed.,2026-09-30,2026-09-29,,9.13,13.23,143372031.6,1.32,0.58,1.78,False,False,"Not Sure, Not Sure, weekly_vcp_ok, weekly_strong | Stage 2 failed state applied from stage memory.",weekly_watchlist,44.37,45.37,940.52,-10.13,"[24.36, 10.25, 11.07, 10.27]","[8, 3, 2, 2]",0.73,25.0,strong,134
M&MFIN.NS,Mahindra & Mahindra Financial Services Limited,Financial Services,Unknown,Unknown,False,Cash,1,Stage 2 Failed,Stage 1,Failed Stage 2,Failed Stage 2,Stage 2 Failed • Failed Stage 2,0.72,"This stock was recently Stage 2, but the latest structure no longer satisfies Stage 2 rules. It is kept as Stage 2 Failed until a fresh base/repair structure forms.",Recent Stage 2 break; public stage held as Stage 2 Failed.,2026-09-30,2026-09-22,,6.91,18.4,610878502.02,0.61,0.54,0.35,True,True,"Stage 1, Stage 1 - Base/Repair, weekly_vcp_ok, volume_dryup, weekly_volume_dryup, weekly_strong, stage1_not_actionable, stage1_needs_more_base | Stage 2 failed state applied from stage memory.",weekly_watchlist,44.33,45.33,415.73,-21.86,"[31.31, 19.55]","[8, 5]",0.9,17.0,strong,135
UNIONBANK.NS,Union Bank of India,Financial Services,Unknown,Unknown,True,F&O,1,Stage 2 Failed,Stage 1,Failed Stage 2,Failed Stage 2,Stage 2 Failed • Failed Stage 2,0.72,"This stock was recently Stage 2, but the latest structure no longer satisfies Stage 2 rules. It is kept as Stage 2 Failed until a fresh base/repair structure forms.",Recent Stage 2 break; public stage held as Stage 2 Failed.,2026-09-30,2026-09-25,,12.96,1.13,1415634381.77,0.86,2.18,1.07,False,False,"Stage 1, Stage 1 - Base/Repair, weekly_vcp_ok, weekly_strong, stage1_not_actionable, stage1_needs_more_base | Stage 2 failed state applied from stage memory.",weekly_watchlist,44.31,45.31,192.67,-11.25,"[20.64, 20.76, 11.02]","[5, 4, 3]",0.95,19.0,strong,136
RAJRATAN.NS,Rajratan Global Wire Limited,Automobile and Auto Components,Unknown,Unknown,False,Cash,1,Stage 2 Failed,Stage 3,Failed Stage 2,Failed Stage 2,Stage 2 Failed • Failed Stage 2,0.72,"This stock was recently Stage 2, but the latest structure no longer satisfies Stage 2 rules. It is kept as Stage 2 Failed until a fresh base/repair structure forms.",Recent Stage 2 break; public stage held as Stage 2 Failed.,2026-09-30,2026-09-29,,5.99,24.04,62215869.88,0.92,0.33,0.21,False,True,"Stage 3, Stage 3 - Transition, weekly_vcp_ok, weekly_volume_dryup, weekly_strong, distribution_risk | Stage 2 failed state applied from stage memory.",weekly_watchlist,42.8,45.3,564.94,-18.29,"[40.02, 15.01]","[12, 2]",0.9,19.0,strong,137
PAGEIND.NS,Page Industries Limited,Textiles,Unknown,Unknown,True,F&O,1,Stage 3,Stage 3,Stage 3 - Distribution/Damage,Stage 3 - Distribution/Damage,Stage 3 • Stage 3 - Distribution/Damage,0.76,"Prior strength exists, but short-term and/or weekly structure is deteriorating.",,,2026-08-05,,-7.14,4.4,815605884.75,1.02,3.99,1.2,False,False,"Stage 3, Stage 3 - Distribution/Damage, weekly_vcp_ok, weekly_strong, distribution_risk",weekly_watchlist,39.8,44.8,43690.53,-16.72,"[17.58, 9.82]","[6, 3]",0.9,14.0,strong,138
CHOLAFIN.NS,Cholamandalam Investment and Finance Company Limited,Financial Services,Unknown,Unknown,True,F&O,1,Stage 2 Failed,Stage 1,Failed Stage 2,Failed Stage 2,Stage 2 Failed • Failed Stage 2,0.72,"This stock was recently Stage 2, but the latest structure no longer satisfies Stage 2 rules. It is kept as Stage 2 Failed until a fresh base/repair structure forms.",Recent Stage 2 break; public stage held as Stage 2 Failed.,2026-09-30,2026-09-23,,-5.62,13.24,2591185529.06,1.27,1.46,1.67,False,False,"Stage 1, Stage 1 - Base/Repair, weekly_vcp_ok, weekly_strong, stage1_not_actionable, stage1_needs_more_base | Stage 2 failed state applied from stage memory.",weekly_watchlist,43.66,44.66,1955.92,-17.17,"[26.86, 16.73, 11.41]","[7, 4, 2]",0.95,23.0,strong,139
MRPL.NS,Mangalore Refinery and Petrochemicals Limited,"Oil, Gas & Consumable Fuels",Unknown,Unknown,False,Cash,1,Stage 2 Failed,Stage 3,Failed Stage 2,Failed Stage 2,Stage 2 Failed • Failed Stage 2,0.72,"This stock was recently Stage 2, but the latest structure no longer satisfies Stage 2 rules. It is kept as Stage 2 Failed until a fresh base/repair structure forms.",Recent Stage 2 break; public stage held as Stage 2 Failed.,2026-09-30,2026-09-29,,19.18,-6.89,2011150990.14,0.86,3.13,1.32,False,False,"Stage 3, Stage 3 - Distribution/Damage, weekly_vcp_ok, weekly_strong, distribution_risk | Stage 2 failed state applied from stage memory.",weekly_watchlist,42.13,44.63,212.37,-20.29,"[26.48, 26.55, 15.74]","[8, 4, 3]",0.95,33.0,strong,140
EQUITASBNK.NS,Equitas Small Finance Bank Limited,Financial Services,Unknown,Unknown,False,Cash,1,Stage 1,Stage 1,Stage 1 - Base/Repair,Stage 1 - Base/Repair,Stage 1 • Stage 1 - Base/Repair,0.7,Price is near long-term moving averages with no strong long-term downtrend signal.,,,2026-08-31,,-4.3,22.19,125223319.56,0.98,1.03,1.21,False,False,"Stage 1, Stage 1 - Base/Repair, weekly_vcp_ok, weekly_strong, stage1_not_actionable, stage1_needs_more_base",weekly_watchlist,43.59,44.59,84.05,-17.99,"[30.18, 5.35]","[10, 12]",0.9,27.0,strong,141
HINDZINC.NS,Hindustan Zinc Limited,Metals & Mining,Unknown,Unknown,True,F&O,1,Stage 2 Failed,Stage 1,Failed Stage 2,Failed Stage 2,Stage 2 Failed • Failed Stage 2,0.72,"This stock was recently Stage 2, but the latest structure no longer satisfies Stage 2 rules. It is kept as Stage 2 Failed until a fresh base/repair structure forms.",Recent Stage 2 break; public stage held as Stage 2 Failed.,2026-09-30,2026-09-25,,11.55,5.68,2442664885.95,0.75,0.49,0.68,True,True,"Stage 1, Stage 1 - Base/Repair, weekly_vcp_ok, volume_dryup, weekly_volume_dryup, weekly_strong, stage1_not_actionable, stage1_needs_more_base | Stage 2 failed state applied from stage memory.",weekly_watchlist,43.52,44.52,679.44,-16.7,"[33.97, 24.08]","[8, 9]",0.9,24.0,strong,142
KSB.NS,Ksb Limited,Capital Goods,Unknown,Unknown,False,Cash,1,Stage 1,Stage 1,Stage 1 - Base/Repair,Stage 1 - Base/Repair,Stage 1 • Stage 1 - Base/Repair,0.7,Price is near long-term moving averages with no strong long-term downtrend signal.,,,2026-08-04,,-1.61,2.0,344333982.71,2.54,29.57,7.87,False,False,"Stage 1, Stage 1 - Base/Repair, weekly_vcp_ok, weekly_strong, stage1_not_actionable, stage1_needs_more_base",weekly_watchlist,41.84,44.34,975.55,-12.24,"[26.7, 20.18]","[5, 6]",0.9,15.0,strong,143
SHRIRAMFIN.NS,Shriram Finance Ltd.,Financial Services,Unknown,Unknown,True,F&O,1,Stage 2 Failed,Stage 1,Failed Stage 2,Failed Stage 2,Stage 2 Failed • Failed Stage 2,0.72,"This stock was recently Stage 2, but the latest structure no longer satisfies Stage 2 rules. It is kept as Stage 2 Failed until a fresh base/repair structure forms.",Recent Stage 2 break; public stage held as Stage 2 Failed.,2026-09-30,2026-09-10,,-0.69,4.9,3963466412.56,0.92,1.45,1.05,False,False,"Stage 1, Stage 1 - Base/Repair, weekly_vcp_ok, weekly_strong, stage1_not_actionable, stage1_needs_more_base | Stage 2 failed state applied from stage memory.",weekly_watchlist,43.32,44.32,1155.72,-14.97,"[22.07, 17.28, 8.68]","[5, 7, 2]",0.95,21.0,strong,144
ASTRAL.NS,Astral Limited,Capital Goods,Unknown,Unknown,True,F&O,1,Stage 1,Stage 1,Stage 1 - Unclear/Repair,Stage 1 - Unclear/Repair,Stage 1 • Stage 1 - Unclear/Repair,0.58,Not enough evidence for Stage 2 or Stage 4; classified as repair/unclear structure.,,,2026-05-06,,5.62,-12.43,815578436.06,0.53,0.28,0.48,True,True,"Stage 1, Stage 1 - Unclear/Repair, weekly_vcp_ok, volume_dryup, weekly_volume_dryup, weekly_strong, stage1_not_actionable, stage1_needs_more_base",weekly_watchlist,41.8,44.3,1612.26,-15.0,"[19.06, 18.78]","[10, 6]",0.9,17.0,strong,145
ATUL.NS,Atul Limited,Chemicals,Unknown,Unknown,False,Cash,1,Stage 1,Stage 1,Stage 1 - Unclear/Repair,Stage 1 - Unclear/Repair,Stage 1 • Stage 1 - Unclear/Repair,0.58,Not enough evidence for Stage 2 or Stage 4; classified as repair/unclear structure.,,,2026-07-03,,-1.18,-5.59,175651114.95,0.63,2.24,0.6,True,True,"Stage 1, Stage 1 - Unclear/Repair, weekly_vcp_ok, volume_dryup, weekly_volume_dryup, weekly_strong, stage1_not_actionable, stage1_needs_more_base",weekly_watchlist,41.8,44.3,7157.27,-17.35,"[13.42, 13.08]","[5, 2]",0.9,23.0,strong,146
IKS.NS,Inventurus Knowledge Solutions Ltd.,Information Technology,Unknown,Unknown,False,Cash,1,Stage 2 Failed,Stage 1,Failed Stage 2,Failed Stage 2,Stage 2 Failed • Failed Stage 2,0.72,"This stock was recently Stage 2, but the latest structure no longer satisfies Stage 2 rules. It is kept as Stage 2 Failed until a fresh base/repair structure forms.",Recent Stage 2 break; public stage held as Stage 2 Failed.,2026-09-30,2026-09-25,,-0.1,22.48,407724159.61,1.82,0.79,1.21,False,False,"Stage 1, Stage 1 - Base/Repair, weekly_vcp_ok, weekly_strong, stage1_not_actionable, stage1_needs_more_base | Stage 2 failed state applied from stage memory.",weekly_watchlist,44.04,44.04,1936.38,-9.75,"[28.8, 12.76]","[6, 4]",0.9,25.0,strong,147
HOMEFIRST.NS,Home First Finance Company India Limited,Financial Services,Unknown,Unknown,False,Cash,1,Stage 2 Failed,Stage 1,Failed Stage 2,Failed Stage 2,Stage 2 Failed • Failed Stage 2,0.72,"This stock was recently Stage 2, but the latest structure no longer satisfies Stage 2 rules. It is kept as Stage 2 Failed until a fresh base/repair structure forms.",Recent Stage 2 break; public stage held as Stage 2 Failed.,2026-09-30,2026-09-23,,-0.45,12.12,324073642.35,1.65,1.17,1.39,False,False,"Stage 1, Stage 1 - Base/Repair, weekly_vcp_ok, weekly_strong, stage1_not_actionable, stage1_needs_more_base | Stage 2 failed state applied from stage memory.",weekly_watchlist,42.97,43.97,1291.86,-14.48,"[29.07, 17.41]","[5, 5]",0.9,15.0,strong,148
BAJFINANCE.NS,Bajaj Finance Limited,Financial Services,Unknown,Unknown,True,F&O,1,Stage 2 Failed,Stage 1,Failed Stage 2,Failed Stage 2,Stage 2 Failed • Failed Stage 2,0.72,"This stock was recently Stage 2, but the latest structure no longer satisfies Stage 2 rules. It is kept as Stage 2 Failed until a fresh base/repair structure forms.",Recent Stage 2 break; public stage held as Stage 2 Failed.,2026-09-30,2026-09-29,,0.03,11.59,6121659091.94,1.03,1.21,1.19,False,False,"Stage 1, Stage 1 - Base/Repair, weekly_vcp_ok, weekly_strong, stage1_not_actionable, stage1_needs_more_base | Stage 2 failed state applied from stage memory.",weekly_watchlist,42.96,43.96,1178.46,-18.59,"[24.67, 13.28]","[4, 4]",0.9,14.0,strong,149
IGIL.NS,International Gemmological Institute (India) Ltd.,Services,Unknown,Unknown,False,Cash,1,Stage 1,Stage 1,Stage 1 - Base/Repair,Stage 1 - Base/Repair,Stage 1 • Stage 1 - Base/Repair,0.7,Price is near long-term moving averages with no strong long-term downtrend signal.,,,2026-07-09,,-3.77,-1.03,178958477.07,1.11,1.07,0.77,False,True,"Stage 1, Stage 1 - Base/Repair, weekly_vcp_ok, weekly_volume_dryup, weekly_strong, stage1_not_actionable, stage1_needs_more_base",weekly_watchlist,42.9,43.9,385.39,-18.03,"[16.75, 15.84, 10.52]","[5, 4, 25]",0.95,44.0,strong,150
ICICIBANK.NS,ICICI Bank Limited,Financial Services,Unknown,Unknown,True,F&O,1,Stage 2 Failed,Stage 1,Failed Stage 2,Failed Stage 2,Stage 2 Failed • Failed Stage 2,0.72,"This stock was recently Stage 2, but the latest structure no longer satisfies Stage 2 rules. It is kept as Stage 2 Failed until a fresh base/repair structure forms.",Recent Stage 2 break; public stage held as Stage 2 Failed.,2026-09-30,2026-09-17,,0.21,5.72,11958393600.34,0.9,1.64,1.11,False,False,"Stage 1, Stage 1 - Unclear/Repair, weekly_vcp_ok, weekly_strong, stage1_not_actionable, stage1_needs_more_base | Stage 2 failed state applied from stage memory.",weekly_watchlist,42.39,43.39,1467.63,-9.94,"[17.21, 12.88]","[7, 6]",0.9,16.0,strong,151
LTFOODS.NS,LT Foods Ltd.,Fast Moving Consumer Goods,Unknown,Unknown,False,Cash,1,Stage 2 Failed,Stage 1,Failed Stage 2,Failed Stage 2,Stage 2 Failed • Failed Stage 2,0.72,"This stock was recently Stage 2, but the latest structure no longer satisfies Stage 2 rules. It is kept as Stage 2 Failed until a fresh base/repair structure forms.",Recent Stage 2 break; public stage held as Stage 2 Failed.,2026-09-30,2026-09-28,,12.67,3.03,184576871.98,0.23,0.18,0.22,True,True,"Stage 1, Stage 1 - Base/Repair, weekly_vcp_ok, volume_dryup, weekly_volume_dryup, weekly_strong, stage1_not_actionable, stage1_needs_more_base | Stage 2 failed state applied from stage memory.",weekly_watchlist,43.37,43.37,490.39,-18.35,"[23.91, 17.24]","[4, 5]",0.9,14.0,strong,152
DIXON.NS,Dixon Technologies (India) Limited,Consumer Durables,Unknown,Unknown,True,F&O,1,Stage 3,Stage 3,Stage 3 - Transition,Stage 3 - Transition,Stage 3 • Stage 3 - Transition,0.62,"The structure is transitioning after prior strength, but it is not yet a confirmed Stage 4 decline.",,,2026-09-08,,5.34,28.3,4407954264.57,0.89,0.76,0.92,False,False,"Stage 3, Stage 3 - Transition, weekly_vcp_ok, weekly_strong, distribution_risk",weekly_watchlist,43.16,43.16,15014.7,-12.75,"[37.65, 18.97]","[10, 7]",0.9,19.0,strong,153
BHARTIHEXA.NS,Bharti Hexacom Ltd.,Telecommunication,Unknown,Unknown,False,Cash,1,Stage 4,Stage 4,Stage 4 - Weak/Declining,Stage 4 - Weak/Declining,Stage 4 • Stage 4 - Weak/Declining,0.72,Price is below long-term support with weak trend evidence.,,,2026-01-05,,4.98,-6.7,128067666.87,0.87,1.33,0.74,False,True,"Stage 4, Stage 4 - Weak/Declining, weekly_vcp_ok, weekly_volume_dryup, weekly_strong, downtrend",weekly_watchlist,38.0,43.0,1662.74,-14.33,"[17.69, 17.44, 11.89, 10.97]","[4, 7, 6, 2]",1.0,32.0,strong,154
ABCAPITAL.NS,Aditya Birla Capital Limited,Financial Services,Unknown,Unknown,True,F&O,1,Stage 2 Failed,Stage 3,Failed Stage 2,Failed Stage 2,Stage 2 Failed • Failed Stage 2,0.72,"This stock was recently Stage 2, but the latest structure no longer satisfies Stage 2 rules. It is kept as Stage 2 Failed until a fresh base/repair structure forms.",Recent Stage 2 break; public stage held as Stage 2 Failed.,2026-09-30,2026-09-24,,-0.31,22.06,970357938.45,0.95,1.28,1.04,False,False,"Stage 3, Stage 3 - Transition, weekly_vcp_ok, weekly_strong, distribution_risk | Stage 2 failed state applied from stage memory.",weekly_watchlist,41.97,42.97,431.45,-11.79,"[22.02, 10.95]","[16, 5]",0.9,26.0,strong,155
MANAPPURAM.NS,Manappuram Finance Limited,Financial Services,Unknown,Unknown,True,F&O,1,Stage 2 Failed,Stage 3,Failed Stage 2,Failed Stage 2,Stage 2 Failed • Failed Stage 2,0.72,"This stock was recently Stage 2, but the latest structure no longer satisfies Stage 2 rules. It is kept as Stage 2 Failed until a fresh base/repair structure forms.",Recent Stage 2 break; public stage held as Stage 2 Failed.,2026-09-30,2026-09-25,,-1.68,22.61,1394859215.75,0.79,0.69,1.08,True,False,"Stage 3, Stage 3 - Distribution/Damage, weekly_vcp_ok, volume_dryup, weekly_strong, distribution_risk | Stage 2 failed state applied from stage memory.",weekly_watchlist,41.89,42.89,381.12,-17.13,"[23.64, 15.4]","[11, 2]",0.9,22.0,strong,156
INDIANB.NS,Indian Bank,Financial Services,Unknown,Unknown,True,F&O,1,Stage 1,Stage 1,Stage 1 - Base/Repair,Stage 1 - Base/Repair,Stage 1 • Stage 1 - Base/Repair,0.7,Price is near long-term moving averages with no strong long-term downtrend signal.,,,2026-09-07,,9.21,-10.37,806518512.69,0.76,1.15,0.79,True,True,"Stage 1, Stage 1 - Base/Repair, weekly_vcp_ok, volume_dryup, weekly_volume_dryup, weekly_strong, stage1_not_actionable, stage1_needs_more_base",weekly_watchlist,41.8,42.8,908.29,-11.27,"[19.94, 13.07]","[4, 3]",0.9,12.0,strong,157
RELIGARE.NS,Religare Enterprises Limited,Financial Services,Unknown,Unknown,False,Cash,1,Stage 2 Failed,Stage 1,Failed Stage 2,Failed Stage 2,Stage 2 Failed • Failed Stage 2,0.72,"This stock was recently Stage 2, but the latest structure no longer satisfies Stage 2 rules. It is kept as Stage 2 Failed until a fresh base/repair structure forms.",Recent Stage 2 break; public stage held as Stage 2 Failed.,2026-09-30,2026-09-23,,-6.87,1.14,203160503.22,0.67,0.99,0.77,True,True,"Stage 1, Stage 1 - Base/Repair, weekly_vcp_ok, volume_dryup, weekly_volume_dryup, weekly_strong, stage1_not_actionable, stage1_needs_more_base | Stage 2 failed state applied from stage memory.",weekly_watchlist,41.8,42.8,280.49,-18.39,"[26.89, 20.27]","[4, 9]",0.9,28.0,strong,158
SUNDARMFIN.NS,Sundaram Finance Limited,Financial Services,Unknown,Unknown,False,Cash,1,Stage 1,Stage 1,Stage 1 - Base/Repair,Stage 1 - Base/Repair,Stage 1 • Stage 1 - Base/Repair,0.7,Price is near long-term moving averages with no strong long-term downtrend signal.,,,2026-03-17,,1.45,-7.62,210123931.96,1.1,1.18,0.81,False,True,"Stage 1, Stage 1 - Base/Repair, weekly_vcp_ok, weekly_volume_dryup, weekly_strong, stage1_not_actionable, stage1_needs_more_base",weekly_watchlist,41.8,42.8,5622.23,-22.54,"[17.96, 9.71]","[31, 2]",0.9,37.0,strong,159
ONESOURCE.NS,Onesource Specialty Pharma Ltd.,Healthcare,Unknown,Unknown,False,Cash,1,Stage 2 Failed,Stage 4,Failed Stage 2,Failed Stage 2,Stage 2 Failed • Failed Stage 2,0.72,"This stock was recently Stage 2, but the latest structure no longer satisfies Stage 2 rules. It is kept as Stage 2 Failed until a fresh base/repair structure forms.",Recent Stage 2 break; public stage held as Stage 2 Failed.,2026-09-30,2026-09-16,,-1.71,9.26,616427639.16,0.86,0.67,0.92,False,False,"Stage 4, Stage 4 - Weak/Declining, weekly_vcp_ok, weekly_strong, downtrend | Stage 2 failed state applied from stage memory.",weekly_watchlist,37.66,42.66,1921.16,-20.8,"[42.05, 21.47, 15.79]","[4, 7, 4]",0.95,34.0,strong,160
MARICO.NS,Marico Limited,Fast Moving Consumer Goods,Unknown,Unknown,True,F&O,1,Stage 1,Stage 1,Stage 1 - Base/Repair,Stage 1 - Base/Repair,Stage 1 • Stage 1 - Base/Repair,0.7,Price is near long-term moving averages with no strong long-term downtrend signal.,,,2026-09-01,,1.01,3.53,1233622425.44,0.87,1.55,0.78,False,True,"Stage 1, Stage 1 - Base/Repair, weekly_vcp_ok, weekly_volume_dryup, weekly_strong, stage1_not_actionable, stage1_needs_more_base",weekly_watchlist,42.25,42.25,890.66,-11.75,"[11.06, 6.36]","[4, 3]",0.9,14.0,strong,161
BIOCON.NS,Biocon Ltd.,Healthcare,Unknown,Unknown,True,F&O,1,Stage 4,Stage 4,Stage 4 - Weak/Declining,Stage 4 - Weak/Declining,Stage 4 • Stage 4 - Weak/Declining,0.72,Price is below long-term support with weak trend evidence.,,,2026-08-14,,-5.93,7.73,1230233685.72,0.96,0.65,0.68,False,True,"Stage 4, Stage 4 - Weak/Declining, weekly_vcp_ok, weekly_volume_dryup, weekly_strong, downtrend",weekly_watchlist,37.08,42.08,447.93,-17.33,"[15.51, 16.16, 10.24]","[9, 4, 6]",0.95,33.0,strong,162
MAXHEALTH.NS,Max Healthcare Institute Limited,Healthcare,Unknown,Unknown,True,F&O,1,Stage 2 Failed,Stage 4,Failed Stage 2,Failed Stage 2,Stage 2 Failed • Failed Stage 2,0.72,"This stock was recently Stage 2, but the latest structure no longer satisfies Stage 2 rules. It is kept as Stage 2 Failed until a fresh base/repair structure forms.",Recent Stage 2 break; public stage held as Stage 2 Failed.,2026-09-30,2026-09-24,,-11.1,-1.4,2477925653.79,1.44,7.64,2.62,False,False,"Stage 4, Stage 4 - Weak/Declining, weekly_vcp_ok, weekly_strong, downtrend | Stage 2 failed state applied from stage memory.",weekly_watchlist,36.9,41.9,1169.94,-20.53,"[21.22, 18.84, 17.21]","[10, 6, 2]",0.95,27.0,strong,163
ASTRAZEN.NS,AstraZeneca Pharma India Limited,Healthcare,Unknown,Unknown,False,Cash,1,Stage 4,Stage 4,Stage 4 - Confirmed Downtrend,Stage 4 - Confirmed Downtrend,Stage 4 • Stage 4 - Confirmed Downtrend,0.86,Price is below a bearish moving-average stack with falling trend signals.,,,2025-11-28,,-17.76,-21.55,54465191.15,0.81,5.78,1.47,True,False,"Stage 4, Stage 4 - Confirmed Downtrend, weekly_vcp_ok, volume_dryup, weekly_strong, downtrend",weekly_watchlist,36.9,41.9,9125.25,-32.21,"[18.57, 18.1, 10.0]","[10, 8, 3]",0.95,26.0,strong,164
PFIZER.NS,Pfizer Limited,Healthcare,Unknown,Unknown,False,Cash,1,Stage 4,Stage 4,Stage 4 - Confirmed Downtrend,Stage 4 - Confirmed Downtrend,Stage 4 • Stage 4 - Confirmed Downtrend,0.86,Price is below a bearish moving-average stack with falling trend signals.,,,2026-08-28,,-7.17,-19.93,252731329.01,0.7,0.64,1.07,True,False,"Stage 4, Stage 4 - Confirmed Downtrend, weekly_vcp_ok, volume_dryup, weekly_strong, downtrend",weekly_watchlist,36.9,41.9,5158.01,-24.87,"[13.67, 13.98, 13.41]","[7, 6, 6]",0.95,28.0,strong,165
ERIS.NS,Eris Lifesciences Limited,Healthcare,Unknown,Unknown,False,Cash,1,Stage 4,Stage 4,Stage 4 - Confirmed Downtrend,Stage 4 - Confirmed Downtrend,Stage 4 • Stage 4 - Confirmed Downtrend,0.86,Price is below a bearish moving-average stack with falling trend signals.,,,,,-10.97,-11.15,111688321.57,1.53,1.17,2.74,False,False,"Stage 4, Stage 4 - Confirmed Downtrend, weekly_vcp_ok, weekly_strong, downtrend",weekly_watchlist,36.9,41.9,1524.5,-21.82,"[25.22, 19.16, 18.81]","[7, 6, 2]",0.95,20.0,strong,166
NHPC.NS,NHPC Limited,Power,Unknown,Unknown,True,F&O,1,Stage 1,Stage 1,Stage 1 - Base/Repair,Stage 1 - Base/Repair,Stage 1 • Stage 1 - Base/Repair,0.7,Price is near long-term moving averages with no strong long-term downtrend signal.,,,2026-05-06,,-1.77,-4.81,722434875.46,0.96,0.83,0.7,False,True,"Stage 1, Stage 1 - Base/Repair, weekly_vcp_ok, weekly_volume_dryup, weekly_strong, stage1_not_actionable, stage1_needs_more_base",weekly_watchlist,41.8,41.8,82.77,-12.04,"[17.52, 10.24]","[6, 6]",0.9,18.0,strong,167
POWERGRID.NS,Power Grid Corporation of India Limited,Power,Unknown,Unknown,True,F&O,1,Stage 1,Stage 1,Stage 1 - Unclear/Repair,Stage 1 - Unclear/Repair,Stage 1 • Stage 1 - Unclear/Repair,0.58,Not enough evidence for Stage 2 or Stage 4; classified as repair/unclear structure.,,,2026-07-23,,-1.5,-12.7,2530060438.7,1.17,1.07,1.41,False,False,"Stage 1, Stage 1 - Unclear/Repair, weekly_vcp_ok, weekly_strong, stage1_not_actionable, stage1_needs_more_base",weekly_watchlist,41.8,41.8,293.88,-11.36,"[14.33, 10.6]","[5, 4]",0.9,18.0,strong,168
FEDERALBNK.NS,The Federal Bank Limited,Financial Services,Unknown,Unknown,True,F&O,1,Stage 2 Failed,Stage 3,Failed Stage 2,Failed Stage 2,Stage 2 Failed • Failed Stage 2,0.72,"This stock was recently Stage 2, but the latest structure no longer satisfies Stage 2 rules. It is kept as Stage 2 Failed until a fresh base/repair structure forms.",Recent Stage 2 break; public stage held as Stage 2 Failed.,2026-09-30,2026-09-29,,3.22,14.45,1793556564.67,1.38,1.0,1.39,False,False,"Stage 3, Stage 3 - Transition, weekly_vcp_ok, weekly_strong, distribution_risk | Stage 2 failed state applied from stage memory.",weekly_watchlist,40.77,41.77,371.08,-14.47,"[16.13, 8.15]","[4, 2]",0.9,11.0,strong,169
EMCURE.NS,Emcure Pharmaceuticals Ltd.,Healthcare,Unknown,Unknown,False,Cash,1,Stage 2,Stage 2,Clean Stage 2,Clean Stage 2,Stage 2 • Clean Stage 2,0.9,"Price is above rising key averages, weekly structure is supportive, and the stock is near its 52-week high.",,,2026-09-29,,12.89,23.91,410662663.69,1.57,0.4,0.61,False,True,"Stage 2, Clean Stage 2, trend_template_ok, weekly_volume_dryup",weekly_watchlist,36.68,41.68,2104.38,-7.67,"[9.93, 10.64]","[3, 2]",0.1,9.0,weak,170
KIMS.NS,Krishna Institute of Medical Sciences Limited,Healthcare,Unknown,Unknown,False,Cash,1,Stage 2 Failed,Stage 3,Failed Stage 2,Failed Stage 2,Stage 2 Failed • Failed Stage 2,0.72,"This stock was recently Stage 2, but the latest structure no longer satisfies Stage 2 rules. It is kept as Stage 2 Failed until a fresh base/repair structure forms.",Recent Stage 2 break; public stage held as Stage 2 Failed.,2026-09-30,2026-09-24,,-2.65,15.39,388636192.78,1.18,4.84,1.33,False,False,"Stage 3, Stage 3 - Distribution/Damage, weekly_vcp_ok, weekly_strong, distribution_risk | Stage 2 failed state applied from stage memory.",weekly_watchlist,36.67,41.67,827.95,-9.85,"[9.31, 9.62]","[2, 3]",0.9,8.0,strong,171
RBLBANK.NS,RBL Bank Limited,Financial Services,Unknown,Unknown,True,F&O,1,Stage 2,Stage 2,Clean Stage 2,Clean Stage 2,Stage 2 • Clean Stage 2,0.9,"Price is above rising key averages, weekly structure is supportive, and the stock is near its 52-week high.",,,2026-09-29,,16.51,28.07,1790397946.8,1.11,1.09,1.09,False,False,"Stage 2, Clean Stage 2, trend_template_ok",weekly_watchlist,40.66,41.66,430.35,-6.27,"[11.45, 12.5]","[5, 10]",0.1,20.0,weak,172
BANCOINDIA.NS,Banco Products (I) Limited,Automobile and Auto Components,Unknown,Unknown,False,Cash,1,Stage 4,Stage 4,Stage 4 - Weak/Declining,Stage 4 - Weak/Declining,Stage 4 • Stage 4 - Weak/Declining,0.72,Price is below long-term support with weak trend evidence.,,,2026-07-16,,-2.5,13.97,51624825.12,0.57,1.31,0.57,True,True,"Stage 4, Stage 4 - Weak/Declining, weekly_vcp_ok, volume_dryup, weekly_volume_dryup, weekly_strong, downtrend",weekly_watchlist,39.15,41.65,701.14,-13.53,"[37.19, 27.79, 17.06, 12.82]","[11, 7, 3, 2]",1.0,40.0,strong,173
ICIL.NS,Indo Count Industries Limited,Textiles,Unknown,Unknown,False,Cash,1,Stage 2,Stage 2,Clean Stage 2,Clean Stage 2,Stage 2 • Clean Stage 2,0.9,"Price is above rising key averages, weekly structure is supportive, and the stock is near its 52-week high.",,,2026-09-29,,13.87,86.02,247016499.63,0.51,1.4,0.44,True,True,"Stage 2, Clean Stage 2, trend_template_ok, volume_dryup, weekly_volume_dryup",weekly_watchlist,36.4,41.4,475.48,-3.17,[19.63],[7],0.0,7.0,weak,174
TIMETECHNO.NS,Time Technoplast Limited,Capital Goods,Unknown,Unknown,False,Cash,1,Stage 4,Stage 4,Stage 4 - Weak/Declining,Stage 4 - Weak/Declining,Stage 4 • Stage 4 - Weak/Declining,0.72,Price is below long-term support with weak trend evidence.,,,2026-08-20,,9.7,9.2,434507734.56,1.03,1.48,0.99,False,False,"Stage 4, Stage 4 - Weak/Declining, weekly_vcp_ok, weekly_strong, downtrend",weekly_watchlist,38.79,41.29,215.77,-15.48,"[25.75, 19.23, 17.44]","[6, 7, 3]",0.95,27.0,strong,175
RAILTEL.NS,Railtel Corporation Of India Limited,Telecommunication,Unknown,Unknown,False,Cash,1,Stage 4,Stage 4,Stage 4 - Confirmed Downtrend,Stage 4 - Confirmed Downtrend,Stage 4 • Stage 4 - Confirmed Downtrend,0.86,Price is below a bearish moving-average stack with falling trend signals.,,,,,-7.0,-2.05,209917143.59,1.34,6.82,2.19,False,False,"Stage 4, Stage 4 - Confirmed Downtrend, weekly_vcp_ok, weekly_strong, downtrend",weekly_watchlist,35.8,40.8,352.97,-24.74,"[31.44, 21.08]","[7, 14]",0.9,23.0,strong,176
BHARTIARTL.NS,Bharti Airtel Limited,Telecommunication,Unknown,Unknown,True,F&O,1,Stage 4,Stage 4,Stage 4 - Weak/Declining,Stage 4 - Weak/Declining,Stage 4 • Stage 4 - Weak/Declining,0.72,Price is below long-term support with weak trend evidence.,,,2026-08-21,,-0.81,-4.09,9744597410.87,1.11,1.44,1.05,False,False,"Stage 4, Stage 4 - Weak/Declining, weekly_vcp_ok, weekly_strong, downtrend",weekly_watchlist,35.8,40.8,2034.55,-13.64,"[15.39, 9.48]","[13, 3]",0.9,17.0,strong,177
ABREL.NS,Aditya Birla Real Estate Ltd.,Forest Materials,Unknown,Unknown,False,Cash,1,Stage 4,Stage 4,Stage 4 - Weak/Declining,Stage 4 - Weak/Declining,Stage 4 • Stage 4 - Weak/Declining,0.72,Price is below long-term support with weak trend evidence.,,,,,-13.29,-5.56,215507556.35,1.2,1.38,1.71,False,False,"Stage 4, Stage 4 - Weak/Declining, weekly_vcp_ok, weekly_strong, downtrend",weekly_watchlist,35.8,40.8,1598.01,-29.24,"[41.27, 27.72]","[15, 5]",0.9,27.0,strong,178
INDUSTOWER.NS,Indus Towers Limited,Telecommunication,Unknown,Unknown,True,F&O,1,Stage 4,Stage 4,Stage 4 - Weak/Declining,Stage 4 - Weak/Declining,Stage 4 • Stage 4 - Weak/Declining,0.72,Price is below long-term support with weak trend evidence.,,,2026-03-27,,6.98,-9.78,1693885989.72,0.97,1.52,1.24,False,False,"Stage 4, Stage 4 - Weak/Declining, weekly_vcp_ok, weekly_strong, downtrend",weekly_watchlist,35.8,40.8,433.86,-13.98,"[18.84, 17.36]","[11, 9]",0.9,23.0,strong,179
DCAL.NS,Dishman Carbogen Amcis Limited,Healthcare,Unknown,Unknown,False,Cash,1,Stage 4,Stage 4,Stage 4 - Confirmed Downtrend,Stage 4 - Confirmed Downtrend,Stage 4 • Stage 4 - Confirmed Downtrend,0.86,Price is below a bearish moving-average stack with falling trend signals.,,,2025-11-12,,-12.81,5.36,33351473.28,0.66,0.88,0.51,True,True,"Stage 4, Stage 4 - Confirmed Downtrend, weekly_vcp_ok, volume_dryup, weekly_volume_dryup, weekly_strong, downtrend",weekly_watchlist,35.8,40.8,224.79,-29.95,"[53.15, 25.47]","[15, 4]",0.9,26.0,strong,180
ALKEM.NS,Alkem Laboratories Limited,Healthcare,Unknown,Unknown,True,F&O,1,Stage 4,Stage 4,Stage 4 - Confirmed Downtrend,Stage 4 - Confirmed Downtrend,Stage 4 • Stage 4 - Confirmed Downtrend,0.86,Price is below a bearish moving-average stack with falling trend signals.,,,2026-08-11,,-0.8,-1.29,758647115.9,1.18,1.08,1.07,False,False,"Stage 4, Stage 4 - Confirmed Downtrend, weekly_vcp_ok, weekly_strong, downtrend",weekly_watchlist,35.8,40.8,5882.27,-12.22,"[13.51, 11.77]","[7, 20]",0.9,30.0,strong,181
ALOKINDS.NS,Alok Industries Limited,Textiles,Unknown,Unknown,False,Cash,1,Stage 4,Stage 4,Stage 4 - Confirmed Downtrend,Stage 4 - Confirmed Downtrend,Stage 4 • Stage 4 - Confirmed Downtrend,0.86,Price is below a bearish moving-average stack with falling trend signals.,,,,,-38.37,-44.89,179921418.57,1.09,0.41,0.87,False,True,"Stage 4, Stage 4 - Confirmed Downtrend, weekly_vcp_ok, weekly_volume_dryup, weekly_strong, downtrend",weekly_watchlist,35.8,40.8,13.75,-48.45,"[34.65, 20.95]","[8, 8]",0.9,18.0,strong,182
FORTIS.NS,Fortis Healthcare Limited,Healthcare,Unknown,Unknown,True,F&O,1,Stage 4,Stage 4,Stage 4 - Weak/Declining,Stage 4 - Weak/Declining,Stage 4 • Stage 4 - Weak/Declining,0.72,Price is below long-term support with weak trend evidence.,,,2026-07-29,,-14.55,-9.54,1169129273.05,1.46,5.07,2.4,False,False,"Stage 4, Stage 4 - Weak/Declining, weekly_vcp_ok, weekly_strong, downtrend",weekly_watchlist,35.8,40.8,1010.8,-23.82,"[21.55, 12.88]","[5, 9]",0.9,24.0,strong,183
JLHL.NS,Jupiter Life Line Hospitals Limited,Healthcare,Unknown,Unknown,False,Cash,1,Stage 2 Failed,Stage 4,Failed Stage 2,Failed Stage 2,Stage 2 Failed • Failed Stage 2,0.72,"This stock was recently Stage 2, but the latest structure no longer satisfies Stage 2 rules. It is kept as Stage 2 Failed until a fresh base/repair structure forms.",Recent Stage 2 break; public stage held as Stage 2 Failed.,2026-09-30,2026-09-18,,-6.36,4.02,46197623.1,1.49,2.31,2.78,False,False,"Stage 4, Stage 4 - Weak/Declining, weekly_vcp_ok, weekly_strong, downtrend | Stage 2 failed state applied from stage memory.",weekly_watchlist,35.8,40.8,340.6,-25.54,"[26.23, 7.82]","[14, 5]",0.9,27.0,strong,184
ROUTE.NS,ROUTE MOBILE LIMITED,Telecommunication,Unknown,Unknown,False,Cash,1,Stage 4,Stage 4,Stage 4 - Confirmed Downtrend,Stage 4 - Confirmed Downtrend,Stage 4 • Stage 4 - Confirmed Downtrend,0.86,Price is below a bearish moving-average stack with falling trend signals.,,,,,-11.3,-4.99,106518917.81,0.35,0.3,0.11,True,True,"Stage 4, Stage 4 - Confirmed Downtrend, weekly_vcp_ok, volume_dryup, weekly_volume_dryup, weekly_strong, downtrend",weekly_watchlist,35.8,40.8,643.82,-30.88,"[36.96, 15.12]","[7, 2]",0.9,14.0,strong,185
SANOFI.NS,Sanofi India Limited,Healthcare,Unknown,Unknown,False,Cash,1,Stage 4,Stage 4,Stage 4 - Confirmed Downtrend,Stage 4 - Confirmed Downtrend,Stage 4 • Stage 4 - Confirmed Downtrend,0.86,Price is below a bearish moving-average stack with falling trend signals.,,,,,-4.48,-9.66,55045763.61,1.04,0.78,1.5,False,False,"Stage 4, Stage 4 - Confirmed Downtrend, weekly_vcp_ok, weekly_strong, downtrend",weekly_watchlist,35.8,40.8,3566.9,-14.3,"[34.45, 14.23]","[21, 6]",0.9,30.0,strong,186
SYNGENE.NS,Syngene International Limited,Healthcare,Unknown,Unknown,False,Cash,1,Stage 4,Stage 4,Stage 4 - Confirmed Downtrend,Stage 4 - Confirmed Downtrend,Stage 4 • Stage 4 - Confirmed Downtrend,0.86,Price is below a bearish moving-average stack with falling trend signals.,,,,,-8.3,-7.58,228791011.37,0.83,0.56,0.3,True,True,"Stage 4, Stage 4 - Confirmed Downtrend, weekly_vcp_ok, volume_dryup, weekly_volume_dryup, weekly_strong, downtrend",weekly_watchlist,35.8,40.8,517.99,-29.48,"[44.03, 27.43]","[13, 13]",0.9,29.0,strong,187
TRIDENT.NS,Trident Limited,Textiles,Unknown,Unknown,False,Cash,1,Stage 4,Stage 4,Stage 4 - Confirmed Downtrend,Stage 4 - Confirmed Downtrend,Stage 4 • Stage 4 - Confirmed Downtrend,0.86,Price is below a bearish moving-average stack with falling trend signals.,,,,,-7.71,-6.13,59311244.68,1.0,0.83,0.57,False,True,"Stage 4, Stage 4 - Confirmed Downtrend, weekly_vcp_ok, weekly_volume_dryup, weekly_strong, downtrend",weekly_watchlist,35.8,40.8,27.39,-18.07,"[28.96, 12.65]","[6, 2]",0.9,15.0,strong,188
TTML.NS,Tata Teleservices (Maharashtra) Limited,Telecommunication,Unknown,Unknown,False,Cash,1,Stage 4,Stage 4,Stage 4 - Confirmed Downtrend,Stage 4 - Confirmed Downtrend,Stage 4 • Stage 4 - Confirmed Downtrend,0.86,Price is below a bearish moving-average stack with falling trend signals.,,,,,-12.02,-10.98,213961834.89,2.39,0.56,6.87,False,False,"Stage 4, Stage 4 - Confirmed Downtrend, weekly_vcp_ok, weekly_strong, downtrend",weekly_watchlist,35.8,40.8,40.57,-15.46,"[34.75, 17.83]","[7, 3]",0.9,13.0,strong,189
RHIM.NS,RHI MAGNESITA INDIA LIMITED,Capital Goods,Unknown,Unknown,False,Cash,1,Stage 4,Stage 4,Stage 4 - Weak/Declining,Stage 4 - Weak/Declining,Stage 4 • Stage 4 - Weak/Declining,0.72,Price is below long-term support with weak trend evidence.,,,,,7.52,3.88,403501043.87,2.47,0.61,0.61,False,True,"Stage 4, Stage 4 - Weak/Declining, weekly_vcp_ok, weekly_volume_dryup, weekly_strong, downtrend",weekly_watchlist,38.04,40.54,441.64,-12.86,"[34.06, 20.8, 16.55]","[6, 2, 3]",0.95,28.0,strong,190
DCXINDIA.NS,DCX Systems Limited,Capital Goods,Unknown,Unknown,False,Cash,1,Stage 4,Stage 4,Stage 4 - Weak/Declining,Stage 4 - Weak/Declining,Stage 4 • Stage 4 - Weak/Declining,0.72,Price is below long-term support with weak trend evidence.,,,,,-15.78,-6.4,63224953.87,0.75,0.95,0.72,True,True,"Stage 4, Stage 4 - Weak/Declining, weekly_vcp_ok, volume_dryup, weekly_volume_dryup, weekly_strong, downtrend",weekly_watchlist,38.0,40.5,226.36,-28.79,"[26.48, 26.47, 23.39, 22.43]","[7, 4, 5, 5]",1.0,33.0,strong,191
TVSHLTD.NS,TVS Holdings Limited,Automobile and Auto Components,Unknown,Unknown,False,Cash,1,Stage 4,Stage 4,Stage 4 - Confirmed Downtrend,Stage 4 - Confirmed Downtrend,Stage 4 • Stage 4 - Confirmed Downtrend,0.86,Price is below a bearish moving-average stack with falling trend signals.,,,2026-08-13,,-7.24,-14.71,106934642.7,1.1,1.27,0.77,False,True,"Stage 4, Stage 4 - Confirmed Downtrend, weekly_vcp_ok, weekly_volume_dryup, weekly_strong, downtrend",weekly_watchlist,38.0,40.5,15727.48,-23.02,"[19.34, 15.07, 15.53, 12.96]","[6, 3, 6, 6]",1.0,30.0,strong,192
GPPL.NS,Gujarat Pipavav Port Limited,Services,Unknown,Unknown,False,Cash,1,Stage 1,Stage 1,Stage 1 - Early Turn,Stage 1 - Early Turn,Stage 1 • Stage 1 - Early Turn,0.66,The stock is improving from a repair/base area but has not confirmed a clean Stage 2 yet.,,,2026-02-10,,16.96,15.04,221111665.4,0.67,1.06,0.71,True,True,"Stage 1, Stage 1 - Early Turn, daily_vcp_ok, weekly_vcp_ok, volume_dryup, weekly_volume_dryup, stage1_needs_more_base",weekly_watchlist,39.3,40.3,168.95,-1.3,"[20.52, 23.44, 12.11]","[3, 7, 8]",0.55,28.0,moderate,193
MANINFRA.NS,Man Infraconstruction Limited,Construction,Unknown,Unknown,False,Cash,1,Stage 2,Stage 2,Early Stage 2,Early Stage 2,Stage 2 • Early Stage 2,0.72,"Price has moved above long-term structure, but the full moving-average stack is not clean yet.",,,2026-09-29,,28.83,41.45,281400098.93,0.93,0.64,1.21,False,False,"Stage 2, Early Stage 2",weekly_watchlist,40.23,40.23,131.23,-3.33,[30.71],[11],0.0,11.0,weak,194
SCI.NS,Shipping Corporation Of India Limited,Services,Unknown,Unknown,False,Cash,1,Stage 2 Failed,Stage 3,Failed Stage 2,Failed Stage 2,Stage 2 Failed • Failed Stage 2,0.72,"This stock was recently Stage 2, but the latest structure no longer satisfies Stage 2 rules. It is kept as Stage 2 Failed until a fresh base/repair structure forms.",Recent Stage 2 break; public stage held as Stage 2 Failed.,2026-09-30,2026-09-10,,-0.8,15.06,371176445.24,0.58,0.6,0.51,True,True,"Stage 3, Stage 3 - Distribution/Damage, weekly_vcp_ok, volume_dryup, weekly_volume_dryup, weekly_strong, distribution_risk | Stage 2 failed state applied from stage memory.",weekly_watchlist,39.23,40.23,319.47,-15.33,"[23.09, 21.15]","[3, 4]",0.9,10.0,strong,195
STLTECH.NS,Sterlite Technologies Limited,Telecommunication,Unknown,Unknown,False,Cash,1,Stage 2,Stage 2,Extended Stage 2,Extended Stage 2,Stage 2 • Extended Stage 2,0.78,"Advancing structure remains intact, but price is stretched versus key moving averages or far above the 52-week low.",,,2026-09-29,,62.3,377.78,1460956100.0,0.8,1.02,0.87,True,True,"Stage 2, Extended Stage 2, trend_template_ok, volume_dryup, weekly_volume_dryup",weekly_watchlist,35.2,40.2,913.6,-0.4,[27.6],[6],0.0,6.0,weak,196
HEROMOTOCO.NS,Hero MotoCorp Limited,Automobile and Auto Components,Unknown,Unknown,True,F&O,1,Stage 4,Stage 4,Stage 4 - Weak/Declining,Stage 4 - Weak/Declining,Stage 4 • Stage 4 - Weak/Declining,0.72,Price is below long-term support with weak trend evidence.,,,2026-09-08,,14.36,3.99,2387449727.1,0.74,1.12,0.71,True,True,"Stage 4, Stage 4 - Weak/Declining, weekly_vcp_ok, volume_dryup, weekly_volume_dryup, weekly_strong, downtrend",weekly_watchlist,37.64,40.14,5947.39,-11.88,"[16.03, 14.42]","[5, 8]",0.9,18.0,strong,197
FINCABLES.NS,Finolex Cables Limited,Capital Goods,Unknown,Unknown,False,Cash,1,Stage 2,Stage 2,Extended Stage 2,Extended Stage 2,Stage 2 • Extended Stage 2,0.78,"Advancing structure remains intact, but price is stretched versus key moving averages or far above the 52-week low.",,,2026-09-29,,41.17,78.92,1700292071.62,0.56,0.44,0.43,True,True,"Stage 2, Extended Stage 2, trend_template_ok, volume_dryup, weekly_volume_dryup",weekly_watchlist,37.6,40.1,1500.62,-3.35,[19.29],[8],0.0,8.0,weak,198
AETHER.NS,Aether Industries Limited,Chemicals,Unknown,Unknown,False,Cash,1,Stage 2,Stage 2,Clean Stage 2,Clean Stage 2,Stage 2 • Clean Stage 2,0.9,"Price is above rising key averages, weekly structure is supportive, and the stock is near its 52-week high.",,,2026-09-29,,31.65,55.35,476383721.39,1.11,1.11,1.93,False,False,"Stage 2, Clean Stage 2, trend_template_ok",weekly_watchlist,37.6,40.1,1720.0,-1.2,[18.1],[8],0.0,8.0,weak,199
EPIGRAL.NS,Epigral Limited,Chemicals,Unknown,Unknown,False,Cash,1,Stage 4,Stage 4,Stage 4 - Weak/Declining,Stage 4 - Weak/Declining,Stage 4 • Stage 4 - Weak/Declining,0.72,Price is below long-term support with weak trend evidence.,,,,,5.91,11.49,36872856.69,0.38,0.61,0.39,True,True,"Stage 4, Stage 4 - Weak/Declining, weekly_vcp_ok, volume_dryup, weekly_volume_dryup, weekly_strong, downtrend",weekly_watchlist,37.54,40.04,1267.01,-20.09,"[30.49, 13.13]","[9, 4]",0.9,15.0,strong,200
JUBLFOOD.NS,Jubilant Foodworks Limited,Consumer Services,Unknown,Unknown,True,F&O,1,Stage 4,Stage 4,Stage 4 - Weak/Declining,Stage 4 - Weak/Declining,Stage 4 • Stage 4 - Weak/Declining,0.72,Price is below long-term support with weak trend evidence.,,,,,11.31,9.56,468646635.52,0.63,0.72,0.52,True,True,"Stage 4, Stage 4 - Weak/Declining, weekly_vcp_ok, volume_dryup, weekly_volume_dryup, weekly_strong, downtrend",weekly_watchlist,38.99,39.99,528.77,-13.63,"[28.9, 17.57, 10.43]","[8, 7, 2]",0.95,23.0,strong,201
SHYAMMETL.NS,Shyam Metalics and Energy Limited,Metals & Mining,Unknown,Unknown,False,Cash,1,Stage 2,Stage 2,Clean Stage 2,Clean Stage 2,Stage 2 • Clean Stage 2,0.9,"Price is above rising key averages, weekly structure is supportive, and the stock is near its 52-week high.",,,2026-09-29,,18.4,28.86,566568629.89,1.61,0.42,1.01,False,False,"Stage 2, Clean Stage 2, trend_template_ok",weekly_watchlist,38.93,39.93,1112.94,-4.31,"[9.65, 10.62]","[5, 3]",0.1,10.0,weak,202
HONAUT.NS,Honeywell Automation India Limited,Capital Goods,Unknown,Unknown,False,Cash,1,Stage 4,Stage 4,Stage 4 - Weak/Declining,Stage 4 - Weak/Declining,Stage 4 • Stage 4 - Weak/Declining,0.72,Price is below long-term support with weak trend evidence.,,,2026-09-04,,-8.28,23.51,145196465.75,1.19,0.45,1.52,False,False,"Stage 4, Stage 4 - Weak/Declining, weekly_vcp_ok, weekly_strong, downtrend",weekly_watchlist,37.32,39.82,41567.62,-19.5,"[24.32, 15.41]","[8, 3]",0.9,14.0,strong,203
IOC.NS,Indian Oil Corporation Ltd.,"Oil, Gas & Consumable Fuels",Unknown,Unknown,True,F&O,1,Stage 4,Stage 4,Stage 4 - Confirmed Downtrend,Stage 4 - Confirmed Downtrend,Stage 4 • Stage 4 - Confirmed Downtrend,0.86,Price is below a bearish moving-average stack with falling trend signals.,,,2026-03-06,,2.88,-0.04,987157571.68,1.04,1.28,0.98,False,False,"Stage 4, Stage 4 - Confirmed Downtrend, weekly_vcp_ok, weekly_strong, downtrend",weekly_watchlist,37.18,39.68,147.98,-8.82,"[21.88, 12.57, 7.99]","[12, 2, 3]",0.95,26.0,strong,204
MGL.NS,Mahanagar Gas Limited,"Oil, Gas & Consumable Fuels",Unknown,Unknown,False,Cash,1,Stage 2 Failed,Stage 4,Failed Stage 2,Failed Stage 2,Stage 2 Failed • Failed Stage 2,0.72,"This stock was recently Stage 2, but the latest structure no longer satisfies Stage 2 rules. It is kept as Stage 2 Failed until a fresh base/repair structure forms.",Recent Stage 2 break; public stage held as Stage 2 Failed.,2026-09-30,2026-09-23,,2.29,10.64,142306047.93,0.56,1.08,0.48,True,True,"Stage 4, Stage 4 - Weak/Declining, weekly_vcp_ok, volume_dryup, weekly_volume_dryup, weekly_strong, downtrend | Stage 2 failed state applied from stage memory.",weekly_watchlist,37.09,39.59,1234.2,-14.28,"[27.01, 10.61]","[4, 11]",0.9,21.0,strong,205
DEEPAKNTR.NS,Deepak Nitrite Limited,Chemicals,Unknown,Unknown,False,Cash,1,Stage 2 Failed,Stage 4,Failed Stage 2,Failed Stage 2,Stage 2 Failed • Failed Stage 2,0.72,"This stock was recently Stage 2, but the latest structure no longer satisfies Stage 2 rules. It is kept as Stage 2 Failed until a fresh base/repair structure forms.",Recent Stage 2 break; public stage held as Stage 2 Failed.,2026-09-30,2026-09-23,,2.72,9.43,353294836.04,0.43,0.49,0.32,True,True,"Stage 4, Stage 4, weekly_vcp_ok, volume_dryup, weekly_volume_dryup, weekly_strong, downtrend | Stage 2 failed state applied from stage memory.",weekly_watchlist,37.01,39.51,1892.58,-19.17,"[26.39, 19.17]","[7, 7]",0.9,20.0,strong,206
MAHSCOOTER.NS,Maharashtra Scooters Limited,Financial Services,Unknown,Unknown,False,Cash,1,Stage 2 Failed,Stage 4,Failed Stage 2,Failed Stage 2,Stage 2 Failed • Failed Stage 2,0.72,"This stock was recently Stage 2, but the latest structure no longer satisfies Stage 2 rules. It is kept as Stage 2 Failed until a fresh base/repair structure forms.",Recent Stage 2 break; public stage held as Stage 2 Failed.,2026-09-30,2026-09-24,,4.57,10.99,61537267.77,1.38,1.15,2.27,False,False,"Stage 4, Stage 4 - Weak/Declining, weekly_vcp_ok, weekly_strong, downtrend | Stage 2 failed state applied from stage memory.",weekly_watchlist,38.46,39.46,13960.39,-9.92,"[22.9, 16.67, 9.25]","[7, 6, 9]",0.95,24.0,strong,207
JKTYRE.NS,JK Tyre & Industries Limited,Automobile and Auto Components,Unknown,Unknown,False,Cash,1,Stage 4,Stage 4,Stage 4 - Confirmed Downtrend,Stage 4 - Confirmed Downtrend,Stage 4 • Stage 4 - Confirmed Downtrend,0.86,Price is below a bearish moving-average stack with falling trend signals.,,,2026-03-02,,-7.6,-12.14,159952857.37,0.93,2.5,0.99,False,False,"Stage 4, Stage 4 - Confirmed Downtrend, weekly_vcp_ok, weekly_strong, downtrend",weekly_watchlist,36.9,39.4,437.87,-20.75,"[38.45, 16.95, 10.73]","[7, 2, 2]",0.95,23.0,strong,208
COROMANDEL.NS,Coromandel International Limited,Chemicals,Unknown,Unknown,False,Cash,1,Stage 4,Stage 4,Stage 4 - Weak/Declining,Stage 4 - Weak/Declining,Stage 4 • Stage 4 - Weak/Declining,0.72,Price is below long-term support with weak trend evidence.,,,2025-12-09,,-7.58,-13.78,283824708.55,1.54,4.34,2.31,False,False,"Stage 4, Stage 4 - Weak/Declining, weekly_vcp_ok, weekly_strong, downtrend",weekly_watchlist,36.9,39.4,2199.6,-20.07,"[24.21, 22.36, 11.26]","[5, 9, 4]",0.95,28.0,strong,209
FORCEMOT.NS,FORCE MOTORS LTD,Automobile and Auto Components,Unknown,Unknown,True,F&O,1,Stage 4,Stage 4,Stage 4 - Confirmed Downtrend,Stage 4 - Confirmed Downtrend,Stage 4 • Stage 4 - Confirmed Downtrend,0.86,Price is below a bearish moving-average stack with falling trend signals.,,,2026-05-06,,-1.97,-15.44,1091106109.9,0.74,0.88,0.82,True,True,"Stage 4, Stage 4 - Confirmed Downtrend, weekly_vcp_ok, volume_dryup, weekly_volume_dryup, weekly_strong, downtrend",weekly_watchlist,36.9,39.4,23195.65,-26.48,"[27.11, 27.22, 13.27]","[6, 8, 4]",0.95,23.0,strong,210
MRF.NS,MRF Limited,Automobile and Auto Components,Unknown,Unknown,False,Cash,1,Stage 4,Stage 4,Stage 4 - Confirmed Downtrend,Stage 4 - Confirmed Downtrend,Stage 4 • Stage 4 - Confirmed Downtrend,0.86,Price is below a bearish moving-average stack with falling trend signals.,,,2025-12-01,,-0.68,-2.61,408569314.25,0.84,1.16,0.72,True,True,"Stage 4, Stage 4 - Confirmed Downtrend, weekly_vcp_ok, volume_dryup, weekly_volume_dryup, weekly_strong, downtrend",weekly_watchlist,36.9,39.4,140549.69,-10.86,"[19.02, 13.35, 6.61]","[6, 6, 5]",0.95,26.0,strong,211
JWL.NS,Jupiter Wagons Limited,Capital Goods,Unknown,Unknown,False,Cash,1,Stage 4,Stage 4,Stage 4 - Confirmed Downtrend,Stage 4 - Confirmed Downtrend,Stage 4 • Stage 4 - Confirmed Downtrend,0.86,Price is below a bearish moving-average stack with falling trend signals.,,,,,-2.9,-13.77,421172512.43,2.18,37.59,5.84,False,False,"Stage 4, Stage 4 - Confirmed Downtrend, weekly_vcp_ok, weekly_strong, downtrend",weekly_watchlist,36.9,39.4,309.14,-24.59,"[31.28, 26.09, 21.65]","[10, 3, 11]",0.95,30.0,strong,212
UPL.NS,UPL Limited,Chemicals,Unknown,Unknown,True,F&O,1,Stage 4,Stage 4,Stage 4 - Confirmed Downtrend,Stage 4 - Confirmed Downtrend,Stage 4 • Stage 4 - Confirmed Downtrend,0.86,Price is below a bearish moving-average stack with falling trend signals.,,,2026-01-20,,-3.66,-11.59,1159670373.03,1.24,1.43,1.13,False,False,"Stage 4, Stage 4 - Confirmed Downtrend, weekly_vcp_ok, weekly_strong, downtrend",weekly_watchlist,36.9,39.4,677.24,-20.3,"[26.78, 16.16, 10.74]","[6, 11, 5]",0.95,26.0,strong,213
APOLLOTYRE.NS,Apollo Tyres Limited,Automobile and Auto Components,Unknown,Unknown,False,Cash,1,Stage 4,Stage 4,Stage 4 - Weak/Declining,Stage 4 - Weak/Declining,Stage 4 • Stage 4 - Weak/Declining,0.72,Price is below long-term support with weak trend evidence.,,,2026-01-15,,-3.82,-2.71,364103314.37,1.37,0.67,1.82,False,False,"Stage 4, Stage 4 - Weak/Declining, weekly_vcp_ok, weekly_strong, downtrend",weekly_watchlist,36.9,39.4,468.22,-13.57,"[25.79, 18.69, 9.93]","[6, 5, 2]",0.95,24.0,strong,214
CEATLTD.NS,Ceat Ltd.,Automobile and Auto Components,Unknown,Unknown,False,Cash,1,Stage 4,Stage 4,Stage 4 - Weak/Declining,Stage 4 - Weak/Declining,Stage 4 • Stage 4 - Weak/Declining,0.72,Price is below long-term support with weak trend evidence.,,,2026-08-06,,-6.5,-4.1,181569017.47,0.86,0.9,0.58,False,True,"Stage 4, Stage 4 - Weak/Declining, weekly_vcp_ok, weekly_volume_dryup, weekly_strong, downtrend",weekly_watchlist,36.9,39.4,3945.73,-17.27,"[24.11, 22.5, 16.98]","[3, 6, 2]",0.95,23.0,strong,215
VINATIORGA.NS,Vinati Organics Limited,Chemicals,Unknown,Unknown,False,Cash,1,Stage 4,Stage 4,Stage 4 - Confirmed Downtrend,Stage 4 - Confirmed Downtrend,Stage 4 • Stage 4 - Confirmed Downtrend,0.86,Price is below a bearish moving-average stack with falling trend signals.,,,,,-5.66,-10.11,77039469.22,1.24,0.88,0.81,False,True,"Stage 4, Stage 4 - Confirmed Downtrend, weekly_vcp_ok, weekly_volume_dryup, weekly_strong, downtrend",weekly_watchlist,36.9,39.4,1419.57,-17.7,"[25.51, 10.46, 9.09]","[10, 3, 5]",0.95,25.0,strong,216
BBL.NS,Bharat Bijlee Limited,Capital Goods,Unknown,Unknown,False,Cash,1,Stage 4,Stage 4,Stage 4 - Confirmed Downtrend,Stage 4 - Confirmed Downtrend,Stage 4 • Stage 4 - Confirmed Downtrend,0.86,Price is below a bearish moving-average stack with falling trend signals.,,,,,-14.49,-10.18,41811535.01,0.65,0.69,0.7,True,True,"Stage 4, Stage 4 - Confirmed Downtrend, weekly_vcp_ok, volume_dryup, weekly_volume_dryup, weekly_strong, downtrend",weekly_watchlist,36.9,39.4,3233.5,-35.2,"[31.24, 24.71, 24.18]","[7, 2, 7]",0.95,26.0,strong,217
COCHINSHIP.NS,Cochin Shipyard Limited,Capital Goods,Unknown,Unknown,True,F&O,1,Stage 4,Stage 4,Stage 4 - Confirmed Downtrend,Stage 4 - Confirmed Downtrend,Stage 4 • Stage 4 - Confirmed Downtrend,0.86,Price is below a bearish moving-average stack with falling trend signals.,,,2025-10-17,,-5.81,-3.63,1579054035.25,0.78,0.98,0.75,True,True,"Stage 4, Stage 4 - Confirmed Downtrend, weekly_vcp_ok, volume_dryup, weekly_volume_dryup, weekly_strong, downtrend",weekly_watchlist,36.9,39.4,1843.95,-28.69,"[29.89, 25.76, 12.53]","[14, 5, 3]",0.95,30.0,strong,218
MAZDOCK.NS,Mazagon Dock Shipbuilders Limited,Capital Goods,Unknown,Unknown,True,F&O,1,Stage 4,Stage 4,Stage 4 - Weak/Declining,Stage 4 - Weak/Declining,Stage 4 • Stage 4 - Weak/Declining,0.72,Price is below long-term support with weak trend evidence.,,,2026-09-08,,-10.96,-10.37,1338266509.74,0.91,0.81,0.76,False,True,"Stage 4, Stage 4 - Weak/Declining, weekly_vcp_ok, weekly_volume_dryup, weekly_strong, downtrend",weekly_watchlist,36.9,39.4,2809.85,-24.8,"[19.63, 17.61, 12.59]","[4, 6, 4]",0.95,21.0,strong,219
SHARDACROP.NS,Sharda Cropchem Limited,Chemicals,Unknown,Unknown,False,Cash,1,Stage 4,Stage 4,Stage 4 - Confirmed Downtrend,Stage 4 - Confirmed Downtrend,Stage 4 • Stage 4 - Confirmed Downtrend,0.86,Price is below a bearish moving-average stack with falling trend signals.,,,2026-05-06,,-13.77,-21.35,74522057.54,0.62,0.44,0.62,True,True,"Stage 4, Stage 4 - Confirmed Downtrend, weekly_vcp_ok, volume_dryup, weekly_volume_dryup, weekly_strong, downtrend",weekly_watchlist,36.9,39.4,1227.39,-41.05,"[35.47, 30.58, 18.31]","[7, 4, 5]",0.95,27.0,strong,220
SWANCORP.NS,Swan Corp Ltd.,Chemicals,Unknown,Unknown,False,Cash,1,Stage 4,Stage 4,Stage 4 - Confirmed Downtrend,Stage 4 - Confirmed Downtrend,Stage 4 • Stage 4 - Confirmed Downtrend,0.86,Price is below a bearish moving-average stack with falling trend signals.,,,2026-01-07,,-9.17,-11.87,1126007095.51,0.44,0.33,0.31,True,True,"Stage 4, Stage 4 - Confirmed Downtrend, weekly_vcp_ok, volume_dryup, weekly_volume_dryup, weekly_strong, downtrend",weekly_watchlist,36.9,39.4,382.63,-26.77,"[40.1, 20.69, 20.83]","[13, 8, 11]",0.95,36.0,strong,221
UTKARSHBNK.NS,Utkarsh Small Finance Bank Limited,Financial Services,Unknown,Unknown,False,Cash,1,Stage 4,Stage 4,Stage 4 - Weak/Declining,Stage 4 - Weak/Declining,Stage 4 • Stage 4 - Weak/Declining,0.72,Price is below long-term support with weak trend evidence.,,,,,0.79,14.14,238671346.82,0.54,0.33,0.47,True,True,"Stage 4, Stage 4 - Weak/Declining, weekly_vcp_ok, volume_dryup, weekly_volume_dryup, weekly_strong, downtrend",weekly_watchlist,38.39,39.39,16.23,-15.21,"[36.15, 22.25, 14.51]","[5, 5, 7]",0.95,25.0,strong,222
ABBOTINDIA.NS,Abbott India Limited,Healthcare,Unknown,Unknown,False,Cash,1,Not Sure,Not Sure,Not Sure,Not Sure,Not Sure,0.0,Stage rules did not identify a reliable structure.,No confident stage classification.,,2026-08-12,,14.0,5.91,230576489.25,1.07,0.68,0.85,False,True,"Not Sure, Not Sure, weekly_volume_dryup",weekly_watchlist,34.26,39.26,28685.11,-5.44,"[10.52, 11.72, 10.89, 12.22]","[3, 7, 6, 4]",0.47,41.0,weak,223
HINDPETRO.NS,Hindustan Petroleum Corporation Limited,"Oil, Gas & Consumable Fuels",Unknown,Unknown,True,F&O,1,Stage 4,Stage 4,Stage 4 - Weak/Declining,Stage 4 - Weak/Declining,Stage 4 • Stage 4 - Weak/Declining,0.72,Price is below long-term support with weak trend evidence.,,,2026-01-07,,-1.18,9.87,1245444945.67,0.72,0.66,0.72,True,True,"Stage 4, Stage 4 - Weak/Declining, weekly_vcp_ok, volume_dryup, weekly_volume_dryup, weekly_strong, downtrend",weekly_watchlist,36.67,39.17,400.12,-12.44,"[33.54, 9.82]","[7, 8]",0.9,24.0,strong,224
JUBLINGREA.NS,Jubilant Ingrevia Limited,Chemicals,Unknown,Unknown,False,Cash,1,Stage 2 Failed,Stage 4,Failed Stage 2,Failed Stage 2,Stage 2 Failed • Failed Stage 2,0.72,"This stock was recently Stage 2, but the latest structure no longer satisfies Stage 2 rules. It is kept as Stage 2 Failed until a fresh base/repair structure forms.",Recent Stage 2 break; public stage held as Stage 2 Failed.,2026-09-30,2026-09-09,,1.7,6.85,189107853.77,1.34,2.01,1.09,False,False,"Stage 4, Stage 4 - Weak/Declining, weekly_vcp_ok, weekly_strong, downtrend | Stage 2 failed state applied from stage memory.",weekly_watchlist,36.66,39.16,793.72,-17.7,"[30.59, 22.03]","[9, 6]",0.9,25.0,strong,225
SWIGGY.NS,Swiggy Ltd.,Consumer Services,Unknown,Unknown,True,F&O,1,Stage 4,Stage 4,Stage 4 - Weak/Declining,Stage 4 - Weak/Declining,Stage 4 • Stage 4 - Weak/Declining,0.72,Price is below long-term support with weak trend evidence.,,,,,7.5,-8.42,7202604472.58,0.72,0.42,0.54,True,True,"Stage 4, Stage 4 - Weak/Declining, weekly_vcp_ok, volume_dryup, weekly_volume_dryup, weekly_strong, downtrend",weekly_watchlist,38.0,39.0,359.63,-30.46,"[28.34, 28.5, 21.15, 14.31]","[7, 7, 10, 4]",1.0,38.0,strong,226
UTIAMC.NS,UTI Asset Management Company Limited,Financial Services,Unknown,Unknown,False,Cash,1,Stage 4,Stage 4,Stage 4 - Confirmed Downtrend,Stage 4 - Confirmed Downtrend,Stage 4 • Stage 4 - Confirmed Downtrend,0.86,Price is below a bearish moving-average stack with falling trend signals.,,,,,-0.6,-2.75,86025382.3,0.53,0.48,0.44,True,True,"Stage 4, Stage 4 - Confirmed Downtrend, weekly_vcp_ok, volume_dryup, weekly_volume_dryup, weekly_strong, downtrend",weekly_watchlist,38.0,39.0,1078.11,-18.15,"[20.68, 19.94, 15.97, 13.02]","[6, 6, 7, 7]",1.0,37.0,strong,227
PILANIINVS.NS,Pilani Investment and Industries Corporation Limited,Financial Services,Unknown,Unknown,False,Cash,1,Stage 4,Stage 4,Stage 4 - Confirmed Downtrend,Stage 4 - Confirmed Downtrend,Stage 4 • Stage 4 - Confirmed Downtrend,0.86,Price is below a bearish moving-average stack with falling trend signals.,,,2025-11-17,,-3.42,-11.37,11046383.44,0.96,2.7,1.16,False,False,"Stage 4, Stage 4 - Confirmed Downtrend, weekly_vcp_ok, weekly_strong, downtrend",weekly_watchlist,38.0,39.0,5037.93,-21.47,"[17.43, 18.16, 17.29, 6.42]","[5, 2, 8, 3]",1.0,31.0,strong,228
PRIVISCL.NS,Privi Speciality Chemicals Limited,Chemicals,Unknown,Unknown,False,Cash,1,Stage 2,Stage 2,Stage 2,Stage 2,Stage 2,0.76,Advancing structure detected.,,,2026-09-29,,4.14,20.14,368120126.97,1.45,1.21,2.18,False,False,"Stage 2, Stage 2",weekly_watchlist,36.43,38.93,3774.71,-4.98,[7.75],[16],0.0,16.0,weak,229
BASF.NS,BASF India Limited,Chemicals,Unknown,Unknown,False,Cash,1,Stage 4,Stage 4,Stage 4 - Weak/Declining,Stage 4 - Weak/Declining,Stage 4 • Stage 4 - Weak/Declining,0.72,Price is below long-term support with weak trend evidence.,,,2026-09-08,,2.14,3.28,70475980.75,0.47,0.59,0.29,True,True,"Stage 4, Stage 4 - Weak/Declining, weekly_vcp_ok, volume_dryup, weekly_volume_dryup, weekly_strong, downtrend",weekly_watchlist,36.34,38.84,4257.44,-19.02,"[21.16, 20.72]","[6, 5]",0.9,17.0,strong,230
RRKABEL.NS,R R Kabel Limited,Capital Goods,Unknown,Unknown,False,Cash,1,Stage 2,Stage 2,Early Stage 2,Early Stage 2,Stage 2 • Early Stage 2,0.72,"Price has moved above long-term structure, but the full moving-average stack is not clean yet.",,,2026-09-29,,16.53,89.73,1199360023.43,0.44,0.5,0.39,True,True,"Stage 2, Early Stage 2, volume_dryup, weekly_volume_dryup",weekly_watchlist,36.2,38.7,2989.02,-15.74,"[17.4, 18.81]","[5, 5]",0.1,14.0,weak,231
GSFC.NS,Gujarat State Fertilizers & Chemicals Limited,Chemicals,Unknown,Unknown,False,Cash,1,Stage 4,Stage 4,Stage 4 - Weak/Declining,Stage 4 - Weak/Declining,Stage 4 • Stage 4 - Weak/Declining,0.72,Price is below long-term support with weak trend evidence.,,,,,3.08,-0.02,154212521.03,0.92,0.73,0.78,False,True,"Stage 4, Stage 4 - Weak/Declining, weekly_vcp_ok, weekly_volume_dryup, weekly_strong, downtrend",weekly_watchlist,36.11,38.61,175.27,-13.97,"[25.58, 15.49]","[12, 9]",0.9,28.0,strong,232
ARE&M.NS,Amara Raja Energy & Mobility Ltd.,Automobile and Auto Components,Unknown,Unknown,False,Cash,1,Stage 4,Stage 4,Stage 4 - Weak/Declining,Stage 4 - Weak/Declining,Stage 4 • Stage 4 - Weak/Declining,0.72,Price is below long-term support with weak trend evidence.,,,2026-08-28,,-4.05,3.59,335931797.38,0.58,1.79,0.49,True,True,"Stage 4, Stage 4 - Weak/Declining, weekly_vcp_ok, volume_dryup, weekly_volume_dryup, weekly_strong, downtrend",weekly_watchlist,35.8,38.3,1019.08,-25.96,"[26.74, 17.14]","[7, 4]",0.9,14.0,strong,233
VESUVIUS.NS,Vesuvius India Limited,Capital Goods,Unknown,Unknown,False,Cash,1,Stage 4,Stage 4,Stage 4 - Confirmed Downtrend,Stage 4 - Confirmed Downtrend,Stage 4 • Stage 4 - Confirmed Downtrend,0.86,Price is below a bearish moving-average stack with falling trend signals.,,,,,-3.16,-7.28,252517308.71,4.04,50.53,32.94,False,False,"Stage 4, Stage 4 - Confirmed Downtrend, weekly_vcp_ok, weekly_strong, downtrend",weekly_watchlist,35.8,38.3,505.88,-16.15,"[29.22, 18.83]","[6, 5]",0.9,16.0,strong,234
GRSE.NS,Garden Reach Shipbuilders & Engineers Limited,Capital Goods,Unknown,Unknown,False,Cash,1,Stage 4,Stage 4,Stage 4 - Weak/Declining,Stage 4 - Weak/Declining,Stage 4 • Stage 4 - Weak/Declining,0.72,Price is below long-term support with weak trend evidence.,,,2026-07-08,,-14.08,-6.38,748417260.35,0.83,1.11,0.81,True,True,"Stage 4, Stage 4 - Weak/Declining, weekly_vcp_ok, volume_dryup, weekly_volume_dryup, weekly_strong, downtrend",weekly_watchlist,35.8,38.3,2931.42,-25.57,"[24.23, 15.78]","[6, 6]",0.9,14.0,strong,235
ONGC.NS,Oil & Natural Gas Corporation Limited,"Oil, Gas & Consumable Fuels",Unknown,Unknown,True,F&O,1,Not Sure,Stage 4,Pending Stage 4,Pending Stage 4,Not Sure • Pending Stage 4,0.55,Blocked public stage jump Stage 1 -> Stage 4; waiting for intermediate/confirmed structure.,Blocked public stage jump Stage 1 -> Stage 4; waiting for intermediate/confirmed structure.,,2026-05-22,Stage 4,-0.23,-22.19,2257309946.12,0.84,1.09,0.86,True,True,"Stage 4, Stage 4 - Weak/Declining, weekly_vcp_ok, volume_dryup, weekly_volume_dryup, weekly_strong, downtrend | Blocked public stage jump Stage 1 -> Stage 4; waiting for intermediate/confirmed structure.",weekly_watchlist,35.8,38.3,306.73,-26.39,"[22.3, 9.21]","[13, 5]",0.9,21.0,strong,236
GHCL.NS,GHCL Limited,Chemicals,Unknown,Unknown,False,Cash,1,Stage 4,Stage 4,Stage 4 - Confirmed Downtrend,Stage 4 - Confirmed Downtrend,Stage 4 • Stage 4 - Confirmed Downtrend,0.86,Price is below a bearish moving-average stack with falling trend signals.,,,,,1.22,-10.25,50313415.78,1.11,0.8,1.66,False,False,"Stage 4, Stage 4 - Confirmed Downtrend, weekly_vcp_ok, weekly_strong, downtrend",weekly_watchlist,35.8,38.3,459.53,-11.76,"[26.23, 24.12]","[7, 5]",0.9,18.0,strong,237
PRAJIND.NS,Praj Industries Limited,Capital Goods,Unknown,Unknown,False,Cash,1,Not Sure,Stage 4,Pending Stage 4,Pending Stage 4,Not Sure • Pending Stage 4,0.55,Blocked public stage jump Stage 1 -> Stage 4; waiting for intermediate/confirmed structure.,Blocked public stage jump Stage 1 -> Stage 4; waiting for intermediate/confirmed structure.,,2026-08-31,Stage 4,-8.68,-10.45,122744276.63,0.43,0.59,0.41,True,True,"Stage 4, Stage 4 - Weak/Declining, weekly_vcp_ok, volume_dryup, weekly_volume_dryup, weekly_strong, downtrend | Blocked public stage jump Stage 1 -> Stage 4; waiting for intermediate/confirmed structure.",weekly_watchlist,35.8,38.3,364.28,-16.04,"[24.21, 18.23]","[7, 3]",0.9,14.0,strong,238
TATACHEM.NS,Tata Chemicals Limited,Chemicals,Unknown,Unknown,False,Cash,1,Stage 4,Stage 4,Stage 4 - Confirmed Downtrend,Stage 4 - Confirmed Downtrend,Stage 4 • Stage 4 - Confirmed Downtrend,0.86,Price is below a bearish moving-average stack with falling trend signals.,,,,,-5.37,-1.72,2638967660.63,2.31,0.42,0.99,False,False,"Stage 4, Stage 4 - Confirmed Downtrend, weekly_vcp_ok, weekly_strong, downtrend",weekly_watchlist,35.8,38.3,843.38,-27.5,"[26.41, 22.58]","[12, 11]",0.9,35.0,strong,239
FINPIPE.NS,Finolex Industries Limited,Capital Goods,Unknown,Unknown,False,Cash,1,Stage 4,Stage 4,Stage 4 - Confirmed Downtrend,Stage 4 - Confirmed Downtrend,Stage 4 • Stage 4 - Confirmed Downtrend,0.86,Price is below a bearish moving-average stack with falling trend signals.,,,,,-4.46,-4.75,50089604.32,0.78,0.57,0.72,True,True,"Stage 4, Stage 4 - Confirmed Downtrend, weekly_vcp_ok, volume_dryup, weekly_volume_dryup, weekly_strong, downtrend",weekly_watchlist,35.8,38.3,197.24,-23.2,"[25.41, 15.33]","[7, 4]",0.9,23.0,strong,240
M&M.NS,Mahindra & Mahindra Limited,Automobile and Auto Components,Unknown,Unknown,True,F&O,1,Stage 4,Stage 4,Stage 4 - Weak/Declining,Stage 4 - Weak/Declining,Stage 4 • Stage 4 - Weak/Declining,0.72,Price is below long-term support with weak trend evidence.,,,2026-01-13,,-1.05,-2.15,5772090691.93,1.03,1.27,1.13,False,False,"Stage 4, Stage 4 - Weak/Declining, weekly_vcp_ok, weekly_strong, downtrend",weekly_watchlist,35.8,38.3,3540.79,-16.69,"[23.53, 14.67]","[5, 5]",0.9,17.0,strong,241
MSUMI.NS,Motherson Sumi Wiring India Limited,Automobile and Auto Components,Unknown,Unknown,False,Cash,1,Stage 4,Stage 4,Stage 4 - Confirmed Downtrend,Stage 4 - Confirmed Downtrend,Stage 4 • Stage 4 - Confirmed Downtrend,0.86,Price is below a bearish moving-average stack with falling trend signals.,,,2026-01-09,,-8.98,-7.9,386046994.11,1.15,0.57,1.07,False,False,"Stage 4, Stage 4 - Confirmed Downtrend, weekly_vcp_ok, weekly_strong, downtrend",weekly_watchlist,35.8,38.3,42.82,-20.43,"[33.38, 16.39]","[11, 5]",0.9,22.0,strong,242
ESCORTS.NS,Escorts Kubota Limited,Capital Goods,Unknown,Unknown,False,Cash,1,Stage 4,Stage 4,Stage 4 - Confirmed Downtrend,Stage 4 - Confirmed Downtrend,Stage 4 • Stage 4 - Confirmed Downtrend,0.86,Price is below a bearish moving-average stack with falling trend signals.,,,2026-02-10,,-2.17,-6.93,182978331.2,0.95,0.67,1.13,False,False,"Stage 4, Stage 4 - Confirmed Downtrend, weekly_vcp_ok, weekly_strong, downtrend",weekly_watchlist,35.8,38.3,3178.65,-14.58,"[29.66, 20.77]","[7, 4]",0.9,16.0,strong,243
AIAENG.NS,AIA Engineering Limited,Capital Goods,Unknown,Unknown,False,Cash,1,Stage 4,Stage 4,Stage 4,Stage 4,Stage 4,0.66,Declining structure detected.,,,2026-08-28,,-11.52,4.35,259238445.2,1.26,0.97,1.6,False,False,"Stage 4, Stage 4, weekly_vcp_ok, weekly_strong, downtrend",weekly_watchlist,35.8,38.3,5169.63,-25.16,"[22.67, 9.98]","[7, 3]",0.9,14.0,strong,244
ANURAS.NS,Anupam Rasayan India Limited,Chemicals,Unknown,Unknown,False,Cash,1,Stage 4,Stage 4,Stage 4 - Confirmed Downtrend,Stage 4 - Confirmed Downtrend,Stage 4 • Stage 4 - Confirmed Downtrend,0.86,Price is below a bearish moving-average stack with falling trend signals.,,,2026-06-05,,-0.03,-6.21,670514501.91,2.39,0.28,0.46,False,True,"Stage 4, Stage 4 - Confirmed Downtrend, weekly_vcp_ok, weekly_volume_dryup, weekly_strong, downtrend",weekly_watchlist,35.8,38.3,1415.68,-16.58,"[17.39, 15.74]","[3, 15]",0.9,27.0,strong,245
BORORENEW.NS,BOROSIL RENEWABLES LIMITED,Capital Goods,Unknown,Unknown,False,Cash,1,Stage 4,Stage 4,Stage 4 - Weak/Declining,Stage 4 - Weak/Declining,Stage 4 • Stage 4 - Weak/Declining,0.72,Price is below long-term support with weak trend evidence.,,,2026-08-04,,-19.9,7.35,208960698.29,1.06,1.21,0.82,False,True,"Stage 4, Stage 4 - Weak/Declining, weekly_vcp_ok, weekly_volume_dryup, weekly_strong, downtrend",weekly_watchlist,35.8,38.3,671.07,-31.73,"[48.07, 15.53]","[20, 4]",0.9,29.0,strong,246
CUMMINSIND.NS,Cummins India Limited,Capital Goods,Unknown,Unknown,True,F&O,1,Stage 4,Stage 4,Stage 4 - Weak/Declining,Stage 4 - Weak/Declining,Stage 4 • Stage 4 - Weak/Declining,0.72,Price is below long-term support with weak trend evidence.,,,2026-08-11,,-7.16,2.17,1864096197.08,0.91,1.38,1.14,False,False,"Stage 4, Stage 4 - Weak/Declining, weekly_vcp_ok, weekly_strong, downtrend",weekly_watchlist,35.8,38.3,6060.41,-21.46,"[15.86, 11.89]","[7, 4]",0.9,15.0,strong,247
KEC.NS,KEC International Limited,Capital Goods,Unknown,Unknown,False,Cash,1,Stage 4,Stage 4,Stage 4 - Confirmed Downtrend,Stage 4 - Confirmed Downtrend,Stage 4 • Stage 4 - Confirmed Downtrend,0.86,Price is below a bearish moving-average stack with falling trend signals.,,,,,-17.69,-29.46,436958232.26,0.74,0.67,0.62,True,True,"Stage 4, Stage 4 - Confirmed Downtrend, weekly_vcp_ok, volume_dryup, weekly_volume_dryup, weekly_strong, downtrend",weekly_watchlist,35.8,38.3,610.96,-38.25,"[34.49, 24.47]","[14, 6]",0.9,21.0,strong,248
RCF.NS,Rashtriya Chemicals and Fertilizers Limited,Chemicals,Unknown,Unknown,False,Cash,1,Stage 4,Stage 4,Stage 4 - Confirmed Downtrend,Stage 4 - Confirmed Downtrend,Stage 4 • Stage 4 - Confirmed Downtrend,0.86,Price is below a bearish moving-average stack with falling trend signals.,,,,,-7.92,-6.64,116848030.2,0.89,1.13,1.05,False,False,"Stage 4, Stage 4 - Confirmed Downtrend, weekly_vcp_ok, weekly_strong, downtrend",weekly_watchlist,35.8,38.3,138.53,-20.62,"[29.24, 10.89]","[12, 9]",0.9,28.0,strong,249
SALASAR.NS,Salasar Techno Engineering Limited,Capital Goods,Unknown,Unknown,False,Cash,1,Stage 4,Stage 4,Stage 4 - Confirmed Downtrend,Stage 4 - Confirmed Downtrend,Stage 4 • Stage 4 - Confirmed Downtrend,0.86,Price is below a bearish moving-average stack with falling trend signals.,,,,,-26.64,-38.91,42418640.42,1.29,2.34,2.32,False,False,"Stage 4, Stage 4 - Confirmed Downtrend, weekly_vcp_ok, weekly_strong, downtrend",weekly_watchlist,35.8,38.3,7.86,-48.12,"[38.44, 21.09]","[7, 2]",0.9,20.0,strong,250
SANDUMA.NS,Sandur Manganese & Iron Ores Limited,"Oil, Gas & Consumable Fuels",Unknown,Unknown,False,Cash,1,Stage 4,Stage 4,Stage 4 - Confirmed Downtrend,Stage 4 - Confirmed Downtrend,Stage 4 • Stage 4 - Confirmed Downtrend,0.86,Price is below a bearish moving-average stack with falling trend signals.,,,2026-06-05,,-6.63,-2.12,91965464.02,0.66,0.53,0.62,True,True,"Stage 4, Stage 4 - Confirmed Downtrend, weekly_vcp_ok, volume_dryup, weekly_volume_dryup, weekly_strong, downtrend",weekly_watchlist,35.8,38.3,253.72,-28.2,"[37.54, 24.77]","[12, 11]",0.9,28.0,strong,251
SUBROS.NS,Subros Limited,Automobile and Auto Components,Unknown,Unknown,False,Cash,1,Stage 4,Stage 4,Stage 4 - Confirmed Downtrend,Stage 4 - Confirmed Downtrend,Stage 4 • Stage 4 - Confirmed Downtrend,0.86,Price is below a bearish moving-average stack with falling trend signals.,,,2025-11-10,,-9.95,0.55,24750809.84,0.78,0.52,0.69,True,True,"Stage 4, Stage 4 - Confirmed Downtrend, weekly_vcp_ok, volume_dryup, weekly_volume_dryup, weekly_strong, downtrend",weekly_watchlist,35.8,38.3,895.68,-21.92,"[27.36, 15.13]","[7, 5]",0.9,17.0,strong,252
SURYAROSNI.NS,Surya Roshni Limited,Capital Goods,Unknown,Unknown,False,Cash,1,Stage 4,Stage 4,Stage 4 - Confirmed Downtrend,Stage 4 - Confirmed Downtrend,Stage 4 • Stage 4 - Confirmed Downtrend,0.86,Price is below a bearish moving-average stack with falling trend signals.,,,2026-07-10,,-8.17,6.12,89783050.89,0.77,0.69,0.87,True,True,"Stage 4, Stage 4 - Confirmed Downtrend, weekly_vcp_ok, volume_dryup, weekly_volume_dryup, weekly_strong, downtrend",weekly_watchlist,35.8,38.3,273.11,-18.95,"[30.35, 24.62]","[7, 3]",0.9,15.0,strong,253
TATAINVEST.NS,Tata Investment Corporation Ltd.,Financial Services,Unknown,Unknown,False,Cash,1,Stage 4,Stage 4,Stage 4 - Weak/Declining,Stage 4 - Weak/Declining,Stage 4 • Stage 4 - Weak/Declining,0.72,Price is below long-term support with weak trend evidence.,,,2025-10-29,,0.15,3.74,1684525465.83,0.83,0.19,0.33,True,True,"Stage 4, Stage 4 - Weak/Declining, weekly_vcp_ok, volume_dryup, weekly_volume_dryup, weekly_strong, downtrend",weekly_watchlist,37.29,38.29,759.67,-18.38,"[27.35, 18.09, 13.81]","[6, 13, 4]",0.95,29.0,strong,254
PRESTIGE.NS,Prestige Estates Projects Ltd.,Realty,Unknown,Unknown,True,F&O,1,Stage 4,Stage 4,Stage 4 - Weak/Declining,Stage 4 - Weak/Declining,Stage 4 • Stage 4 - Weak/Declining,0.72,Price is below long-term support with weak trend evidence.,,,2026-08-31,,-6.1,20.12,748427015.5,1.0,2.86,1.26,False,False,"Stage 4, Stage 4 - Weak/Declining, weekly_vcp_ok, weekly_strong, downtrend",weekly_watchlist,37.2,38.2,1742.35,-14.95,"[32.07, 14.31]","[7, 2]",0.9,14.0,strong,255
BLS.NS,BLS International Services Ltd.,Consumer Services,Unknown,Unknown,False,Cash,1,Stage 4,Stage 4,Stage 4 - Confirmed Downtrend,Stage 4 - Confirmed Downtrend,Stage 4 • Stage 4 - Confirmed Downtrend,0.86,Price is below a bearish moving-average stack with falling trend signals.,,,,,-5.7,-20.16,170643265.0,0.37,0.28,0.33,True,True,"Stage 4, Stage 4 - Confirmed Downtrend, weekly_vcp_ok, volume_dryup, weekly_volume_dryup, weekly_strong, downtrend",weekly_watchlist,36.9,37.9,308.86,-29.33,"[35.77, 21.12, 18.15]","[19, 5, 4]",0.95,36.0,strong,256
CANBK.NS,Canara Bank,Financial Services,Unknown,Unknown,True,F&O,1,Stage 4,Stage 4,Stage 4 - Confirmed Downtrend,Stage 4 - Confirmed Downtrend,Stage 4 • Stage 4 - Confirmed Downtrend,0.86,Price is below a bearish moving-average stack with falling trend signals.,,,2026-02-23,,1.25,-6.03,1420753039.4,0.79,1.08,0.86,True,True,"Stage 4, Stage 4 - Confirmed Downtrend, weekly_vcp_ok, volume_dryup, weekly_volume_dryup, weekly_strong, downtrend",weekly_watchlist,36.9,37.9,157.96,-24.39,"[21.02, 15.81, 11.61]","[17, 4, 3]",0.95,31.0,strong,257
POLICYBZR.NS,PB Fintech Limited,Financial Services,Unknown,Unknown,True,F&O,1,Stage 2 Failed,Stage 4,Failed Stage 2,Failed Stage 2,Stage 2 Failed • Failed Stage 2,0.72,"This stock was recently Stage 2, but the latest structure no longer satisfies Stage 2 rules. It is kept as Stage 2 Failed until a fresh base/repair structure forms.",Recent Stage 2 break; public stage held as Stage 2 Failed.,2026-09-30,2026-09-23,,-25.89,-28.41,8079060413.28,3.66,2.0,8.44,False,False,"Stage 4, Stage 4 - Weak/Declining, weekly_vcp_ok, weekly_strong, downtrend | Stage 2 failed state applied from stage memory.",weekly_watchlist,36.9,37.9,1848.73,-42.45,"[30.56, 19.9, 12.22]","[13, 3, 4]",0.95,32.0,strong,258
JIOFIN.NS,Jio Financial Services Limited,Financial Services,Unknown,Unknown,True,F&O,1,Stage 4,Stage 4,Stage 4 - Weak/Declining,Stage 4 - Weak/Declining,Stage 4 • Stage 4 - Weak/Declining,0.72,Price is below long-term support with weak trend evidence.,,,,,-2.62,-8.92,2522322273.18,0.82,1.35,0.97,True,False,"Stage 4, Stage 4 - Weak/Declining, weekly_vcp_ok, volume_dryup, weekly_strong, downtrend",weekly_watchlist,36.9,37.9,268.04,-19.09,"[27.03, 11.67, 7.23]","[12, 6, 3]",0.95,26.0,strong,259
BANKINDIA.NS,Bank of India,Financial Services,Unknown,Unknown,True,F&O,1,Stage 4,Stage 4,Stage 4 - Confirmed Downtrend,Stage 4 - Confirmed Downtrend,Stage 4 • Stage 4 - Confirmed Downtrend,0.86,Price is below a bearish moving-average stack with falling trend signals.,,,2026-08-27,,-0.04,-3.52,673946084.96,0.88,0.94,0.95,False,False,"Stage 4, Stage 4 - Confirmed Downtrend, weekly_vcp_ok, weekly_strong, downtrend",weekly_watchlist,36.9,37.9,151.0,-13.75,"[24.58, 11.56, 11.25]","[5, 4, 3]",0.95,19.0,strong,260
CENTRALBK.NS,Central Bank of India,Financial Services,Unknown,Unknown,False,Cash,1,Stage 4,Stage 4,Stage 4 - Confirmed Downtrend,Stage 4 - Confirmed Downtrend,Stage 4 • Stage 4 - Confirmed Downtrend,0.86,Price is below a bearish moving-average stack with falling trend signals.,,,,,0.18,-9.75,218062980.07,1.52,0.73,0.67,False,True,"Stage 4, Stage 4 - Confirmed Downtrend, weekly_vcp_ok, weekly_volume_dryup, weekly_strong, downtrend",weekly_watchlist,36.9,37.9,36.99,-17.66,"[23.51, 20.61, 13.31]","[5, 4, 11]",0.95,27.0,strong,261
IOB.NS,Indian Overseas Bank,Financial Services,Unknown,Unknown,False,Cash,1,Stage 4,Stage 4,Stage 4 - Confirmed Downtrend,Stage 4 - Confirmed Downtrend,Stage 4 • Stage 4 - Confirmed Downtrend,0.86,Price is below a bearish moving-average stack with falling trend signals.,,,,,-2.67,-7.31,81638305.97,1.35,1.06,1.63,False,False,"Stage 4, Stage 4 - Confirmed Downtrend, weekly_vcp_ok, weekly_strong, downtrend",weekly_watchlist,36.9,37.9,36.53,-15.25,"[16.49, 11.35, 9.03]","[5, 6, 5]",0.95,21.0,strong,262
DELHIVERY.NS,Delhivery Limited,Services,Unknown,Unknown,True,F&O,1,Stage 4,Stage 4,Stage 4 - Weak/Declining,Stage 4 - Weak/Declining,Stage 4 • Stage 4 - Weak/Declining,0.72,Price is below long-term support with weak trend evidence.,,,2026-09-04,,-14.36,-8.6,1173612294.2,1.23,2.48,1.59,False,False,"Stage 4, Stage 4 - Weak/Declining, weekly_vcp_ok, weekly_strong, downtrend",weekly_watchlist,36.9,37.9,524.92,-21.95,"[23.58, 14.46, 12.18]","[11, 6, 5]",0.95,31.0,strong,263
BLUEDART.NS,Blue Dart Express Limited,Services,Unknown,Unknown,False,Cash,1,Stage 4,Stage 4,Stage 4 - Weak/Declining,Stage 4 - Weak/Declining,Stage 4 • Stage 4 - Weak/Declining,0.72,Price is below long-term support with weak trend evidence.,,,,,2.21,-6.81,55246332.06,0.58,1.38,0.97,True,False,"Stage 4, Stage 4 - Weak/Declining, weekly_vcp_ok, volume_dryup, weekly_strong, downtrend",weekly_watchlist,36.9,37.9,5775.5,-19.85,"[21.02, 19.86, 7.15]","[7, 5, 4]",0.95,23.0,strong,264
CSBBANK.NS,CSB Bank Limited,Financial Services,Unknown,Unknown,False,Cash,1,Stage 4,Stage 4,Stage 4 - Confirmed Downtrend,Stage 4 - Confirmed Downtrend,Stage 4 • Stage 4 - Confirmed Downtrend,0.86,Price is below a bearish moving-average stack with falling trend signals.,,,2026-01-30,,-4.3,-18.11,301806672.81,0.87,0.34,0.45,False,True,"Stage 4, Stage 4 - Confirmed Downtrend, weekly_vcp_ok, weekly_volume_dryup, weekly_strong, downtrend",weekly_watchlist,36.9,37.9,417.93,-25.59,"[43.45, 18.5, 16.03]","[10, 4, 2]",0.95,25.0,strong,265
HDFCLIFE.NS,HDFC Life Insurance Company Limited,Financial Services,Unknown,Unknown,True,F&O,1,Stage 4,Stage 4,Stage 4 - Confirmed Downtrend,Stage 4 - Confirmed Downtrend,Stage 4 • Stage 4 - Confirmed Downtrend,0.86,Price is below a bearish moving-average stack with falling trend signals.,,,,,-0.82,-11.38,2577783400.02,1.55,1.26,2.07,False,False,"Stage 4, Stage 4 - Confirmed Downtrend, weekly_vcp_ok, weekly_strong, downtrend",weekly_watchlist,36.9,37.9,649.57,-19.76,"[25.56, 16.56, 15.92]","[5, 8, 11]",0.95,28.0,strong,266
TCI.NS,Transport Corporation of India Limited,Services,Unknown,Unknown,False,Cash,1,Stage 4,Stage 4,Stage 4 - Confirmed Downtrend,Stage 4 - Confirmed Downtrend,Stage 4 • Stage 4 - Confirmed Downtrend,0.86,Price is below a bearish moving-average stack with falling trend signals.,,,2025-11-04,,0.48,-11.49,304132461.94,4.25,0.64,8.88,False,False,"Stage 4, Stage 4 - Confirmed Downtrend, weekly_vcp_ok, weekly_strong, downtrend",weekly_watchlist,36.9,37.9,979.86,-10.96,"[21.95, 19.68, 7.89]","[6, 7, 6]",0.95,23.0,strong,267
HDFCAMC.NS,HDFC Asset Management Company Limited,Financial Services,Unknown,Unknown,True,F&O,1,Stage 4,Stage 4,Stage 4 - Confirmed Downtrend,Stage 4 - Confirmed Downtrend,Stage 4 • Stage 4 - Confirmed Downtrend,0.86,Price is below a bearish moving-average stack with falling trend signals.,,,2026-07-15,,-10.97,-1.92,1431488553.46,0.98,1.26,1.18,False,False,"Stage 4, Stage 4 - Confirmed Downtrend, weekly_vcp_ok, weekly_strong, downtrend",weekly_watchlist,36.9,37.9,2838.4,-19.65,"[23.98, 15.3, 13.03]","[6, 5, 2]",0.95,22.0,strong,268
SUNTECK.NS,Sunteck Realty Limited,Realty,Unknown,Unknown,False,Cash,1,Stage 4,Stage 4,Stage 4 - Confirmed Downtrend,Stage 4 - Confirmed Downtrend,Stage 4 • Stage 4 - Confirmed Downtrend,0.86,Price is below a bearish moving-average stack with falling trend signals.,,,2025-11-14,,-10.91,-8.59,32890639.28,0.5,0.46,0.59,True,True,"Stage 4, Stage 4 - Confirmed Downtrend, weekly_vcp_ok, volume_dryup, weekly_volume_dryup, weekly_strong, downtrend",weekly_watchlist,36.9,37.9,381.03,-27.2,"[35.8, 28.74, 15.67]","[7, 7, 2]",0.95,23.0,strong,269
NESCO.NS,Nesco Limited,Services,Unknown,Unknown,False,Cash,1,Stage 4,Stage 4,Stage 4 - Weak/Declining,Stage 4 - Weak/Declining,Stage 4 • Stage 4 - Weak/Declining,0.72,Price is below long-term support with weak trend evidence.,,,2025-10-29,,-1.68,-3.88,64700549.06,1.08,0.44,1.54,False,False,"Stage 4, Stage 4 - Weak/Declining, weekly_vcp_ok, weekly_strong, downtrend",weekly_watchlist,36.9,37.9,1317.73,-20.55,"[20.0, 19.4, 14.63]","[7, 5, 3]",0.95,24.0,strong,270
AADHARHFC.NS,Aadhar Housing Finance Ltd.,Financial Services,Unknown,Unknown,False,Cash,1,Stage 4,Stage 4,Stage 4 - Weak/Declining,Stage 4 - Weak/Declining,Stage 4 • Stage 4 - Weak/Declining,0.72,Price is below long-term support with weak trend evidence.,,,2026-08-17,,-14.85,-5.74,157944482.45,1.38,0.94,0.88,False,True,"Stage 4, Stage 4 - Weak/Declining, weekly_vcp_ok, weekly_volume_dryup, weekly_strong, downtrend",weekly_watchlist,36.9,37.9,563.99,-22.69,"[13.1, 13.45, 14.0]","[4, 3, 5]",0.95,18.0,strong,271
GODREJPROP.NS,Godrej Properties Limited,Realty,Unknown,Unknown,True,F&O,1,Stage 4,Stage 4,Stage 4 - Weak/Declining,Stage 4 - Weak/Declining,Stage 4 • Stage 4 - Weak/Declining,0.72,Price is below long-term support with weak trend evidence.,,,2026-08-28,,-13.24,0.66,1190735011.72,0.75,1.37,0.75,True,True,"Stage 4, Stage 4 - Weak/Declining, weekly_vcp_ok, volume_dryup, weekly_volume_dryup, weekly_strong, downtrend",weekly_watchlist,36.9,37.9,2183.82,-25.43,"[31.85, 24.3, 17.51]","[3, 6, 5]",0.95,22.0,strong,272
GRAVITA.NS,Gravita India Limited,Metals & Mining,Unknown,Unknown,False,Cash,1,Stage 2 Failed,Stage 4,Failed Stage 2,Failed Stage 2,Stage 2 Failed • Failed Stage 2,0.72,"This stock was recently Stage 2, but the latest structure no longer satisfies Stage 2 rules. It is kept as Stage 2 Failed until a fresh base/repair structure forms.",Recent Stage 2 break; public stage held as Stage 2 Failed.,2026-09-30,2026-09-10,,-11.49,2.5,320355981.92,1.12,1.18,1.04,False,False,"Stage 4, Stage 4 - Weak/Declining, weekly_vcp_ok, weekly_strong, downtrend | Stage 2 failed state applied from stage memory.",weekly_watchlist,36.9,37.9,1870.0,-22.6,"[28.17, 16.59, 15.78]","[7, 5, 2]",0.95,24.0,strong,273
IMFA.NS,Indian Metals & Ferro Alloys Limited,Metals & Mining,Unknown,Unknown,False,Cash,1,Stage 4,Stage 4,Stage 4 - Weak/Declining,Stage 4 - Weak/Declining,Stage 4 • Stage 4 - Weak/Declining,0.72,Price is below long-term support with weak trend evidence.,,,2026-08-24,,-5.17,-10.22,106026322.31,0.51,0.65,0.46,True,True,"Stage 4, Stage 4 - Weak/Declining, weekly_vcp_ok, volume_dryup, weekly_volume_dryup, weekly_strong, downtrend",weekly_watchlist,36.9,37.9,1673.71,-28.85,"[29.56, 22.37, 20.61]","[3, 6, 4]",0.95,25.0,strong,274
INDIAMART.NS,Indiamart Intermesh Limited,Consumer Services,Unknown,Unknown,False,Cash,1,Stage 4,Stage 4,Stage 4 - Confirmed Downtrend,Stage 4 - Confirmed Downtrend,Stage 4 • Stage 4 - Confirmed Downtrend,0.86,Price is below a bearish moving-average stack with falling trend signals.,,,,,-6.98,-19.68,189590578.98,1.13,1.07,0.5,False,True,"Stage 4, Stage 4 - Confirmed Downtrend, weekly_vcp_ok, weekly_volume_dryup, weekly_strong, downtrend",weekly_watchlist,36.9,37.9,2137.28,-23.78,"[16.47, 16.67, 13.1]","[9, 8, 4]",0.95,27.0,strong,275
MHRIL.NS,Mahindra Holidays & Resorts India Limited,Consumer Services,Unknown,Unknown,False,Cash,1,Stage 4,Stage 4,Stage 4 - Confirmed Downtrend,Stage 4 - Confirmed Downtrend,Stage 4 • Stage 4 - Confirmed Downtrend,0.86,Price is below a bearish moving-average stack with falling trend signals.,,,,,-9.66,-23.27,23787163.56,0.83,0.4,0.58,True,True,"Stage 4, Stage 4 - Confirmed Downtrend, weekly_vcp_ok, volume_dryup, weekly_volume_dryup, weekly_strong, downtrend",weekly_watchlist,36.9,37.9,278.05,-30.14,"[29.01, 24.98, 16.17]","[7, 6, 5]",0.95,23.0,strong,276
PSB.NS,Punjab & Sind Bank,Financial Services,Unknown,Unknown,False,Cash,1,Stage 4,Stage 4,Stage 4 - Confirmed Downtrend,Stage 4 - Confirmed Downtrend,Stage 4 • Stage 4 - Confirmed Downtrend,0.86,Price is below a bearish moving-average stack with falling trend signals.,,,,,-5.86,-7.08,21232998.47,0.9,1.18,0.8,False,True,"Stage 4, Stage 4 - Confirmed Downtrend, weekly_vcp_ok, weekly_volume_dryup, weekly_strong, downtrend",weekly_watchlist,36.9,37.9,25.92,-17.7,"[28.04, 12.65, 10.39]","[6, 5, 6]",0.95,23.0,strong,277
SAMMAANCAP.NS,Sammaan Capital Ltd.,Financial Services,Unknown,Unknown,True,F&O,1,Stage 4,Stage 4,Stage 4 - Weak/Declining,Stage 4 - Weak/Declining,Stage 4 • Stage 4 - Weak/Declining,0.72,Price is below long-term support with weak trend evidence.,,,2026-08-13,,-15.9,-7.25,649038005.24,0.58,0.84,0.58,True,True,"Stage 4, Stage 4 - Weak/Declining, weekly_vcp_ok, volume_dryup, weekly_volume_dryup, weekly_strong, downtrend",weekly_watchlist,36.9,37.9,192.68,-29.14,"[29.7, 20.37, 14.61]","[12, 4, 5]",0.95,28.0,strong,278
NEWGEN.NS,Newgen Software Technologies Limited,Information Technology,Unknown,Unknown,False,Cash,1,Stage 4,Stage 4,Stage 4 - Weak/Declining,Stage 4 - Weak/Declining,Stage 4 • Stage 4 - Weak/Declining,0.72,Price is below long-term support with weak trend evidence.,,,,,5.35,4.44,351954717.12,0.47,0.4,0.56,True,True,"Stage 4, Stage 4 - Weak/Declining, weekly_vcp_ok, volume_dryup, weekly_volume_dryup, weekly_strong, downtrend",weekly_watchlist,37.88,37.88,601.33,-22.2,"[37.09, 18.93, 14.27]","[6, 4, 5]",0.95,20.0,strong,279
TARC.NS,TARC Limited,Realty,Unknown,Unknown,False,Cash,1,Stage 4,Stage 4,Stage 4 - Weak/Declining,Stage 4 - Weak/Declining,Stage 4 • Stage 4 - Weak/Declining,0.72,Price is below long-term support with weak trend evidence.,,,,,6.1,4.21,69541686.88,0.35,0.25,0.28,True,True,"Stage 4, Stage 4 - Weak/Declining, weekly_vcp_ok, volume_dryup, weekly_volume_dryup, weekly_strong, downtrend",weekly_watchlist,36.83,37.83,142.8,-11.79,"[41.44, 16.59]","[12, 7]",0.9,28.0,strong,280
CHOICEIN.NS,Choice International Limited,Financial Services,Unknown,Unknown,False,Cash,1,Stage 4,Stage 4,Stage 4 - Weak/Declining,Stage 4 - Weak/Declining,Stage 4 • Stage 4 - Weak/Declining,0.72,Price is below long-term support with weak trend evidence.,,,2026-08-24,,-1.71,12.03,296148634.23,1.09,1.04,0.74,False,True,"Stage 4, Stage 4 - Weak/Declining, weekly_vcp_ok, weekly_volume_dryup, weekly_strong, downtrend",weekly_watchlist,36.83,37.83,854.3,-14.99,"[30.17, 14.12]","[5, 7]",0.9,16.0,strong,281
CAPLIPOINT.NS,Caplin Point Laboratories Limited,Healthcare,Unknown,Unknown,False,Cash,1,Stage 2,Stage 2,Clean Stage 2,Clean Stage 2,Stage 2 • Clean Stage 2,0.9,"Price is above rising key averages, weekly structure is supportive, and the stock is near its 52-week high.",,,2026-09-29,,10.47,72.43,645956918.91,1.25,0.62,1.85,False,False,"Stage 2, Clean Stage 2, trend_template_ok",weekly_watchlist,32.8,37.8,2877.9,-5.61,[11.73],[4],0.0,4.0,weak,282
ROLEXRINGS.NS,Rolex Rings Limited,Automobile and Auto Components,Unknown,Unknown,False,Cash,1,Stage 2,Stage 2,Clean Stage 2,Clean Stage 2,Stage 2 • Clean Stage 2,0.9,"Price is above rising key averages, weekly structure is supportive, and the stock is near its 52-week high.",,,2026-09-29,,43.0,57.43,330343319.28,0.62,0.57,0.76,True,True,"Stage 2, Clean Stage 2, trend_template_ok, volume_dryup, weekly_volume_dryup",weekly_watchlist,35.2,37.7,189.73,0.19,[23.3],[6],0.0,6.0,weak,283
MTARTECH.NS,Mtar Technologies Limited,Capital Goods,Unknown,Unknown,False,Cash,1,Stage 2,Stage 2,Clean Stage 2,Clean Stage 2,Stage 2 • Clean Stage 2,0.9,"Price is above rising key averages, weekly structure is supportive, and the stock is near its 52-week high.",,,2026-09-29,,17.44,97.28,898888606.3,0.87,1.8,1.21,False,False,"Stage 2, Clean Stage 2, trend_template_ok",weekly_watchlist,35.2,37.7,7958.9,-2.03,[40.39],[6],0.0,6.0,weak,284
AEGISVOPAK.NS,Aegis Vopak Terminals Ltd.,"Oil, Gas & Consumable Fuels",Unknown,Unknown,False,Cash,1,Stage 2,Stage 2,Clean Stage 2,Clean Stage 2,Stage 2 • Clean Stage 2,0.9,"Price is above rising key averages, weekly structure is supportive, and the stock is near its 52-week high.",,,2026-09-29,,12.89,68.89,557239381.4,1.59,0.35,0.87,False,True,"Stage 2, Clean Stage 2, trend_template_ok, weekly_volume_dryup",weekly_watchlist,35.2,37.7,307.09,-3.35,[17.08],[6],0.0,6.0,weak,285
MASTEK.NS,Mastek Limited,Information Technology,Unknown,Unknown,False,Cash,1,Stage 4,Stage 4,Stage 4 - Weak/Declining,Stage 4 - Weak/Declining,Stage 4 • Stage 4 - Weak/Declining,0.72,Price is below long-term support with weak trend evidence.,,,,,5.5,1.69,165670405.15,0.37,0.42,0.41,True,True,"Stage 4, Stage 4 - Weak/Declining, weekly_vcp_ok, volume_dryup, weekly_volume_dryup, weekly_strong, downtrend",weekly_watchlist,37.62,37.62,1929.33,-19.0,"[40.28, 16.11, 13.85]","[10, 4, 4]",0.95,23.0,strong,286
LTM.NS,LTIMindtree Ltd.,Information Technology,Unknown,Unknown,True,F&O,1,Stage 4,Stage 4,Stage 4 - Weak/Declining,Stage 4 - Weak/Declining,Stage 4 • Stage 4 - Weak/Declining,0.72,Price is below long-term support with weak trend evidence.,,,,,15.32,-9.02,1799209107.57,1.1,1.1,1.23,False,False,"Stage 4, Stage 4 - Weak/Declining, weekly_vcp_ok, weekly_strong, downtrend",weekly_watchlist,37.53,37.53,4858.49,-16.74,"[37.79, 18.33, 19.08]","[10, 3, 4]",0.95,23.0,strong,287
AFFLE.NS,Affle (India) Limited,Information Technology,Unknown,Unknown,False,Cash,1,Stage 4,Stage 4,Stage 4 - Weak/Declining,Stage 4 - Weak/Declining,Stage 4 • Stage 4 - Weak/Declining,0.72,Price is below long-term support with weak trend evidence.,,,2026-09-07,,11.19,6.07,575590176.05,0.41,0.73,0.38,True,True,"Stage 4, Stage 4 - Weak/Declining, weekly_vcp_ok, volume_dryup, weekly_volume_dryup, weekly_strong, downtrend",weekly_watchlist,37.53,37.53,1751.26,-13.72,"[31.59, 17.53]","[11, 7]",0.9,25.0,strong,288
CDSL.NS,Central Depository Services (India) Ltd.,Financial Services,Unknown,Unknown,True,F&O,1,Stage 2 Failed,Stage 4,Failed Stage 2,Failed Stage 2,Stage 2 Failed • Failed Stage 2,0.72,"This stock was recently Stage 2, but the latest structure no longer satisfies Stage 2 rules. It is kept as Stage 2 Failed until a fresh base/repair structure forms.",Recent Stage 2 break; public stage held as Stage 2 Failed.,2026-09-30,2026-09-18,,0.69,4.69,1520920353.2,0.95,0.66,0.97,False,False,"Stage 4, Stage 4 - Weak/Declining, weekly_vcp_ok, weekly_strong, downtrend | Stage 2 failed state applied from stage memory.",weekly_watchlist,36.34,37.34,1445.01,-12.53,"[33.3, 17.73]","[19, 4]",0.9,26.0,strong,289
RITES.NS,RITES Limited,Construction,Unknown,Unknown,False,Cash,1,Stage 4,Stage 4,Stage 4 - Weak/Declining,Stage 4 - Weak/Declining,Stage 4 • Stage 4 - Weak/Declining,0.72,Price is below long-term support with weak trend evidence.,,,,,5.4,9.86,590378084.52,3.63,160.03,21.02,False,False,"Stage 4, Stage 4 - Weak/Declining, weekly_vcp_ok, weekly_strong, downtrend",weekly_watchlist,37.33,37.33,240.33,-13.02,"[24.89, 14.09]","[7, 4]",0.9,16.0,strong,290
APTUS.NS,Aptus Value Housing Finance India Limited,Financial Services,Unknown,Unknown,False,Cash,1,Stage 4,Stage 4,Stage 4 - Weak/Declining,Stage 4 - Weak/Declining,Stage 4 • Stage 4 - Weak/Declining,0.72,Price is below long-term support with weak trend evidence.,,,2026-07-30,,-11.75,16.2,425248858.92,1.57,1.14,1.5,False,False,"Stage 4, Stage 4 - Weak/Declining, weekly_vcp_ok, weekly_strong, downtrend",weekly_watchlist,36.24,37.24,309.54,-24.88,"[34.02, 14.83]","[8, 5]",0.9,18.0,strong,291
JKIL.NS,J.Kumar Infraprojects Limited,Construction,Unknown,Unknown,False,Cash,1,Stage 4,Stage 4,Stage 4 - Confirmed Downtrend,Stage 4 - Confirmed Downtrend,Stage 4 • Stage 4 - Confirmed Downtrend,0.86,Price is below a bearish moving-average stack with falling trend signals.,,,,,2.05,-0.09,21195409.58,0.8,1.89,0.85,True,True,"Stage 4, Stage 4 - Confirmed Downtrend, weekly_vcp_ok, volume_dryup, weekly_volume_dryup, weekly_strong, downtrend",weekly_watchlist,37.1,37.1,545.24,-15.03,"[29.32, 17.2, 8.62]","[7, 7, 4]",0.95,25.0,strong,292
WONDERLA.NS,Wonderla Holidays Limited,Consumer Services,Unknown,Unknown,False,Cash,1,Stage 2 Failed,Stage 4,Failed Stage 2,Failed Stage 2,Stage 2 Failed • Failed Stage 2,0.72,"This stock was recently Stage 2, but the latest structure no longer satisfies Stage 2 rules. It is kept as Stage 2 Failed until a fresh base/repair structure forms.",Recent Stage 2 break; public stage held as Stage 2 Failed.,2026-09-30,2026-09-25,,7.42,-4.38,25616348.27,0.37,0.23,0.35,True,True,"Stage 4, Stage 4 - Weak/Declining, weekly_vcp_ok, volume_dryup, weekly_volume_dryup, weekly_strong, downtrend | Stage 2 failed state applied from stage memory.",weekly_watchlist,36.1,37.1,555.97,-10.01,"[19.37, 9.48]","[8, 3]",0.9,14.0,strong,293
SAGILITY.NS,Sagility Ltd.,Information Technology,Unknown,Unknown,False,Cash,1,Stage 4,Stage 4,Stage 4 - Weak/Declining,Stage 4 - Weak/Declining,Stage 4 • Stage 4 - Weak/Declining,0.72,Price is below long-term support with weak trend evidence.,,,,,11.97,0.56,548777472.58,0.5,0.56,0.43,True,True,"Stage 4, Stage 4 - Weak/Declining, weekly_vcp_ok, volume_dryup, weekly_volume_dryup, weekly_strong, downtrend",weekly_watchlist,37.05,37.05,47.57,-10.5,"[34.01, 12.01]","[9, 10]",0.9,21.0,strong,294
SHANTIGEAR.NS,Shanthi Gears Limited,Capital Goods,Unknown,Unknown,False,Cash,1,Stage 2,Stage 2,Stage 2,Stage 2,Stage 2,0.76,Advancing structure detected.,,,2026-09-29,,37.12,26.17,185078350.96,0.16,0.16,0.18,True,True,"Stage 2, Stage 2, volume_dryup, weekly_volume_dryup",weekly_watchlist,34.53,37.03,488.59,18.69,"[15.13, 16.64]","[3, 9]",0.1,23.0,weak,295
ORISSAMINE.NS,The Orissa Minerals Development Company Limited,Metals & Mining,Unknown,Unknown,False,Cash,1,Stage 4,Stage 4,Stage 4 - Weak/Declining,Stage 4 - Weak/Declining,Stage 4 • Stage 4 - Weak/Declining,0.72,Price is below long-term support with weak trend evidence.,,,,,0.29,1.86,28498308.61,0.28,0.58,0.21,True,True,"Stage 4, Stage 4 - Weak/Declining, weekly_vcp_ok, volume_dryup, weekly_volume_dryup, weekly_strong, downtrend",weekly_watchlist,36.02,37.02,5208.1,-29.89,"[41.34, 19.06]","[13, 5]",0.9,29.0,strong,296
SONATSOFTW.NS,Sonata Software Limited,Information Technology,Unknown,Unknown,False,Cash,1,Stage 4,Stage 4,Stage 4 - Weak/Declining,Stage 4 - Weak/Declining,Stage 4 • Stage 4 - Weak/Declining,0.72,Price is below long-term support with weak trend evidence.,,,,,1.67,10.03,337628901.81,0.54,0.71,0.61,True,True,"Stage 4, Stage 4 - Weak/Declining, weekly_vcp_ok, volume_dryup, weekly_volume_dryup, weekly_strong, downtrend",weekly_watchlist,36.97,36.97,358.75,-28.01,"[44.45, 18.35]","[12, 5]",0.9,22.0,strong,297
KIRLOSENG.NS,Kirloskar Oil Engines Limited,Capital Goods,Unknown,Unknown,False,Cash,1,Stage 2,Stage 2,Stage 2,Stage 2,Stage 2,0.76,Advancing structure detected.,Stage 2 reclaimed after 3 confirmation runs.,,2026-09-29,,8.72,63.84,1668435276.71,1.82,3.2,3.74,False,False,"Stage 2, Stage 2",weekly_watchlist,34.46,36.96,2317.1,-0.56,[26.35],[6],0.0,6.0,weak,298
MPHASIS.NS,MphasiS Limited,Information Technology,Unknown,Unknown,True,F&O,1,Stage 4,Stage 4,Stage 4 - Weak/Declining,Stage 4 - Weak/Declining,Stage 4 • Stage 4 - Weak/Declining,0.72,Price is below long-term support with weak trend evidence.,,,2026-01-19,,2.68,-6.27,826480833.87,0.73,1.83,0.72,True,True,"Stage 4, Stage 4 - Weak/Declining, weekly_vcp_ok, volume_dryup, weekly_volume_dryup, weekly_strong, downtrend",weekly_watchlist,36.9,36.9,2561.37,-15.89,"[32.2, 16.76, 12.73]","[17, 5, 4]",0.95,30.0,strong,299
DOMS.NS,DOMS Industries Ltd.,Fast Moving Consumer Goods,Unknown,Unknown,False,Cash,1,Stage 4,Stage 4,Stage 4 - Confirmed Downtrend,Stage 4 - Confirmed Downtrend,Stage 4 • Stage 4 - Confirmed Downtrend,0.86,Price is below a bearish moving-average stack with falling trend signals.,,,,,-1.86,-11.73,77498664.94,0.67,1.33,0.78,True,True,"Stage 4, Stage 4 - Confirmed Downtrend, weekly_vcp_ok, volume_dryup, weekly_volume_dryup, weekly_strong, downtrend",weekly_watchlist,36.9,36.9,2430.97,-13.33,"[26.54, 15.33, 9.49]","[5, 8, 4]",0.95,26.0,strong,300
NETWORK18.NS,Network18 Media & Investments Limited,"Media, Entertainment & Publication",Unknown,Unknown,False,Cash,1,Stage 4,Stage 4,Stage 4 - Confirmed Downtrend,Stage 4 - Confirmed Downtrend,Stage 4 • Stage 4 - Confirmed Downtrend,0.86,Price is below a bearish moving-average stack with falling trend signals.,,,,,-13.5,-16.08,87739240.9,0.69,0.38,0.56,True,True,"Stage 4, Stage 4 - Confirmed Downtrend, weekly_vcp_ok, volume_dryup, weekly_volume_dryup, weekly_strong, downtrend",weekly_watchlist,36.9,36.9,37.42,-30.86,"[33.14, 22.73, 20.92]","[7, 7, 5]",0.95,23.0,strong,301
INFY.NS,Infosys Limited,Information Technology,Unknown,Unknown,True,F&O,1,Stage 4,Stage 4,Stage 4 - Confirmed Downtrend,Stage 4 - Confirmed Downtrend,Stage 4 • Stage 4 - Confirmed Downtrend,0.86,Price is below a bearish moving-average stack with falling trend signals.,,,2026-02-03,,2.18,-25.47,9158036492.6,0.95,1.58,1.01,False,False,"Stage 4, Stage 4 - Confirmed Downtrend, weekly_vcp_ok, weekly_strong, downtrend",weekly_watchlist,36.9,36.9,1254.0,-20.73,"[29.68, 20.91, 21.52]","[6, 5, 4]",0.95,21.0,strong,302
SAFARI.NS,Safari Industries (India) Limited,Consumer Durables,Unknown,Unknown,False,Cash,1,Stage 4,Stage 4,Stage 4 - Confirmed Downtrend,Stage 4 - Confirmed Downtrend,Stage 4 • Stage 4 - Confirmed Downtrend,0.86,Price is below a bearish moving-average stack with falling trend signals.,,,2025-12-24,,-4.71,-5.76,60215401.09,1.04,1.75,0.93,False,False,"Stage 4, Stage 4 - Confirmed Downtrend, weekly_vcp_ok, weekly_strong, downtrend",weekly_watchlist,36.9,36.9,1700.81,-15.95,"[36.96, 17.58, 13.26]","[7, 3, 5]",0.95,27.0,strong,303
BATAINDIA.NS,Bata India Limited,Consumer Durables,Unknown,Unknown,False,Cash,1,Stage 4,Stage 4,Stage 4 - Weak/Declining,Stage 4 - Weak/Declining,Stage 4 • Stage 4 - Weak/Declining,0.72,Price is below long-term support with weak trend evidence.,,,,,0.88,-4.46,96649339.58,0.52,0.32,0.25,True,True,"Stage 4, Stage 4 - Weak/Declining, weekly_vcp_ok, volume_dryup, weekly_volume_dryup, weekly_strong, downtrend",weekly_watchlist,36.9,36.9,767.99,-19.43,"[36.88, 16.43, 17.23]","[7, 7, 3]",0.95,21.0,strong,304
VOLTAS.NS,Voltas Limited,Consumer Durables,Unknown,Unknown,True,F&O,1,Stage 4,Stage 4,Stage 4 - Confirmed Downtrend,Stage 4 - Confirmed Downtrend,Stage 4 • Stage 4 - Confirmed Downtrend,0.86,Price is below a bearish moving-average stack with falling trend signals.,,,2026-03-12,,-9.9,-13.33,739454546.72,1.0,1.4,1.11,False,False,"Stage 4, Stage 4 - Confirmed Downtrend, weekly_vcp_ok, weekly_strong, downtrend",weekly_watchlist,36.9,36.9,1411.9,-24.22,"[25.0, 22.06, 11.68]","[5, 3, 2]",0.95,19.0,strong,305
VIPIND.NS,VIP Industries Limited,Consumer Durables,Unknown,Unknown,False,Cash,1,Stage 4,Stage 4,Stage 4 - Weak/Declining,Stage 4 - Weak/Declining,Stage 4 • Stage 4 - Weak/Declining,0.72,Price is below long-term support with weak trend evidence.,,,,,3.01,-8.44,96949646.55,1.07,0.45,0.61,False,True,"Stage 4, Stage 4 - Weak/Declining, weekly_vcp_ok, weekly_volume_dryup, weekly_strong, downtrend",weekly_watchlist,36.9,36.9,345.6,-15.81,"[22.98, 16.32, 16.52]","[5, 2, 7]",0.95,30.0,strong,306
EMAMILTD.NS,Emami Limited,Fast Moving Consumer Goods,Unknown,Unknown,False,Cash,1,Stage 4,Stage 4,Stage 4 - Confirmed Downtrend,Stage 4 - Confirmed Downtrend,Stage 4 • Stage 4 - Confirmed Downtrend,0.86,Price is below a bearish moving-average stack with falling trend signals.,,,,,-2.25,-8.91,979990179.82,2.02,0.91,1.41,False,False,"Stage 4, Stage 4 - Confirmed Downtrend, weekly_vcp_ok, weekly_strong, downtrend",weekly_watchlist,36.9,36.9,477.83,-20.67,"[26.11, 21.09, 16.98]","[8, 7, 9]",0.95,30.0,strong,307
KSCL.NS,Kaveri Seed Company Limited,Fast Moving Consumer Goods,Unknown,Unknown,False,Cash,1,Stage 4,Stage 4,Stage 4 - Confirmed Downtrend,Stage 4 - Confirmed Downtrend,Stage 4 • Stage 4 - Confirmed Downtrend,0.86,Price is below a bearish moving-average stack with falling trend signals.,,,,,-13.47,-15.81,1226181242.6,4.33,0.21,8.94,False,False,"Stage 4, Stage 4 - Confirmed Downtrend, weekly_vcp_ok, weekly_strong, downtrend",weekly_watchlist,36.9,36.9,1026.79,-29.33,"[27.27, 26.51, 17.83]","[9, 4, 5]",0.95,29.0,strong,308
SJVN.NS,SJVN Limited,Power,Unknown,Unknown,False,Cash,1,Stage 4,Stage 4,Stage 4 - Confirmed Downtrend,Stage 4 - Confirmed Downtrend,Stage 4 • Stage 4 - Confirmed Downtrend,0.86,Price is below a bearish moving-average stack with falling trend signals.,,,,,-10.08,-12.98,169417389.94,1.56,1.16,2.07,False,False,"Stage 4, Stage 4 - Confirmed Downtrend, weekly_vcp_ok, weekly_strong, downtrend",weekly_watchlist,36.9,36.9,82.7,-28.27,"[23.28, 21.47, 19.51]","[4, 7, 12]",0.95,28.0,strong,309
NCC.NS,NCC Limited,Construction,Unknown,Unknown,False,Cash,1,Stage 4,Stage 4,Stage 4 - Confirmed Downtrend,Stage 4 - Confirmed Downtrend,Stage 4 • Stage 4 - Confirmed Downtrend,0.86,Price is below a bearish moving-average stack with falling trend signals.,,,,,-6.2,-8.0,456198008.21,1.73,0.74,3.26,False,False,"Stage 4, Stage 4 - Confirmed Downtrend, weekly_vcp_ok, weekly_strong, downtrend",weekly_watchlist,36.9,36.9,169.45,-23.94,"[19.74, 17.77, 16.75]","[7, 5, 4]",0.95,23.0,strong,310
ACC.NS,ACC Limited,Construction Materials,Unknown,Unknown,False,Cash,1,Stage 4,Stage 4,Stage 4 - Confirmed Downtrend,Stage 4 - Confirmed Downtrend,Stage 4 • Stage 4 - Confirmed Downtrend,0.86,Price is below a bearish moving-average stack with falling trend signals.,,,,,-7.01,-10.92,171350915.82,1.08,0.47,1.43,False,False,"Stage 4, Stage 4 - Confirmed Downtrend, weekly_vcp_ok, weekly_strong, downtrend",weekly_watchlist,36.9,36.9,1453.74,-17.17,"[37.01, 11.14, 6.62]","[18, 6, 2]",0.95,34.0,strong,311
ORIENTELEC.NS,Orient Electric Limited,Consumer Durables,Unknown,Unknown,False,Cash,1,Stage 4,Stage 4,Stage 4 - Weak/Declining,Stage 4 - Weak/Declining,Stage 4 • Stage 4 - Weak/Declining,0.72,Price is below long-term support with weak trend evidence.,,,2026-09-04,,-3.85,-2.89,22509459.89,0.17,0.94,0.21,True,True,"Stage 4, Stage 4 - Weak/Declining, weekly_vcp_ok, volume_dryup, weekly_volume_dryup, weekly_strong, downtrend",weekly_watchlist,36.9,36.9,200.43,-21.11,"[28.58, 19.0, 15.96]","[4, 11, 9]",0.95,36.0,strong,312
GRINFRA.NS,G R Infraprojects Limited,Construction,Unknown,Unknown,False,Cash,1,Stage 4,Stage 4,Stage 4 - Confirmed Downtrend,Stage 4 - Confirmed Downtrend,Stage 4 • Stage 4 - Confirmed Downtrend,0.86,Price is below a bearish moving-average stack with falling trend signals.,,,,,-4.65,-4.15,24146394.52,1.19,0.47,0.46,False,True,"Stage 4, Stage 4 - Confirmed Downtrend, weekly_vcp_ok, weekly_volume_dryup, weekly_strong, downtrend",weekly_watchlist,36.9,36.9,1006.36,-20.45,"[24.1, 17.36, 12.88]","[7, 4, 7]",0.95,26.0,strong,313
BIRLACORPN.NS,Birla Corporation Limited,Construction Materials,Unknown,Unknown,False,Cash,1,Stage 4,Stage 4,Stage 4 - Confirmed Downtrend,Stage 4 - Confirmed Downtrend,Stage 4 • Stage 4 - Confirmed Downtrend,0.86,Price is below a bearish moving-average stack with falling trend signals.,,,,,-6.02,-3.93,41742995.3,0.69,0.43,0.57,True,True,"Stage 4, Stage 4 - Confirmed Downtrend, weekly_vcp_ok, volume_dryup, weekly_volume_dryup, weekly_strong, downtrend",weekly_watchlist,36.9,36.9,1091.2,-23.02,"[31.04, 18.07, 16.39]","[5, 4, 2]",0.95,24.0,strong,314
DODLA.NS,Dodla Dairy Limited,Fast Moving Consumer Goods,Unknown,Unknown,False,Cash,1,Stage 4,Stage 4,Stage 4 - Confirmed Downtrend,Stage 4 - Confirmed Downtrend,Stage 4 • Stage 4 - Confirmed Downtrend,0.86,Price is below a bearish moving-average stack with falling trend signals.,,,,,-1.51,-1.98,22575021.0,0.71,0.81,0.71,True,True,"Stage 4, Stage 4 - Confirmed Downtrend, weekly_vcp_ok, volume_dryup, weekly_volume_dryup, weekly_strong, downtrend",weekly_watchlist,36.9,36.9,1174.49,-13.21,"[23.47, 15.07, 13.23]","[5, 2, 3]",0.95,24.0,strong,315
BLUESTARCO.NS,Blue Star Limited,Consumer Durables,Unknown,Unknown,True,F&O,1,Stage 4,Stage 4,Stage 4 - Confirmed Downtrend,Stage 4 - Confirmed Downtrend,Stage 4 • Stage 4 - Confirmed Downtrend,0.86,Price is below a bearish moving-average stack with falling trend signals.,,,2026-03-12,,2.27,-2.27,1014061948.59,1.16,1.13,1.48,False,False,"Stage 4, Stage 4 - Confirmed Downtrend, weekly_vcp_ok, weekly_strong, downtrend",weekly_watchlist,36.9,36.9,1922.85,-21.05,"[28.56, 21.82, 18.37]","[6, 5, 8]",0.95,29.0,strong,316
HEIDELBERG.NS,HeidelbergCement India Limited,Construction Materials,Unknown,Unknown,False,Cash,1,Stage 4,Stage 4,Stage 4 - Confirmed Downtrend,Stage 4 - Confirmed Downtrend,Stage 4 • Stage 4 - Confirmed Downtrend,0.86,Price is below a bearish moving-average stack with falling trend signals.,,,,,-7.32,-6.72,32887968.74,1.09,0.59,1.51,False,False,"Stage 4, Stage 4 - Confirmed Downtrend, weekly_vcp_ok, weekly_strong, downtrend",weekly_watchlist,36.9,36.9,158.68,-16.44,"[24.8, 12.59, 7.2]","[8, 2, 3]",0.95,25.0,strong,317
HINDWAREAP.NS,Hindware Home Innovation Limited,Consumer Durables,Unknown,Unknown,False,Cash,1,Stage 4,Stage 4,Stage 4 - Confirmed Downtrend,Stage 4 - Confirmed Downtrend,Stage 4 • Stage 4 - Confirmed Downtrend,0.86,Price is below a bearish moving-average stack with falling trend signals.,,,2025-11-28,,-25.2,-17.7,16979854.59,0.78,0.79,0.83,True,True,"Stage 4, Stage 4 - Confirmed Downtrend, weekly_vcp_ok, volume_dryup, weekly_volume_dryup, weekly_strong, downtrend",weekly_watchlist,36.9,36.9,273.47,-37.85,"[47.79, 33.6, 17.92]","[10, 7, 2]",0.95,27.0,strong,318
JKLAKSHMI.NS,JK Lakshmi Cement Limited,Construction Materials,Unknown,Unknown,False,Cash,1,Stage 4,Stage 4,Stage 4 - Confirmed Downtrend,Stage 4 - Confirmed Downtrend,Stage 4 • Stage 4 - Confirmed Downtrend,0.86,Price is below a bearish moving-average stack with falling trend signals.,,,,,-7.25,-18.71,68641975.04,0.66,0.77,0.84,True,True,"Stage 4, Stage 4 - Confirmed Downtrend, weekly_vcp_ok, volume_dryup, weekly_volume_dryup, weekly_strong, downtrend",weekly_watchlist,36.9,36.9,678.27,-27.42,"[32.18, 15.63, 8.88]","[11, 3, 3]",0.95,26.0,strong,319
NUCLEUS.NS,Nucleus Software Exports Limited,Information Technology,Unknown,Unknown,False,Cash,1,Stage 4,Stage 4,Stage 4 - Confirmed Downtrend,Stage 4 - Confirmed Downtrend,Stage 4 • Stage 4 - Confirmed Downtrend,0.86,Price is below a bearish moving-average stack with falling trend signals.,,,,,-7.02,-22.03,11279589.71,0.46,0.78,0.55,True,True,"Stage 4, Stage 4 - Confirmed Downtrend, weekly_vcp_ok, volume_dryup, weekly_volume_dryup, weekly_strong, downtrend",weekly_watchlist,36.9,36.9,883.72,-26.42,"[28.79, 21.68, 13.89]","[8, 9, 2]",0.95,25.0,strong,320
SULA.NS,Sula Vineyards Limited,Fast Moving Consumer Goods,Unknown,Unknown,False,Cash,1,Stage 4,Stage 4,Stage 4 - Confirmed Downtrend,Stage 4 - Confirmed Downtrend,Stage 4 • Stage 4 - Confirmed Downtrend,0.86,Price is below a bearish moving-average stack with falling trend signals.,,,,,-6.46,-15.09,55611666.15,0.4,0.39,0.37,True,True,"Stage 4, Stage 4 - Confirmed Downtrend, weekly_vcp_ok, volume_dryup, weekly_volume_dryup, weekly_strong, downtrend",weekly_watchlist,36.9,36.9,181.97,-26.75,"[47.07, 16.87, 10.3]","[21, 6, 5]",0.95,37.0,strong,321
ZAGGLE.NS,Zaggle Prepaid Ocean Services Limited,Information Technology,Unknown,Unknown,False,Cash,1,Stage 4,Stage 4,Stage 4 - Confirmed Downtrend,Stage 4 - Confirmed Downtrend,Stage 4 • Stage 4 - Confirmed Downtrend,0.86,Price is below a bearish moving-average stack with falling trend signals.,,,,,-10.53,-26.11,163653791.47,0.27,0.18,0.23,True,True,"Stage 4, Stage 4 - Confirmed Downtrend, weekly_vcp_ok, volume_dryup, weekly_volume_dryup, weekly_strong, downtrend",weekly_watchlist,36.9,36.9,296.52,-41.6,"[54.11, 34.79, 30.52]","[19, 4, 5]",0.95,39.0,strong,322
UNOMINDA.NS,UNO Minda Limited,Automobile and Auto Components,Unknown,Unknown,True,F&O,1,Stage 2 Failed,Not Sure,Failed Stage 2,Failed Stage 2,Stage 2 Failed • Failed Stage 2,0.72,"This stock was recently Stage 2, but the latest structure no longer satisfies Stage 2 rules. It is kept as Stage 2 Failed until a fresh base/repair structure forms.",Recent Stage 2 break; public stage held as Stage 2 Failed.,2026-09-30,2026-09-22,,9.61,13.43,620833209.49,0.84,0.86,0.67,True,True,"Not Sure, Not Sure, weekly_vcp_ok, volume_dryup, weekly_volume_dryup | Stage 2 failed state applied from stage memory.",weekly_watchlist,34.4,36.9,1307.5,-10.52,"[18.25, 20.8, 15.31]","[2, 5, 2]",0.55,19.0,moderate,323
BAJAJFINSV.NS,Bajaj Finserv Limited,Financial Services,Unknown,Unknown,True,F&O,1,Stage 4,Stage 4,Stage 4 - Weak/Declining,Stage 4 - Weak/Declining,Stage 4 • Stage 4 - Weak/Declining,0.72,Price is below long-term support with weak trend evidence.,,,2026-09-04,,-0.67,1.56,1217805934.36,0.84,1.71,1.1,True,False,"Stage 4, Stage 4 - Weak/Declining, weekly_vcp_ok, volume_dryup, weekly_strong, downtrend",weekly_watchlist,35.89,36.89,2122.21,-18.43,"[23.03, 11.8]","[5, 7]",0.9,15.0,strong,324
JSWHL.NS,JSW Holdings Limited,Financial Services,Unknown,Unknown,False,Cash,1,Stage 4,Stage 4,Stage 4 - Confirmed Downtrend,Stage 4 - Confirmed Downtrend,Stage 4 • Stage 4 - Confirmed Downtrend,0.86,Price is below a bearish moving-average stack with falling trend signals.,,,,,-1.26,-6.73,102242401.5,1.23,9.22,2.43,False,False,"Stage 4, Stage 4 - Confirmed Downtrend, weekly_vcp_ok, weekly_strong, downtrend",weekly_watchlist,35.8,36.8,13523.62,-16.1,"[50.64, 22.0]","[17, 7]",0.9,33.0,strong,325
RTNINDIA.NS,RattanIndia Enterprises Limited,Services,Unknown,Unknown,False,Cash,1,Stage 4,Stage 4,Stage 4 - Confirmed Downtrend,Stage 4 - Confirmed Downtrend,Stage 4 • Stage 4 - Confirmed Downtrend,0.86,Price is below a bearish moving-average stack with falling trend signals.,,,,,-14.99,-12.02,53377052.71,1.22,3.4,1.67,False,False,"Stage 4, Stage 4 - Confirmed Downtrend, weekly_vcp_ok, weekly_strong, downtrend",weekly_watchlist,35.8,36.8,33.83,-22.97,"[38.66, 18.41]","[4, 2]",0.9,14.0,strong,326
SBFC.NS,SBFC Finance Limited,Financial Services,Unknown,Unknown,False,Cash,1,Stage 2 Failed,Stage 4,Failed Stage 2,Failed Stage 2,Stage 2 Failed • Failed Stage 2,0.72,"This stock was recently Stage 2, but the latest structure no longer satisfies Stage 2 rules. It is kept as Stage 2 Failed until a fresh base/repair structure forms.",Recent Stage 2 break; public stage held as Stage 2 Failed.,2026-09-30,2026-09-14,,-0.78,-0.01,104338443.72,0.71,0.26,0.99,True,False,"Stage 4, Stage 4 - Weak/Declining, weekly_vcp_ok, volume_dryup, weekly_strong, downtrend | Stage 2 failed state applied from stage memory.",weekly_watchlist,35.8,36.8,103.4,-17.33,"[27.47, 9.12]","[11, 6]",0.9,28.0,strong,327
FUSION.NS,Fusion Micro Finance Limited,Financial Services,Unknown,Unknown,False,Cash,1,Stage 2 Failed,Stage 4,Failed Stage 2,Failed Stage 2,Stage 2 Failed • Failed Stage 2,0.72,"This stock was recently Stage 2, but the latest structure no longer satisfies Stage 2 rules. It is kept as Stage 2 Failed until a fresh base/repair structure forms.",Recent Stage 2 break; public stage held as Stage 2 Failed.,2026-09-30,2026-09-14,,-15.8,14.55,108991130.1,0.7,1.03,0.94,True,False,"Stage 4, Stage 4, weekly_vcp_ok, volume_dryup, weekly_strong, downtrend | Stage 2 failed state applied from stage memory.",weekly_watchlist,35.8,36.8,243.43,-28.08,"[33.71, 27.59]","[5, 5]",0.9,15.0,strong,328
LEMONTREE.NS,Lemon Tree Hotels Limited,Consumer Services,Unknown,Unknown,False,Cash,1,Stage 4,Stage 4,Stage 4 - Confirmed Downtrend,Stage 4 - Confirmed Downtrend,Stage 4 • Stage 4 - Confirmed Downtrend,0.86,Price is below a bearish moving-average stack with falling trend signals.,,,2025-11-17,,-6.4,-6.13,232747790.79,0.82,0.85,0.74,True,True,"Stage 4, Stage 4 - Confirmed Downtrend, weekly_vcp_ok, volume_dryup, weekly_volume_dryup, weekly_strong, downtrend",weekly_watchlist,35.8,36.8,128.6,-18.94,"[40.66, 19.38]","[14, 7]",0.9,26.0,strong,329
CMSINFO.NS,CMS Info Systems Limited,Services,Unknown,Unknown,False,Cash,1,Stage 4,Stage 4,Stage 4 - Confirmed Downtrend,Stage 4 - Confirmed Downtrend,Stage 4 • Stage 4 - Confirmed Downtrend,0.86,Price is below a bearish moving-average stack with falling trend signals.,,,,,-10.19,-23.91,201704018.25,0.67,0.62,0.57,True,True,"Stage 4, Stage 4 - Confirmed Downtrend, weekly_vcp_ok, volume_dryup, weekly_volume_dryup, weekly_strong, downtrend",weekly_watchlist,35.8,36.8,319.12,-30.61,"[27.62, 20.79]","[12, 11]",0.9,26.0,strong,330
NATIONALUM.NS,National Aluminium Company Limited,Metals & Mining,Unknown,Unknown,True,F&O,1,Stage 4,Stage 4,Stage 4 - Weak/Declining,Stage 4 - Weak/Declining,Stage 4 • Stage 4 - Weak/Declining,0.72,Price is below long-term support with weak trend evidence.,,,2026-08-31,,4.17,-17.87,1617291495.52,0.72,1.08,0.8,True,True,"Stage 4, Stage 4 - Weak/Declining, weekly_vcp_ok, volume_dryup, weekly_volume_dryup, weekly_strong, downtrend",weekly_watchlist,35.8,36.8,443.37,-23.1,"[21.54, 19.1]","[4, 15]",0.9,21.0,strong,331
CONCOR.NS,Container Corporation of India Limited,Services,Unknown,Unknown,True,F&O,1,Stage 2 Failed,Stage 4,Failed Stage 2,Failed Stage 2,Stage 2 Failed • Failed Stage 2,0.72,"This stock was recently Stage 2, but the latest structure no longer satisfies Stage 2 rules. It is kept as Stage 2 Failed until a fresh base/repair structure forms.",Recent Stage 2 break; public stage held as Stage 2 Failed.,2026-09-30,2026-09-18,,0.25,-2.14,533255285.45,0.9,0.88,0.86,False,True,"Stage 4, Stage 4 - Weak/Declining, weekly_vcp_ok, weekly_volume_dryup, weekly_strong, downtrend | Stage 2 failed state applied from stage memory.",weekly_watchlist,35.8,36.8,543.57,-17.67,"[21.28, 18.54]","[7, 5]",0.9,18.0,strong,332
RECLTD.NS,REC Limited,Financial Services,Unknown,Unknown,True,F&O,1,Stage 4,Stage 4,Stage 4 - Confirmed Downtrend,Stage 4 - Confirmed Downtrend,Stage 4 • Stage 4 - Confirmed Downtrend,0.86,Price is below a bearish moving-average stack with falling trend signals.,,,2026-08-07,,-9.91,-9.06,1875810038.14,1.41,1.16,2.44,False,False,"Stage 4, Stage 4 - Confirmed Downtrend, weekly_vcp_ok, weekly_strong, downtrend",weekly_watchlist,35.8,36.8,375.67,-20.41,"[19.6, 17.15]","[8, 6]",0.9,17.0,strong,333
HUDCO.NS,Housing & Urban Development Corporation Limited,Financial Services,Unknown,Unknown,False,Cash,1,Stage 4,Stage 4,Stage 4 - Confirmed Downtrend,Stage 4 - Confirmed Downtrend,Stage 4 • Stage 4 - Confirmed Downtrend,0.86,Price is below a bearish moving-average stack with falling trend signals.,,,2026-07-06,,-14.46,-3.15,309889949.24,1.14,1.33,1.16,False,False,"Stage 4, Stage 4 - Confirmed Downtrend, weekly_vcp_ok, weekly_strong, downtrend",weekly_watchlist,35.8,36.8,232.57,-28.37,"[30.67, 16.3]","[12, 2]",0.9,19.0,strong,334
SBIN.NS,State Bank of India,Financial Services,Unknown,Unknown,True,F&O,1,Stage 4,Stage 4,Stage 4 - Confirmed Downtrend,Stage 4 - Confirmed Downtrend,Stage 4 • Stage 4 - Confirmed Downtrend,0.86,Price is below a bearish moving-average stack with falling trend signals.,,,2026-08-31,,-0.74,-6.5,7942263384.16,1.02,1.03,1.41,False,False,"Stage 4, Stage 4 - Confirmed Downtrend, weekly_vcp_ok, weekly_strong, downtrend",weekly_watchlist,35.8,36.8,1126.47,-14.82,"[20.97, 15.19]","[5, 4]",0.9,12.0,strong,335
ABFRL.NS,Aditya Birla Fashion and Retail Limited,Consumer Services,Unknown,Unknown,False,Cash,1,Stage 4,Stage 4,Stage 4 - Confirmed Downtrend,Stage 4 - Confirmed Downtrend,Stage 4 • Stage 4 - Confirmed Downtrend,0.86,Price is below a bearish moving-average stack with falling trend signals.,,,,,-19.0,-20.96,233374055.26,0.76,0.88,1.1,True,False,"Stage 4, Stage 4 - Confirmed Downtrend, weekly_vcp_ok, volume_dryup, weekly_strong, downtrend",weekly_watchlist,35.8,36.8,69.21,-33.07,"[28.75, 13.69]","[7, 3]",0.9,23.0,strong,336
IRFC.NS,Indian Railway Finance Corporation Limited,Financial Services,Unknown,Unknown,True,F&O,1,Stage 4,Stage 4,Stage 4 - Confirmed Downtrend,Stage 4 - Confirmed Downtrend,Stage 4 • Stage 4 - Confirmed Downtrend,0.86,Price is below a bearish moving-average stack with falling trend signals.,,,,,-5.35,-15.98,709292194.88,1.36,5.09,2.03,False,False,"Stage 4, Stage 4 - Confirmed Downtrend, weekly_vcp_ok, weekly_strong, downtrend",weekly_watchlist,35.8,36.8,108.57,-26.98,"[35.9, 15.0]","[13, 4]",0.9,29.0,strong,337
ABLBL.NS,Aditya Birla Lifestyle Brands Ltd.,Consumer Services,Unknown,Unknown,False,Cash,1,Stage 4,Stage 4,Stage 4 - Confirmed Downtrend,Stage 4 - Confirmed Downtrend,Stage 4 • Stage 4 - Confirmed Downtrend,0.86,Price is below a bearish moving-average stack with falling trend signals.,,,,,-13.56,-22.77,179647807.35,2.78,1.5,9.4,False,False,"Stage 4, Stage 4 - Confirmed Downtrend, weekly_vcp_ok, weekly_strong, downtrend",weekly_watchlist,35.8,36.8,119.13,-35.77,"[29.15, 30.0]","[10, 8]",0.9,19.0,strong,338
NIITMTS.NS,NIIT Learning Systems Limited,Consumer Services,Unknown,Unknown,False,Cash,1,Stage 4,Stage 4,Stage 4 - Confirmed Downtrend,Stage 4 - Confirmed Downtrend,Stage 4 • Stage 4 - Confirmed Downtrend,0.86,Price is below a bearish moving-average stack with falling trend signals.,,,2026-02-17,,-6.4,-30.06,43507591.11,0.77,0.55,0.61,True,True,"Stage 4, Stage 4 - Confirmed Downtrend, weekly_vcp_ok, volume_dryup, weekly_volume_dryup, weekly_strong, downtrend",weekly_watchlist,35.8,36.8,342.83,-40.35,"[41.47, 41.41]","[14, 5]",0.9,22.0,strong,339
VENTIVE.NS,Ventive Hospitality Ltd.,Consumer Services,Unknown,Unknown,False,Cash,1,Stage 4,Stage 4,Stage 4 - Confirmed Downtrend,Stage 4 - Confirmed Downtrend,Stage 4 • Stage 4 - Confirmed Downtrend,0.86,Price is below a bearish moving-average stack with falling trend signals.,,,,,-5.01,-2.89,19462380.14,0.98,0.3,0.63,False,True,"Stage 4, Stage 4 - Confirmed Downtrend, weekly_vcp_ok, weekly_volume_dryup, weekly_strong, downtrend",weekly_watchlist,35.8,36.8,699.12,-20.13,"[31.66, 13.88]","[8, 4]",0.9,18.0,strong,340
ARVINDFASN.NS,Arvind Fashions Limited,Consumer Services,Unknown,Unknown,False,Cash,1,Stage 4,Stage 4,Stage 4 - Confirmed Downtrend,Stage 4 - Confirmed Downtrend,Stage 4 • Stage 4 - Confirmed Downtrend,0.86,Price is below a bearish moving-average stack with falling trend signals.,,,,,-10.5,-13.15,90526934.27,0.9,1.54,0.89,False,True,"Stage 4, Stage 4 - Confirmed Downtrend, weekly_vcp_ok, weekly_volume_dryup, weekly_strong, downtrend",weekly_watchlist,35.8,36.8,494.14,-21.59,"[28.78, 12.2]","[8, 4]",0.9,28.0,strong,341
CANFINHOME.NS,Can Fin Homes Limited,Financial Services,Unknown,Unknown,False,Cash,1,Stage 4,Stage 4,Stage 4 - Confirmed Downtrend,Stage 4 - Confirmed Downtrend,Stage 4 • Stage 4 - Confirmed Downtrend,0.86,Price is below a bearish moving-average stack with falling trend signals.,,,2026-07-17,,-14.92,-12.55,199955245.33,1.18,0.94,0.89,False,True,"Stage 4, Stage 4 - Confirmed Downtrend, weekly_vcp_ok, weekly_volume_dryup, weekly_strong, downtrend",weekly_watchlist,35.8,36.8,940.85,-23.56,"[20.54, 16.0]","[13, 6]",0.9,24.0,strong,342
CREDITACC.NS,CREDITACCESS GRAMEEN LIMITED,Financial Services,Unknown,Unknown,False,Cash,1,Stage 2 Failed,Stage 4,Failed Stage 2,Failed Stage 2,Stage 2 Failed • Failed Stage 2,0.72,"This stock was recently Stage 2, but the latest structure no longer satisfies Stage 2 rules. It is kept as Stage 2 Failed until a fresh base/repair structure forms.",Recent Stage 2 break; public stage held as Stage 2 Failed.,2026-09-30,2026-09-14,,-13.05,2.74,220524679.12,0.6,1.63,0.77,True,True,"Stage 4, Stage 4, weekly_vcp_ok, volume_dryup, weekly_volume_dryup, weekly_strong, downtrend | Stage 2 failed state applied from stage memory.",weekly_watchlist,35.8,36.8,1636.86,-22.29,"[25.31, 21.61]","[21, 5]",0.9,32.0,strong,343
DBREALTY.NS,D B Realty Limited,Realty,Unknown,Unknown,False,Cash,1,Stage 4,Stage 4,Stage 4 - Confirmed Downtrend,Stage 4 - Confirmed Downtrend,Stage 4 • Stage 4 - Confirmed Downtrend,0.86,Price is below a bearish moving-average stack with falling trend signals.,,,,,-9.04,1.78,97561660.45,1.06,0.78,1.18,False,False,"Stage 4, Stage 4 - Confirmed Downtrend, weekly_vcp_ok, weekly_strong, downtrend",weekly_watchlist,35.8,36.8,126.21,-23.52,"[39.05, 31.22]","[7, 5]",0.9,17.0,strong,344
EASEMYTRIP.NS,Easy Trip Planners Limited,Consumer Services,Unknown,Unknown,False,Cash,1,Stage 4,Stage 4,Stage 4 - Confirmed Downtrend,Stage 4 - Confirmed Downtrend,Stage 4 • Stage 4 - Confirmed Downtrend,0.86,Price is below a bearish moving-average stack with falling trend signals.,,,,,-9.84,-14.09,82850865.26,0.81,0.63,0.66,True,True,"Stage 4, Stage 4 - Confirmed Downtrend, weekly_vcp_ok, volume_dryup, weekly_volume_dryup, weekly_strong, downtrend",weekly_watchlist,35.8,36.8,9.16,-36.0,"[45.57, 20.96]","[6, 8]",0.9,15.0,strong,345
EIHOTEL.NS,EIH Limited,Consumer Services,Unknown,Unknown,False,Cash,1,Stage 4,Stage 4,Stage 4 - Confirmed Downtrend,Stage 4 - Confirmed Downtrend,Stage 4 • Stage 4 - Confirmed Downtrend,0.86,Price is below a bearish moving-average stack with falling trend signals.,,,2025-11-07,,-2.75,0.38,127777299.57,1.89,3.04,2.93,False,False,"Stage 4, Stage 4 - Confirmed Downtrend, weekly_vcp_ok, weekly_strong, downtrend",weekly_watchlist,35.8,36.8,351.77,-14.4,"[27.61, 16.99]","[4, 6]",0.9,13.0,strong,346
FIRSTCRY.NS,Brainbees Solutions Ltd.,Consumer Services,Unknown,Unknown,False,Cash,1,Stage 4,Stage 4,Stage 4 - Confirmed Downtrend,Stage 4 - Confirmed Downtrend,Stage 4 • Stage 4 - Confirmed Downtrend,0.86,Price is below a bearish moving-average stack with falling trend signals.,,,,,-9.99,-27.26,1663264234.47,2.49,0.39,4.93,False,False,"Stage 4, Stage 4 - Confirmed Downtrend, weekly_vcp_ok, weekly_strong, downtrend",weekly_watchlist,35.8,36.8,245.43,-26.68,"[28.46, 21.74]","[7, 9]",0.9,17.0,strong,347
GATEWAY.NS,Gateway Distriparks Limited,Services,Unknown,Unknown,False,Cash,1,Stage 4,Stage 4,Stage 4 - Confirmed Downtrend,Stage 4 - Confirmed Downtrend,Stage 4 • Stage 4 - Confirmed Downtrend,0.86,Price is below a bearish moving-average stack with falling trend signals.,,,2026-07-15,,-6.82,-4.7,27843241.26,0.52,0.67,0.5,True,True,"Stage 4, Stage 4 - Confirmed Downtrend, weekly_vcp_ok, volume_dryup, weekly_volume_dryup, weekly_strong, downtrend",weekly_watchlist,35.8,36.8,62.0,-16.06,"[24.55, 12.81]","[6, 2]",0.9,14.0,strong,348
GMRAIRPORT.NS,GMR Airports Ltd.,Services,Unknown,Unknown,True,F&O,1,Stage 4,Stage 4,Stage 4 - Weak/Declining,Stage 4 - Weak/Declining,Stage 4 • Stage 4 - Weak/Declining,0.72,Price is below long-term support with weak trend evidence.,,,2026-08-19,,-9.33,3.35,1053919254.2,1.15,1.3,0.87,False,True,"Stage 4, Stage 4 - Weak/Declining, weekly_vcp_ok, weekly_volume_dryup, weekly_strong, downtrend",weekly_watchlist,35.8,36.8,115.84,-17.86,"[17.5, 18.36]","[4, 5]",0.9,12.0,strong,349
HINDCOPPER.NS,Hindustan Copper Ltd.,Metals & Mining,Unknown,Unknown,False,Cash,1,Not Sure,Stage 4,Pending Stage 4,Pending Stage 4,Not Sure • Pending Stage 4,0.55,Blocked public stage jump Stage 1 -> Stage 4; waiting for intermediate/confirmed structure.,Blocked public stage jump Stage 1 -> Stage 4; waiting for intermediate/confirmed structure.,,2026-08-24,Stage 4,2.72,-7.23,3820350753.52,0.57,0.5,0.56,True,True,"Stage 4, Stage 4 - Weak/Declining, weekly_vcp_ok, volume_dryup, weekly_volume_dryup, weekly_strong, downtrend | Blocked public stage jump Stage 1 -> Stage 4; waiting for intermediate/confirmed structure.",weekly_watchlist,35.8,36.8,616.84,-23.38,"[41.27, 24.12]","[8, 11]",0.9,26.0,strong,350
ICICIPRULI.NS,ICICI Prudential Life Insurance Company Limited,Financial Services,Unknown,Unknown,True,F&O,1,Stage 4,Stage 4,Stage 4 - Confirmed Downtrend,Stage 4 - Confirmed Downtrend,Stage 4 • Stage 4 - Confirmed Downtrend,0.86,Price is below a bearish moving-average stack with falling trend signals.,,,2026-02-06,,-1.71,-15.1,742065790.49,1.4,0.55,1.85,False,False,"Stage 4, Stage 4 - Confirmed Downtrend, weekly_vcp_ok, weekly_strong, downtrend",weekly_watchlist,35.8,36.8,531.95,-16.57,"[27.47, 21.15]","[5, 8]",0.9,15.0,strong,351
ICRA.NS,ICRA Limited,Financial Services,Unknown,Unknown,False,Cash,1,Stage 4,Stage 4,Stage 4 - Confirmed Downtrend,Stage 4 - Confirmed Downtrend,Stage 4 • Stage 4 - Confirmed Downtrend,0.86,Price is below a bearish moving-average stack with falling trend signals.,,,2025-11-06,,-11.19,-16.7,129120012.85,0.88,2.32,0.91,False,False,"Stage 4, Stage 4 - Confirmed Downtrend, weekly_vcp_ok, weekly_strong, downtrend",weekly_watchlist,35.8,36.8,5524.36,-23.39,"[23.61, 13.79]","[12, 14]",0.9,29.0,strong,352
IRCTC.NS,Indian Railway Catering And Tourism Corporation Ltd.,Consumer Services,Unknown,Unknown,False,Cash,1,Stage 4,Stage 4,Stage 4 - Confirmed Downtrend,Stage 4 - Confirmed Downtrend,Stage 4 • Stage 4 - Confirmed Downtrend,0.86,Price is below a bearish moving-average stack with falling trend signals.,,,,,-3.63,-12.98,288377689.03,0.85,1.23,0.68,True,True,"Stage 4, Stage 4 - Confirmed Downtrend, weekly_vcp_ok, volume_dryup, weekly_volume_dryup, weekly_strong, downtrend",weekly_watchlist,35.8,36.8,527.36,-13.65,"[24.35, 13.47]","[6, 3]",0.9,14.0,strong,353
IREDA.NS,Indian Renewable Energy Development Agency Ltd.,Financial Services,Unknown,Unknown,True,F&O,1,Stage 4,Stage 4,Stage 4 - Confirmed Downtrend,Stage 4 - Confirmed Downtrend,Stage 4 • Stage 4 - Confirmed Downtrend,0.86,Price is below a bearish moving-average stack with falling trend signals.,,,,,-4.5,-4.11,510486060.34,1.28,0.84,2.09,False,False,"Stage 4, Stage 4 - Confirmed Downtrend, weekly_vcp_ok, weekly_strong, downtrend",weekly_watchlist,35.8,36.8,142.15,-21.44,"[27.31, 17.57]","[12, 7]",0.9,22.0,strong,354
MFSL.NS,Max Financial Services Limited,Financial Services,Unknown,Unknown,True,F&O,1,Stage 4,Stage 4,Stage 4 - Confirmed Downtrend,Stage 4 - Confirmed Downtrend,Stage 4 • Stage 4 - Confirmed Downtrend,0.86,Price is below a bearish moving-average stack with falling trend signals.,,,2026-03-11,,-6.37,-9.19,1856565565.38,2.13,0.94,3.7,False,False,"Stage 4, Stage 4 - Confirmed Downtrend, weekly_vcp_ok, weekly_strong, downtrend",weekly_watchlist,35.8,36.8,1748.0,-21.43,"[24.25, 14.36]","[5, 7]",0.9,24.0,strong,355
MUTHOOTFIN.NS,Muthoot Finance Limited,Financial Services,Unknown,Unknown,True,F&O,1,Stage 4,Stage 4,Stage 4 - Confirmed Downtrend,Stage 4 - Confirmed Downtrend,Stage 4 • Stage 4 - Confirmed Downtrend,0.86,Price is below a bearish moving-average stack with falling trend signals.,,,2026-02-12,,-5.96,-16.14,1682056265.87,0.65,0.57,0.66,True,True,"Stage 4, Stage 4 - Confirmed Downtrend, weekly_vcp_ok, volume_dryup, weekly_volume_dryup, weekly_strong, downtrend",weekly_watchlist,35.8,36.8,3654.04,-25.09,"[26.69, 26.77]","[8, 16]",0.9,27.0,strong,356
SBILIFE.NS,SBI Life Insurance Company Limited,Financial Services,Unknown,Unknown,True,F&O,1,Stage 4,Stage 4,Stage 4 - Confirmed Downtrend,Stage 4 - Confirmed Downtrend,Stage 4 • Stage 4 - Confirmed Downtrend,0.86,Price is below a bearish moving-average stack with falling trend signals.,,,2026-03-02,,1.69,-9.17,1874614241.16,1.38,1.83,2.02,False,False,"Stage 4, Stage 4 - Confirmed Downtrend, weekly_vcp_ok, weekly_strong, downtrend",weekly_watchlist,35.8,36.8,1918.35,-11.57,"[18.83, 10.83]","[5, 2]",0.9,15.0,strong,357
SOBHA.NS,Sobha Limited,Realty,Unknown,Unknown,False,Cash,1,Stage 4,Stage 4,Stage 4 - Confirmed Downtrend,Stage 4 - Confirmed Downtrend,Stage 4 • Stage 4 - Confirmed Downtrend,0.86,Price is below a bearish moving-average stack with falling trend signals.,,,2026-01-12,,-9.01,-1.46,96811192.38,0.84,1.55,0.51,True,True,"Stage 4, Stage 4 - Confirmed Downtrend, weekly_vcp_ok, volume_dryup, weekly_volume_dryup, weekly_strong, downtrend",weekly_watchlist,35.8,36.8,1562.23,-21.8,"[27.7, 19.78]","[7, 5]",0.9,17.0,strong,358
SPANDANA.NS,Spandana Sphoorty Financial Limited,Financial Services,Unknown,Unknown,False,Cash,1,Stage 4,Stage 4,Stage 4 - Confirmed Downtrend,Stage 4 - Confirmed Downtrend,Stage 4 • Stage 4 - Confirmed Downtrend,0.86,Price is below a bearish moving-average stack with falling trend signals.,,,2026-07-29,,-22.11,7.35,23431514.08,0.6,2.99,0.79,True,True,"Stage 4, Stage 4 - Confirmed Downtrend, weekly_vcp_ok, volume_dryup, weekly_volume_dryup, weekly_strong, downtrend",weekly_watchlist,35.8,36.8,319.96,-31.0,"[35.28, 24.07]","[13, 5]",0.9,23.0,strong,359
TEAMLEASE.NS,Teamlease Services Limited,Services,Unknown,Unknown,False,Cash,1,Stage 4,Stage 4,Stage 4 - Confirmed Downtrend,Stage 4 - Confirmed Downtrend,Stage 4 • Stage 4 - Confirmed Downtrend,0.86,Price is below a bearish moving-average stack with falling trend signals.,,,,,-11.15,-5.41,21813741.08,0.68,0.54,0.74,True,True,"Stage 4, Stage 4 - Confirmed Downtrend, weekly_vcp_ok, volume_dryup, weekly_volume_dryup, weekly_strong, downtrend",weekly_watchlist,35.8,36.8,1481.94,-22.49,"[33.21, 17.26]","[6, 4]",0.9,25.0,strong,360
RESPONIND.NS,Responsive Industries Limited,Consumer Durables,Unknown,Unknown,False,Cash,1,Stage 4,Stage 4,Stage 4 - Weak/Declining,Stage 4 - Weak/Declining,Stage 4 • Stage 4 - Weak/Declining,0.72,Price is below long-term support with weak trend evidence.,,,2026-07-20,,-15.81,23.79,538861748.91,0.47,0.17,0.57,True,True,"Stage 4, Stage 4 - Weak/Declining, weekly_vcp_ok, volume_dryup, weekly_volume_dryup, weekly_strong, downtrend",weekly_watchlist,36.6,36.6,241.18,-31.43,"[42.02, 34.09]","[8, 14]",0.9,31.0,strong,361
GLAND.NS,Gland Pharma Limited,Healthcare,Unknown,Unknown,False,Cash,1,Stage 2,Stage 2,Clean Stage 2,Clean Stage 2,Stage 2 • Clean Stage 2,0.9,"Price is above rising key averages, weekly structure is supportive, and the stock is near its 52-week high.",,,2026-09-29,,25.4,68.91,1807473548.03,0.57,1.03,0.63,True,True,"Stage 2, Clean Stage 2, trend_template_ok, volume_dryup, weekly_volume_dryup",weekly_watchlist,31.6,36.6,3046.22,-4.82,[9.52],[3],0.0,3.0,weak,362
WELSPUNLIV.NS,Welspun Living Ltd.,Textiles,Unknown,Unknown,False,Cash,1,Stage 2,Stage 2,Extended Stage 2,Extended Stage 2,Stage 2 • Extended Stage 2,0.78,"Advancing structure remains intact, but price is stretched versus key moving averages or far above the 52-week low.",,,2026-09-29,,40.88,89.36,920799621.58,0.72,0.62,0.54,True,True,"Stage 2, Extended Stage 2, trend_template_ok, volume_dryup, weekly_volume_dryup",weekly_watchlist,31.6,36.6,233.41,-2.6,[12.57],[3],0.0,3.0,weak,363
MOTHERSON.NS,Samvardhana Motherson International Limited,Automobile and Auto Components,Unknown,Unknown,True,F&O,1,Stage 2,Stage 2,Messy Stage 2,Messy Stage 2,Stage 2 • Messy Stage 2,0.64,"Long-term structure is still constructive, but the short-term/weekly structure is not clean.",,,2026-09-29,,19.33,49.52,1731777499.38,0.8,1.39,0.98,True,False,"Stage 2, Messy Stage 2, trend_template_ok, volume_dryup",weekly_watchlist,34.09,36.59,173.27,-5.78,[9.92],[6],0.0,6.0,weak,364
HEXT.NS,Hexaware Technologies Ltd.,Information Technology,Unknown,Unknown,False,Cash,1,Stage 4,Stage 4,Stage 4 - Weak/Declining,Stage 4 - Weak/Declining,Stage 4 • Stage 4 - Weak/Declining,0.72,Price is below long-term support with weak trend evidence.,,,,,-0.97,8.42,155739278.17,0.26,0.4,0.22,True,True,"Stage 4, Stage 4 - Weak/Declining, weekly_vcp_ok, volume_dryup, weekly_volume_dryup, weekly_strong, downtrend",weekly_watchlist,36.54,36.54,623.89,-20.8,"[50.45, 14.57]","[14, 2]",0.9,28.0,strong,365
TATVA.NS,Tatva Chintan Pharma Chem Limited,Chemicals,Unknown,Unknown,False,Cash,1,Stage 2,Stage 2,Clean Stage 2,Clean Stage 2,Stage 2 • Clean Stage 2,0.9,"Price is above rising key averages, weekly structure is supportive, and the stock is near its 52-week high.",,,2026-09-29,,49.09,54.66,122163347.39,1.1,0.89,0.53,False,True,"Stage 2, Clean Stage 2, trend_template_ok, weekly_volume_dryup",weekly_watchlist,34.0,36.5,1839.1,-2.99,[22.46],[5],0.0,5.0,weak,366
TDPOWERSYS.NS,TD Power Systems Limited,Capital Goods,Unknown,Unknown,False,Cash,1,Stage 2,Stage 2,Extended Stage 2,Extended Stage 2,Stage 2 • Extended Stage 2,0.78,"Advancing structure remains intact, but price is stretched versus key moving averages or far above the 52-week low.",,,2026-09-29,,40.82,77.48,1824467073.24,0.88,1.17,1.11,False,False,"Stage 2, Extended Stage 2, trend_template_ok",weekly_watchlist,34.0,36.5,818.98,-4.02,[32.31],[5],0.0,5.0,weak,367
KDDL.NS,KDDL Limited,Consumer Durables,Unknown,Unknown,False,Cash,1,Stage 2,Stage 2,Clean Stage 2,Clean Stage 2,Stage 2 • Clean Stage 2,0.9,"Price is above rising key averages, weekly structure is supportive, and the stock is near its 52-week high.",,,2026-09-29,,28.91,75.13,144171274.22,0.88,0.34,0.76,False,True,"Stage 2, Clean Stage 2, trend_template_ok, weekly_volume_dryup",weekly_watchlist,36.4,36.4,4147.17,-6.28,[23.58],[7],0.0,7.0,weak,368
LTTS.NS,L&T Technology Services Ltd.,Information Technology,Unknown,Unknown,False,Cash,1,Stage 4,Stage 4,Stage 4 - Weak/Declining,Stage 4 - Weak/Declining,Stage 4 • Stage 4 - Weak/Declining,0.72,Price is below long-term support with weak trend evidence.,,,,,8.92,-3.6,180335593.85,0.72,1.92,0.79,True,True,"Stage 4, Stage 4 - Weak/Declining, weekly_vcp_ok, volume_dryup, weekly_volume_dryup, weekly_strong, downtrend",weekly_watchlist,36.33,36.33,3811.65,-15.3,"[36.31, 20.37]","[14, 8]",0.9,30.0,strong,369
GALLANTT.NS,Gallantt Ispat Limited,Capital Goods,Unknown,Unknown,False,Cash,1,Stage 4,Stage 4,Stage 4 - Weak/Declining,Stage 4 - Weak/Declining,Stage 4 • Stage 4 - Weak/Declining,0.72,Price is below long-term support with weak trend evidence.,,,2026-06-26,,-12.51,-17.28,51788012.65,0.86,0.66,0.36,False,True,"Stage 4, Stage 4 - Weak/Declining, weekly_vcp_ok, weekly_volume_dryup, weekly_strong, downtrend",weekly_watchlist,33.8,36.3,725.6,-25.92,"[34.06, 31.5]","[4, 4]",0.9,10.0,strong,370
PGEL.NS,PG Electroplast Limited,Consumer Durables,Unknown,Unknown,True,F&O,1,Stage 4,Stage 4,Stage 4 - Weak/Declining,Stage 4 - Weak/Declining,Stage 4 • Stage 4 - Weak/Declining,0.72,Price is below long-term support with weak trend evidence.,,,2026-09-07,,-6.65,10.74,436232898.19,0.55,0.92,0.61,True,True,"Stage 4, Stage 4 - Weak/Declining, weekly_vcp_ok, volume_dryup, weekly_volume_dryup, weekly_strong, downtrend",weekly_watchlist,36.21,36.21,644.77,-23.47,"[31.21, 21.86]","[6, 4]",0.9,12.0,strong,371
MAHSEAMLES.NS,Maharashtra Seamless Limited,Capital Goods,Unknown,Unknown,False,Cash,1,Stage 2,Stage 2,Clean Stage 2,Clean Stage 2,Stage 2 • Clean Stage 2,0.9,"Price is above rising key averages, weekly structure is supportive, and the stock is near its 52-week high.",,,2026-09-29,,32.04,22.71,354783891.22,1.29,3.79,1.97,False,False,"Stage 2, Clean Stage 2, trend_template_ok",weekly_watchlist,33.68,36.18,652.67,13.02,"[14.78, 15.77]","[7, 4]",0.1,13.0,weak,372
ASIANPAINT.NS,Asian Paints Limited,Consumer Durables,Unknown,Unknown,True,F&O,1,Stage 4,Stage 4,Stage 4 - Weak/Declining,Stage 4 - Weak/Declining,Stage 4 • Stage 4 - Weak/Declining,0.72,Price is below long-term support with weak trend evidence.,,,2026-08-19,,-5.99,9.56,1248435566.04,0.79,1.02,0.9,True,True,"Stage 4, Stage 4 - Weak/Declining, weekly_vcp_ok, volume_dryup, weekly_volume_dryup, weekly_strong, downtrend",weekly_watchlist,36.16,36.16,2869.01,-16.26,"[27.43, 8.13]","[10, 4]",0.9,26.0,strong,373
ULTRACEMCO.NS,UltraTech Cement Limited,Construction Materials,Unknown,Unknown,True,F&O,1,Stage 4,Stage 4,Stage 4 - Weak/Declining,Stage 4 - Weak/Declining,Stage 4 • Stage 4 - Weak/Declining,0.72,Price is below long-term support with weak trend evidence.,,,2026-08-28,,2.67,0.93,2971373381.8,1.15,0.99,1.21,False,False,"Stage 4, Stage 4 - Weak/Declining, weekly_vcp_ok, weekly_strong, downtrend",weekly_watchlist,36.16,36.16,12260.42,-10.64,"[14.11, 12.83]","[16, 6]",0.9,27.0,strong,374
VMM.NS,Vishal Mega Mart Ltd.,Consumer Services,Unknown,Unknown,True,F&O,1,Stage 4,Stage 4,Stage 4 - Confirmed Downtrend,Stage 4 - Confirmed Downtrend,Stage 4 • Stage 4 - Confirmed Downtrend,0.86,Price is below a bearish moving-average stack with falling trend signals.,,,,,-8.38,-11.53,1034426496.43,0.92,1.07,1.05,False,False,"Stage 4, Stage 4 - Confirmed Downtrend, weekly_vcp_ok, weekly_strong, downtrend",weekly_watchlist,35.0,36.0,123.91,-18.49,"[23.73, 13.46]","[4, 2]",0.9,11.0,strong,375
GRAPHITE.NS,Graphite India Limited,Capital Goods,Unknown,Unknown,False,Cash,1,Stage 2,Stage 2,Clean Stage 2,Clean Stage 2,Stage 2 • Clean Stage 2,0.9,"Price is above rising key averages, weekly structure is supportive, and the stock is near its 52-week high.",,,2026-09-29,,31.41,21.47,3186234236.8,0.66,0.82,0.56,True,True,"Stage 2, Clean Stage 2, trend_template_ok, volume_dryup, weekly_volume_dryup",weekly_watchlist,33.49,35.99,875.88,-12.68,"[25.29, 28.96]","[4, 8]",0.1,19.0,weak,376
VGUARD.NS,V-Guard Industries Limited,Consumer Durables,Unknown,Unknown,False,Cash,1,Stage 2 Failed,Stage 4,Failed Stage 2,Failed Stage 2,Stage 2 Failed • Failed Stage 2,0.72,"This stock was recently Stage 2, but the latest structure no longer satisfies Stage 2 rules. It is kept as Stage 2 Failed until a fresh base/repair structure forms.",Recent Stage 2 break; public stage held as Stage 2 Failed.,2026-09-30,2026-09-21,,4.28,-9.38,129690057.07,0.26,2.22,0.29,True,True,"Stage 4, Stage 4 - Weak/Declining, weekly_vcp_ok, volume_dryup, weekly_volume_dryup, weekly_strong, downtrend | Stage 2 failed state applied from stage memory.",weekly_watchlist,35.8,35.8,350.61,-15.45,"[18.64, 13.27]","[4, 18]",0.9,24.0,strong,377
AMBER.NS,Amber Enterprises India Limited,Consumer Durables,Unknown,Unknown,True,F&O,1,Stage 4,Stage 4,Stage 4 - Weak/Declining,Stage 4 - Weak/Declining,Stage 4 • Stage 4 - Weak/Declining,0.72,Price is below long-term support with weak trend evidence.,,,2026-07-20,,-5.57,2.42,825063958.52,0.56,1.39,0.73,True,True,"Stage 4, Stage 4 - Weak/Declining, weekly_vcp_ok, volume_dryup, weekly_volume_dryup, weekly_strong, downtrend",weekly_watchlist,35.8,35.8,8218.0,-18.81,"[22.69, 15.42]","[2, 8]",0.9,14.0,strong,378
IRCON.NS,Ircon International Limited,Construction,Unknown,Unknown,False,Cash,1,Stage 4,Stage 4,Stage 4 - Confirmed Downtrend,Stage 4 - Confirmed Downtrend,Stage 4 • Stage 4 - Confirmed Downtrend,0.86,Price is below a bearish moving-average stack with falling trend signals.,,,,,-5.42,-7.56,624820564.04,3.26,49.15,12.39,False,False,"Stage 4, Stage 4 - Confirmed Downtrend, weekly_vcp_ok, weekly_strong, downtrend",weekly_watchlist,35.8,35.8,163.63,-28.44,"[38.1, 20.92]","[13, 5]",0.9,24.0,strong,379
DALBHARAT.NS,Dalmia Bharat Limited,Construction Materials,Unknown,Unknown,True,F&O,1,Stage 4,Stage 4,Stage 4 - Confirmed Downtrend,Stage 4 - Confirmed Downtrend,Stage 4 • Stage 4 - Confirmed Downtrend,0.86,Price is below a bearish moving-average stack with falling trend signals.,,,,,1.78,-11.25,151641936.16,0.54,0.51,0.48,True,True,"Stage 4, Stage 4 - Confirmed Downtrend, weekly_vcp_ok, volume_dryup, weekly_volume_dryup, weekly_strong, downtrend",weekly_watchlist,35.8,35.8,2005.24,-16.03,"[24.01, 20.05]","[9, 5]",0.9,20.0,strong,380
SYMPHONY.NS,Symphony Limited,Consumer Durables,Unknown,Unknown,False,Cash,1,Stage 4,Stage 4,Stage 4 - Confirmed Downtrend,Stage 4 - Confirmed Downtrend,Stage 4 • Stage 4 - Confirmed Downtrend,0.86,Price is below a bearish moving-average stack with falling trend signals.,,,,,-9.93,-19.59,188970252.55,0.32,0.08,0.39,True,True,"Stage 4, Stage 4 - Confirmed Downtrend, weekly_vcp_ok, volume_dryup, weekly_volume_dryup, weekly_strong, downtrend",weekly_watchlist,35.8,35.8,729.9,-20.2,"[29.41, 26.64]","[8, 6]",0.9,18.0,strong,381
AMBUJACEM.NS,Ambuja Cements Limited,Construction Materials,Unknown,Unknown,True,F&O,1,Stage 4,Stage 4,Stage 4 - Confirmed Downtrend,Stage 4 - Confirmed Downtrend,Stage 4 • Stage 4 - Confirmed Downtrend,0.86,Price is below a bearish moving-average stack with falling trend signals.,,,,,-8.47,-11.9,482819636.09,0.73,2.03,0.84,True,True,"Stage 4, Stage 4 - Confirmed Downtrend, weekly_vcp_ok, volume_dryup, weekly_volume_dryup, weekly_strong, downtrend",weekly_watchlist,35.8,35.8,466.49,-19.83,"[31.25, 12.38]","[11, 2]",0.9,22.0,strong,382
RAMCOCEM.NS,The Ramco Cements Limited,Construction Materials,Unknown,Unknown,False,Cash,1,Stage 4,Stage 4,Stage 4 - Confirmed Downtrend,Stage 4 - Confirmed Downtrend,Stage 4 • Stage 4 - Confirmed Downtrend,0.86,Price is below a bearish moving-average stack with falling trend signals.,,,2026-03-04,,-3.72,-10.81,188924475.26,0.89,0.82,0.84,False,True,"Stage 4, Stage 4 - Confirmed Downtrend, weekly_vcp_ok, weekly_volume_dryup, weekly_strong, downtrend",weekly_watchlist,35.8,35.8,988.33,-14.45,"[29.18, 18.17]","[6, 7]",0.9,17.0,strong,383
INTELLECT.NS,Intellect Design Arena Limited,Information Technology,Unknown,Unknown,False,Cash,1,Stage 4,Stage 4,Stage 4 - Confirmed Downtrend,Stage 4 - Confirmed Downtrend,Stage 4 • Stage 4 - Confirmed Downtrend,0.86,Price is below a bearish moving-average stack with falling trend signals.,,,2025-12-05,,-12.67,-8.46,192644192.62,0.8,1.53,0.7,True,True,"Stage 4, Stage 4 - Confirmed Downtrend, weekly_vcp_ok, volume_dryup, weekly_volume_dryup, weekly_strong, downtrend",weekly_watchlist,35.8,35.8,827.89,-25.88,"[52.18, 20.06]","[21, 2]",0.9,28.0,strong,384
IRB.NS,IRB Infrastructure Developers Limited,Construction,Unknown,Unknown,False,Cash,1,Stage 4,Stage 4,Stage 4 - Confirmed Downtrend,Stage 4 - Confirmed Downtrend,Stage 4 • Stage 4 - Confirmed Downtrend,0.86,Price is below a bearish moving-average stack with falling trend signals.,,,,,-8.46,-15.78,310790686.93,1.17,1.03,0.94,False,False,"Stage 4, Stage 4 - Confirmed Downtrend, weekly_vcp_ok, weekly_strong, downtrend",weekly_watchlist,35.8,35.8,21.97,-20.41,"[14.62, 13.13]","[3, 7]",0.9,14.0,strong,385
GREENPANEL.NS,Greenpanel Industries Limited,Consumer Durables,Unknown,Unknown,False,Cash,1,Stage 4,Stage 4,Stage 4 - Confirmed Downtrend,Stage 4 - Confirmed Downtrend,Stage 4 • Stage 4 - Confirmed Downtrend,0.86,Price is below a bearish moving-average stack with falling trend signals.,,,,,-8.03,-15.29,70948561.14,1.46,1.96,0.89,False,True,"Stage 4, Stage 4 - Confirmed Downtrend, weekly_vcp_ok, weekly_volume_dryup, weekly_strong, downtrend",weekly_watchlist,35.8,35.8,208.87,-23.25,"[34.8, 25.87]","[9, 2]",0.9,16.0,strong,386
AWL.NS,Adani Wilmar Limited,Fast Moving Consumer Goods,Unknown,Unknown,False,Cash,1,Stage 4,Stage 4,Stage 4 - Weak/Declining,Stage 4 - Weak/Declining,Stage 4 • Stage 4 - Weak/Declining,0.72,Price is below long-term support with weak trend evidence.,,,2025-11-25,,-0.06,-1.55,347354964.54,0.92,0.3,1.21,False,False,"Stage 4, Stage 4 - Weak/Declining, weekly_vcp_ok, weekly_strong, downtrend",weekly_watchlist,35.8,35.8,215.26,-17.46,"[39.49, 9.31]","[17, 2]",0.9,32.0,strong,387
LAOPALA.NS,La Opala RG Limited,Consumer Durables,Unknown,Unknown,False,Cash,1,Stage 4,Stage 4,Stage 4 - Confirmed Downtrend,Stage 4 - Confirmed Downtrend,Stage 4 • Stage 4 - Confirmed Downtrend,0.86,Price is below a bearish moving-average stack with falling trend signals.,,,,,-4.77,-9.56,22829829.3,0.38,0.33,0.29,True,True,"Stage 4, Stage 4 - Confirmed Downtrend, weekly_vcp_ok, volume_dryup, weekly_volume_dryup, weekly_strong, downtrend",weekly_watchlist,35.8,35.8,204.75,-23.72,"[24.6, 12.06]","[5, 2]",0.9,12.0,strong,388
DBCORP.NS,D.B.Corp Limited,"Media, Entertainment & Publication",Unknown,Unknown,False,Cash,1,Stage 4,Stage 4,Stage 4 - Confirmed Downtrend,Stage 4 - Confirmed Downtrend,Stage 4 • Stage 4 - Confirmed Downtrend,0.86,Price is below a bearish moving-average stack with falling trend signals.,,,,,-2.41,-11.33,12838495.66,0.92,2.94,0.83,False,True,"Stage 4, Stage 4 - Confirmed Downtrend, weekly_vcp_ok, weekly_volume_dryup, weekly_strong, downtrend",weekly_watchlist,35.8,35.8,239.7,-26.83,"[30.76, 23.22]","[14, 7]",0.9,27.0,strong,389
AHLUCONT.NS,Ahluwalia Contracts (India) Limited,Construction,Unknown,Unknown,False,Cash,1,Stage 4,Stage 4,Stage 4 - Confirmed Downtrend,Stage 4 - Confirmed Downtrend,Stage 4 • Stage 4 - Confirmed Downtrend,0.86,Price is below a bearish moving-average stack with falling trend signals.,,,2025-12-05,,-28.67,-25.43,41342626.68,0.85,0.81,1.1,True,False,"Stage 4, Stage 4 - Confirmed Downtrend, weekly_vcp_ok, volume_dryup, weekly_strong, downtrend",weekly_watchlist,35.8,35.8,883.93,-37.77,"[30.63, 18.28]","[7, 4]",0.9,16.0,strong,390
RAJESHEXPO.NS,Rajesh Exports Limited,Consumer Durables,Unknown,Unknown,False,Cash,1,Stage 4,Stage 4,Stage 4 - Confirmed Downtrend,Stage 4 - Confirmed Downtrend,Stage 4 • Stage 4 - Confirmed Downtrend,0.86,Price is below a bearish moving-average stack with falling trend signals.,,,2025-12-30,,-26.8,-34.02,17578393.7,2.05,1.7,0.98,False,False,"Stage 4, Stage 4 - Confirmed Downtrend, weekly_vcp_ok, weekly_strong, downtrend",weekly_watchlist,35.8,35.8,123.22,-47.49,"[58.22, 45.37]","[7, 9]",0.9,18.0,strong,391
BALMLAWRIE.NS,Balmer Lawrie & Company Limited,Diversified,Unknown,Unknown,False,Cash,1,Stage 4,Stage 4,Stage 4 - Weak/Declining,Stage 4 - Weak/Declining,Stage 4 • Stage 4 - Weak/Declining,0.72,Price is below long-term support with weak trend evidence.,,,2026-09-07,,-2.41,1.42,21026171.45,0.69,0.63,0.63,True,True,"Stage 4, Stage 4 - Weak/Declining, weekly_vcp_ok, volume_dryup, weekly_volume_dryup, weekly_strong, downtrend",weekly_watchlist,35.8,35.8,182.75,-11.82,"[16.29, 8.77]","[5, 6]",0.9,14.0,strong,392
BIKAJI.NS,Bikaji Foods International Limited,Fast Moving Consumer Goods,Unknown,Unknown,False,Cash,1,Stage 4,Stage 4,Stage 4 - Confirmed Downtrend,Stage 4 - Confirmed Downtrend,Stage 4 • Stage 4 - Confirmed Downtrend,0.86,Price is below a bearish moving-average stack with falling trend signals.,,,,,-13.4,-19.09,216578222.65,2.58,0.53,1.21,False,False,"Stage 4, Stage 4 - Confirmed Downtrend, weekly_vcp_ok, weekly_strong, downtrend",weekly_watchlist,35.8,35.8,681.86,-23.47,"[22.9, 10.75]","[11, 5]",0.9,21.0,strong,393
BSOFT.NS,BIRLASOFT LIMITED,Information Technology,Unknown,Unknown,False,Cash,1,Stage 4,Stage 4,Stage 4 - Weak/Declining,Stage 4 - Weak/Declining,Stage 4 • Stage 4 - Weak/Declining,0.72,Price is below long-term support with weak trend evidence.,,,2026-01-30,,5.01,-26.33,407542242.8,0.59,1.28,0.67,True,True,"Stage 4, Stage 4 - Weak/Declining, weekly_vcp_ok, volume_dryup, weekly_volume_dryup, weekly_strong, downtrend",weekly_watchlist,35.8,35.8,331.58,-18.06,"[31.43, 32.42]","[7, 11]",0.9,21.0,strong,394
CENTURYPLY.NS,Century Plyboards (India) Limited,Consumer Durables,Unknown,Unknown,False,Cash,1,Stage 4,Stage 4,Stage 4 - Confirmed Downtrend,Stage 4 - Confirmed Downtrend,Stage 4 • Stage 4 - Confirmed Downtrend,0.86,Price is below a bearish moving-average stack with falling trend signals.,,,2026-08-11,,-5.41,-6.0,65414365.87,1.64,0.76,2.09,False,False,"Stage 4, Stage 4 - Confirmed Downtrend, weekly_vcp_ok, weekly_strong, downtrend",weekly_watchlist,35.8,35.8,826.89,-17.54,"[28.0, 13.58]","[7, 2]",0.9,18.0,strong,395
COLPAL.NS,Colgate Palmolive (India) Limited,Fast Moving Consumer Goods,Unknown,Unknown,True,F&O,1,Stage 4,Stage 4,Stage 4 - Confirmed Downtrend,Stage 4 - Confirmed Downtrend,Stage 4 • Stage 4 - Confirmed Downtrend,0.86,Price is below a bearish moving-average stack with falling trend signals.,,,,,-8.41,-4.88,772982109.82,0.96,0.66,0.82,False,True,"Stage 4, Stage 4 - Confirmed Downtrend, weekly_vcp_ok, weekly_volume_dryup, weekly_strong, downtrend",weekly_watchlist,35.8,35.8,2213.4,-20.34,"[19.36, 10.92]","[10, 5]",0.9,22.0,strong,396
DISHTV.NS,Dish TV India Limited,"Media, Entertainment & Publication",Unknown,Unknown,False,Cash,1,Stage 4,Stage 4,Stage 4 - Confirmed Downtrend,Stage 4 - Confirmed Downtrend,Stage 4 • Stage 4 - Confirmed Downtrend,0.86,Price is below a bearish moving-average stack with falling trend signals.,,,,,-25.21,-33.08,5193923.86,2.18,3.04,3.01,False,False,"Stage 4, Stage 4 - Confirmed Downtrend, weekly_vcp_ok, weekly_strong, downtrend",weekly_watchlist,35.8,35.8,4.15,-50.33,"[57.38, 34.06]","[12, 7]",0.9,22.0,strong,397
GODFRYPHLP.NS,Godfrey Phillips India Limited,Fast Moving Consumer Goods,Unknown,Unknown,True,F&O,1,Stage 4,Stage 4,Stage 4 - Confirmed Downtrend,Stage 4 - Confirmed Downtrend,Stage 4 • Stage 4 - Confirmed Downtrend,0.86,Price is below a bearish moving-average stack with falling trend signals.,,,2025-10-20,,-3.63,-1.85,316205313.22,0.5,1.33,0.53,True,True,"Stage 4, Stage 4 - Confirmed Downtrend, weekly_vcp_ok, volume_dryup, weekly_volume_dryup, weekly_strong, downtrend",weekly_watchlist,35.8,35.8,2460.08,-23.1,"[30.47, 19.21]","[5, 10]",0.9,23.0,strong,398
GODREJCP.NS,Godrej Consumer Products Ltd.,Fast Moving Consumer Goods,Unknown,Unknown,True,F&O,1,Stage 4,Stage 4,Stage 4 - Confirmed Downtrend,Stage 4 - Confirmed Downtrend,Stage 4 • Stage 4 - Confirmed Downtrend,0.86,Price is below a bearish moving-average stack with falling trend signals.,,,2026-02-11,,-15.54,-17.83,1201232005.57,0.55,1.24,0.62,True,True,"Stage 4, Stage 4 - Confirmed Downtrend, weekly_vcp_ok, volume_dryup, weekly_volume_dryup, weekly_strong, downtrend",weekly_watchlist,35.8,35.8,1113.8,-23.68,"[22.04, 14.61]","[5, 6]",0.9,14.0,strong,399
GREENLAM.NS,Greenlam Industries Limited,Consumer Durables,Unknown,Unknown,False,Cash,1,Stage 4,Stage 4,Stage 4 - Weak/Declining,Stage 4 - Weak/Declining,Stage 4 • Stage 4 - Weak/Declining,0.72,Price is below long-term support with weak trend evidence.,,,2026-08-27,,-11.57,-4.47,10600477.23,0.37,1.2,0.45,True,True,"Stage 4, Stage 4 - Weak/Declining, weekly_vcp_ok, volume_dryup, weekly_volume_dryup, weekly_strong, downtrend",weekly_watchlist,35.8,35.8,278.55,-23.59,"[25.77, 13.04]","[7, 5]",0.9,26.0,strong,400
HAVELLS.NS,Havells India Limited,Consumer Durables,Unknown,Unknown,True,F&O,1,Stage 4,Stage 4,Stage 4 - Confirmed Downtrend,Stage 4 - Confirmed Downtrend,Stage 4 • Stage 4 - Confirmed Downtrend,0.86,Price is below a bearish moving-average stack with falling trend signals.,,,,,-7.21,-18.56,879807230.41,0.78,1.86,0.89,True,True,"Stage 4, Stage 4 - Confirmed Downtrend, weekly_vcp_ok, volume_dryup, weekly_volume_dryup, weekly_strong, downtrend",weekly_watchlist,35.8,35.8,1317.3,-22.87,"[20.79, 19.95]","[6, 6]",0.9,15.0,strong,401
HGINFRA.NS,H.G. Infra Engineering Limited,Construction,Unknown,Unknown,False,Cash,1,Stage 4,Stage 4,Stage 4 - Confirmed Downtrend,Stage 4 - Confirmed Downtrend,Stage 4 • Stage 4 - Confirmed Downtrend,0.86,Price is below a bearish moving-average stack with falling trend signals.,,,,,-16.91,-11.69,344378521.08,3.33,0.19,6.58,False,False,"Stage 4, Stage 4 - Confirmed Downtrend, weekly_vcp_ok, weekly_strong, downtrend",weekly_watchlist,35.8,35.8,576.76,-24.97,"[39.07, 17.46]","[7, 8]",0.9,17.0,strong,402
HINDUNILVR.NS,Hindustan Unilever Limited,Fast Moving Consumer Goods,Unknown,Unknown,True,F&O,1,Stage 4,Stage 4,Stage 4 - Confirmed Downtrend,Stage 4 - Confirmed Downtrend,Stage 4 • Stage 4 - Confirmed Downtrend,0.86,Price is below a bearish moving-average stack with falling trend signals.,,,2025-10-23,,-7.86,-11.36,2478463642.09,0.89,1.17,1.03,False,False,"Stage 4, Stage 4 - Confirmed Downtrend, weekly_vcp_ok, weekly_strong, downtrend",weekly_watchlist,35.8,35.8,2239.3,-16.09,"[18.43, 14.22]","[7, 6]",0.9,16.0,strong,403
JPPOWER.NS,Jaiprakash Power Ventures Limited,Power,Unknown,Unknown,False,Cash,1,Stage 4,Stage 4,Stage 4 - Weak/Declining,Stage 4 - Weak/Declining,Stage 4 • Stage 4 - Weak/Declining,0.72,Price is below long-term support with weak trend evidence.,,,2026-08-12,,-7.67,-1.75,1090172421.07,1.76,0.53,0.52,False,True,"Stage 4, Stage 4 - Weak/Declining, weekly_vcp_ok, weekly_volume_dryup, weekly_strong, downtrend",weekly_watchlist,35.8,35.8,24.54,-38.35,"[42.3, 20.9]","[16, 11]",0.9,34.0,strong,404
KANSAINER.NS,Kansai Nerolac Paints Limited,Consumer Durables,Unknown,Unknown,False,Cash,1,Stage 4,Stage 4,Stage 4 - Confirmed Downtrend,Stage 4 - Confirmed Downtrend,Stage 4 • Stage 4 - Confirmed Downtrend,0.86,Price is below a bearish moving-average stack with falling trend signals.,,,2025-11-17,,-9.16,-1.32,59616501.92,0.77,0.66,0.83,True,True,"Stage 4, Stage 4 - Confirmed Downtrend, weekly_vcp_ok, volume_dryup, weekly_volume_dryup, weekly_strong, downtrend",weekly_watchlist,35.8,35.8,223.14,-20.23,"[33.65, 14.22]","[7, 8]",0.9,24.0,strong,405
KPIGREEN.NS,KPI Green Energy Limited,Power,Unknown,Unknown,False,Cash,1,Stage 4,Stage 4,Stage 4 - Weak/Declining,Stage 4 - Weak/Declining,Stage 4 • Stage 4 - Weak/Declining,0.72,Price is below long-term support with weak trend evidence.,,,,,-4.01,-8.71,1046071267.37,2.74,1.9,2.47,False,False,"Stage 4, Stage 4 - Weak/Declining, weekly_vcp_ok, weekly_strong, downtrend",weekly_watchlist,35.8,35.8,507.56,-29.28,"[28.63, 12.15]","[5, 13]",0.9,31.0,strong,406
KPITTECH.NS,KPIT Technologies Limited,Information Technology,Unknown,Unknown,True,F&O,1,Stage 4,Stage 4,Stage 4 - Confirmed Downtrend,Stage 4 - Confirmed Downtrend,Stage 4 • Stage 4 - Confirmed Downtrend,0.86,Price is below a bearish moving-average stack with falling trend signals.,,,,,-3.0,-30.19,833213896.04,0.62,1.04,0.59,True,True,"Stage 4, Stage 4 - Confirmed Downtrend, weekly_vcp_ok, volume_dryup, weekly_volume_dryup, weekly_strong, downtrend",weekly_watchlist,35.8,35.8,820.52,-39.17,"[49.6, 34.26]","[10, 6]",0.9,27.0,strong,407
MAPMYINDIA.NS,C.E. Info Systems Limited,Information Technology,Unknown,Unknown,False,Cash,1,Stage 4,Stage 4,Stage 4 - Weak/Declining,Stage 4 - Weak/Declining,Stage 4 • Stage 4 - Weak/Declining,0.72,Price is below long-term support with weak trend evidence.,,,,,-2.33,-3.46,179159450.07,1.01,0.55,0.49,False,True,"Stage 4, Stage 4 - Weak/Declining, weekly_vcp_ok, weekly_volume_dryup, weekly_strong, downtrend",weekly_watchlist,35.8,35.8,1230.49,-30.26,"[54.64, 28.57]","[13, 3]",0.9,22.0,strong,408
METROBRAND.NS,Metro Brands Limited,Consumer Durables,Unknown,Unknown,False,Cash,1,Stage 4,Stage 4,Stage 4 - Confirmed Downtrend,Stage 4 - Confirmed Downtrend,Stage 4 • Stage 4 - Confirmed Downtrend,0.86,Price is below a bearish moving-average stack with falling trend signals.,,,,,-11.98,-13.36,97088905.23,1.95,0.68,0.78,False,True,"Stage 4, Stage 4 - Confirmed Downtrend, weekly_vcp_ok, weekly_volume_dryup, weekly_strong, downtrend",weekly_watchlist,35.8,35.8,1126.37,-25.27,"[27.68, 11.67]","[16, 8]",0.9,26.0,strong,409
PNC.NS,Pritish Nandy Communications Limited,"Media, Entertainment & Publication",Unknown,Unknown,False,Cash,1,Stage 4,Stage 4,Stage 4 - Confirmed Downtrend,Stage 4 - Confirmed Downtrend,Stage 4 • Stage 4 - Confirmed Downtrend,0.86,Price is below a bearish moving-average stack with falling trend signals.,,,,,-8.79,-11.01,369443.16,2.24,0.55,0.64,False,True,"Stage 4, Stage 4 - Confirmed Downtrend, weekly_vcp_ok, weekly_volume_dryup, weekly_strong, downtrend",weekly_watchlist,35.8,35.8,24.05,-26.62,"[46.67, 27.69]","[15, 6]",0.9,22.0,strong,410
PNCINFRA.NS,PNC Infratech Limited,Construction,Unknown,Unknown,False,Cash,1,Stage 4,Stage 4,Stage 4 - Confirmed Downtrend,Stage 4 - Confirmed Downtrend,Stage 4 • Stage 4 - Confirmed Downtrend,0.86,Price is below a bearish moving-average stack with falling trend signals.,,,,,-37.99,-23.41,312458125.75,1.45,0.48,1.04,False,False,"Stage 4, Stage 4 - Confirmed Downtrend, weekly_vcp_ok, weekly_strong, downtrend",weekly_watchlist,35.8,35.8,260.33,-48.84,"[45.73, 16.48]","[20, 7]",0.9,30.0,strong,411
RELAXO.NS,Relaxo Footwears Limited,Consumer Durables,Unknown,Unknown,False,Cash,1,Stage 4,Stage 4,Stage 4 - Weak/Declining,Stage 4 - Weak/Declining,Stage 4 • Stage 4 - Weak/Declining,0.72,Price is below long-term support with weak trend evidence.,,,2026-08-17,,-19.72,6.52,77126043.67,1.22,0.5,0.22,False,True,"Stage 4, Stage 4 - Weak/Declining, weekly_vcp_ok, weekly_volume_dryup, weekly_strong, downtrend",weekly_watchlist,35.8,35.8,450.41,-35.35,"[41.53, 12.45]","[8, 5]",0.9,15.0,strong,412
RVNL.NS,Rail Vikas Nigam Limited,Construction,Unknown,Unknown,True,F&O,1,Stage 4,Stage 4,Stage 4 - Confirmed Downtrend,Stage 4 - Confirmed Downtrend,Stage 4 • Stage 4 - Confirmed Downtrend,0.86,Price is below a bearish moving-average stack with falling trend signals.,,,,,-6.65,-23.83,1087880090.51,1.26,3.95,1.5,False,False,"Stage 4, Stage 4 - Confirmed Downtrend, weekly_vcp_ok, weekly_strong, downtrend",weekly_watchlist,35.8,35.8,311.43,-35.21,"[37.91, 29.4]","[13, 15]",0.9,30.0,strong,413
SAKSOFT.NS,Saksoft Limited,Information Technology,Unknown,Unknown,False,Cash,1,Stage 4,Stage 4,Stage 4 - Weak/Declining,Stage 4 - Weak/Declining,Stage 4 • Stage 4 - Weak/Declining,0.72,Price is below long-term support with weak trend evidence.,,,2025-11-20,,-10.81,7.58,34048799.86,0.57,0.68,0.35,True,True,"Stage 4, Stage 4 - Weak/Declining, weekly_vcp_ok, volume_dryup, weekly_volume_dryup, weekly_strong, downtrend",weekly_watchlist,35.8,35.8,216.99,-35.75,"[51.75, 26.15]","[19, 3]",0.9,35.0,strong,414
SHREECEM.NS,SHREE CEMENT LIMITED,Construction Materials,Unknown,Unknown,True,F&O,1,Stage 4,Stage 4,Stage 4 - Confirmed Downtrend,Stage 4 - Confirmed Downtrend,Stage 4 • Stage 4 - Confirmed Downtrend,0.86,Price is below a bearish moving-average stack with falling trend signals.,,,2026-08-10,,-9.07,-5.35,872200622.5,2.01,0.57,4.44,False,False,"Stage 4, Stage 4 - Confirmed Downtrend, weekly_vcp_ok, weekly_strong, downtrend",weekly_watchlist,35.8,35.8,27598.21,-19.03,"[19.72, 10.39]","[11, 5]",0.9,22.0,strong,415
STARCEMENT.NS,Star Cement Limited,Construction Materials,Unknown,Unknown,False,Cash,1,Stage 4,Stage 4,Stage 4 - Confirmed Downtrend,Stage 4 - Confirmed Downtrend,Stage 4 • Stage 4 - Confirmed Downtrend,0.86,Price is below a bearish moving-average stack with falling trend signals.,,,2025-11-03,,-5.56,-14.49,37892082.85,0.73,0.4,0.78,True,True,"Stage 4, Stage 4 - Confirmed Downtrend, weekly_vcp_ok, volume_dryup, weekly_volume_dryup, weekly_strong, downtrend",weekly_watchlist,35.8,35.8,243.41,-25.24,"[18.9, 15.4]","[5, 6]",0.9,30.0,strong,416
TATAPOWER.NS,Tata Power Company Limited,Power,Unknown,Unknown,True,F&O,1,Stage 4,Stage 4,Stage 4 - Weak/Declining,Stage 4 - Weak/Declining,Stage 4 • Stage 4 - Weak/Declining,0.72,Price is below long-term support with weak trend evidence.,,,2026-06-05,,1.89,-8.12,1337283580.78,0.91,1.15,1.16,False,False,"Stage 4, Stage 4 - Weak/Declining, weekly_vcp_ok, weekly_strong, downtrend",weekly_watchlist,35.8,35.8,462.85,-22.44,"[12.99, 11.12]","[4, 3]",0.9,35.0,strong,417
ZEEL.NS,Zee Entertainment Enterprises Limited,"Media, Entertainment & Publication",Unknown,Unknown,False,Cash,1,Stage 4,Stage 4,Stage 4 - Weak/Declining,Stage 4 - Weak/Declining,Stage 4 • Stage 4 - Weak/Declining,0.72,Price is below long-term support with weak trend evidence.,,,2026-08-21,,-18.34,2.35,1297975184.65,0.48,0.57,0.47,True,True,"Stage 4, Stage 4 - Weak/Declining, weekly_vcp_ok, volume_dryup, weekly_volume_dryup, weekly_strong, downtrend",weekly_watchlist,35.8,35.8,115.59,-35.57,"[31.38, 15.65]","[6, 2]",0.9,14.0,strong,418
LALPATHLAB.NS,Dr. Lal Path Labs Ltd.,Healthcare,Unknown,Unknown,False,Cash,1,Stage 2,Stage 2,Clean Stage 2,Clean Stage 2,Stage 2 • Clean Stage 2,0.9,"Price is above rising key averages, weekly structure is supportive, and the stock is near its 52-week high.",,,2026-09-29,,24.97,45.21,629624757.09,0.95,1.96,1.09,False,False,"Stage 2, Clean Stage 2, trend_template_ok",weekly_watchlist,30.62,35.62,2042.17,-2.7,[6.7],[3],0.0,3.0,weak,419
LXCHEM.NS,Laxmi Organic Industries Limited,Chemicals,Unknown,Unknown,False,Cash,1,Stage 2,Stage 2,Stage 2,Stage 2,Stage 2,0.76,Advancing structure detected.,,,2026-09-29,,19.39,49.51,225549654.05,0.82,0.7,0.52,True,True,"Stage 2, Stage 2, trend_template_ok, volume_dryup, weekly_volume_dryup",weekly_watchlist,32.89,35.39,186.33,-4.81,[20.51],[5],0.0,5.0,weak,420
GNFC.NS,Gujarat Narmada Valley Fertilizers and Chemicals Limited,Chemicals,Unknown,Unknown,False,Cash,1,Stage 2,Stage 2,Clean Stage 2,Clean Stage 2,Stage 2 • Clean Stage 2,0.9,"Price is above rising key averages, weekly structure is supportive, and the stock is near its 52-week high.",,,2026-09-29,,27.1,52.96,760138343.24,2.23,0.98,1.2,False,False,"Stage 2, Clean Stage 2, trend_template_ok",weekly_watchlist,32.8,35.3,597.98,1.07,[20.11],[4],0.0,4.0,weak,421
APARINDS.NS,Apar Industries Limited,Capital Goods,Unknown,Unknown,False,Cash,1,Stage 2,Stage 2,Clean Stage 2,Clean Stage 2,Stage 2 • Clean Stage 2,0.9,"Price is above rising key averages, weekly structure is supportive, and the stock is near its 52-week high.",,,2026-09-29,,28.59,70.54,2331114358.73,0.96,0.91,0.79,False,True,"Stage 2, Clean Stage 2, trend_template_ok, weekly_volume_dryup",weekly_watchlist,32.8,35.3,18433.32,-5.69,[22.59],[4],0.0,4.0,weak,422
ADANIPORTS.NS,Adani Ports and Special Economic Zone Limited,Services,Unknown,Unknown,True,F&O,1,Stage 2,Stage 2,Stage 2,Stage 2,Stage 2,0.76,Advancing structure detected.,,,2026-09-29,,3.25,29.47,3557101242.76,0.89,1.45,1.02,False,False,"Stage 2, Stage 2",weekly_watchlist,34.07,35.07,1827.19,-1.58,[15.76],[9],0.0,9.0,weak,423
MANKIND.NS,Mankind Pharma Limited,Healthcare,Unknown,Unknown,True,F&O,1,Stage 2,Stage 2,Stage 2,Stage 2,Stage 2,0.76,Advancing structure detected.,,,2026-09-29,,5.32,22.8,1261705794.83,1.71,3.09,2.21,False,False,"Stage 2, Stage 2",weekly_watchlist,30.01,35.01,2646.62,-5.4,[15.9],[6],0.0,6.0,weak,424
RENUKA.NS,Shree Renuka Sugars Limited,Fast Moving Consumer Goods,Unknown,Unknown,False,Cash,1,Stage 2 Failed,Stage 4,Failed Stage 2,Failed Stage 2,Stage 2 Failed • Failed Stage 2,0.72,"This stock was recently Stage 2, but the latest structure no longer satisfies Stage 2 rules. It is kept as Stage 2 Failed until a fresh base/repair structure forms.",Recent Stage 2 break; public stage held as Stage 2 Failed.,2026-09-30,2026-09-14,,1.64,-23.62,323213520.94,0.6,0.33,0.73,True,True,"Stage 4, Stage 4 - Weak/Declining, weekly_vcp_ok, volume_dryup, weekly_volume_dryup, weekly_strong, downtrend | Stage 2 failed state applied from stage memory.",weekly_watchlist,35.0,35.0,27.73,-21.06,"[30.53, 13.62]","[4, 5]",0.9,11.0,strong,425
NAVA.NS,NAVA LIMITED,Power,Unknown,Unknown,False,Cash,1,Stage 4,Stage 4,Stage 4 - Weak/Declining,Stage 4 - Weak/Declining,Stage 4 • Stage 4 - Weak/Declining,0.72,Price is below long-term support with weak trend evidence.,,,2026-05-28,,-1.9,-1.05,134426655.75,1.06,1.49,1.16,False,False,"Stage 4, Stage 4 - Weak/Declining, weekly_vcp_ok, weekly_strong, downtrend",weekly_watchlist,35.0,35.0,623.47,-10.29,"[23.73, 14.5]","[4, 6]",0.9,11.0,strong,426
PAISALO.NS,Paisalo Digital Limited,Financial Services,Unknown,Unknown,False,Cash,1,Stage 2,Stage 2,Extended Stage 2,Extended Stage 2,Stage 2 • Extended Stage 2,0.78,"Advancing structure remains intact, but price is stretched versus key moving averages or far above the 52-week low.",,,2026-09-29,,12.99,103.48,1632214080.01,1.45,0.46,1.08,False,False,"Stage 2, Extended Stage 2",weekly_watchlist,34.0,35.0,75.03,1.84,[16.01],[5],0.0,5.0,weak,427
ZYDUSLIFE.NS,Zydus Lifesciences Limited,Healthcare,Unknown,Unknown,True,F&O,1,Stage 2,Stage 2,Stage 2,Stage 2,Stage 2,0.76,Advancing structure detected.,,,2026-09-29,,8.12,31.85,1688957929.58,1.29,1.14,1.74,False,False,"Stage 2, Stage 2",weekly_watchlist,30.0,35.0,1205.0,-3.57,[11.83],[5],0.0,5.0,weak,428
CAMS.NS,Computer Age Management Services Limited,Financial Services,Unknown,Unknown,True,F&O,1,Stage 4,Stage 4,Stage 4 - Weak/Declining,Stage 4 - Weak/Declining,Stage 4 • Stage 4 - Weak/Declining,0.72,Price is below long-term support with weak trend evidence.,,,2026-08-31,,-7.42,-0.71,774370369.41,0.95,1.48,1.07,False,False,"Stage 4, Stage 4 - Weak/Declining, weekly_vcp_ok, weekly_strong, downtrend",weekly_watchlist,33.8,34.8,829.31,-19.09,"[14.78, 11.14]","[5, 4]",0.9,10.0,strong,429
PFC.NS,Power Finance Corporation Limited,Financial Services,Unknown,Unknown,True,F&O,1,Stage 4,Stage 4,Stage 4 - Weak/Declining,Stage 4 - Weak/Declining,Stage 4 • Stage 4 - Weak/Declining,0.72,Price is below long-term support with weak trend evidence.,,,2026-07-01,,-14.33,-19.78,2902295838.08,1.13,1.15,1.24,False,False,"Stage 4, Stage 4 - Weak/Declining, weekly_vcp_ok, weekly_strong, downtrend",weekly_watchlist,33.8,34.8,425.4,-23.48,"[16.04, 10.3]","[5, 2]",0.9,10.0,strong,430
BDL.NS,Bharat Dynamics Limited,Capital Goods,Unknown,Unknown,True,F&O,1,Stage 4,Stage 4,Stage 4 - Confirmed Downtrend,Stage 4 - Confirmed Downtrend,Stage 4 • Stage 4 - Confirmed Downtrend,0.86,Price is below a bearish moving-average stack with falling trend signals.,,,,,-14.42,-11.44,1225499632.51,0.74,1.02,1.01,True,False,"Stage 4, Stage 4 - Confirmed Downtrend, weekly_vcp_ok, volume_dryup, weekly_strong, downtrend",weekly_watchlist,32.13,34.63,1483.3,-25.16,"[22.7, 23.84, 22.01, 15.24]","[3, 3, 5, 4]",0.73,25.0,strong,431
IPCALAB.NS,IPCA Laboratories Limited,Healthcare,Unknown,Unknown,False,Cash,1,Stage 2,Stage 2,Clean Stage 2,Clean Stage 2,Stage 2 • Clean Stage 2,0.9,"Price is above rising key averages, weekly structure is supportive, and the stock is near its 52-week high.",,,2026-09-29,,15.29,32.78,448329613.89,0.68,1.21,0.61,True,True,"Stage 2, Clean Stage 2, trend_template_ok, volume_dryup, weekly_volume_dryup",weekly_watchlist,29.61,34.61,2041.57,-5.61,[13.61],[4],0.0,4.0,weak,432
ELGIEQUIP.NS,Elgi Equipments Limited,Capital Goods,Unknown,Unknown,False,Cash,1,Stage 2,Stage 2,Messy Stage 2,Messy Stage 2,Stage 2 • Messy Stage 2,0.64,"Long-term structure is still constructive, but the short-term/weekly structure is not clean.",,,2026-09-29,,10.13,25.44,229738716.05,0.5,0.67,0.41,True,True,"Stage 2, Messy Stage 2, trend_template_ok, volume_dryup, weekly_volume_dryup",weekly_watchlist,31.96,34.46,653.4,-6.82,[10.8],[7],0.0,7.0,weak,433
RATNAMANI.NS,Ratnamani Metals & Tubes Limited,Capital Goods,Unknown,Unknown,False,Cash,1,Stage 2,Stage 2,Stage 2,Stage 2,Stage 2,0.76,Advancing structure detected.,,,2026-09-29,,13.1,22.18,149672600.45,0.4,0.36,0.4,True,True,"Stage 2, Stage 2, trend_template_ok, volume_dryup, weekly_volume_dryup",weekly_watchlist,31.93,34.43,2902.47,-6.1,[24.35],[7],0.0,7.0,weak,434
ANANDRATHI.NS,Anand Rathi Wealth Limited,Financial Services,Unknown,Unknown,False,Cash,1,Stage 2,Stage 2,Early Stage 2,Early Stage 2,Stage 2 • Early Stage 2,0.72,"Price has moved above long-term structure, but the full moving-average stack is not clean yet.",,,2026-09-29,,7.97,27.73,744202294.43,1.87,1.95,2.59,False,False,"Stage 2, Early Stage 2",weekly_watchlist,33.17,34.17,2268.4,-6.54,[8.22],[8],0.0,8.0,weak,435
NEOGEN.NS,Neogen Chemicals Limited,Chemicals,Unknown,Unknown,False,Cash,1,Stage 2,Stage 2,Clean Stage 2,Clean Stage 2,Stage 2 • Clean Stage 2,0.9,"Price is above rising key averages, weekly structure is supportive, and the stock is near its 52-week high.",,,2026-09-29,,28.84,100.05,531090173.74,1.19,0.76,0.84,False,True,"Stage 2, Clean Stage 2, trend_template_ok, weekly_volume_dryup",weekly_watchlist,31.6,34.1,2488.25,-1.47,[26.64],[3],0.0,3.0,weak,436
BALKRISIND.NS,Balkrishna Industries Limited,Automobile and Auto Components,Unknown,Unknown,False,Cash,1,Stage 4,Stage 4,Stage 4 - Weak/Declining,Stage 4 - Weak/Declining,Stage 4 • Stage 4 - Weak/Declining,0.72,Price is below long-term support with weak trend evidence.,,,2026-09-07,,2.89,-1.47,505008046.64,0.3,0.21,0.18,True,True,"Stage 4, Stage 4 - Weak/Declining, weekly_vcp_ok, volume_dryup, weekly_volume_dryup, weekly_strong, downtrend",weekly_watchlist,31.54,34.04,2562.48,-17.38,"[16.22, 13.17]","[2, 4]",0.9,8.0,strong,437
JSWENERGY.NS,JSW Energy Limited,Power,Unknown,Unknown,True,F&O,1,Stage 4,Stage 4,Stage 4 - Weak/Declining,Stage 4 - Weak/Declining,Stage 4 • Stage 4 - Weak/Declining,0.72,Price is below long-term support with weak trend evidence.,,,2026-08-27,,-2.83,0.47,857417653.14,0.99,0.97,0.88,False,True,"Stage 4, Stage 4 - Weak/Declining, weekly_vcp_ok, weekly_volume_dryup, weekly_strong, downtrend",weekly_watchlist,33.8,33.8,592.0,-16.44,"[13.74, 13.61]","[2, 6]",0.9,10.0,strong,438
SOUTHBANK.NS,The South Indian Bank Limited,Financial Services,Unknown,Unknown,False,Cash,1,Stage 2,Stage 2,Clean Stage 2,Clean Stage 2,Stage 2 • Clean Stage 2,0.9,"Price is above rising key averages, weekly structure is supportive, and the stock is near its 52-week high.",,,2026-09-29,,10.76,30.54,638411563.39,1.77,1.41,2.35,False,False,"Stage 2, Clean Stage 2, trend_template_ok",weekly_watchlist,32.53,33.53,48.44,-0.41,[10.43],[7],0.0,7.0,weak,439
METROPOLIS.NS,Metropolis Healthcare Limited,Healthcare,Unknown,Unknown,False,Cash,1,Stage 2,Stage 2,Early Stage 2,Early Stage 2,Stage 2 • Early Stage 2,0.72,"Price has moved above long-term structure, but the full moving-average stack is not clean yet.",,,2026-09-29,,1.25,23.65,123194631.54,0.8,2.32,0.95,True,False,"Stage 2, Early Stage 2, volume_dryup",weekly_watchlist,28.49,33.49,610.12,-11.21,[10.39],[14],0.0,14.0,weak,440
SBICARD.NS,SBI Cards and Payment Services Limited,Financial Services,Unknown,Unknown,True,F&O,1,Stage 4,Stage 4,Stage 4 - Weak/Declining,Stage 4 - Weak/Declining,Stage 4 • Stage 4 - Weak/Declining,0.72,Price is below long-term support with weak trend evidence.,,,2025-10-29,,2.58,-10.92,1021839261.15,0.61,0.21,0.54,True,True,"Stage 4, Stage 4 - Weak/Declining, weekly_vcp_ok, volume_dryup, weekly_volume_dryup, weekly_strong, downtrend",weekly_watchlist,32.13,33.13,675.38,-14.41,"[20.0, 22.84, 19.27, 9.52]","[4, 6, 7, 2]",0.73,32.0,strong,441
POONAWALLA.NS,Poonawalla Fincorp Limited,Financial Services,Unknown,Unknown,False,Cash,1,Stage 2 Failed,Stage 1,Failed Stage 2,Failed Stage 2,Stage 2 Failed • Failed Stage 2,0.72,"This stock was recently Stage 2, but the latest structure no longer satisfies Stage 2 rules. It is kept as Stage 2 Failed until a fresh base/repair structure forms.",Recent Stage 2 break; public stage held as Stage 2 Failed.,2026-09-30,2026-09-23,,-0.02,8.37,558803187.91,1.48,0.63,0.84,False,True,"Stage 1, Stage 1 - Unclear/Repair, stage1_base_ready, weekly_vcp_ok, weekly_volume_dryup, stage1_not_actionable | Stage 2 failed state applied from stage memory.",weekly_watchlist,31.93,32.93,512.8,-13.45,"[24.85, 28.19, 20.98]","[4, 7, 5]",0.55,22.0,moderate,442
DLF.NS,DLF Limited,Realty,Unknown,Unknown,True,F&O,1,Stage 2 Failed,Stage 2,Failed Stage 2,Failed Stage 2,Stage 2 Failed • Failed Stage 2,0.7,Failed Stage 2 cooling period is still active; waiting for a fresh base or confirmed reclaim.,Failed Stage 2 hold period active.,,2026-09-25,,8.16,26.48,2538381705.28,1.12,1.72,1.32,False,False,"Stage 2, Early Stage 2 | Failed Stage 2 hold period active.",weekly_watchlist,31.86,32.86,692.26,-2.64,[27.67],[7],0.0,7.0,weak,443
CRAFTSMAN.NS,Craftsman Automation Limited,Automobile and Auto Components,Unknown,Unknown,False,Cash,1,Stage 2,Stage 2,Early Stage 2,Early Stage 2,Stage 2 • Early Stage 2,0.72,"Price has moved above long-term structure, but the full moving-average stack is not clean yet.",,,2026-09-29,,21.45,52.5,563624636.8,1.0,0.84,0.69,False,True,"Stage 2, Early Stage 2, weekly_volume_dryup",weekly_watchlist,30.2,32.7,12020.0,-13.34,[8.04],[9],0.0,9.0,weak,444
BHEL.NS,Bharat Heavy Electricals Limited,Capital Goods,Unknown,Unknown,True,F&O,1,Stage 2,Stage 2,Early Stage 2,Early Stage 2,Stage 2 • Early Stage 2,0.72,"Price has moved above long-term structure, but the full moving-average stack is not clean yet.",,,2026-09-29,,14.37,63.08,2538296976.19,0.94,1.31,0.96,False,False,"Stage 2, Early Stage 2",weekly_watchlist,30.15,32.65,442.65,-6.13,[13.49],[2],0.0,2.0,weak,445
SHOPERSTOP.NS,Shoppers Stop Limited,Consumer Services,Unknown,Unknown,False,Cash,1,Stage 2,Stage 2,Early Stage 2,Early Stage 2,Stage 2 • Early Stage 2,0.72,"Price has moved above long-term structure, but the full moving-average stack is not clean yet.",,,2026-09-29,,23.55,43.23,162695667.14,2.62,0.1,4.17,False,False,"Stage 2, Early Stage 2",weekly_watchlist,31.48,32.48,442.0,-6.11,[15.98],[4],0.0,4.0,weak,446
WESTLIFE.NS,WESTLIFE FOODWORLD LIMITED,Consumer Services,Unknown,Unknown,False,Cash,1,Stage 2,Stage 2,Early Stage 2,Early Stage 2,Stage 2 • Early Stage 2,0.72,"Price has moved above long-term structure, but the full moving-average stack is not clean yet.",,,2026-09-29,,24.07,30.7,297334886.75,0.73,0.15,0.56,True,True,"Stage 2, Early Stage 2, volume_dryup, weekly_volume_dryup",weekly_watchlist,31.48,32.48,608.95,-3.14,[14.57],[5],0.0,5.0,weak,447
KTKBANK.NS,The Karnataka Bank Limited,Financial Services,Unknown,Unknown,False,Cash,1,Stage 2,Stage 2,Clean Stage 2,Clean Stage 2,Stage 2 • Clean Stage 2,0.9,"Price is above rising key averages, weekly structure is supportive, and the stock is near its 52-week high.",,,2026-09-29,,33.75,44.65,599200592.1,0.63,0.41,0.43,True,True,"Stage 2, Clean Stage 2, trend_template_ok, volume_dryup, weekly_volume_dryup",weekly_watchlist,31.44,32.44,341.18,-3.57,[7.74],[3],0.0,3.0,weak,448
DBL.NS,Dilip Buildcon Limited,Construction,Unknown,Unknown,False,Cash,1,Stage 4,Stage 4,Stage 4 - Confirmed Downtrend,Stage 4 - Confirmed Downtrend,Stage 4 • Stage 4 - Confirmed Downtrend,0.86,Price is below a bearish moving-average stack with falling trend signals.,,,2025-11-04,,1.52,0.08,214390018.87,0.37,0.17,0.15,True,True,"Stage 4, Stage 4 - Confirmed Downtrend, weekly_vcp_ok, volume_dryup, weekly_volume_dryup, weekly_strong, downtrend",weekly_watchlist,32.29,32.29,496.64,-18.21,"[19.13, 17.29, 18.63, 17.84]","[2, 3, 4, 5]",0.73,26.0,strong,449
AJANTPHARM.NS,Ajanta Pharma Limited,Healthcare,Unknown,Unknown,False,Cash,1,Stage 2,Stage 2,Clean Stage 2,Clean Stage 2,Stage 2 • Clean Stage 2,0.9,"Price is above rising key averages, weekly structure is supportive, and the stock is near its 52-week high.",,,2026-09-29,,15.11,33.46,315352241.79,1.27,4.7,1.36,False,False,"Stage 2, Clean Stage 2, trend_template_ok",weekly_watchlist,27.26,32.26,3802.64,-4.78,[9.77],[2],0.0,2.0,weak,450
THELEELA.NS,Leela Palaces Hotels & Resorts Ltd.,Consumer Services,Unknown,Unknown,False,Cash,1,Stage 2,Stage 2,Clean Stage 2,Clean Stage 2,Stage 2 • Clean Stage 2,0.9,"Price is above rising key averages, weekly structure is supportive, and the stock is near its 52-week high.",,,2026-09-29,,27.42,36.67,203639076.65,0.76,2.43,1.33,True,False,"Stage 2, Clean Stage 2, trend_template_ok, volume_dryup",weekly_watchlist,31.21,32.21,583.87,-1.72,[9.77],[4],0.0,4.0,weak,451
YATHARTH.NS,Yatharth Hospital & Trauma Care Services Limited,Healthcare,Unknown,Unknown,False,Cash,1,Stage 2,Stage 2,Stage 2,Stage 2,Stage 2,0.76,Advancing structure detected.,,,2026-09-29,,29.42,51.84,918120666.36,2.42,1.17,0.82,False,True,"Stage 2, Stage 2, trend_template_ok, weekly_volume_dryup",weekly_watchlist,27.2,32.2,1186.07,-12.95,[10.67],[6],0.0,6.0,weak,452
PPLPHARMA.NS,Piramal Pharma Ltd.,Healthcare,Unknown,Unknown,False,Cash,1,Stage 2,Stage 2,Early Stage 2,Early Stage 2,Stage 2 • Early Stage 2,0.72,"Price has moved above long-term structure, but the full moving-average stack is not clean yet.",,,2026-09-29,,22.9,45.13,875912924.74,0.61,0.57,0.63,True,True,"Stage 2, Early Stage 2, volume_dryup, weekly_volume_dryup",weekly_watchlist,27.2,32.2,232.34,-11.11,[19.52],[7],0.0,7.0,weak,453
ITC.NS,ITC Limited,Fast Moving Consumer Goods,Unknown,Unknown,True,F&O,1,Stage 4,Stage 4,Stage 4 - Confirmed Downtrend,Stage 4 - Confirmed Downtrend,Stage 4 • Stage 4 - Confirmed Downtrend,0.86,Price is below a bearish moving-average stack with falling trend signals.,,,,,-2.05,-10.86,2824682061.71,0.77,1.13,0.73,True,True,"Stage 4, Stage 4 - Confirmed Downtrend, weekly_vcp_ok, volume_dryup, weekly_volume_dryup, weekly_strong, downtrend",weekly_watchlist,32.13,32.13,325.95,-19.39,"[26.25, 14.14, 11.14, 12.66]","[6, 6, 10, 4]",0.73,36.0,strong,454
ASAHIINDIA.NS,Asahi India Glass Limited,Automobile and Auto Components,Unknown,Unknown,False,Cash,1,Stage 2,Stage 2,Early Stage 2,Early Stage 2,Stage 2 • Early Stage 2,0.72,"Price has moved above long-term structure, but the full moving-average stack is not clean yet.",,,2026-09-29,,16.98,18.0,135006579.58,0.71,0.6,0.87,True,True,"Stage 2, Early Stage 2, daily_vcp_ok, volume_dryup, weekly_volume_dryup",weekly_watchlist,29.5,32.0,996.74,-3.8,[12.64],[5],0.0,5.0,weak,455
TBOTEK.NS,TBO Tek Ltd.,Consumer Services,Unknown,Unknown,False,Cash,1,Stage 2,Stage 2,Early Stage 2,Early Stage 2,Stage 2 • Early Stage 2,0.72,"Price has moved above long-term structure, but the full moving-average stack is not clean yet.",,,2026-09-29,,17.52,52.39,264317797.02,0.85,2.75,0.73,False,True,"Stage 2, Early Stage 2, weekly_volume_dryup",weekly_watchlist,30.59,31.59,1753.06,-3.87,[10.76],[3],0.0,3.0,weak,456
SAILIFE.NS,Sai Life Sciences Ltd.,Healthcare,Unknown,Unknown,False,Cash,1,Stage 2,Stage 2,Clean Stage 2,Clean Stage 2,Stage 2 • Clean Stage 2,0.9,"Price is above rising key averages, weekly structure is supportive, and the stock is near its 52-week high.",,,2026-09-29,,30.48,59.92,1048223438.5,0.64,0.77,0.6,True,True,"Stage 2, Clean Stage 2, trend_template_ok, volume_dryup, weekly_volume_dryup",weekly_watchlist,26.0,31.0,1699.97,-10.32,[14.48],[5],0.0,5.0,weak,457
TVSSCS.NS,TVS Supply Chain Solutions Limited,Services,Unknown,Unknown,False,Cash,1,Stage 2,Stage 2,Stage 2,Stage 2,Stage 2,0.76,Advancing structure detected.,Stage 2 reclaimed after 3 confirmation runs.,,2026-09-29,,1.33,26.55,101171719.75,0.43,0.2,0.34,True,True,"Stage 2, Stage 2, volume_dryup, weekly_volume_dryup",weekly_watchlist,29.99,30.99,141.0,-7.4,[17.82],[6],0.0,6.0,weak,458
DATAPATTNS.NS,Data Patterns (India) Limited,Capital Goods,Unknown,Unknown,False,Cash,1,Stage 2,Stage 2,Early Stage 2,Early Stage 2,Stage 2 • Early Stage 2,0.72,"Price has moved above long-term structure, but the full moving-average stack is not clean yet.",,,2026-09-29,,-0.12,32.58,2774712599.5,0.54,0.47,0.34,True,True,"Stage 2, Early Stage 2, volume_dryup, weekly_volume_dryup",weekly_watchlist,28.45,30.95,5008.7,-14.41,[9.39],[11],0.0,11.0,weak,459
VIJAYA.NS,Vijaya Diagnostic Centre Limited,Healthcare,Unknown,Unknown,False,Cash,1,Stage 2,Stage 2,Early Stage 2,Early Stage 2,Stage 2 • Early Stage 2,0.72,"Price has moved above long-term structure, but the full moving-average stack is not clean yet.",,,2026-09-29,,13.65,53.7,203180977.51,0.79,0.53,0.48,True,True,"Stage 2, Early Stage 2, volume_dryup, weekly_volume_dryup",weekly_watchlist,25.94,30.94,1576.08,-8.78,[18.23],[6],0.0,6.0,weak,460
SUDARSCHEM.NS,Sudarshan Chemical Industries Limited,Chemicals,Unknown,Unknown,False,Cash,1,Stage 2,Stage 2,Stage 2,Stage 2,Stage 2,0.76,Advancing structure detected.,,,2026-09-29,,37.03,57.58,235296287.22,0.38,1.16,0.41,True,True,"Stage 2, Stage 2, trend_template_ok, volume_dryup, weekly_volume_dryup",weekly_watchlist,28.4,30.9,1349.36,-10.78,[27.21],[7],0.0,7.0,weak,461
SUPRAJIT.NS,Suprajit Engineering Limited,Automobile and Auto Components,Unknown,Unknown,False,Cash,1,Stage 2,Stage 2,Early Stage 2,Early Stage 2,Stage 2 • Early Stage 2,0.72,"Price has moved above long-term structure, but the full moving-average stack is not clean yet.",,,2026-09-29,,7.25,16.1,44659991.01,0.6,0.53,0.51,True,True,"Stage 2, Early Stage 2, volume_dryup, weekly_volume_dryup",weekly_watchlist,28.33,30.83,558.0,-13.76,[7.92],[15],0.0,15.0,weak,462
RADICO.NS,Radico Khaitan Limited,Fast Moving Consumer Goods,Unknown,Unknown,False,Cash,1,Stage 2,Stage 2,Early Stage 2,Early Stage 2,Stage 2 • Early Stage 2,0.72,"Price has moved above long-term structure, but the full moving-average stack is not clean yet.",,,2026-09-29,,13.35,65.14,1008539213.32,0.85,1.62,0.72,True,True,"Stage 2, Early Stage 2, volume_dryup, weekly_volume_dryup",weekly_watchlist,30.65,30.65,4755.31,-8.19,[26.45],[9],0.0,9.0,weak,463
ELECTCAST.NS,Electrosteel Castings Limited,Capital Goods,Unknown,Unknown,False,Cash,1,Stage 2 Failed,Stage 1,Failed Stage 2,Failed Stage 2,Stage 2 Failed • Failed Stage 2,0.72,"This stock was recently Stage 2, but the latest structure no longer satisfies Stage 2 rules. It is kept as Stage 2 Failed until a fresh base/repair structure forms.",Recent Stage 2 break; public stage held as Stage 2 Failed.,2026-09-30,2026-09-14,,3.89,-4.28,281797025.91,2.2,0.93,6.0,False,False,"Stage 1, Stage 1 - Base/Repair, weekly_vcp_ok, stage1_not_actionable, stage1_needs_more_base | Stage 2 failed state applied from stage memory.",weekly_watchlist,28.1,30.6,94.88,-21.62,"[15.98, 16.69, 18.91]","[5, 13, 4]",0.55,29.0,moderate,464
ACMESOLAR.NS,ACME Solar Holdings Ltd.,Power,Unknown,Unknown,False,Cash,1,Stage 2,Stage 2,Clean Stage 2,Clean Stage 2,Stage 2 • Clean Stage 2,0.9,"Price is above rising key averages, weekly structure is supportive, and the stock is near its 52-week high.",,,2026-09-29,,21.21,57.08,1179561156.24,1.47,0.39,0.73,False,True,"Stage 2, Clean Stage 2, trend_template_ok, weekly_volume_dryup",weekly_watchlist,30.23,30.23,431.25,1.8,[13.53],[2],0.0,2.0,weak,465
JSWINFRA.NS,JSW Infrastructure Ltd.,Services,Unknown,Unknown,False,Cash,1,Stage 2,Stage 2,Clean Stage 2,Clean Stage 2,Stage 2 • Clean Stage 2,0.9,"Price is above rising key averages, weekly structure is supportive, and the stock is near its 52-week high.",,,2026-09-29,,16.86,51.36,1645323339.14,1.95,0.59,0.9,False,True,"Stage 2, Clean Stage 2, trend_template_ok, weekly_volume_dryup",weekly_watchlist,29.22,30.22,355.62,0.28,[12.84],[2],0.0,2.0,weak,466
IDEA.NS,Vodafone Idea Limited,Telecommunication,Unknown,Unknown,True,F&O,1,Stage 2,Stage 2,Early Stage 2,Early Stage 2,Stage 2 • Early Stage 2,0.72,"Price has moved above long-term structure, but the full moving-average stack is not clean yet.",,,2026-09-29,,-1.29,48.76,5815557190.37,0.9,1.69,0.98,False,False,"Stage 2, Early Stage 2",weekly_watchlist,25.15,30.15,15.82,-18.13,[17.86],[7],0.0,7.0,weak,467
SCHNEIDER.NS,Schneider Electric Infrastructure Limited,Capital Goods,Unknown,Unknown,False,Cash,1,Stage 2 Failed,Stage 2,Failed Stage 2,Failed Stage 2,Stage 2 Failed • Failed Stage 2,0.7,Failed Stage 2 cooling period is still active; waiting for a fresh base or confirmed reclaim.,Failed Stage 2 hold period active.,,2026-09-25,,-13.03,28.46,255768032.4,0.61,0.92,0.46,True,True,"Stage 2, Messy Stage 2, volume_dryup, weekly_volume_dryup | Failed Stage 2 hold period active.",weekly_watchlist,27.54,30.04,1550.71,-22.4,[19.95],[13],0.0,13.0,weak,468
PCBL.NS,PCBL LIMITED,Chemicals,Unknown,Unknown,False,Cash,1,Stage 2,Stage 2,Stage 2,Stage 2,Stage 2,0.76,Advancing structure detected.,,,2026-09-29,,10.95,27.82,580560357.94,0.58,0.71,0.36,True,True,"Stage 2, Stage 2, trend_template_ok, daily_vcp_ok, volume_dryup, weekly_volume_dryup",weekly_watchlist,27.48,29.98,346.61,-4.47,[16.46],[3],0.0,3.0,weak,469
TITAN.NS,Titan Company Limited,Consumer Durables,Unknown,Unknown,True,F&O,1,Stage 2,Stage 2,Early Stage 2,Early Stage 2,Stage 2 • Early Stage 2,0.72,"Price has moved above long-term structure, but the full moving-average stack is not clean yet.",,,2026-09-29,,9.42,7.49,2859473233.85,1.08,1.66,1.03,False,False,"Stage 2, Early Stage 2",weekly_watchlist,29.89,29.89,5195.78,-11.72,"[12.64, 13.95]","[6, 5]",0.1,17.0,weak,470
RAIN.NS,Rain Industries Limited,Chemicals,Unknown,Unknown,False,Cash,1,Stage 2,Stage 2,Stage 2,Stage 2,Stage 2,0.76,Advancing structure detected.,,,2026-09-29,,15.97,93.45,845396596.35,0.65,0.54,0.59,True,True,"Stage 2, Stage 2, trend_template_ok, volume_dryup, weekly_volume_dryup",weekly_watchlist,27.2,29.7,251.26,-14.85,[41.76],[6],0.0,6.0,weak,471
VENUSPIPES.NS,Venus Pipes & Tubes Limited,Capital Goods,Unknown,Unknown,False,Cash,1,Stage 2,Stage 2,Extended Stage 2,Extended Stage 2,Stage 2 • Extended Stage 2,0.78,"Advancing structure remains intact, but price is stretched versus key moving averages or far above the 52-week low.",,,2026-09-29,,25.36,109.35,746882165.43,1.99,0.45,0.78,False,True,"Stage 2, Extended Stage 2, trend_template_ok, weekly_volume_dryup",weekly_watchlist,27.2,29.7,1727.48,24.29,[18.55],[6],0.0,6.0,weak,472
TASTYBITE.NS,Tasty Bite Eatables Limited,Fast Moving Consumer Goods,Unknown,Unknown,False,Cash,1,Stage 2,Stage 2,Early Stage 2,Early Stage 2,Stage 2 • Early Stage 2,0.72,"Price has moved above long-term structure, but the full moving-average stack is not clean yet.",,,2026-09-29,,18.32,38.48,25836591.2,0.23,0.39,0.19,True,True,"Stage 2, Early Stage 2, volume_dryup, weekly_volume_dryup",weekly_watchlist,29.68,29.68,10544.0,-10.02,[5.88],[10],0.0,10.0,weak,473
TEGA.NS,Tega Industries Limited,Capital Goods,Unknown,Unknown,False,Cash,1,Stage 2,Stage 2,Extended Stage 2,Extended Stage 2,Stage 2 • Extended Stage 2,0.78,"Advancing structure remains intact, but price is stretched versus key moving averages or far above the 52-week low.",,,2026-09-29,,33.48,21.69,1815231347.25,2.91,2.31,1.21,False,False,"Stage 2, Extended Stage 2",weekly_watchlist,27.12,29.62,1838.08,14.61,[22.23],[8],0.0,8.0,weak,474
GARFIBRES.NS,Garware Technical Fibres Limited,Textiles,Unknown,Unknown,False,Cash,1,Stage 2,Stage 2,Early Stage 2,Early Stage 2,Stage 2 • Early Stage 2,0.72,"Price has moved above long-term structure, but the full moving-average stack is not clean yet.",,,2026-09-29,,12.4,28.01,32179088.13,0.51,0.36,0.45,True,True,"Stage 2, Early Stage 2, volume_dryup, weekly_volume_dryup",weekly_watchlist,24.44,29.44,862.34,-10.61,[25.0],[7],0.0,7.0,weak,475
QUESS.NS,Quess Corp Limited,Services,Unknown,Unknown,False,Cash,1,Stage 2,Stage 2,Early Stage 2,Early Stage 2,Stage 2 • Early Stage 2,0.72,"Price has moved above long-term structure, but the full moving-average stack is not clean yet.",,,2026-09-29,,22.0,86.62,198281315.73,0.57,0.7,0.63,True,True,"Stage 2, Early Stage 2, volume_dryup, weekly_volume_dryup",weekly_watchlist,28.4,29.4,389.43,-13.99,[24.61],[7],0.0,7.0,weak,476
ITDC.NS,India Tourism Development Corporation Limited,Consumer Services,Unknown,Unknown,False,Cash,1,Stage 2 Failed,Stage 2,Failed Stage 2,Failed Stage 2,Stage 2 Failed • Failed Stage 2,0.7,Failed Stage 2 cooling period is still active; waiting for a fresh base or confirmed reclaim.,Failed Stage 2 hold period active.,,2026-09-25,,24.71,67.97,704092311.31,1.51,7.95,1.37,False,False,"Stage 2, Stage 2 | Failed Stage 2 hold period active.",weekly_watchlist,28.4,29.4,819.92,-16.13,[23.71],[7],0.0,7.0,weak,477
KPIL.NS,Kalpataru Projects International Limited,Construction,Unknown,Unknown,False,Cash,1,Stage 2,Stage 2,Messy Stage 2,Messy Stage 2,Stage 2 • Messy Stage 2,0.64,"Long-term structure is still constructive, but the short-term/weekly structure is not clean.",,,2026-09-29,,6.81,26.1,202217397.34,0.75,0.47,0.66,True,True,"Stage 2, Messy Stage 2, trend_template_ok, daily_vcp_ok, volume_dryup, weekly_volume_dryup",weekly_watchlist,29.29,29.29,1468.0,-5.95,[14.28],[5],0.0,5.0,weak,478
UNITDSPR.NS,United Spirits Ltd.,Fast Moving Consumer Goods,Unknown,Unknown,True,F&O,1,Stage 2 Failed,Stage 1,Failed Stage 2,Failed Stage 2,Stage 2 Failed • Failed Stage 2,0.72,"This stock was recently Stage 2, but the latest structure no longer satisfies Stage 2 rules. It is kept as Stage 2 Failed until a fresh base/repair structure forms.",Recent Stage 2 break; public stage held as Stage 2 Failed.,2026-09-30,2026-09-28,,2.39,8.91,1226031937.47,1.63,1.21,3.14,False,False,"Stage 1, Stage 1 - Unclear/Repair, weekly_vcp_ok, stage1_not_actionable, stage1_needs_more_base | Stage 2 failed state applied from stage memory.",weekly_watchlist,29.23,29.23,1566.14,-13.55,"[14.25, 15.41, 13.09]","[12, 7, 6]",0.55,32.0,moderate,479
SKIPPER.NS,Skipper Limited,Capital Goods,Unknown,Unknown,False,Cash,1,Stage 2,Stage 2,Early Stage 2,Early Stage 2,Stage 2 • Early Stage 2,0.72,"Price has moved above long-term structure, but the full moving-average stack is not clean yet.",,,2026-09-29,,1.4,47.37,852267665.93,0.65,0.19,0.42,True,True,"Stage 2, Early Stage 2, volume_dryup, weekly_volume_dryup",weekly_watchlist,26.48,28.98,617.88,-14.04,[13.66],[8],0.0,8.0,weak,480
HFCL.NS,HFCL Limited,Telecommunication,Unknown,Unknown,False,Cash,1,Stage 2,Stage 2,Extended Stage 2,Extended Stage 2,Stage 2 • Extended Stage 2,0.78,"Advancing structure remains intact, but price is stretched versus key moving averages or far above the 52-week low.",,,2026-09-29,,7.81,211.53,1335085709.7,0.31,0.35,0.25,True,True,"Stage 2, Extended Stage 2, trend_template_ok, volume_dryup, weekly_volume_dryup",weekly_watchlist,23.6,28.6,256.91,-11.63,[21.11],[3],0.0,3.0,weak,481
JINDWORLD.NS,Jindal Worldwide Limited,Textiles,Unknown,Unknown,False,Cash,1,Stage 2,Stage 2,Extended Stage 2,Extended Stage 2,Stage 2 • Extended Stage 2,0.78,"Advancing structure remains intact, but price is stretched versus key moving averages or far above the 52-week low.",,,2026-09-29,,62.77,124.85,1692750496.63,0.31,0.11,0.21,True,True,"Stage 2, Extended Stage 2, volume_dryup, weekly_volume_dryup",weekly_watchlist,23.6,28.6,62.1,-25.05,[18.47],[3],0.0,3.0,weak,482
NAVINFLUOR.NS,Navin Fluorine International Limited,Chemicals,Unknown,Unknown,False,Cash,1,Stage 2,Stage 2,Early Stage 2,Early Stage 2,Stage 2 • Early Stage 2,0.72,"Price has moved above long-term structure, but the full moving-average stack is not clean yet.",,,2026-09-29,,13.48,40.51,1014107533.95,0.59,1.33,0.46,True,True,"Stage 2, Early Stage 2, volume_dryup, weekly_volume_dryup",weekly_watchlist,25.8,28.3,8965.16,-8.03,[18.64],[7],0.0,7.0,weak,483
DYNAMATECH.NS,Dynamatic Technologies Limited,Capital Goods,Unknown,Unknown,False,Cash,1,Stage 2,Stage 2,Clean Stage 2,Clean Stage 2,Stage 2 • Clean Stage 2,0.9,"Price is above rising key averages, weekly structure is supportive, and the stock is near its 52-week high.",,,2026-09-29,,33.0,44.41,310532391.15,1.5,2.43,2.06,False,False,"Stage 2, Clean Stage 2, trend_template_ok",weekly_watchlist,25.74,28.24,12287.72,10.77,[24.12],[5],0.0,5.0,weak,484
ANANTRAJ.NS,Anant Raj Limited,Realty,Unknown,Unknown,False,Cash,1,Stage 2,Stage 2,Early Stage 2,Early Stage 2,Stage 2 • Early Stage 2,0.72,"Price has moved above long-term structure, but the full moving-average stack is not clean yet.",,,2026-09-29,,15.69,29.27,1793973971.9,0.66,0.45,0.49,True,True,"Stage 2, Early Stage 2, volume_dryup, weekly_volume_dryup",weekly_watchlist,26.9,27.9,649.0,-7.72,[11.96],[2],0.0,2.0,weak,485
SAIL.NS,Steel Authority of India Limited,Metals & Mining,Unknown,Unknown,True,F&O,1,Stage 2,Stage 2,Stage 2,Stage 2,Stage 2,0.76,Advancing structure detected.,,,2026-09-29,,15.45,13.18,2766726535.8,0.82,0.72,0.88,True,True,"Stage 2, Stage 2, trend_template_ok, daily_vcp_ok, volume_dryup, weekly_volume_dryup",weekly_watchlist,26.86,27.86,198.71,-8.67,[24.65],[10],0.0,10.0,weak,486
CONCORDBIO.NS,Concord Biotech Limited,Healthcare,Unknown,Unknown,False,Cash,1,Stage 2,Stage 2,Early Stage 2,Early Stage 2,Stage 2 • Early Stage 2,0.72,"Price has moved above long-term structure, but the full moving-average stack is not clean yet.",,,2026-09-29,,14.45,32.53,235317017.27,1.12,0.67,0.94,False,False,"Stage 2, Early Stage 2",weekly_watchlist,22.7,27.7,1617.83,-15.1,[11.54],[5],0.0,5.0,weak,487
WSTCSTPAPR.NS,West Coast Paper Mills Limited,Forest Materials,Unknown,Unknown,False,Cash,1,Stage 2,Stage 2,Extended Stage 2,Extended Stage 2,Stage 2 • Extended Stage 2,0.78,"Advancing structure remains intact, but price is stretched versus key moving averages or far above the 52-week low.",,,2026-09-29,,48.2,64.94,197795218.35,0.73,1.01,0.57,True,True,"Stage 2, Extended Stage 2, trend_template_ok, volume_dryup, weekly_volume_dryup",weekly_watchlist,22.4,27.4,656.15,12.26,[16.27],[2],0.0,2.0,weak,488
RAYMOND.NS,Raymond Limited,Textiles,Unknown,Unknown,False,Cash,1,Stage 2,Stage 2,Extended Stage 2,Extended Stage 2,Stage 2 • Extended Stage 2,0.78,"Advancing structure remains intact, but price is stretched versus key moving averages or far above the 52-week low.",,,2026-09-29,,101.56,242.1,6607869764.03,1.32,0.33,1.26,False,False,"Stage 2, Extended Stage 2, trend_template_ok",weekly_watchlist,22.4,27.4,660.1,83.77,[11.54],[2],0.0,2.0,weak,489
MARKSANS.NS,Marksans Pharma Limited,Healthcare,Unknown,Unknown,False,Cash,1,Stage 2,Stage 2,Clean Stage 2,Clean Stage 2,Stage 2 • Clean Stage 2,0.9,"Price is above rising key averages, weekly structure is supportive, and the stock is near its 52-week high.",,,2026-09-29,,31.25,88.82,759956462.29,0.66,1.43,0.78,True,True,"Stage 2, Clean Stage 2, trend_template_ok, volume_dryup, weekly_volume_dryup",weekly_watchlist,22.4,27.4,350.56,-8.06,[14.9],[2],0.0,2.0,weak,490
AEGISLOG.NS,Aegis Logistics Ltd.,"Oil, Gas & Consumable Fuels",Unknown,Unknown,False,Cash,1,Stage 2,Stage 2,Extended Stage 2,Extended Stage 2,Stage 2 • Extended Stage 2,0.78,"Advancing structure remains intact, but price is stretched versus key moving averages or far above the 52-week low.",,,2026-09-29,,5.26,134.67,1256722858.3,0.93,1.3,0.53,False,True,"Stage 2, Extended Stage 2, trend_template_ok, weekly_volume_dryup",weekly_watchlist,24.8,27.3,1500.42,-8.02,[21.22],[4],0.0,4.0,weak,491
CHENNPETRO.NS,Chennai Petroleum Corporation Limited,"Oil, Gas & Consumable Fuels",Unknown,Unknown,False,Cash,1,Stage 2,Stage 2,Stage 2,Stage 2,Stage 2,0.76,Advancing structure detected.,,,2026-09-29,,40.59,53.53,2901045072.99,0.71,0.93,0.85,True,True,"Stage 2, Stage 2, trend_template_ok, volume_dryup, weekly_volume_dryup",weekly_watchlist,24.8,27.3,1680.44,-14.53,[13.53],[4],0.0,4.0,weak,492
SUNFLAG.NS,Sunflag Iron And Steel Company Limited,Metals & Mining,Unknown,Unknown,False,Cash,1,Stage 2,Stage 2,Extended Stage 2,Extended Stage 2,Stage 2 • Extended Stage 2,0.78,"Advancing structure remains intact, but price is stretched versus key moving averages or far above the 52-week low.",,,2026-09-29,,40.48,95.45,290480794.54,3.1,1.24,8.01,False,False,"Stage 2, Extended Stage 2, trend_template_ok",weekly_watchlist,26.0,27.0,393.95,15.76,[24.32],[5],0.0,5.0,weak,493
MSTCLTD.NS,Mstc Limited,Services,Unknown,Unknown,False,Cash,1,Stage 2,Stage 2,Clean Stage 2,Clean Stage 2,Stage 2 • Clean Stage 2,0.9,"Price is above rising key averages, weekly structure is supportive, and the stock is near its 52-week high.",,,2026-09-29,,6.28,79.97,212889251.09,0.68,0.65,0.73,True,True,"Stage 2, Clean Stage 2, trend_template_ok, volume_dryup, weekly_volume_dryup",weekly_watchlist,26.0,27.0,797.12,-10.33,[23.38],[5],0.0,5.0,weak,494
OFSS.NS,Oracle Financial Services Software Limited,Information Technology,Unknown,Unknown,True,F&O,1,Stage 2,Stage 2,Early Stage 2,Early Stage 2,Stage 2 • Early Stage 2,0.72,"Price has moved above long-term structure, but the full moving-average stack is not clean yet.",,,2026-09-29,,2.82,50.74,2434209550.05,0.87,1.21,0.87,False,True,"Stage 2, Early Stage 2, weekly_volume_dryup",weekly_watchlist,26.96,26.96,12561.94,-15.38,[6.12],[8],0.0,8.0,weak,495
ARVIND.NS,Arvind Limited,Textiles,Unknown,Unknown,False,Cash,1,Stage 2,Stage 2,Early Stage 2,Early Stage 2,Stage 2 • Early Stage 2,0.72,"Price has moved above long-term structure, but the full moving-average stack is not clean yet.",,,2026-09-29,,6.37,43.79,349765463.06,0.77,0.92,0.75,True,True,"Stage 2, Early Stage 2, volume_dryup, weekly_volume_dryup",weekly_watchlist,21.82,26.82,608.21,-11.23,[15.84],[4],0.0,4.0,weak,496
CARBORUNIV.NS,Carborundum Universal Limited,Capital Goods,Unknown,Unknown,False,Cash,1,Stage 2,Stage 2,Clean Stage 2,Clean Stage 2,Stage 2 • Clean Stage 2,0.9,"Price is above rising key averages, weekly structure is supportive, and the stock is near its 52-week high.",,,2026-09-29,,16.5,45.38,752156499.73,2.91,0.99,2.66,False,False,"Stage 2, Clean Stage 2, trend_template_ok",weekly_watchlist,24.19,26.69,1209.11,3.59,[20.77],[5],0.0,5.0,weak,497
ALKYLAMINE.NS,Alkyl Amines Chemicals Limited,Chemicals,Unknown,Unknown,False,Cash,1,Stage 2,Stage 2,Early Stage 2,Early Stage 2,Stage 2 • Early Stage 2,0.72,"Price has moved above long-term structure, but the full moving-average stack is not clean yet.",,,2026-09-29,,4.74,31.49,92623825.04,0.3,0.38,0.26,True,True,"Stage 2, Early Stage 2, volume_dryup, weekly_volume_dryup",weekly_watchlist,24.02,26.52,2115.0,-16.7,[11.56],[7],0.0,7.0,weak,498
MIDHANI.NS,Mishra Dhatu Nigam Limited,Capital Goods,Unknown,Unknown,False,Cash,1,Stage 2,Stage 2,Clean Stage 2,Clean Stage 2,Stage 2 • Clean Stage 2,0.9,"Price is above rising key averages, weekly structure is supportive, and the stock is near its 52-week high.",,,2026-09-29,,7.64,40.08,1420054016.83,0.45,0.9,0.51,True,True,"Stage 2, Clean Stage 2, volume_dryup, weekly_volume_dryup",weekly_watchlist,23.97,26.47,481.79,-9.16,[15.0],[6],0.0,6.0,weak,499
WABAG.NS,VA Tech Wabag Limited,Utilities,Unknown,Unknown,False,Cash,1,Stage 2,Stage 2,Stage 2,Stage 2,Stage 2,0.76,Advancing structure detected.,,,2026-09-29,,7.34,62.59,1416049252.31,0.67,0.55,0.7,True,True,"Stage 2, Stage 2, volume_dryup, weekly_volume_dryup",weekly_watchlist,21.39,26.39,2323.06,-11.26,[17.44],[2],0.0,2.0,weak,500
GESHIP.NS,The Great Eastern Shipping Company Limited,Services,Unknown,Unknown,False,Cash,1,Stage 2,Stage 2,Early Stage 2,Early Stage 2,Stage 2 • Early Stage 2,0.72,"Price has moved above long-term structure, but the full moving-average stack is not clean yet.",,,2026-09-29,,18.62,10.16,1450686175.34,1.1,0.94,1.62,False,False,"Stage 2, Early Stage 2",weekly_watchlist,25.28,26.28,1584.65,-1.56,[20.28],[2],0.0,2.0,weak,501
DALMIASUG.NS,Dalmia Bharat Sugar and Industries Limited,Fast Moving Consumer Goods,Unknown,Unknown,False,Cash,1,Stage 2,Stage 2,Early Stage 2,Early Stage 2,Stage 2 • Early Stage 2,0.72,"Price has moved above long-term structure, but the full moving-average stack is not clean yet.",,,2026-09-29,,15.84,6.3,100328580.61,0.4,0.29,0.57,True,True,"Stage 2, Early Stage 2, volume_dryup, weekly_volume_dryup",weekly_watchlist,26.21,26.21,520.91,-21.52,[23.15],[10],0.0,10.0,weak,502
JUBLPHARMA.NS,Jubilant Pharmova Limited,Healthcare,Unknown,Unknown,False,Cash,1,Stage 2,Stage 2,Early Stage 2,Early Stage 2,Stage 2 • Early Stage 2,0.72,"Price has moved above long-term structure, but the full moving-average stack is not clean yet.",,,2026-09-29,,12.13,19.76,326265062.73,0.96,1.33,1.37,False,False,"Stage 2, Early Stage 2",weekly_watchlist,21.19,26.19,996.74,3.22,[18.21],[5],0.0,5.0,weak,503
INOXINDIA.NS,INOX India Ltd.,Capital Goods,Unknown,Unknown,False,Cash,1,Stage 2,Stage 2,Messy Stage 2,Messy Stage 2,Stage 2 • Messy Stage 2,0.64,"Long-term structure is still constructive, but the short-term/weekly structure is not clean.",,,2026-09-29,,16.4,66.4,706644249.58,0.77,0.41,0.75,True,True,"Stage 2, Messy Stage 2, trend_template_ok, daily_vcp_ok, volume_dryup, weekly_volume_dryup",weekly_watchlist,23.6,26.1,2343.59,-12.42,[15.34],[3],0.0,3.0,weak,504
FCL.NS,Fineotex Chemical Limited,Chemicals,Unknown,Unknown,False,Cash,1,Stage 2,Stage 2,Extended Stage 2,Extended Stage 2,Stage 2 • Extended Stage 2,0.78,"Advancing structure remains intact, but price is stretched versus key moving averages or far above the 52-week low.",,,2026-09-29,,60.53,159.52,1492649514.45,1.14,0.69,1.39,False,False,"Stage 2, Extended Stage 2, trend_template_ok",weekly_watchlist,23.6,26.1,62.51,-8.09,[25.54],[3],0.0,3.0,weak,505
SSWL.NS,Steel Strips Wheels Limited,Automobile and Auto Components,Unknown,Unknown,False,Cash,1,Stage 2,Stage 2,Extended Stage 2,Extended Stage 2,Stage 2 • Extended Stage 2,0.78,"Advancing structure remains intact, but price is stretched versus key moving averages or far above the 52-week low.",,,2026-09-29,,73.25,113.05,507452698.74,0.89,0.61,1.03,False,False,"Stage 2, Extended Stage 2, trend_template_ok",weekly_watchlist,23.6,26.1,383.24,6.49,[12.35],[3],0.0,3.0,weak,506
BALAMINES.NS,Balaji Amines Limited,Chemicals,Unknown,Unknown,False,Cash,1,Stage 2,Stage 2,Messy Stage 2,Messy Stage 2,Stage 2 • Messy Stage 2,0.64,"Long-term structure is still constructive, but the short-term/weekly structure is not clean.",,,2026-09-29,,5.58,104.44,431337086.44,0.57,0.52,0.57,True,True,"Stage 2, Messy Stage 2, volume_dryup, weekly_volume_dryup",weekly_watchlist,23.6,26.1,2634.4,-19.58,[19.08],[3],0.0,3.0,weak,507
KALYANKJIL.NS,Kalyan Jewellers India Limited,Consumer Durables,Unknown,Unknown,True,F&O,1,Stage 2,Stage 2,Early Stage 2,Early Stage 2,Stage 2 • Early Stage 2,0.72,"Price has moved above long-term structure, but the full moving-average stack is not clean yet.",,,2026-09-29,,52.48,32.75,3317949301.63,0.38,0.8,0.36,True,True,"Stage 2, Early Stage 2, volume_dryup, weekly_volume_dryup",weekly_watchlist,26.0,26.0,634.47,-12.82,[14.25],[5],0.0,5.0,weak,508
RBA.NS,Restaurant Brands Asia Limited,Consumer Services,Unknown,Unknown,False,Cash,1,Stage 2,Stage 2,Early Stage 2,Early Stage 2,Stage 2 • Early Stage 2,0.72,"Price has moved above long-term structure, but the full moving-average stack is not clean yet.",,,2026-09-29,,29.59,49.4,276019461.05,0.28,0.48,0.2,True,True,"Stage 2, Early Stage 2, volume_dryup, weekly_volume_dryup",weekly_watchlist,24.7,25.7,111.34,-17.75,[22.38],[4],0.0,4.0,weak,509
CGCL.NS,Capri Global Capital Limited,Financial Services,Unknown,Unknown,False,Cash,1,Stage 2,Stage 2,Messy Stage 2,Messy Stage 2,Stage 2 • Messy Stage 2,0.64,"Long-term structure is still constructive, but the short-term/weekly structure is not clean.",,,2026-09-29,,8.97,44.35,1042207423.05,0.47,0.23,0.31,True,True,"Stage 2, Messy Stage 2, trend_template_ok, volume_dryup, weekly_volume_dryup",weekly_watchlist,24.53,25.53,287.95,-14.07,[17.97],[6],0.0,6.0,weak,510
SIEMENS.NS,Siemens Ltd.,Capital Goods,Unknown,Unknown,True,F&O,1,Stage 2,Stage 2,Early Stage 2,Early Stage 2,Stage 2 • Early Stage 2,0.72,"Price has moved above long-term structure, but the full moving-average stack is not clean yet.",,,2026-09-29,,11.62,20.44,967050360.13,0.76,0.59,0.57,True,True,"Stage 2, Early Stage 2, volume_dryup, weekly_volume_dryup",weekly_watchlist,22.41,24.91,4149.4,-10.21,[13.69],[6],0.0,6.0,weak,511
CYIENTDLM.NS,Cyient DLM Limited,Capital Goods,Unknown,Unknown,False,Cash,1,Stage 2,Stage 2,Extended Stage 2,Extended Stage 2,Stage 2 • Extended Stage 2,0.78,"Advancing structure remains intact, but price is stretched versus key moving averages or far above the 52-week low.",,,2026-09-29,,88.89,220.46,563846658.89,0.67,0.3,0.33,True,True,"Stage 2, Extended Stage 2, trend_template_ok, volume_dryup, weekly_volume_dryup",weekly_watchlist,22.4,24.9,1010.77,-9.56,[23.79],[2],0.0,2.0,weak,512
SANSERA.NS,Sansera Engineering Limited,Automobile and Auto Components,Unknown,Unknown,False,Cash,1,Stage 2,Stage 2,Extended Stage 2,Extended Stage 2,Stage 2 • Extended Stage 2,0.78,"Advancing structure remains intact, but price is stretched versus key moving averages or far above the 52-week low.",,,2026-09-29,,49.16,109.91,1348363658.83,1.59,0.99,1.62,False,False,"Stage 2, Extended Stage 2, trend_template_ok",weekly_watchlist,22.4,24.9,4043.39,12.22,[18.78],[2],0.0,2.0,weak,513
LGBBROSLTD.NS,LG Balakrishnan & Bros Limited,Automobile and Auto Components,Unknown,Unknown,False,Cash,1,Stage 1,Stage 1,Stage 1 - Early Turn,Stage 1 - Early Turn,Stage 1 • Stage 1 - Early Turn,0.66,The stock is improving from a repair/base area but has not confirmed a clean Stage 2 yet.,,,2026-09-03,,17.64,2.89,41678126.85,0.85,0.35,0.87,False,True,"Stage 1, Stage 1 - Early Turn, weekly_volume_dryup, stage1_not_actionable, stage1_needs_more_base",weekly_watchlist,22.32,24.82,2023.43,-14.5,"[17.97, 20.34, 21.68, 7.68]","[9, 7, 6, 5]",0.47,36.0,weak,514
WELENT.NS,Welspun Enterprises Limited,Construction,Unknown,Unknown,False,Cash,1,Stage 2,Stage 2,Clean Stage 2,Clean Stage 2,Stage 2 • Clean Stage 2,0.9,"Price is above rising key averages, weekly structure is supportive, and the stock is near its 52-week high.",,,2026-09-29,,27.79,68.64,673244353.19,0.97,0.18,0.52,False,True,"Stage 2, Clean Stage 2, trend_template_ok, weekly_volume_dryup",weekly_watchlist,24.8,24.8,826.44,-10.13,[12.25],[4],0.0,4.0,weak,515
PURVA.NS,Puravankara Limited,Realty,Unknown,Unknown,False,Cash,1,Stage 4,Stage 4,Stage 4 - Weak/Declining,Stage 4 - Weak/Declining,Stage 4 • Stage 4 - Weak/Declining,0.72,Price is below long-term support with weak trend evidence.,,,,,-0.14,16.03,255646928.8,0.29,0.1,0.12,True,True,"Stage 4, Stage 4 - Weak/Declining, weekly_vcp_ok, volume_dryup, weekly_volume_dryup, downtrend",weekly_watchlist,23.69,24.69,262.26,-21.32,"[43.22, 19.08, 21.12]","[7, 8, 3]",0.55,25.0,moderate,516
SKFINDIA.NS,SKF India Limited,Capital Goods,Unknown,Unknown,False,Cash,1,Stage 4,Stage 4,Stage 4 - Confirmed Downtrend,Stage 4 - Confirmed Downtrend,Stage 4 • Stage 4 - Confirmed Downtrend,0.86,Price is below a bearish moving-average stack with falling trend signals.,,,,,0.81,-0.4,84979946.84,0.95,0.55,0.73,False,True,"Stage 4, Stage 4 - Confirmed Downtrend, weekly_vcp_ok, weekly_volume_dryup, downtrend",weekly_watchlist,22.14,24.64,1734.74,-12.96,"[26.65, 13.21, 14.51]","[5, 5, 3]",0.55,21.0,moderate,517
RELIANCE.NS,Reliance Industries Limited,"Oil, Gas & Consumable Fuels",Unknown,Unknown,True,F&O,1,Stage 4,Stage 4,Stage 4 - Confirmed Downtrend,Stage 4 - Confirmed Downtrend,Stage 4 • Stage 4 - Confirmed Downtrend,0.86,Price is below a bearish moving-average stack with falling trend signals.,,,2026-01-14,,-3.36,-9.89,14277231233.55,1.19,1.48,1.5,False,False,"Stage 4, Stage 4 - Confirmed Downtrend, weekly_vcp_ok, downtrend",weekly_watchlist,22.1,24.6,1469.19,-19.21,"[13.39, 14.55, 7.07]","[9, 5, 4]",0.55,24.0,moderate,518
INOXWIND.NS,Inox Wind Limited,Capital Goods,Unknown,Unknown,True,F&O,1,Stage 4,Stage 4,Stage 4 - Confirmed Downtrend,Stage 4 - Confirmed Downtrend,Stage 4 • Stage 4 - Confirmed Downtrend,0.86,Price is below a bearish moving-average stack with falling trend signals.,,,,,-13.26,-15.51,887701957.9,0.82,0.83,0.73,True,True,"Stage 4, Stage 4 - Confirmed Downtrend, weekly_vcp_ok, volume_dryup, weekly_volume_dryup, downtrend",weekly_watchlist,22.1,24.6,108.46,-35.91,"[52.89, 25.42, 28.19]","[22, 5, 10]",0.55,44.0,moderate,519
BHARATRAS.NS,Bharat Rasayan Limited,Chemicals,Unknown,Unknown,False,Cash,1,Stage 4,Stage 4,Stage 4 - Confirmed Downtrend,Stage 4 - Confirmed Downtrend,Stage 4 • Stage 4 - Confirmed Downtrend,0.86,Price is below a bearish moving-average stack with falling trend signals.,,,2025-12-12,,-17.91,-26.01,23100941.1,1.57,1.7,2.48,False,False,"Stage 4, Stage 4 - Confirmed Downtrend, weekly_vcp_ok, downtrend",weekly_watchlist,22.1,24.6,1620.83,-38.06,"[57.83, 16.75, 19.24]","[16, 5, 8]",0.55,32.0,moderate,520
ROSSARI.NS,Rossari Biotech Limited,Chemicals,Unknown,Unknown,False,Cash,1,Stage 4,Stage 4,Stage 4 - Confirmed Downtrend,Stage 4 - Confirmed Downtrend,Stage 4 • Stage 4 - Confirmed Downtrend,0.86,Price is below a bearish moving-average stack with falling trend signals.,,,,,-14.42,-7.08,30766477.75,0.81,0.93,0.65,True,True,"Stage 4, Stage 4 - Confirmed Downtrend, weekly_vcp_ok, volume_dryup, weekly_volume_dryup, downtrend",weekly_watchlist,22.1,24.6,575.45,-27.37,"[38.0, 13.88, 15.22]","[9, 5, 4]",0.55,25.0,moderate,521
HBLENGINE.NS,HBL Engineering Ltd.,Capital Goods,Unknown,Unknown,False,Cash,1,Not Sure,Not Sure,Not Sure,Not Sure,Not Sure,0.0,Stage rules did not identify a reliable structure.,No confident stage classification.,,2026-06-26,,5.33,15.6,2125440971.81,1.69,0.56,1.85,False,False,"Not Sure, Not Sure",weekly_watchlist,22.09,24.59,773.08,2.77,[23.3],[10],0.0,10.0,weak,522
LLOYDSME.NS,Lloyds Metals And Energy Limited,Metals & Mining,Unknown,Unknown,False,Cash,1,Stage 2,Stage 2,Early Stage 2,Early Stage 2,Stage 2 • Early Stage 2,0.72,"Price has moved above long-term structure, but the full moving-average stack is not clean yet.",Stage 2 reclaimed after 3 confirmation runs.,,2026-09-29,,14.13,29.44,597044530.38,0.79,1.01,0.7,True,True,"Stage 2, Early Stage 2, volume_dryup, weekly_volume_dryup",weekly_watchlist,23.56,24.56,2128.72,-11.5,[15.67],[6],0.0,6.0,weak,523
GRANULES.NS,Granules India Limited,Healthcare,Unknown,Unknown,False,Cash,1,Stage 2,Stage 2,Early Stage 2,Early Stage 2,Stage 2 • Early Stage 2,0.72,"Price has moved above long-term structure, but the full moving-average stack is not clean yet.",,,2026-09-29,,6.11,31.5,1309913535.46,0.73,0.7,0.65,True,True,"Stage 2, Early Stage 2, daily_vcp_ok, volume_dryup, weekly_volume_dryup",weekly_watchlist,19.36,24.36,925.27,-8.51,[10.34],[3],0.0,3.0,weak,524
TMB.NS,Tamilnad Mercantile Bank Limited,Financial Services,Unknown,Unknown,False,Cash,1,Stage 2,Stage 2,Early Stage 2,Early Stage 2,Stage 2 • Early Stage 2,0.72,"Price has moved above long-term structure, but the full moving-average stack is not clean yet.",,,2026-09-29,,21.57,43.3,129292013.65,0.42,0.71,0.39,True,True,"Stage 2, Early Stage 2, volume_dryup, weekly_volume_dryup",weekly_watchlist,23.29,24.29,955.87,-8.85,[20.94],[4],0.0,4.0,weak,525
APOLLO.NS,Apollo Micro Systems Limited,Capital Goods,Unknown,Unknown,False,Cash,1,Stage 2 Failed,Stage 1,Failed Stage 2,Failed Stage 2,Stage 2 Failed • Failed Stage 2,0.72,"This stock was recently Stage 2, but the latest structure no longer satisfies Stage 2 rules. It is kept as Stage 2 Failed until a fresh base/repair structure forms.",Recent Stage 2 break; public stage held as Stage 2 Failed.,2026-09-30,2026-09-22,,2.05,102.57,3166481923.11,1.28,0.64,1.02,False,False,"Stage 1, Stage 1 - Unclear/Repair, stage1_not_actionable, stage1_needs_more_base | Stage 2 failed state applied from stage memory.",weekly_watchlist,21.6,24.1,428.44,-5.83,[16.31],[8],0.0,8.0,weak,526
BAJAJ-AUTO.NS,Bajaj Auto Limited,Automobile and Auto Components,Unknown,Unknown,True,F&O,1,Stage 2,Stage 2,Early Stage 2,Early Stage 2,Stage 2 • Early Stage 2,0.72,"Price has moved above long-term structure, but the full moving-average stack is not clean yet.",,,2026-09-29,,15.14,20.56,2222885208.1,0.84,1.47,0.92,True,False,"Stage 2, Early Stage 2, volume_dryup",weekly_watchlist,21.57,24.07,12491.82,-12.95,[11.62],[5],0.0,5.0,weak,527
JINDALSAW.NS,Jindal Saw Limited,Capital Goods,Unknown,Unknown,False,Cash,1,Stage 2,Stage 2,Early Stage 2,Early Stage 2,Stage 2 • Early Stage 2,0.72,"Price has moved above long-term structure, but the full moving-average stack is not clean yet.",,,2026-09-29,,13.71,45.51,473705920.25,0.6,0.44,0.51,True,True,"Stage 2, Early Stage 2, volume_dryup, weekly_volume_dryup",weekly_watchlist,21.52,24.02,320.56,-13.37,[11.63],[3],0.0,3.0,weak,528
SAREGAMA.NS,Saregama India Limited,"Media, Entertainment & Publication",Unknown,Unknown,False,Cash,1,Stage 2,Stage 2,Early Stage 2,Early Stage 2,Stage 2 • Early Stage 2,0.72,"Price has moved above long-term structure, but the full moving-average stack is not clean yet.",,,2026-09-29,,10.59,61.53,199716035.94,0.7,1.57,0.78,True,True,"Stage 2, Early Stage 2, daily_vcp_ok, volume_dryup, weekly_volume_dryup",weekly_watchlist,24.01,24.01,575.51,-11.98,[17.32],[4],0.0,4.0,weak,529
SOLARINDS.NS,Solar Industries India Limited,Chemicals,Unknown,Unknown,True,F&O,1,Stage 2,Stage 2,Early Stage 2,Early Stage 2,Stage 2 • Early Stage 2,0.72,"Price has moved above long-term structure, but the full moving-average stack is not clean yet.",,,2026-09-29,,13.13,45.74,5439162310.25,1.22,1.41,1.03,False,False,"Stage 2, Early Stage 2",weekly_watchlist,21.49,23.99,22739.72,-13.37,[10.82],[3],0.0,3.0,weak,530
SHAREINDIA.NS,Share India Securities Limited,Financial Services,Unknown,Unknown,False,Cash,1,Stage 2,Stage 2,Stage 2,Stage 2,Stage 2,0.76,Advancing structure detected.,,,2026-09-29,,56.84,54.41,1805627851.13,1.73,0.12,0.3,False,True,"Stage 2, Stage 2, trend_template_ok, weekly_volume_dryup",weekly_watchlist,22.4,23.4,233.76,-12.3,[16.16],[2],0.0,2.0,weak,531
AIIL.NS,Authum Investment & Infrastructure Ltd.,Financial Services,Unknown,Unknown,False,Cash,1,Stage 2,Stage 2,Early Stage 2,Early Stage 2,Stage 2 • Early Stage 2,0.72,"Price has moved above long-term structure, but the full moving-average stack is not clean yet.",,,2026-09-29,,11.46,31.3,258718532.22,0.45,0.29,0.34,True,True,"Stage 2, Early Stage 2, volume_dryup, weekly_volume_dryup",weekly_watchlist,22.28,23.28,608.76,-10.21,[17.23],[5],0.0,5.0,weak,532
CHOLAHLDNG.NS,Cholamandalam Financial Holdings Limited,Financial Services,Unknown,Unknown,False,Cash,1,Stage 4,Stage 4,Stage 4 - Confirmed Downtrend,Stage 4 - Confirmed Downtrend,Stage 4 • Stage 4 - Confirmed Downtrend,0.86,Price is below a bearish moving-average stack with falling trend signals.,,,2025-12-05,,-10.86,-1.96,255964307.22,1.49,1.74,1.88,False,False,"Stage 4, Stage 4 - Confirmed Downtrend, weekly_vcp_ok, downtrend",weekly_watchlist,22.1,23.1,1811.64,-23.48,"[33.59, 16.58, 18.6]","[11, 9, 6]",0.55,31.0,moderate,533
SIGNATURE.NS,Signatureglobal (India) Ltd.,Realty,Unknown,Unknown,False,Cash,1,Stage 4,Stage 4,Stage 4 - Confirmed Downtrend,Stage 4 - Confirmed Downtrend,Stage 4 • Stage 4 - Confirmed Downtrend,0.86,Price is below a bearish moving-average stack with falling trend signals.,,,,,2.77,-4.28,262712898.74,1.77,1.13,2.72,False,False,"Stage 4, Stage 4 - Confirmed Downtrend, weekly_vcp_ok, downtrend",weekly_watchlist,22.1,23.1,929.62,-21.78,"[32.82, 36.53, 21.34]","[5, 6, 7]",0.55,27.0,moderate,534
AXISBANK.NS,Axis Bank Limited,Financial Services,Unknown,Unknown,True,F&O,1,Stage 4,Stage 4,Stage 4 - Confirmed Downtrend,Stage 4 - Confirmed Downtrend,Stage 4 • Stage 4 - Confirmed Downtrend,0.86,Price is below a bearish moving-average stack with falling trend signals.,,,2026-07-17,,-1.61,-3.15,5790687131.16,1.05,1.35,1.24,False,False,"Stage 4, Stage 4 - Confirmed Downtrend, weekly_vcp_ok, downtrend",weekly_watchlist,22.1,23.1,1399.02,-12.37,"[18.9, 12.14, 13.61]","[8, 4, 7]",0.55,27.0,moderate,535
BAJAJHFL.NS,Bajaj Housing Finance Ltd.,Financial Services,Unknown,Unknown,False,Cash,1,Stage 4,Stage 4,Stage 4 - Confirmed Downtrend,Stage 4 - Confirmed Downtrend,Stage 4 • Stage 4 - Confirmed Downtrend,0.86,Price is below a bearish moving-average stack with falling trend signals.,,,,,-2.19,0.54,247749975.01,1.04,1.51,1.24,False,False,"Stage 4, Stage 4 - Confirmed Downtrend, weekly_vcp_ok, downtrend",weekly_watchlist,22.1,23.1,94.0,-12.77,"[23.34, 12.04, 13.07]","[8, 3, 9]",0.55,30.0,moderate,536
NETWEB.NS,Netweb Technologies India Limited,Information Technology,Unknown,Unknown,False,Cash,1,Stage 2,Stage 2,Early Stage 2,Early Stage 2,Stage 2 • Early Stage 2,0.72,"Price has moved above long-term structure, but the full moving-average stack is not clean yet.",,,2026-09-29,,9.96,39.16,5247736794.07,0.51,0.38,0.43,True,True,"Stage 2, Early Stage 2, volume_dryup, weekly_volume_dryup",weekly_watchlist,22.91,22.91,5823.17,-21.9,[21.53],[5],0.0,5.0,weak,537
IONEXCHANG.NS,ION Exchange (India) Limited,Construction,Unknown,Unknown,False,Cash,1,Stage 2 Failed,Stage 2,Failed Stage 2,Failed Stage 2,Stage 2 Failed • Failed Stage 2,0.7,Failed Stage 2 cooling period is still active; waiting for a fresh base or confirmed reclaim.,Failed Stage 2 hold period active.,,2026-09-28,,7.86,16.76,273467314.1,0.47,0.47,0.37,True,True,"Stage 2, Stage 2, volume_dryup, weekly_volume_dryup | Failed Stage 2 hold period active.",weekly_watchlist,22.86,22.86,461.81,-10.97,[25.52],[7],0.0,7.0,weak,538
MINDACORP.NS,Minda Corporation Limited,Automobile and Auto Components,Unknown,Unknown,False,Cash,1,Stage 2,Stage 2,Early Stage 2,Early Stage 2,Stage 2 • Early Stage 2,0.72,"Price has moved above long-term structure, but the full moving-average stack is not clean yet.",,,2026-09-29,,6.31,34.93,107303756.48,0.4,1.09,0.49,True,True,"Stage 2, Early Stage 2, volume_dryup, weekly_volume_dryup",weekly_watchlist,19.72,22.22,770.35,-10.06,[8.92],[3],0.0,3.0,weak,539
NTPCGREEN.NS,NTPC Green Energy Ltd.,Power,Unknown,Unknown,False,Cash,1,Stage 4,Stage 4,Stage 4 - Weak/Declining,Stage 4 - Weak/Declining,Stage 4 • Stage 4 - Weak/Declining,0.72,Price is below long-term support with weak trend evidence.,,,2026-06-05,,5.05,-4.75,258817977.44,0.78,1.33,0.58,True,True,"Stage 4, Stage 4 - Weak/Declining, weekly_vcp_ok, volume_dryup, weekly_volume_dryup, downtrend",weekly_watchlist,22.13,22.13,120.16,-22.3,"[16.89, 13.75, 14.54]","[6, 8, 20]",0.55,39.0,moderate,540
HATHWAY.NS,Hathway Cable & Datacom Limited,"Media, Entertainment & Publication",Unknown,Unknown,False,Cash,1,Stage 4,Stage 4,Stage 4 - Confirmed Downtrend,Stage 4 - Confirmed Downtrend,Stage 4 • Stage 4 - Confirmed Downtrend,0.86,Price is below a bearish moving-average stack with falling trend signals.,,,,,-8.45,-7.91,15143621.62,1.36,1.04,2.09,False,False,"Stage 4, Stage 4 - Confirmed Downtrend, weekly_vcp_ok, downtrend",weekly_watchlist,22.1,22.1,12.91,-26.82,"[27.3, 16.71, 18.46]","[7, 5, 5]",0.55,23.0,moderate,541
REDTAPE.NS,Redtape Limited,Consumer Durables,Unknown,Unknown,False,Cash,1,Stage 4,Stage 4,Stage 4 - Weak/Declining,Stage 4 - Weak/Declining,Stage 4 • Stage 4 - Weak/Declining,0.72,Price is below long-term support with weak trend evidence.,,,2026-08-07,,-6.42,3.41,265293360.78,0.52,0.13,0.55,True,True,"Stage 4, Stage 4 - Weak/Declining, weekly_vcp_ok, volume_dryup, weekly_volume_dryup, downtrend",weekly_watchlist,22.1,22.1,156.89,-25.04,"[20.23, 22.02, 20.16]","[2, 7, 9]",0.55,34.0,moderate,542
TORNTPHARM.NS,Torrent Pharmaceuticals Limited,Healthcare,Unknown,Unknown,True,F&O,1,Stage 2,Stage 2,Early Stage 2,Early Stage 2,Stage 2 • Early Stage 2,0.72,"Price has moved above long-term structure, but the full moving-average stack is not clean yet.",,,2026-09-29,,6.33,17.42,1660309931.53,0.99,1.25,1.08,False,False,"Stage 2, Early Stage 2",weekly_watchlist,16.78,21.78,5259.19,-8.73,[8.3],[2],0.0,2.0,weak,543
BBOX.NS,Black Box Limited,Information Technology,Unknown,Unknown,False,Cash,1,Stage 3,Stage 3,Stage 3 - Transition,Stage 3 - Transition,Stage 3 • Stage 3 - Transition,0.62,"The structure is transitioning after prior strength, but it is not yet a confirmed Stage 4 decline.",,,2026-07-21,,-11.9,69.59,528673007.01,1.42,2.18,1.73,False,False,"Stage 3, Stage 3 - Transition, distribution_risk",weekly_watchlist,21.77,21.77,842.83,-4.51,[35.62],[13],0.0,13.0,weak,544
GRASIM.NS,Grasim Industries Limited,Construction Materials,Unknown,Unknown,True,F&O,1,Stage 2,Stage 2,Early Stage 2,Early Stage 2,Stage 2 • Early Stage 2,0.72,"Price has moved above long-term structure, but the full moving-average stack is not clean yet.",,,2026-09-29,,2.39,15.89,2612292308.14,0.71,0.48,0.83,True,True,"Stage 2, Early Stage 2, volume_dryup, weekly_volume_dryup",weekly_watchlist,21.03,21.03,3411.1,-10.24,[16.0],[6],0.0,6.0,weak,545
SUPREMEIND.NS,Supreme Industries Limited,Capital Goods,Unknown,Unknown,True,F&O,1,Stage 1,Stage 1,Stage 1 - Base/Repair,Stage 1 - Base/Repair,Stage 1 • Stage 1 - Base/Repair,0.7,Price is near long-term moving averages with no strong long-term downtrend signal.,,,,,13.51,-9.17,530997747.07,0.88,0.78,0.71,False,True,"Stage 1, Stage 1 - Base/Repair, weekly_volume_dryup, stage1_not_actionable, stage1_needs_more_base",weekly_watchlist,18.43,20.93,3710.0,-6.98,[13.49],[26],0.0,26.0,weak,546
MAHABANK.NS,Bank of Maharashtra,Financial Services,Unknown,Unknown,False,Cash,1,Stage 2,Stage 2,Messy Stage 2,Messy Stage 2,Stage 2 • Messy Stage 2,0.64,"Long-term structure is still constructive, but the short-term/weekly structure is not clean.",,,2026-09-29,,-1.45,19.81,1277143339.72,1.01,1.25,1.18,False,False,"Stage 2, Messy Stage 2",weekly_watchlist,19.84,20.84,87.65,-9.45,[18.31],[5],0.0,5.0,weak,547
UJJIVANSFB.NS,Ujjivan Small Finance Bank Limited,Financial Services,Unknown,Unknown,False,Cash,1,Stage 2,Stage 2,Early Stage 2,Early Stage 2,Stage 2 • Early Stage 2,0.72,"Price has moved above long-term structure, but the full moving-average stack is not clean yet.",,,2026-09-29,,19.71,18.32,767387789.5,0.71,2.21,1.16,True,False,"Stage 2, Early Stage 2, volume_dryup",weekly_watchlist,19.4,20.4,74.07,-8.87,[20.56],[3],0.0,3.0,weak,548
VMART.NS,V-Mart Retail Limited,Consumer Services,Unknown,Unknown,False,Cash,1,Stage 2,Stage 2,Early Stage 2,Early Stage 2,Stage 2 • Early Stage 2,0.72,"Price has moved above long-term structure, but the full moving-average stack is not clean yet.",,,2026-09-29,,1.22,21.93,62607007.54,0.74,1.7,0.87,True,True,"Stage 2, Early Stage 2, volume_dryup, weekly_volume_dryup",weekly_watchlist,19.11,20.11,870.42,-13.41,[17.09],[4],0.0,4.0,weak,549
GULFOILLUB.NS,Gulf Oil Lubricants India Limited,"Oil, Gas & Consumable Fuels",Unknown,Unknown,False,Cash,1,Stage 2 Failed,Stage 1,Failed Stage 2,Failed Stage 2,Stage 2 Failed • Failed Stage 2,0.72,"This stock was recently Stage 2, but the latest structure no longer satisfies Stage 2 rules. It is kept as Stage 2 Failed until a fresh base/repair structure forms.",Recent Stage 2 break; public stage held as Stage 2 Failed.,2026-09-30,2026-09-28,,14.15,30.2,57223252.23,0.53,1.07,0.57,True,True,"Stage 1, Stage 1 - Early Turn, stage1_base_ready, volume_dryup, weekly_volume_dryup, stage1_not_actionable | Stage 2 failed state applied from stage memory.",weekly_watchlist,17.43,19.93,1199.32,-6.16,[15.61],[5],0.0,5.0,weak,550
HONASA.NS,Honasa Consumer Ltd.,Fast Moving Consumer Goods,Unknown,Unknown,False,Cash,1,Stage 2,Stage 2,Early Stage 2,Early Stage 2,Stage 2 • Early Stage 2,0.72,"Price has moved above long-term structure, but the full moving-average stack is not clean yet.",,,2026-09-29,,0.8,41.11,816966877.55,1.64,1.06,3.87,False,False,"Stage 2, Early Stage 2",weekly_watchlist,19.79,19.79,507.53,-15.01,[11.0],[3],0.0,3.0,weak,551
COALINDIA.NS,Coal India Limited,"Oil, Gas & Consumable Fuels",Unknown,Unknown,True,F&O,1,Stage 1,Stage 1,Stage 1 - Base/Repair,Stage 1 - Base/Repair,Stage 1 • Stage 1 - Base/Repair,0.7,Price is near long-term moving averages with no strong long-term downtrend signal.,,,2026-07-03,,7.67,-7.1,3315527821.26,0.8,0.79,0.68,True,True,"Stage 1, Stage 1 - Base/Repair, volume_dryup, weekly_volume_dryup, stage1_not_actionable, stage1_needs_more_base",weekly_watchlist,17.26,19.76,437.06,-2.76,[17.21],[11],0.0,11.0,weak,552
TATATECH.NS,Tata Technologies Ltd.,Information Technology,Unknown,Unknown,False,Cash,1,Stage 2,Stage 2,Early Stage 2,Early Stage 2,Stage 2 • Early Stage 2,0.72,"Price has moved above long-term structure, but the full moving-average stack is not clean yet.",,,2026-09-29,,6.23,29.66,640630132.28,0.61,0.92,0.54,True,True,"Stage 2, Early Stage 2, volume_dryup, weekly_volume_dryup",weekly_watchlist,19.19,19.19,892.56,-20.73,[14.33],[3],0.0,3.0,weak,553
NYKAA.NS,FSN E-Commerce Ventures Limited,Consumer Services,Unknown,Unknown,True,F&O,1,Stage 2,Stage 2,Early Stage 2,Early Stage 2,Stage 2 • Early Stage 2,0.72,"Price has moved above long-term structure, but the full moving-average stack is not clean yet.",,,2026-09-29,,8.87,27.77,1175818684.79,0.75,0.99,0.76,True,True,"Stage 2, Early Stage 2, volume_dryup, weekly_volume_dryup",weekly_watchlist,18.06,19.06,349.55,-8.45,[7.96],[2],0.0,2.0,weak,554
INDIGOPNTS.NS,Indigo Paints Limited,Consumer Durables,Unknown,Unknown,False,Cash,1,Stage 2 Failed,Not Sure,Failed Stage 2,Failed Stage 2,Stage 2 Failed • Failed Stage 2,0.72,"This stock was recently Stage 2, but the latest structure no longer satisfies Stage 2 rules. It is kept as Stage 2 Failed until a fresh base/repair structure forms.",Recent Stage 2 break; public stage held as Stage 2 Failed.,2026-09-30,2026-09-25,,8.36,41.99,59986636.05,0.41,0.58,0.43,True,True,"Not Sure, Not Sure, volume_dryup, weekly_volume_dryup | Stage 2 failed state applied from stage memory.",weekly_watchlist,18.24,18.24,1215.74,-10.26,[43.36],[11],0.0,11.0,weak,555
BLUEJET.NS,Blue Jet Healthcare Ltd.,Healthcare,Unknown,Unknown,False,Cash,1,Stage 2 Failed,Stage 3,Failed Stage 2,Failed Stage 2,Stage 2 Failed • Failed Stage 2,0.72,"This stock was recently Stage 2, but the latest structure no longer satisfies Stage 2 rules. It is kept as Stage 2 Failed until a fresh base/repair structure forms.",Recent Stage 2 break; public stage held as Stage 2 Failed.,2026-09-30,2026-09-25,,2.75,49.5,236554859.08,0.61,0.91,0.54,True,True,"Stage 3, Stage 3 - Transition, volume_dryup, weekly_volume_dryup, distribution_risk | Stage 2 failed state applied from stage memory.",weekly_watchlist,13.22,18.22,647.58,-16.91,[52.8],[21],0.0,21.0,weak,556
SIS.NS,SIS LIMITED,Services,Unknown,Unknown,False,Cash,1,Stage 3,Stage 3,Stage 3 - Distribution/Damage,Stage 3 - Distribution/Damage,Stage 3 • Stage 3 - Distribution/Damage,0.76,"Prior strength exists, but short-term and/or weekly structure is deteriorating.",,,2026-09-04,,5.16,43.7,173774766.24,1.52,0.92,2.42,False,False,"Stage 3, Stage 3 - Distribution/Damage, distribution_risk",weekly_watchlist,16.49,17.49,445.35,-5.89,[14.71],[8],0.0,8.0,weak,557
HIKAL.NS,Hikal Limited,Healthcare,Unknown,Unknown,False,Cash,1,Stage 2 Failed,Not Sure,Failed Stage 2,Failed Stage 2,Stage 2 Failed • Failed Stage 2,0.72,"This stock was recently Stage 2, but the latest structure no longer satisfies Stage 2 rules. It is kept as Stage 2 Failed until a fresh base/repair structure forms.",Recent Stage 2 break; public stage held as Stage 2 Failed.,2026-09-30,2026-09-23,,5.92,30.84,908867044.03,0.44,0.16,0.46,True,True,"Not Sure, Not Sure, volume_dryup, weekly_volume_dryup | Stage 2 failed state applied from stage memory.",weekly_watchlist,12.08,17.08,257.45,-15.37,[22.86],[7],0.0,7.0,weak,558
EXIDEIND.NS,Exide Industries Limited,Automobile and Auto Components,Unknown,Unknown,True,F&O,1,Stage 2 Failed,Stage 1,Failed Stage 2,Failed Stage 2,Stage 2 Failed • Failed Stage 2,0.72,"This stock was recently Stage 2, but the latest structure no longer satisfies Stage 2 rules. It is kept as Stage 2 Failed until a fresh base/repair structure forms.",Recent Stage 2 break; public stage held as Stage 2 Failed.,2026-09-30,2026-09-28,,6.04,38.18,847817258.76,0.6,1.28,0.55,True,True,"Stage 1, Stage 1 - Base/Repair, volume_dryup, weekly_volume_dryup, stage1_not_actionable, stage1_needs_more_base | Stage 2 failed state applied from stage memory.",weekly_watchlist,14.42,16.92,497.27,-17.03,[23.61],[12],0.0,12.0,weak,559
DELTACORP.NS,Delta Corp Limited,Consumer Services,Unknown,Unknown,False,Cash,1,Not Sure,Not Sure,Not Sure,Not Sure,Not Sure,0.0,Stage rules did not identify a reliable structure.,No confident stage classification.,,,,31.27,42.67,768903375.75,4.22,19.49,13.48,False,False,"Not Sure, Not Sure",weekly_watchlist,15.79,16.79,64.87,24.1,[32.52],[7],0.0,7.0,weak,560
RATEGAIN.NS,Rategain Travel Technologies Limited,Information Technology,Unknown,Unknown,False,Cash,1,Stage 2 Failed,Stage 1,Failed Stage 2,Failed Stage 2,Stage 2 Failed • Failed Stage 2,0.72,"This stock was recently Stage 2, but the latest structure no longer satisfies Stage 2 rules. It is kept as Stage 2 Failed until a fresh base/repair structure forms.",Recent Stage 2 break; public stage held as Stage 2 Failed.,2026-09-30,2026-09-21,,-3.0,66.56,245395719.14,0.6,1.14,0.49,True,True,"Stage 1, Stage 1 - Unclear/Repair, volume_dryup, weekly_volume_dryup, stage1_not_actionable, stage1_needs_more_base | Stage 2 failed state applied from stage memory.",weekly_watchlist,16.36,16.36,1051.84,-19.04,[38.97],[13],0.0,13.0,weak,561
TIMKEN.NS,Timken India Limited,Capital Goods,Unknown,Unknown,False,Cash,1,Stage 1,Stage 1,Stage 1 - Base/Repair,Stage 1 - Base/Repair,Stage 1 • Stage 1 - Base/Repair,0.7,Price is near long-term moving averages with no strong long-term downtrend signal.,,,2026-07-06,,0.58,-5.56,125151624.02,1.21,1.97,1.06,False,False,"Stage 1, Stage 1 - Base/Repair, stage1_not_actionable, stage1_needs_more_base",weekly_watchlist,13.6,16.1,3396.33,-7.67,[19.6],[8],0.0,8.0,weak,562
COHANCE.NS,Cohance Lifesciences Ltd.,Healthcare,Unknown,Unknown,False,Cash,1,Not Sure,Not Sure,Not Sure,Not Sure,Not Sure,0.0,Stage rules did not identify a reliable structure.,No confident stage classification.,,,,4.82,46.43,555650641.27,1.43,1.17,0.78,False,True,"Not Sure, Not Sure, weekly_volume_dryup",weekly_watchlist,9.93,14.93,484.85,-8.42,[15.48],[4],0.0,4.0,weak,563
NOCIL.NS,NOCIL Limited,Chemicals,Unknown,Unknown,False,Cash,1,Stage 2 Failed,Stage 1,Failed Stage 2,Failed Stage 2,Stage 2 Failed • Failed Stage 2,0.72,"This stock was recently Stage 2, but the latest structure no longer satisfies Stage 2 rules. It is kept as Stage 2 Failed until a fresh base/repair structure forms.",Recent Stage 2 break; public stage held as Stage 2 Failed.,2026-09-30,2026-09-28,,2.16,5.82,439464430.11,1.65,0.59,1.58,False,False,"Stage 1, Stage 1 - Base/Repair, stage1_not_actionable, stage1_needs_more_base | Stage 2 failed state applied from stage memory.",weekly_watchlist,12.2,14.7,202.61,-15.55,"[19.83, 21.62]","[5, 4]",0.1,11.0,weak,564
ASHOKA.NS,Ashoka Buildcon Limited,Construction,Unknown,Unknown,False,Cash,1,Stage 4,Stage 4,Stage 4 - Confirmed Downtrend,Stage 4 - Confirmed Downtrend,Stage 4 • Stage 4 - Confirmed Downtrend,0.86,Price is below a bearish moving-average stack with falling trend signals.,,,,,-10.92,-5.48,64563809.11,0.19,0.1,0.16,True,True,"Stage 4, Stage 4 - Confirmed Downtrend, volume_dryup, weekly_volume_dryup, downtrend",weekly_watchlist,14.27,14.27,167.25,-35.58,"[34.96, 39.51, 18.93, 20.79]","[11, 7, 5, 9]",0.47,41.0,weak,565
DCMSHRIRAM.NS,DCM Shriram Limited,Diversified,Unknown,Unknown,False,Cash,1,Stage 4,Stage 4,Stage 4 - Confirmed Downtrend,Stage 4 - Confirmed Downtrend,Stage 4 • Stage 4 - Confirmed Downtrend,0.86,Price is below a bearish moving-average stack with falling trend signals.,,,2026-01-05,,-2.88,-21.53,62475314.56,0.55,0.65,0.88,True,True,"Stage 4, Stage 4 - Confirmed Downtrend, volume_dryup, weekly_volume_dryup, downtrend",weekly_watchlist,14.27,14.27,1322.29,-30.76,"[20.26, 22.4, 25.65, 18.08]","[6, 5, 5, 2]",0.47,35.0,weak,566
INDUSINDBK.NS,IndusInd Bank Ltd.,Financial Services,Unknown,Unknown,True,F&O,1,Stage 2 Failed,Not Sure,Failed Stage 2,Failed Stage 2,Stage 2 Failed • Failed Stage 2,0.72,"This stock was recently Stage 2, but the latest structure no longer satisfies Stage 2 rules. It is kept as Stage 2 Failed until a fresh base/repair structure forms.",Recent Stage 2 break; public stage held as Stage 2 Failed.,2026-09-30,2026-09-23,,-3.93,13.75,2022608441.33,1.67,1.35,1.61,False,False,"Not Sure, Not Sure | Stage 2 failed state applied from stage memory.",weekly_watchlist,12.98,13.98,1079.74,-16.52,[21.98],[10],0.0,10.0,weak,567
COFORGE.NS,Coforge Limited,Information Technology,Unknown,Unknown,True,F&O,1,Stage 2 Failed,Not Sure,Failed Stage 2,Failed Stage 2,Stage 2 Failed • Failed Stage 2,0.72,"This stock was recently Stage 2, but the latest structure no longer satisfies Stage 2 rules. It is kept as Stage 2 Failed until a fresh base/repair structure forms.",Recent Stage 2 break; public stage held as Stage 2 Failed.,2026-09-30,2026-09-25,,25.11,41.17,4256966433.42,0.61,1.34,0.6,True,True,"Not Sure, Not Sure, volume_dryup, weekly_volume_dryup | Stage 2 failed state applied from stage memory.",weekly_watchlist,13.83,13.83,2024.74,-13.61,[42.69],[6],0.0,6.0,weak,568
SUNTV.NS,Sun TV Network Limited,"Media, Entertainment & Publication",Unknown,Unknown,False,Cash,1,Not Sure,Not Sure,Not Sure,Not Sure,Not Sure,0.0,Stage rules did not identify a reliable structure.,No confident stage classification.,,2026-05-08,,25.95,2.32,1592324164.33,3.6,40.03,14.09,False,False,"Not Sure, Not Sure",weekly_watchlist,13.63,13.63,515.38,17.39,[25.94],[9],0.0,9.0,weak,569
ESABINDIA.NS,Esab India Limited,Capital Goods,Unknown,Unknown,False,Cash,1,Stage 2 Failed,Stage 1,Failed Stage 2,Failed Stage 2,Stage 2 Failed • Failed Stage 2,0.72,"This stock was recently Stage 2, but the latest structure no longer satisfies Stage 2 rules. It is kept as Stage 2 Failed until a fresh base/repair structure forms.",Recent Stage 2 break; public stage held as Stage 2 Failed.,2026-09-30,2026-09-14,,3.98,5.78,21187788.73,0.55,0.25,0.38,True,True,"Stage 1, Stage 1 - Base/Repair, volume_dryup, weekly_volume_dryup, stage1_not_actionable, stage1_needs_more_base | Stage 2 failed state applied from stage memory.",weekly_watchlist,10.98,13.48,6482.32,-14.69,[24.24],[12],0.0,12.0,weak,570
TATASTEEL.NS,Tata Steel Limited,Metals & Mining,Unknown,Unknown,True,F&O,1,Stage 1,Stage 1,Stage 1 - Base/Repair,Stage 1 - Base/Repair,Stage 1 • Stage 1 - Base/Repair,0.7,Price is near long-term moving averages with no strong long-term downtrend signal.,,,2026-06-04,,3.36,-6.36,4656942593.51,0.93,1.2,0.87,False,True,"Stage 1, Stage 1 - Base/Repair, weekly_volume_dryup, stage1_not_actionable, stage1_needs_more_base",weekly_watchlist,12.2,13.2,220.25,-16.32,"[16.26, 18.13]","[3, 13]",0.1,24.0,weak,571
ELECON.NS,Elecon Engineering Company Limited,Capital Goods,Unknown,Unknown,False,Cash,1,Stage 3,Stage 3,Stage 3 - Transition,Stage 3 - Transition,Stage 3 • Stage 3 - Transition,0.62,"The structure is transitioning after prior strength, but it is not yet a confirmed Stage 4 decline.",,,2026-07-06,,-6.24,15.96,1215918245.39,3.3,0.44,1.98,False,False,"Stage 3, Stage 3 - Transition, distribution_risk",weekly_watchlist,10.17,12.67,460.1,0.37,[28.32],[6],0.0,6.0,weak,572
DRREDDY.NS,Dr. Reddy's Laboratories Limited,Healthcare,Unknown,Unknown,True,F&O,1,Stage 4,Stage 4,Stage 4 - Weak/Declining,Stage 4 - Weak/Declining,Stage 4 • Stage 4 - Weak/Declining,0.72,Price is below long-term support with weak trend evidence.,,,2026-07-08,,-2.49,2.44,2174732086.46,1.45,2.61,1.79,False,False,"Stage 4, Stage 4 - Weak/Declining, downtrend",weekly_watchlist,7.6,12.6,1210.21,1.88,[17.73],[8],0.0,8.0,weak,573
GUJALKALI.NS,Gujarat Alkalies and Chemicals Limited,Chemicals,Unknown,Unknown,False,Cash,1,Stage 2 Failed,Stage 1,Failed Stage 2,Failed Stage 2,Stage 2 Failed • Failed Stage 2,0.72,"This stock was recently Stage 2, but the latest structure no longer satisfies Stage 2 rules. It is kept as Stage 2 Failed until a fresh base/repair structure forms.",Recent Stage 2 break; public stage held as Stage 2 Failed.,2026-09-30,2026-09-25,,11.69,8.37,74875454.41,0.77,0.44,0.63,True,True,"Stage 1, Stage 1 - Base/Repair, volume_dryup, weekly_volume_dryup, stage1_not_actionable, stage1_needs_more_base | Stage 2 failed state applied from stage memory.",weekly_watchlist,10.01,12.51,741.33,-16.52,[29.07],[10],0.0,10.0,weak,574
BANDHANBNK.NS,Bandhan Bank Limited,Financial Services,Unknown,Unknown,True,F&O,1,Stage 1,Stage 1,Stage 1 - Base/Repair,Stage 1 - Base/Repair,Stage 1 • Stage 1 - Base/Repair,0.7,Price is near long-term moving averages with no strong long-term downtrend signal.,,,2026-07-21,,-6.52,19.25,2391766797.68,1.47,1.21,0.86,False,True,"Stage 1, Stage 1 - Base/Repair, weekly_volume_dryup, stage1_not_actionable, stage1_needs_more_base",weekly_watchlist,11.27,12.27,218.86,-18.57,[24.47],[17],0.0,17.0,weak,575
ADANIENT.NS,Adani Enterprises Limited,Metals & Mining,Unknown,Unknown,True,F&O,1,Stage 2 Failed,Stage 1,Failed Stage 2,Failed Stage 2,Stage 2 Failed • Failed Stage 2,0.72,"This stock was recently Stage 2, but the latest structure no longer satisfies Stage 2 rules. It is kept as Stage 2 Failed until a fresh base/repair structure forms.",Recent Stage 2 break; public stage held as Stage 2 Failed.,2026-09-30,2026-09-09,,-2.66,53.04,4261762103.48,0.86,0.91,1.18,False,False,"Stage 1, Stage 1 - Base/Repair, stage1_not_actionable, stage1_needs_more_base | Stage 2 failed state applied from stage memory.",weekly_watchlist,10.64,11.64,3179.25,-8.68,[12.77],[8],0.0,8.0,weak,576
PIDILITIND.NS,Pidilite Industries Limited,Chemicals,Unknown,Unknown,True,F&O,1,Stage 2 Failed,Not Sure,Failed Stage 2,Failed Stage 2,Stage 2 Failed • Failed Stage 2,0.72,"This stock was recently Stage 2, but the latest structure no longer satisfies Stage 2 rules. It is kept as Stage 2 Failed until a fresh base/repair structure forms.",Recent Stage 2 break; public stage held as Stage 2 Failed.,2026-09-30,2026-09-23,,-1.94,12.65,912682541.5,0.81,1.45,0.96,True,False,"Not Sure, Not Sure, volume_dryup | Stage 2 failed state applied from stage memory.",weekly_watchlist,8.27,10.77,1707.5,-14.2,[17.44],[6],0.0,6.0,weak,577
ECLERX.NS,eClerx Services Limited,Services,Unknown,Unknown,False,Cash,1,Stage 2 Failed,Not Sure,Failed Stage 2,Failed Stage 2,Stage 2 Failed • Failed Stage 2,0.72,"This stock was recently Stage 2, but the latest structure no longer satisfies Stage 2 rules. It is kept as Stage 2 Failed until a fresh base/repair structure forms.",Recent Stage 2 break; public stage held as Stage 2 Failed.,2026-09-30,2026-09-23,,28.33,20.49,290402529.91,0.74,0.88,0.65,True,True,"Not Sure, Not Sure, volume_dryup, weekly_volume_dryup | Stage 2 failed state applied from stage memory.",weekly_watchlist,9.68,10.68,2065.61,-11.9,[14.42],[4],0.0,4.0,weak,578
NSLNISP.NS,NMDC Steel Limited,Metals & Mining,Unknown,Unknown,False,Cash,1,Stage 2 Failed,Stage 1,Failed Stage 2,Failed Stage 2,Stage 2 Failed • Failed Stage 2,0.72,"This stock was recently Stage 2, but the latest structure no longer satisfies Stage 2 rules. It is kept as Stage 2 Failed until a fresh base/repair structure forms.",Recent Stage 2 break; public stage held as Stage 2 Failed.,2026-09-30,2026-09-23,,0.73,3.53,187105553.53,0.63,0.46,0.65,True,True,"Stage 1, Stage 1 - Base/Repair, volume_dryup, weekly_volume_dryup, stage1_not_actionable, stage1_needs_more_base | Stage 2 failed state applied from stage memory.",weekly_watchlist,9.63,10.63,49.49,-16.5,[26.88],[11],0.0,11.0,weak,579
BAJAJCON.NS,Bajaj Consumer Care Limited,Fast Moving Consumer Goods,Unknown,Unknown,False,Cash,1,Stage 3,Stage 3,Stage 3 - Distribution/Damage,Stage 3 - Distribution/Damage,Stage 3 • Stage 3 - Distribution/Damage,0.76,"Prior strength exists, but short-term and/or weekly structure is deteriorating.",,,2026-08-07,,-13.23,26.44,364490109.45,0.74,0.31,0.68,True,True,"Stage 3, Stage 3 - Distribution/Damage, volume_dryup, weekly_volume_dryup, distribution_risk",weekly_watchlist,10.52,10.52,533.93,-7.19,[35.28],[6],0.0,6.0,weak,580
ABB.NS,ABB India Limited,Capital Goods,Unknown,Unknown,True,F&O,1,Stage 2 Failed,Stage 1,Failed Stage 2,Failed Stage 2,Stage 2 Failed • Failed Stage 2,0.72,"This stock was recently Stage 2, but the latest structure no longer satisfies Stage 2 rules. It is kept as Stage 2 Failed until a fresh base/repair structure forms.",Recent Stage 2 break; public stage held as Stage 2 Failed.,2026-09-30,2026-09-28,,3.73,8.51,1218199531.55,0.84,1.35,0.76,True,True,"Stage 1, Stage 1 - Base/Repair, volume_dryup, weekly_volume_dryup, stage1_not_actionable, stage1_needs_more_base | Stage 2 failed state applied from stage memory.",weekly_watchlist,8.02,10.52,7842.35,-13.6,[5.45],[9],0.0,9.0,weak,581
TATACOMM.NS,Tata Communications Limited,Telecommunication,Unknown,Unknown,False,Cash,1,Stage 2 Failed,Stage 4,Failed Stage 2,Failed Stage 2,Stage 2 Failed • Failed Stage 2,0.72,"This stock was recently Stage 2, but the latest structure no longer satisfies Stage 2 rules. It is kept as Stage 2 Failed until a fresh base/repair structure forms.",Recent Stage 2 break; public stage held as Stage 2 Failed.,2026-09-30,2026-09-18,,-5.66,18.22,372661327.34,0.86,0.57,0.53,False,True,"Stage 4, Stage 4 - Weak/Declining, weekly_volume_dryup, downtrend | Stage 2 failed state applied from stage memory.",weekly_watchlist,5.26,10.26,2113.69,-21.64,[19.26],[13],0.0,13.0,weak,582
SPARC.NS,Sun Pharma Advanced Research Company Limited,Healthcare,Unknown,Unknown,False,Cash,1,Stage 3,Stage 3,Stage 3 - Distribution/Damage,Stage 3 - Distribution/Damage,Stage 3 • Stage 3 - Distribution/Damage,0.76,"Prior strength exists, but short-term and/or weekly structure is deteriorating.",,,2026-08-07,,-17.85,54.74,191256964.39,1.25,1.43,1.46,False,False,"Stage 3, Stage 3 - Distribution/Damage, distribution_risk",weekly_watchlist,4.89,9.89,223.19,-11.65,[33.61],[6],0.0,6.0,weak,583
MEDPLUS.NS,Medplus Health Services Limited,Consumer Services,Unknown,Unknown,False,Cash,1,Stage 4,Stage 4,Stage 4 - Confirmed Downtrend,Stage 4 - Confirmed Downtrend,Stage 4 • Stage 4 - Confirmed Downtrend,0.86,Price is below a bearish moving-average stack with falling trend signals.,,,2026-06-05,,-13.54,-22.69,65376406.22,0.48,0.47,0.39,True,True,"Stage 4, Stage 4 - Confirmed Downtrend, volume_dryup, weekly_volume_dryup, downtrend",weekly_watchlist,8.8,9.8,696.22,-5.93,[36.12],[9],0.0,9.0,weak,584
NIVABUPA.NS,Niva Bupa Health Insurance Company Ltd.,Financial Services,Unknown,Unknown,False,Cash,1,Not Sure,Not Sure,Not Sure,Not Sure,Not Sure,0.0,Stage rules did not identify a reliable structure.,No confident stage classification.,,2026-08-25,,-5.87,0.92,99457658.01,1.53,3.77,2.97,False,False,"Not Sure, Not Sure",weekly_watchlist,8.4,9.4,91.56,-18.29,[16.16],[7],0.0,7.0,weak,585
ENRIN.NS,Siemens Energy India Ltd.,Capital Goods,Unknown,Unknown,False,Cash,1,Stage 3,Stage 3,Stage 3 - Distribution/Damage,Stage 3 - Distribution/Damage,Stage 3 • Stage 3 - Distribution/Damage,0.76,"Prior strength exists, but short-term and/or weekly structure is deteriorating.",,,,,0.36,20.42,1188210856.92,0.73,1.71,0.79,True,True,"Stage 3, Stage 3 - Distribution/Damage, volume_dryup, weekly_volume_dryup, distribution_risk",weekly_watchlist,6.88,9.38,3741.54,-14.47,[22.51],[9],0.0,9.0,weak,586
SARDAEN.NS,Sarda Energy & Minerals Limited,Metals & Mining,Unknown,Unknown,False,Cash,1,Stage 1,Stage 1,Stage 1 - Base/Repair,Stage 1 - Base/Repair,Stage 1 • Stage 1 - Base/Repair,0.7,Price is near long-term moving averages with no strong long-term downtrend signal.,,,2026-03-12,,5.07,-6.2,326475371.95,0.36,0.42,0.33,True,True,"Stage 1, Stage 1 - Base/Repair, volume_dryup, weekly_volume_dryup, stage1_not_actionable, stage1_needs_more_base",weekly_watchlist,8.0,9.0,555.97,-10.55,[21.63],[10],0.0,10.0,weak,587
VTL.NS,Vardhman Textiles Limited,Textiles,Unknown,Unknown,False,Cash,1,Stage 4,Stage 4,Stage 4 - Weak/Declining,Stage 4 - Weak/Declining,Stage 4 • Stage 4 - Weak/Declining,0.72,Price is below long-term support with weak trend evidence.,,,2026-08-14,,-11.74,-2.76,204067174.89,0.57,0.52,0.91,True,False,"Stage 4, Stage 4 - Weak/Declining, volume_dryup, downtrend",weekly_watchlist,4.0,9.0,683.41,-21.77,[10.97],[13],0.0,13.0,weak,588
FDC.NS,FDC Limited,Healthcare,Unknown,Unknown,False,Cash,1,Stage 4,Stage 4,Stage 4 - Confirmed Downtrend,Stage 4 - Confirmed Downtrend,Stage 4 • Stage 4 - Confirmed Downtrend,0.86,Price is below a bearish moving-average stack with falling trend signals.,,,2026-07-31,,-14.35,-0.55,48512387.62,0.61,0.73,0.62,True,True,"Stage 4, Stage 4 - Confirmed Downtrend, volume_dryup, weekly_volume_dryup, downtrend",weekly_watchlist,4.0,9.0,442.77,-23.35,[25.18],[14],0.0,14.0,weak,589
KPRMILL.NS,K.P.R. Mill Ltd.,Textiles,Unknown,Unknown,False,Cash,1,Stage 2 Failed,Stage 1,Failed Stage 2,Failed Stage 2,Stage 2 Failed • Failed Stage 2,0.72,"This stock was recently Stage 2, but the latest structure no longer satisfies Stage 2 rules. It is kept as Stage 2 Failed until a fresh base/repair structure forms.",Recent Stage 2 break; public stage held as Stage 2 Failed.,2026-09-30,2026-09-24,,0.15,30.21,222717127.46,0.66,0.77,0.49,True,True,"Stage 1, Stage 1 - Base/Repair, volume_dryup, weekly_volume_dryup, stage1_not_actionable, stage1_needs_more_base | Stage 2 failed state applied from stage memory.",weekly_watchlist,3.84,8.84,1200.0,-8.06,[23.75],[4],0.0,4.0,weak,590
SUMICHEM.NS,Sumitomo Chemical India Limited,Chemicals,Unknown,Unknown,False,Cash,1,Stage 2 Failed,Stage 1,Failed Stage 2,Failed Stage 2,Stage 2 Failed • Failed Stage 2,0.72,"This stock was recently Stage 2, but the latest structure no longer satisfies Stage 2 rules. It is kept as Stage 2 Failed until a fresh base/repair structure forms.",Recent Stage 2 break; public stage held as Stage 2 Failed.,2026-09-30,2026-09-23,,-3.48,9.14,128747364.11,0.8,1.13,0.49,True,True,"Stage 1, Stage 1 - Base/Repair, volume_dryup, weekly_volume_dryup, stage1_not_actionable, stage1_needs_more_base | Stage 2 failed state applied from stage memory.",weekly_watchlist,6.17,8.67,573.05,-24.4,[20.01],[8],0.0,8.0,weak,591
GENUSPOWER.NS,Genus Power Infrastructures Limited,Capital Goods,Unknown,Unknown,False,Cash,1,Stage 2 Failed,Stage 1,Failed Stage 2,Failed Stage 2,Stage 2 Failed • Failed Stage 2,0.72,"This stock was recently Stage 2, but the latest structure no longer satisfies Stage 2 rules. It is kept as Stage 2 Failed until a fresh base/repair structure forms.",Recent Stage 2 break; public stage held as Stage 2 Failed.,2026-09-30,2026-09-25,,-2.27,19.04,509312797.53,0.73,0.82,0.84,True,True,"Stage 1, Stage 1 - Base/Repair, volume_dryup, weekly_volume_dryup, stage1_not_actionable, stage1_needs_more_base | Stage 2 failed state applied from stage memory.",weekly_watchlist,6.08,8.58,353.53,-18.35,[16.12],[7],0.0,7.0,weak,592
POWERMECH.NS,Power Mech Projects Limited,Construction,Unknown,Unknown,False,Cash,1,Stage 3,Stage 3,Stage 3 - Transition,Stage 3 - Transition,Stage 3 • Stage 3 - Transition,0.62,"The structure is transitioning after prior strength, but it is not yet a confirmed Stage 4 decline.",,,2026-07-29,,0.04,26.63,152688114.19,1.07,5.89,1.79,False,False,"Stage 3, Stage 3 - Transition, distribution_risk",weekly_watchlist,8.27,8.27,2603.04,-4.32,[16.53],[3],0.0,3.0,weak,593
HCG.NS,Healthcare Global Enterprises Limited,Healthcare,Unknown,Unknown,False,Cash,1,Stage 2 Failed,Stage 3,Failed Stage 2,Failed Stage 2,Stage 2 Failed • Failed Stage 2,0.72,"This stock was recently Stage 2, but the latest structure no longer satisfies Stage 2 rules. It is kept as Stage 2 Failed until a fresh base/repair structure forms.",Recent Stage 2 break; public stage held as Stage 2 Failed.,2026-09-30,2026-09-22,,8.86,23.72,91863477.98,0.86,1.51,0.59,False,True,"Stage 3, Stage 3 - Transition, weekly_volume_dryup, distribution_risk | Stage 2 failed state applied from stage memory.",weekly_watchlist,3.26,8.26,776.36,-14.21,[11.05],[5],0.0,5.0,weak,594
OLAELEC.NS,Ola Electric Mobility Ltd.,Automobile and Auto Components,Unknown,Unknown,False,Cash,1,Stage 1,Stage 1,Stage 1 - Unclear/Repair,Stage 1 - Unclear/Repair,Stage 1 • Stage 1 - Unclear/Repair,0.58,Not enough evidence for Stage 2 or Stage 4; classified as repair/unclear structure.,,,,,-6.1,26.77,3822889975.64,2.04,0.69,2.48,False,False,"Stage 1, Stage 1 - Unclear/Repair, stage1_not_actionable, stage1_needs_more_base",weekly_watchlist,5.27,7.77,42.6,-13.33,[26.28],[6],0.0,6.0,weak,595
PATANJALI.NS,Patanjali Foods Ltd.,Fast Moving Consumer Goods,Unknown,Unknown,True,F&O,1,Stage 4,Stage 4,Stage 4 - Weak/Declining,Stage 4 - Weak/Declining,Stage 4 • Stage 4 - Weak/Declining,0.72,Price is below long-term support with weak trend evidence.,,,,,-5.26,-22.95,1977879513.18,1.36,0.32,0.58,False,True,"Stage 4, Stage 4 - Weak/Declining, weekly_volume_dryup, downtrend",weekly_watchlist,7.6,7.6,363.85,-0.23,[31.29],[8],0.0,8.0,weak,596
JUSTDIAL.NS,Just Dial Limited,Consumer Services,Unknown,Unknown,False,Cash,1,Stage 2 Failed,Stage 3,Failed Stage 2,Failed Stage 2,Stage 2 Failed • Failed Stage 2,0.72,"This stock was recently Stage 2, but the latest structure no longer satisfies Stage 2 rules. It is kept as Stage 2 Failed until a fresh base/repair structure forms.",Recent Stage 2 break; public stage held as Stage 2 Failed.,2026-09-30,2026-09-23,,28.49,24.17,81197507.43,0.39,0.61,0.24,True,True,"Stage 3, Stage 3 - Transition, volume_dryup, weekly_volume_dryup, distribution_risk | Stage 2 failed state applied from stage memory.",weekly_watchlist,6.47,7.47,735.28,-9.4,[23.98],[6],0.0,6.0,weak,597
IEX.NS,Indian Energy Exchange Limited,Financial Services,Unknown,Unknown,True,F&O,1,Stage 4,Stage 4,Stage 4 - Confirmed Downtrend,Stage 4 - Confirmed Downtrend,Stage 4 • Stage 4 - Confirmed Downtrend,0.86,Price is below a bearish moving-average stack with falling trend signals.,,,,,-6.69,-15.69,412678137.41,0.72,1.19,0.87,True,True,"Stage 4, Stage 4 - Confirmed Downtrend, volume_dryup, weekly_volume_dryup, downtrend",weekly_watchlist,6.2,7.2,135.0,-20.74,"[12.32, 13.27]","[5, 8]",0.1,15.0,weak,598
SANGHVIMOV.NS,Sanghvi Movers Limited,Capital Goods,Unknown,Unknown,False,Cash,1,Stage 2 Failed,Stage 3,Failed Stage 2,Failed Stage 2,Stage 2 Failed • Failed Stage 2,0.72,"This stock was recently Stage 2, but the latest structure no longer satisfies Stage 2 rules. It is kept as Stage 2 Failed until a fresh base/repair structure forms.",Recent Stage 2 break; public stage held as Stage 2 Failed.,2026-09-30,2026-09-18,,6.73,63.0,102025188.83,0.57,0.7,0.63,True,True,"Stage 3, Stage 3 - Transition, volume_dryup, weekly_volume_dryup, distribution_risk | Stage 2 failed state applied from stage memory.",weekly_watchlist,4.57,7.07,526.79,-13.59,[16.82],[3],0.0,3.0,weak,599
ADANIGREEN.NS,Adani Green Energy Limited,Power,Unknown,Unknown,True,F&O,1,Stage 1,Stage 1,Stage 1 - Base/Repair,Stage 1 - Base/Repair,Stage 1 • Stage 1 - Base/Repair,0.7,Price is near long-term moving averages with no strong long-term downtrend signal.,,,2026-08-28,,-10.71,36.82,1468465256.51,0.8,1.05,0.96,True,False,"Stage 1, Stage 1 - Base/Repair, volume_dryup, stage1_not_actionable, stage1_needs_more_base",weekly_watchlist,7.01,7.01,1429.5,-10.6,[25.53],[7],0.0,7.0,weak,600
IFCI.NS,IFCI Limited,Financial Services,Unknown,Unknown,False,Cash,1,Stage 2 Failed,Stage 1,Failed Stage 2,Failed Stage 2,Stage 2 Failed • Failed Stage 2,0.72,"This stock was recently Stage 2, but the latest structure no longer satisfies Stage 2 rules. It is kept as Stage 2 Failed until a fresh base/repair structure forms.",Recent Stage 2 break; public stage held as Stage 2 Failed.,2026-09-30,2026-09-23,,-1.65,29.17,9684094039.57,0.91,0.25,0.6,False,True,"Stage 1, Stage 1 - Base/Repair, weekly_volume_dryup, stage1_not_actionable, stage1_needs_more_base | Stage 2 failed state applied from stage memory.",weekly_watchlist,5.95,6.95,107.69,-36.14,[28.86],[6],0.0,6.0,weak,601
KIRLOSIND.NS,Kirloskar Industries Limited,Capital Goods,Unknown,Unknown,False,Cash,1,Stage 2 Failed,Stage 3,Failed Stage 2,Failed Stage 2,Stage 2 Failed • Failed Stage 2,0.72,"This stock was recently Stage 2, but the latest structure no longer satisfies Stage 2 rules. It is kept as Stage 2 Failed until a fresh base/repair structure forms.",Recent Stage 2 break; public stage held as Stage 2 Failed.,2026-09-30,2026-09-14,,-4.85,24.84,149680529.78,0.35,0.15,0.24,True,True,"Stage 3, Stage 3 - Distribution/Damage, volume_dryup, weekly_volume_dryup, distribution_risk | Stage 2 failed state applied from stage memory.",weekly_watchlist,4.4,6.9,4061.49,-12.08,[22.13],[7],0.0,7.0,weak,602
ADANIPOWER.NS,Adani Power Limited,Power,Unknown,Unknown,True,F&O,1,Stage 3,Stage 3,Stage 3 - Distribution/Damage,Stage 3 - Distribution/Damage,Stage 3 • Stage 3 - Distribution/Damage,0.76,"Prior strength exists, but short-term and/or weekly structure is deteriorating.",,,2026-08-03,,-0.41,23.58,3357002830.27,1.0,1.09,1.22,False,False,"Stage 3, Stage 3 - Distribution/Damage, distribution_risk",weekly_watchlist,6.72,6.72,217.4,-6.16,[15.5],[2],0.0,2.0,weak,603
GPIL.NS,Godawari Power And Ispat limited,Capital Goods,Unknown,Unknown,False,Cash,1,Stage 4,Stage 4,Stage 4 - Weak/Declining,Stage 4 - Weak/Declining,Stage 4 • Stage 4 - Weak/Declining,0.72,Price is below long-term support with weak trend evidence.,,,2026-06-05,,-6.36,-22.92,319000902.89,0.75,0.68,0.65,True,True,"Stage 4, Stage 4 - Weak/Declining, volume_dryup, weekly_volume_dryup, downtrend",weekly_watchlist,4.0,6.5,256.0,-13.15,[28.65],[12],0.0,12.0,weak,604
CHEMPLASTS.NS,Chemplast Sanmar Limited,Chemicals,Unknown,Unknown,False,Cash,1,Stage 4,Stage 4,Stage 4 - Weak/Declining,Stage 4 - Weak/Declining,Stage 4 • Stage 4 - Weak/Declining,0.72,Price is below long-term support with weak trend evidence.,,,,,-3.51,-27.85,302343232.39,1.24,0.24,0.34,False,True,"Stage 4, Stage 4 - Weak/Declining, weekly_volume_dryup, downtrend",weekly_watchlist,4.0,6.5,219.08,-15.14,[32.67],[21],0.0,21.0,weak,605
ACI.NS,Archean Chemical Industries Limited,Chemicals,Unknown,Unknown,False,Cash,1,Stage 4,Stage 4,Stage 4 - Confirmed Downtrend,Stage 4 - Confirmed Downtrend,Stage 4 • Stage 4 - Confirmed Downtrend,0.86,Price is below a bearish moving-average stack with falling trend signals.,,,,,-1.51,-16.36,164066452.77,0.83,0.55,0.8,True,True,"Stage 4, Stage 4 - Confirmed Downtrend, volume_dryup, weekly_volume_dryup, downtrend",weekly_watchlist,4.0,6.5,637.91,-23.84,[11.72],[19],0.0,19.0,weak,606
CIEINDIA.NS,CIE Automotive India Limited,Automobile and Auto Components,Unknown,Unknown,False,Cash,1,Stage 4,Stage 4,Stage 4 - Weak/Declining,Stage 4 - Weak/Declining,Stage 4 • Stage 4 - Weak/Declining,0.72,Price is below long-term support with weak trend evidence.,,,2026-07-22,,-10.89,-17.5,95840846.57,0.62,1.16,0.45,True,True,"Stage 4, Stage 4 - Weak/Declining, volume_dryup, weekly_volume_dryup, downtrend",weekly_watchlist,4.0,6.5,504.88,-23.49,[9.6],[29],0.0,29.0,weak,607
WAAREEENER.NS,Waaree Energies Ltd.,Capital Goods,Unknown,Unknown,True,F&O,1,Stage 4,Stage 4,Stage 4 - Weak/Declining,Stage 4 - Weak/Declining,Stage 4 • Stage 4 - Weak/Declining,0.72,Price is below long-term support with weak trend evidence.,,,,,-10.58,-24.24,1443617098.26,0.98,0.73,0.8,False,True,"Stage 4, Stage 4 - Weak/Declining, weekly_volume_dryup, downtrend",weekly_watchlist,4.0,6.5,3160.84,-24.88,[28.0],[14],0.0,14.0,weak,608
VAIBHAVGBL.NS,Vaibhav Global Limited,Consumer Durables,Unknown,Unknown,False,Cash,1,Stage 4,Stage 4,Stage 4 - Weak/Declining,Stage 4 - Weak/Declining,Stage 4 • Stage 4 - Weak/Declining,0.72,Price is below long-term support with weak trend evidence.,,,2026-08-13,,-6.12,8.58,43336816.85,0.57,0.85,0.6,True,True,"Stage 4, Stage 4 - Weak/Declining, volume_dryup, weekly_volume_dryup, downtrend",weekly_watchlist,6.45,6.45,281.01,-27.29,"[30.81, 35.05]","[12, 8]",0.1,22.0,weak,609
IFBIND.NS,IFB Industries Limited,Consumer Durables,Unknown,Unknown,False,Cash,1,Stage 4,Stage 4,Stage 4 - Weak/Declining,Stage 4 - Weak/Declining,Stage 4 • Stage 4 - Weak/Declining,0.72,Price is below long-term support with weak trend evidence.,,,2025-12-12,,1.02,21.38,37294766.04,0.62,0.69,0.53,True,True,"Stage 4, Stage 4 - Weak/Declining, volume_dryup, weekly_volume_dryup, downtrend",weekly_watchlist,6.24,6.24,1477.13,-18.69,[48.93],[14],0.0,14.0,weak,610
INDIACEM.NS,The India Cements Limited,Construction Materials,Unknown,Unknown,False,Cash,1,Stage 4,Stage 4,Stage 4 - Confirmed Downtrend,Stage 4 - Confirmed Downtrend,Stage 4 • Stage 4 - Confirmed Downtrend,0.86,Price is below a bearish moving-average stack with falling trend signals.,,,2026-02-26,,-14.02,-18.4,59670719.67,1.9,2.22,0.92,False,False,"Stage 4, Stage 4 - Confirmed Downtrend, downtrend",weekly_watchlist,6.2,6.2,470.72,-35.88,"[20.47, 22.06]","[22, 6]",0.1,32.0,weak,611
BRITANNIA.NS,Britannia Industries Limited,Fast Moving Consumer Goods,Unknown,Unknown,True,F&O,1,Stage 4,Stage 4,Stage 4 - Confirmed Downtrend,Stage 4 - Confirmed Downtrend,Stage 4 • Stage 4 - Confirmed Downtrend,0.86,Price is below a bearish moving-average stack with falling trend signals.,,,2026-03-06,,-3.17,-12.69,1243692754.38,0.95,1.87,1.15,False,False,"Stage 4, Stage 4 - Confirmed Downtrend, downtrend",weekly_watchlist,6.2,6.2,5699.46,-15.26,"[13.8, 15.01]","[5, 6]",0.1,14.0,weak,612
TATACONSUM.NS,TATA CONSUMER PRODUCTS LIMITED,Fast Moving Consumer Goods,Unknown,Unknown,True,F&O,1,Stage 4,Stage 4,Stage 4 - Confirmed Downtrend,Stage 4 - Confirmed Downtrend,Stage 4 • Stage 4 - Confirmed Downtrend,0.86,Price is below a bearish moving-average stack with falling trend signals.,,,2026-05-20,,-8.26,-11.13,1172357842.42,1.05,1.48,1.16,False,False,"Stage 4, Stage 4 - Confirmed Downtrend, downtrend",weekly_watchlist,6.2,6.2,1274.16,-25.48,"[15.0, 16.26]","[5, 7]",0.1,18.0,weak,613
JKCEMENT.NS,J.K. Cement Ltd.,Construction Materials,Unknown,Unknown,False,Cash,1,Stage 4,Stage 4,Stage 4 - Confirmed Downtrend,Stage 4 - Confirmed Downtrend,Stage 4 • Stage 4 - Confirmed Downtrend,0.86,Price is below a bearish moving-average stack with falling trend signals.,,,,,-0.07,-4.55,218295103.22,1.2,3.02,0.93,False,False,"Stage 4, Stage 4 - Confirmed Downtrend, downtrend",weekly_watchlist,6.2,6.2,5800.13,-12.48,"[21.01, 22.4]","[9, 7]",0.1,20.0,weak,614
NIACL.NS,The New India Assurance Company Limited,Financial Services,Unknown,Unknown,False,Cash,1,Stage 2 Failed,Stage 1,Failed Stage 2,Failed Stage 2,Stage 2 Failed • Failed Stage 2,0.72,"This stock was recently Stage 2, but the latest structure no longer satisfies Stage 2 rules. It is kept as Stage 2 Failed until a fresh base/repair structure forms.",Recent Stage 2 break; public stage held as Stage 2 Failed.,2026-09-30,2026-09-25,,-2.69,34.22,2471249400.09,0.91,0.12,0.37,False,True,"Stage 1, Stage 1 - Base/Repair, weekly_volume_dryup, stage1_not_actionable, stage1_needs_more_base | Stage 2 failed state applied from stage memory.",weekly_watchlist,5.15,6.15,243.02,-31.27,[25.19],[5],0.0,5.0,weak,615
OIL.NS,Oil India Limited,"Oil, Gas & Consumable Fuels",Unknown,Unknown,True,F&O,1,Stage 2 Failed,Stage 1,Failed Stage 2,Failed Stage 2,Stage 2 Failed • Failed Stage 2,0.72,"This stock was recently Stage 2, but the latest structure no longer satisfies Stage 2 rules. It is kept as Stage 2 Failed until a fresh base/repair structure forms.",Recent Stage 2 break; public stage held as Stage 2 Failed.,2026-09-30,2026-09-28,,12.44,-8.0,1018432005.22,0.71,1.51,0.66,True,True,"Stage 1, Stage 1 - Base/Repair, volume_dryup, weekly_volume_dryup, stage1_not_actionable, stage1_needs_more_base | Stage 2 failed state applied from stage memory.",weekly_watchlist,3.64,6.14,515.35,-12.94,[23.9],[6],0.0,6.0,weak,616
ASTRAMICRO.NS,Astra Microwave Products Limited,Capital Goods,Unknown,Unknown,False,Cash,1,Stage 2 Failed,Stage 3,Failed Stage 2,Failed Stage 2,Stage 2 Failed • Failed Stage 2,0.72,"This stock was recently Stage 2, but the latest structure no longer satisfies Stage 2 rules. It is kept as Stage 2 Failed until a fresh base/repair structure forms.",Recent Stage 2 break; public stage held as Stage 2 Failed.,2026-09-30,2026-09-15,,-4.6,63.12,529639443.8,0.57,0.88,0.71,True,True,"Stage 3, Stage 3 - Distribution/Damage, volume_dryup, weekly_volume_dryup, distribution_risk | Stage 2 failed state applied from stage memory.",weekly_watchlist,3.45,5.95,1794.6,-8.8,[19.64],[3],0.0,3.0,weak,617
HCC.NS,Hindustan Construction Company Limited,Construction,Unknown,Unknown,False,Cash,1,Stage 2 Failed,Stage 4,Failed Stage 2,Failed Stage 2,Stage 2 Failed • Failed Stage 2,0.72,"This stock was recently Stage 2, but the latest structure no longer satisfies Stage 2 rules. It is kept as Stage 2 Failed until a fresh base/repair structure forms.",Recent Stage 2 break; public stage held as Stage 2 Failed.,2026-09-30,2026-09-23,,-10.23,29.2,397532416.74,0.5,0.3,0.38,True,True,"Stage 4, Stage 4, volume_dryup, weekly_volume_dryup, downtrend | Stage 2 failed state applied from stage memory.",weekly_watchlist,5.9,5.9,28.55,-28.51,[20.37],[14],0.0,14.0,weak,618
LUXIND.NS,Lux Industries Limited,Textiles,Unknown,Unknown,False,Cash,1,Stage 4,Stage 4,Stage 4 - Weak/Declining,Stage 4 - Weak/Declining,Stage 4 • Stage 4 - Weak/Declining,0.72,Price is below long-term support with weak trend evidence.,,,2026-06-04,,-6.72,-9.4,59689196.11,2.53,0.29,0.74,False,True,"Stage 4, Stage 4 - Weak/Declining, weekly_volume_dryup, downtrend",weekly_watchlist,0.8,5.8,1339.77,-17.37,[33.91],[9],0.0,9.0,weak,619
NATCOPHARM.NS,Natco Pharma Limited,Healthcare,Unknown,Unknown,False,Cash,1,Stage 4,Stage 4,Stage 4 - Weak/Declining,Stage 4 - Weak/Declining,Stage 4 • Stage 4 - Weak/Declining,0.72,Price is below long-term support with weak trend evidence.,,,2026-05-29,,-4.26,-24.71,360992923.41,1.23,1.53,1.25,False,False,"Stage 4, Stage 4 - Weak/Declining, downtrend",weekly_watchlist,0.8,5.8,997.36,-17.03,[26.07],[9],0.0,9.0,weak,620
360ONE.NS,360 ONE WAM LIMITED,Financial Services,Unknown,Unknown,True,F&O,1,Stage 4,Stage 4,Stage 4 - Weak/Declining,Stage 4 - Weak/Declining,Stage 4 • Stage 4 - Weak/Declining,0.72,Price is below long-term support with weak trend evidence.,,,2026-09-08,,-2.32,10.19,1009444027.17,1.29,1.51,1.46,False,False,"Stage 4, Stage 4 - Weak/Declining, downtrend",weekly_watchlist,4.79,5.79,1225.04,-15.92,[26.71],[12],0.0,12.0,weak,621
BAYERCROP.NS,Bayer Cropscience Limited,Chemicals,Unknown,Unknown,False,Cash,1,Stage 4,Stage 4,Stage 4 - Confirmed Downtrend,Stage 4 - Confirmed Downtrend,Stage 4 • Stage 4 - Confirmed Downtrend,0.86,Price is below a bearish moving-average stack with falling trend signals.,,,,,-5.05,-22.21,124987457.39,2.14,0.76,1.9,False,False,"Stage 4, Stage 4 - Confirmed Downtrend, downtrend",weekly_watchlist,3.2,5.7,4499.76,-19.38,[20.4],[11],0.0,11.0,weak,622
DHANUKA.NS,Dhanuka Agritech Limited,Chemicals,Unknown,Unknown,False,Cash,1,Stage 4,Stage 4,Stage 4 - Confirmed Downtrend,Stage 4 - Confirmed Downtrend,Stage 4 • Stage 4 - Confirmed Downtrend,0.86,Price is below a bearish moving-average stack with falling trend signals.,,,,,-7.9,-6.35,20139622.06,0.64,1.13,0.65,True,True,"Stage 4, Stage 4 - Confirmed Downtrend, volume_dryup, weekly_volume_dryup, downtrend",weekly_watchlist,3.2,5.7,1105.81,-16.05,[24.27],[11],0.0,11.0,weak,623
LINDEINDIA.NS,Linde India Limited,Chemicals,Unknown,Unknown,False,Cash,1,Stage 4,Stage 4,Stage 4 - Weak/Declining,Stage 4 - Weak/Declining,Stage 4 • Stage 4 - Weak/Declining,0.72,Price is below long-term support with weak trend evidence.,,,2026-08-10,,-5.15,-12.04,141995511.9,0.93,1.37,0.99,False,False,"Stage 4, Stage 4 - Weak/Declining, downtrend",weekly_watchlist,3.2,5.7,7570.41,-16.48,[11.18],[11],0.0,11.0,weak,624
CCL.NS,CCL Products (India) Limited,Fast Moving Consumer Goods,Unknown,Unknown,False,Cash,1,Stage 1,Stage 1,Stage 1 - Base/Repair,Stage 1 - Base/Repair,Stage 1 • Stage 1 - Base/Repair,0.7,Price is near long-term moving averages with no strong long-term downtrend signal.,,,2026-09-03,,-7.98,-12.09,146201461.89,0.95,0.97,0.96,False,False,"Stage 1, Stage 1 - Base/Repair, stage1_not_actionable, stage1_needs_more_base",weekly_watchlist,5.6,5.6,1240.92,-17.84,[11.84],[8],0.0,8.0,weak,625
ISGEC.NS,Isgec Heavy Engineering Limited,Construction,Unknown,Unknown,False,Cash,1,Stage 1,Stage 1,Stage 1 - Base/Repair,Stage 1 - Base/Repair,Stage 1 • Stage 1 - Base/Repair,0.7,Price is near long-term moving averages with no strong long-term downtrend signal.,,,,,3.04,-4.16,76853672.02,1.76,0.96,1.51,False,False,"Stage 1, Stage 1 - Base/Repair, stage1_not_actionable, stage1_needs_more_base",weekly_watchlist,5.6,5.6,825.11,7.03,[26.87],[8],0.0,8.0,weak,626
POWERINDIA.NS,Hitachi Energy India Limited,Capital Goods,Unknown,Unknown,True,F&O,1,Stage 2 Failed,Stage 1,Failed Stage 2,Failed Stage 2,Stage 2 Failed • Failed Stage 2,0.72,"This stock was recently Stage 2, but the latest structure no longer satisfies Stage 2 rules. It is kept as Stage 2 Failed until a fresh base/repair structure forms.",Recent Stage 2 break; public stage held as Stage 2 Failed.,2026-09-30,2026-09-18,,1.48,21.11,3187859953.25,1.04,0.91,1.36,False,False,"Stage 1, Stage 1 - Base/Repair, stage1_not_actionable, stage1_needs_more_base | Stage 2 failed state applied from stage memory.",weekly_watchlist,3.06,5.56,36645.28,-16.41,[21.62],[4],0.0,4.0,weak,627
RAINBOW.NS,Rainbow Childrens Medicare Limited,Healthcare,Unknown,Unknown,False,Cash,1,Stage 2 Failed,Stage 1,Failed Stage 2,Failed Stage 2,Stage 2 Failed • Failed Stage 2,0.72,"This stock was recently Stage 2, but the latest structure no longer satisfies Stage 2 rules. It is kept as Stage 2 Failed until a fresh base/repair structure forms.",Recent Stage 2 break; public stage held as Stage 2 Failed.,2026-09-30,2026-09-18,,-1.71,11.31,186669439.2,1.69,3.37,2.83,False,False,"Stage 1, Stage 1 - Base/Repair, stage1_not_actionable, stage1_needs_more_base | Stage 2 failed state applied from stage memory.",weekly_watchlist,0.56,5.56,1612.82,-18.51,[12.46],[3],0.0,3.0,weak,628
CGPOWER.NS,CG Power and Industrial Solutions Limited,Capital Goods,Unknown,Unknown,True,F&O,1,Stage 2 Failed,Stage 1,Failed Stage 2,Failed Stage 2,Stage 2 Failed • Failed Stage 2,0.72,"This stock was recently Stage 2, but the latest structure no longer satisfies Stage 2 rules. It is kept as Stage 2 Failed until a fresh base/repair structure forms.",Recent Stage 2 break; public stage held as Stage 2 Failed.,2026-09-30,2026-09-25,,-0.86,21.81,1993943730.67,0.73,1.03,0.61,True,True,"Stage 1, Stage 1 - Base/Repair, volume_dryup, weekly_volume_dryup, stage1_not_actionable, stage1_needs_more_base | Stage 2 failed state applied from stage memory.",weekly_watchlist,2.89,5.39,932.63,-8.41,[16.93],[4],0.0,4.0,weak,629
MAHLIFE.NS,Mahindra Lifespace Developers Limited,Realty,Unknown,Unknown,False,Cash,1,Stage 3,Stage 3,Stage 3 - Distribution/Damage,Stage 3 - Distribution/Damage,Stage 3 • Stage 3 - Distribution/Damage,0.76,"Prior strength exists, but short-term and/or weekly structure is deteriorating.",,,2026-08-31,,3.58,4.18,32671471.07,0.53,0.9,0.51,True,True,"Stage 3, Stage 3 - Distribution/Damage, volume_dryup, weekly_volume_dryup, distribution_risk",weekly_watchlist,4.38,5.38,408.71,-11.85,[28.12],[8],0.0,8.0,weak,630
GRINDWELL.NS,Grindwell Norton Limited,Capital Goods,Unknown,Unknown,False,Cash,1,Stage 2 Failed,Stage 1,Failed Stage 2,Failed Stage 2,Stage 2 Failed • Failed Stage 2,0.72,"This stock was recently Stage 2, but the latest structure no longer satisfies Stage 2 rules. It is kept as Stage 2 Failed until a fresh base/repair structure forms.",Recent Stage 2 break; public stage held as Stage 2 Failed.,2026-09-30,2026-09-21,,3.44,38.64,50885826.32,1.09,2.5,0.81,False,True,"Stage 1, Stage 1 - Base/Repair, weekly_volume_dryup, stage1_not_actionable, stage1_needs_more_base | Stage 2 failed state applied from stage memory.",weekly_watchlist,2.61,5.11,2197.84,-9.27,[20.53],[2],0.0,2.0,weak,631
GMDCLTD.NS,Gujarat Mineral Development Corporation Limited,Metals & Mining,Unknown,Unknown,False,Cash,1,Stage 4,Stage 4,Stage 4 - Weak/Declining,Stage 4 - Weak/Declining,Stage 4 • Stage 4 - Weak/Declining,0.72,Price is below long-term support with weak trend evidence.,,,2026-06-24,,-6.85,-14.23,515231711.05,0.6,0.76,0.6,True,True,"Stage 4, Stage 4 - Weak/Declining, volume_dryup, weekly_volume_dryup, downtrend",weekly_watchlist,4.0,5.0,607.81,-16.47,[28.99],[15],0.0,15.0,weak,632
LUPIN.NS,Lupin Limited,Healthcare,Unknown,Unknown,True,F&O,1,Stage 4,Stage 4,Stage 4 - Weak/Declining,Stage 4 - Weak/Declining,Stage 4 • Stage 4 - Weak/Declining,0.72,Price is below long-term support with weak trend evidence.,,,2026-08-07,,-11.13,-12.32,1358075628.33,0.78,1.58,0.79,True,True,"Stage 4, Stage 4 - Weak/Declining, volume_dryup, weekly_volume_dryup, downtrend",weekly_watchlist,0.0,5.0,2474.8,-17.97,[8.73],[3],0.0,3.0,weak,633
NH.NS,Narayana Hrudayalaya Ltd.,Healthcare,Unknown,Unknown,False,Cash,1,Stage 2 Failed,Stage 4,Failed Stage 2,Failed Stage 2,Stage 2 Failed • Failed Stage 2,0.72,"This stock was recently Stage 2, but the latest structure no longer satisfies Stage 2 rules. It is kept as Stage 2 Failed until a fresh base/repair structure forms.",Recent Stage 2 break; public stage held as Stage 2 Failed.,2026-09-30,2026-09-23,,-3.39,4.32,391023649.14,0.78,1.48,1.17,True,False,"Stage 4, Stage 4 - Weak/Declining, volume_dryup, downtrend | Stage 2 failed state applied from stage memory.",weekly_watchlist,0.0,5.0,1949.6,-8.11,[14.9],[3],0.0,3.0,weak,634
ADVENZYMES.NS,Advanced Enzyme Technologies Limited,Healthcare,Unknown,Unknown,False,Cash,1,Stage 4,Stage 4,Stage 4 - Weak/Declining,Stage 4 - Weak/Declining,Stage 4 • Stage 4 - Weak/Declining,0.72,Price is below long-term support with weak trend evidence.,,,2026-07-13,,-5.56,-0.79,60510397.87,0.81,0.57,0.68,True,True,"Stage 4, Stage 4 - Weak/Declining, volume_dryup, weekly_volume_dryup, downtrend",weekly_watchlist,0.0,5.0,343.6,-18.04,[29.12],[7],0.0,7.0,weak,635
PDSL.NS,PDS Limited,Textiles,Unknown,Unknown,False,Cash,1,Stage 2 Failed,Stage 3,Failed Stage 2,Failed Stage 2,Stage 2 Failed • Failed Stage 2,0.72,"This stock was recently Stage 2, but the latest structure no longer satisfies Stage 2 rules. It is kept as Stage 2 Failed until a fresh base/repair structure forms.",Recent Stage 2 break; public stage held as Stage 2 Failed.,2026-09-30,2026-09-23,,3.33,22.83,47943462.79,1.03,0.47,1.34,False,False,"Stage 3, Stage 3 - Distribution/Damage, distribution_risk | Stage 2 failed state applied from stage memory.",weekly_watchlist,0.0,5.0,389.68,-9.59,[18.3],[2],0.0,2.0,weak,636
BOMDYEING.NS,Bombay Dyeing & Mfg Company Limited,Textiles,Unknown,Unknown,False,Cash,1,Stage 4,Stage 4,Stage 4 - Confirmed Downtrend,Stage 4 - Confirmed Downtrend,Stage 4 • Stage 4 - Confirmed Downtrend,0.86,Price is below a bearish moving-average stack with falling trend signals.,,,,,-9.89,2.57,49296438.89,0.59,0.36,0.44,True,True,"Stage 4, Stage 4 - Confirmed Downtrend, volume_dryup, weekly_volume_dryup, downtrend",weekly_watchlist,0.0,5.0,125.7,-15.97,[27.96],[8],0.0,8.0,weak,637
CIPLA.NS,Cipla Limited,Healthcare,Unknown,Unknown,True,F&O,1,Stage 4,Stage 4,Stage 4 - Weak/Declining,Stage 4 - Weak/Declining,Stage 4 • Stage 4 - Weak/Declining,0.72,Price is below long-term support with weak trend evidence.,,,2026-08-24,,-1.78,11.7,1317099199.93,1.03,1.24,1.15,False,False,"Stage 4, Stage 4 - Weak/Declining, downtrend",weekly_watchlist,0.0,5.0,1491.2,-9.74,[8.32],[3],0.0,3.0,weak,638
GOKEX.NS,Gokaldas Exports Limited,Textiles,Unknown,Unknown,False,Cash,1,Stage 4,Stage 4,Stage 4 - Weak/Declining,Stage 4 - Weak/Declining,Stage 4 • Stage 4 - Weak/Declining,0.72,Price is below long-term support with weak trend evidence.,,,2026-08-20,,-12.39,10.13,203332176.47,1.34,0.94,1.41,False,False,"Stage 4, Stage 4 - Weak/Declining, downtrend",weekly_watchlist,0.0,5.0,824.89,-16.62,[17.18],[6],0.0,6.0,weak,639
ITI.NS,ITI Limited,Telecommunication,Unknown,Unknown,False,Cash,1,Stage 4,Stage 4,Stage 4 - Confirmed Downtrend,Stage 4 - Confirmed Downtrend,Stage 4 • Stage 4 - Confirmed Downtrend,0.86,Price is below a bearish moving-average stack with falling trend signals.,,,2026-07-02,,-10.27,-5.36,48404082.14,0.99,5.64,1.44,False,False,"Stage 4, Stage 4 - Confirmed Downtrend, downtrend",weekly_watchlist,0.0,5.0,296.77,-16.97,[16.68],[6],0.0,6.0,weak,640
ZENTEC.NS,Zen Technologies Ltd.,Capital Goods,Unknown,Unknown,False,Cash,1,Stage 1,Stage 1,Stage 1 - Base/Repair,Stage 1 - Base/Repair,Stage 1 • Stage 1 - Base/Repair,0.7,Price is near long-term moving averages with no strong long-term downtrend signal.,,,2026-09-08,,-6.52,11.47,458635847.84,0.51,0.57,0.55,True,True,"Stage 1, Stage 1 - Base/Repair, volume_dryup, weekly_volume_dryup, stage1_not_actionable, stage1_needs_more_base",weekly_watchlist,2.49,4.99,2046.2,-21.55,[20.95],[5],0.0,5.0,weak,641
KIRLOSBROS.NS,Kirloskar Brothers Limited,Capital Goods,Unknown,Unknown,False,Cash,1,Stage 2 Failed,Stage 3,Failed Stage 2,Failed Stage 2,Stage 2 Failed • Failed Stage 2,0.72,"This stock was recently Stage 2, but the latest structure no longer satisfies Stage 2 rules. It is kept as Stage 2 Failed until a fresh base/repair structure forms.",Recent Stage 2 break; public stage held as Stage 2 Failed.,2026-09-30,2026-09-14,,1.82,22.91,115946173.46,1.5,6.94,3.13,False,False,"Stage 3, Stage 3 - Distribution/Damage, distribution_risk | Stage 2 failed state applied from stage memory.",weekly_watchlist,2.47,4.97,1993.0,-10.94,[17.92],[5],0.0,5.0,weak,642
AARTIIND.NS,Aarti Industries Limited,Chemicals,Unknown,Unknown,False,Cash,1,Stage 2 Failed,Stage 3,Failed Stage 2,Failed Stage 2,Stage 2 Failed • Failed Stage 2,0.72,"This stock was recently Stage 2, but the latest structure no longer satisfies Stage 2 rules. It is kept as Stage 2 Failed until a fresh base/repair structure forms.",Recent Stage 2 break; public stage held as Stage 2 Failed.,2026-09-30,2026-09-25,,4.37,17.14,245530369.95,0.42,1.09,0.36,True,True,"Stage 3, Stage 3 - Transition, volume_dryup, weekly_volume_dryup, distribution_risk | Stage 2 failed state applied from stage memory.",weekly_watchlist,2.15,4.65,551.62,-13.76,[18.94],[5],0.0,5.0,weak,643
IGL.NS,Indraprastha Gas Limited,"Oil, Gas & Consumable Fuels",Unknown,Unknown,False,Cash,1,Stage 4,Stage 4,Stage 4 - Confirmed Downtrend,Stage 4 - Confirmed Downtrend,Stage 4 • Stage 4 - Confirmed Downtrend,0.86,Price is below a bearish moving-average stack with falling trend signals.,,,2025-11-14,,2.46,-3.04,265423176.65,1.09,1.39,1.14,False,False,"Stage 4, Stage 4 - Confirmed Downtrend, downtrend",weekly_watchlist,2.0,4.5,159.5,-8.71,[16.73],[10],0.0,10.0,weak,644
JBMA.NS,JBM Auto Ltd.,Automobile and Auto Components,Unknown,Unknown,False,Cash,1,Stage 4,Stage 4,Stage 4 - Weak/Declining,Stage 4 - Weak/Declining,Stage 4 • Stage 4 - Weak/Declining,0.72,Price is below long-term support with weak trend evidence.,,,2026-07-30,,-12.72,-1.84,154527814.26,0.45,0.34,0.34,True,True,"Stage 4, Stage 4 - Weak/Declining, volume_dryup, weekly_volume_dryup, downtrend",weekly_watchlist,2.0,4.5,707.76,-21.37,[29.96],[10],0.0,10.0,weak,645
TITAGARH.NS,TITAGARH RAIL SYSTEMS LIMITED,Capital Goods,Unknown,Unknown,False,Cash,1,Stage 2 Failed,Stage 3,Failed Stage 2,Failed Stage 2,Stage 2 Failed • Failed Stage 2,0.72,"This stock was recently Stage 2, but the latest structure no longer satisfies Stage 2 rules. It is kept as Stage 2 Failed until a fresh base/repair structure forms.",Recent Stage 2 break; public stage held as Stage 2 Failed.,2026-09-30,2026-09-21,,1.14,16.52,572782844.73,0.93,1.68,1.0,False,False,"Stage 3, Stage 3 - Distribution/Damage, distribution_risk | Stage 2 failed state applied from stage memory.",weekly_watchlist,1.77,4.27,905.3,-9.63,[18.43],[5],0.0,5.0,weak,646
OBEROIRLTY.NS,Oberoi Realty Limited,Realty,Unknown,Unknown,True,F&O,1,Stage 2 Failed,Stage 1,Failed Stage 2,Failed Stage 2,Stage 2 Failed • Failed Stage 2,0.72,"This stock was recently Stage 2, but the latest structure no longer satisfies Stage 2 rules. It is kept as Stage 2 Failed until a fresh base/repair structure forms.",Recent Stage 2 break; public stage held as Stage 2 Failed.,2026-09-30,2026-09-28,,-2.71,15.15,867313925.65,1.24,1.31,1.14,False,False,"Stage 1, Stage 1 - Base/Repair, stage1_not_actionable, stage1_needs_more_base | Stage 2 failed state applied from stage memory.",weekly_watchlist,3.24,4.24,1960.7,-9.95,[11.09],[5],0.0,5.0,weak,647
DMART.NS,Avenue Supermarts Limited,Consumer Services,Unknown,Unknown,True,F&O,1,Stage 4,Stage 4,Stage 4 - Weak/Declining,Stage 4 - Weak/Declining,Stage 4 • Stage 4 - Weak/Declining,0.72,Price is below long-term support with weak trend evidence.,,,2025-10-23,,0.32,-16.18,1609699423.25,1.04,1.37,0.98,False,False,"Stage 4, Stage 4 - Weak/Declining, downtrend",weekly_watchlist,3.2,4.2,4437.15,-14.33,[17.6],[11],0.0,11.0,weak,648
NMDC.NS,NMDC Limited,Metals & Mining,Unknown,Unknown,True,F&O,1,Not Sure,Stage 4,Pending Stage 4,Pending Stage 4,Not Sure • Pending Stage 4,0.55,Blocked public stage jump Stage 1 -> Stage 4; waiting for intermediate/confirmed structure.,Blocked public stage jump Stage 1 -> Stage 4; waiting for intermediate/confirmed structure.,,2026-09-02,Stage 4,-3.23,-7.66,951595750.26,0.82,1.11,0.97,True,False,"Stage 4, Stage 4 - Weak/Declining, volume_dryup, downtrend | Blocked public stage jump Stage 1 -> Stage 4; waiting for intermediate/confirmed structure.",weekly_watchlist,3.2,4.2,89.26,-14.25,[16.86],[11],0.0,11.0,weak,649
ANGELONE.NS,Angel One Limited,Financial Services,Unknown,Unknown,True,F&O,1,Stage 2 Failed,Stage 4,Failed Stage 2,Failed Stage 2,Stage 2 Failed • Failed Stage 2,0.72,"This stock was recently Stage 2, but the latest structure no longer satisfies Stage 2 rules. It is kept as Stage 2 Failed until a fresh base/repair structure forms.",Recent Stage 2 break; public stage held as Stage 2 Failed.,2026-09-30,2026-09-23,,-13.75,10.39,1470538974.25,0.59,0.45,0.68,True,True,"Stage 4, Stage 4 - Weak/Declining, volume_dryup, weekly_volume_dryup, downtrend | Stage 2 failed state applied from stage memory.",weekly_watchlist,3.2,4.2,355.65,-22.96,[23.4],[11],0.0,11.0,weak,650
NUVAMA.NS,Nuvama Wealth Management Ltd.,Financial Services,Unknown,Unknown,True,F&O,1,Stage 2 Failed,Stage 1,Failed Stage 2,Failed Stage 2,Stage 2 Failed • Failed Stage 2,0.72,"This stock was recently Stage 2, but the latest structure no longer satisfies Stage 2 rules. It is kept as Stage 2 Failed until a fresh base/repair structure forms.",Recent Stage 2 break; public stage held as Stage 2 Failed.,2026-09-30,2026-09-16,,-4.8,40.53,438551234.73,0.7,0.72,0.99,True,False,"Stage 1, Stage 1 - Base/Repair, volume_dryup, stage1_not_actionable, stage1_needs_more_base | Stage 2 failed state applied from stage memory.",weekly_watchlist,3.17,4.17,1907.23,-13.36,[23.59],[3],0.0,3.0,weak,651
VBL.NS,Varun Beverages Limited,Fast Moving Consumer Goods,Unknown,Unknown,True,F&O,1,Stage 4,Stage 4,Stage 4 - Weak/Declining,Stage 4 - Weak/Declining,Stage 4 • Stage 4 - Weak/Declining,0.72,Price is below long-term support with weak trend evidence.,,,2026-07-10,,-5.8,6.83,2310976988.53,0.88,1.37,0.99,False,False,"Stage 4, Stage 4 - Weak/Declining, downtrend",weekly_watchlist,4.1,4.1,556.16,-22.32,[28.64],[12],0.0,12.0,weak,652
NLCINDIA.NS,NLC India Ltd.,Power,Unknown,Unknown,False,Cash,1,Stage 4,Stage 4,Stage 4 - Weak/Declining,Stage 4 - Weak/Declining,Stage 4 • Stage 4 - Weak/Declining,0.72,Price is below long-term support with weak trend evidence.,,,2026-07-17,,-8.14,-4.8,391974936.29,0.8,1.35,0.79,True,True,"Stage 4, Stage 4 - Weak/Declining, volume_dryup, weekly_volume_dryup, downtrend",weekly_watchlist,4.0,4.0,307.95,-15.02,[32.1],[14],0.0,14.0,weak,653
UBL.NS,United Breweries Limited,Fast Moving Consumer Goods,Unknown,Unknown,False,Cash,1,Stage 4,Stage 4,Stage 4 - Confirmed Downtrend,Stage 4 - Confirmed Downtrend,Stage 4 • Stage 4 - Confirmed Downtrend,0.86,Price is below a bearish moving-average stack with falling trend signals.,,,,,-8.02,-21.79,200385357.98,1.14,2.47,1.13,False,False,"Stage 4, Stage 4 - Confirmed Downtrend, downtrend",weekly_watchlist,4.0,4.0,1456.2,-20.47,[28.28],[13],0.0,13.0,weak,654
NBCC.NS,NBCC (India) Ltd.,Construction,Unknown,Unknown,True,F&O,1,Stage 4,Stage 4,Stage 4 - Confirmed Downtrend,Stage 4 - Confirmed Downtrend,Stage 4 • Stage 4 - Confirmed Downtrend,0.86,Price is below a bearish moving-average stack with falling trend signals.,,,2026-07-02,,-13.82,-7.37,380106295.87,0.98,1.29,1.08,False,False,"Stage 4, Stage 4 - Confirmed Downtrend, downtrend",weekly_watchlist,4.0,4.0,113.7,-30.96,[38.6],[13],0.0,13.0,weak,655
PGHH.NS,Procter & Gamble Hygiene and Health Care Limited,Fast Moving Consumer Goods,Unknown,Unknown,False,Cash,1,Stage 4,Stage 4,Stage 4 - Confirmed Downtrend,Stage 4 - Confirmed Downtrend,Stage 4 • Stage 4 - Confirmed Downtrend,0.86,Price is below a bearish moving-average stack with falling trend signals.,,,,,-16.77,-30.73,152605658.6,1.61,2.71,1.39,False,False,"Stage 4, Stage 4 - Confirmed Downtrend, downtrend",weekly_watchlist,4.0,4.0,9390.39,-27.6,[30.62],[13],0.0,13.0,weak,656
RAMKY.NS,Ramky Infrastructure Limited,Construction,Unknown,Unknown,False,Cash,1,Stage 4,Stage 4,Stage 4 - Confirmed Downtrend,Stage 4 - Confirmed Downtrend,Stage 4 • Stage 4 - Confirmed Downtrend,0.86,Price is below a bearish moving-average stack with falling trend signals.,,,2025-11-28,,-23.41,-40.46,14072996.79,1.38,3.71,2.15,False,False,"Stage 4, Stage 4 - Confirmed Downtrend, downtrend",weekly_watchlist,4.0,4.0,419.42,-33.46,[30.36],[13],0.0,13.0,weak,657
NTPC.NS,NTPC Limited,Power,Unknown,Unknown,True,F&O,1,Stage 4,Stage 4,Stage 4 - Weak/Declining,Stage 4 - Weak/Declining,Stage 4 • Stage 4 - Weak/Declining,0.72,Price is below long-term support with weak trend evidence.,,,2026-05-28,,-1.62,-12.85,2328550142.24,0.92,0.91,0.92,False,False,"Stage 4, Stage 4 - Weak/Declining, downtrend",weekly_watchlist,4.0,4.0,365.94,-11.8,[21.94],[18],0.0,18.0,weak,658
GILLETTE.NS,Gillette India Limited,Fast Moving Consumer Goods,Unknown,Unknown,False,Cash,1,Stage 4,Stage 4,Stage 4 - Confirmed Downtrend,Stage 4 - Confirmed Downtrend,Stage 4 • Stage 4 - Confirmed Downtrend,0.86,Price is below a bearish moving-average stack with falling trend signals.,,,,,-2.41,-7.29,149764979.07,1.6,1.88,1.23,False,False,"Stage 4, Stage 4 - Confirmed Downtrend, downtrend",weekly_watchlist,4.0,4.0,7577.24,-7.62,[11.06],[5],0.0,5.0,weak,659
JYOTHYLAB.NS,Jyothy Labs Limited,Fast Moving Consumer Goods,Unknown,Unknown,False,Cash,1,Stage 4,Stage 4,Stage 4 - Weak/Declining,Stage 4 - Weak/Declining,Stage 4 • Stage 4 - Weak/Declining,0.72,Price is below long-term support with weak trend evidence.,,,,,4.54,-12.23,108544986.77,0.37,0.44,0.38,True,True,"Stage 4, Stage 4 - Weak/Declining, volume_dryup, weekly_volume_dryup, downtrend",weekly_watchlist,4.0,4.0,217.28,-14.07,[30.35],[14],0.0,14.0,weak,660
TORNTPOWER.NS,Torrent Power Limited,Power,Unknown,Unknown,False,Cash,1,Stage 4,Stage 4,Stage 4 - Weak/Declining,Stage 4 - Weak/Declining,Stage 4 • Stage 4 - Weak/Declining,0.72,Price is below long-term support with weak trend evidence.,,,2026-06-24,,-1.41,-11.96,454602541.9,0.5,0.51,0.39,True,True,"Stage 4, Stage 4 - Weak/Declining, volume_dryup, weekly_volume_dryup, downtrend",weekly_watchlist,4.0,4.0,1820.99,-31.58,[13.9],[34],0.0,34.0,weak,661
VSTIND.NS,VST Industries Limited,Fast Moving Consumer Goods,Unknown,Unknown,False,Cash,1,Stage 4,Stage 4,Stage 4 - Confirmed Downtrend,Stage 4 - Confirmed Downtrend,Stage 4 • Stage 4 - Confirmed Downtrend,0.86,Price is below a bearish moving-average stack with falling trend signals.,,,2026-07-10,,-13.9,-1.42,21674683.61,0.69,0.75,0.53,True,True,"Stage 4, Stage 4 - Confirmed Downtrend, volume_dryup, weekly_volume_dryup, downtrend",weekly_watchlist,4.0,4.0,215.08,-5.54,[12.41],[5],0.0,5.0,weak,662
ZFCVINDIA.NS,ZF Commercial Vehicle Control Systems India Limited,Automobile and Auto Components,Unknown,Unknown,False,Cash,1,Stage 2 Failed,Stage 1,Failed Stage 2,Failed Stage 2,Stage 2 Failed • Failed Stage 2,0.72,"This stock was recently Stage 2, but the latest structure no longer satisfies Stage 2 rules. It is kept as Stage 2 Failed until a fresh base/repair structure forms.",Recent Stage 2 break; public stage held as Stage 2 Failed.,2026-09-30,2026-09-16,,4.53,1.79,229672974.3,1.23,1.37,0.82,False,True,"Stage 1, Stage 1 - Base/Repair, weekly_volume_dryup, stage1_not_actionable, stage1_needs_more_base | Stage 2 failed state applied from stage memory.",weekly_watchlist,1.43,3.93,2691.0,-13.01,[25.63],[4],0.0,4.0,weak,663
GVT&D.NS,GE Vernova T&D India Ltd.,Capital Goods,Unknown,Unknown,False,Cash,1,Stage 2 Failed,Stage 3,Failed Stage 2,Failed Stage 2,Stage 2 Failed • Failed Stage 2,0.72,"This stock was recently Stage 2, but the latest structure no longer satisfies Stage 2 rules. It is kept as Stage 2 Failed until a fresh base/repair structure forms.",Recent Stage 2 break; public stage held as Stage 2 Failed.,2026-09-30,2026-09-23,,-0.73,13.36,3381353396.3,0.56,0.73,0.55,True,True,"Stage 3, Stage 3 - Distribution/Damage, volume_dryup, weekly_volume_dryup, distribution_risk | Stage 2 failed state applied from stage memory.",weekly_watchlist,1.26,3.76,4833.44,-13.08,[29.87],[5],0.0,5.0,weak,664
HYUNDAI.NS,Hyundai Motor India Ltd.,Automobile and Auto Components,Unknown,Unknown,True,F&O,1,Stage 2 Failed,Stage 4,Failed Stage 2,Failed Stage 2,Stage 2 Failed • Failed Stage 2,0.72,"This stock was recently Stage 2, but the latest structure no longer satisfies Stage 2 rules. It is kept as Stage 2 Failed until a fresh base/repair structure forms.",Recent Stage 2 break; public stage held as Stage 2 Failed.,2026-09-30,2026-09-21,,9.09,18.89,1287245052.01,0.87,0.97,1.05,False,False,"Stage 4, Stage 4 - Weak/Declining, downtrend | Stage 2 failed state applied from stage memory.",weekly_watchlist,1.2,3.7,2281.44,-10.98,[29.94],[7],0.0,7.0,weak,665
BHARATFORG.NS,Bharat Forge Limited,Capital Goods,Unknown,Unknown,True,F&O,1,Stage 3,Stage 3,Stage 3 - Distribution/Damage,Stage 3 - Distribution/Damage,Stage 3 • Stage 3 - Distribution/Damage,0.76,"Prior strength exists, but short-term and/or weekly structure is deteriorating.",,,2026-09-03,,-3.15,14.29,1774820117.95,0.89,1.2,0.89,False,True,"Stage 3, Stage 3 - Distribution/Damage, weekly_volume_dryup, distribution_risk",weekly_watchlist,1.11,3.61,2299.02,-16.23,[16.81],[5],0.0,5.0,weak,666
POLYCAB.NS,Polycab India Limited,Capital Goods,Unknown,Unknown,True,F&O,1,Stage 1,Stage 1,Stage 1 - Base/Repair,Stage 1 - Base/Repair,Stage 1 • Stage 1 - Base/Repair,0.7,Price is near long-term moving averages with no strong long-term downtrend signal.,,,2026-08-31,,-9.46,10.29,3568814084.12,1.24,1.24,1.84,False,False,"Stage 1, Stage 1 - Base/Repair, stage1_not_actionable, stage1_needs_more_base",weekly_watchlist,0.88,3.38,9445.0,-15.02,[13.18],[4],0.0,4.0,weak,667
SRF.NS,SRF Limited,Chemicals,Unknown,Unknown,True,F&O,1,Stage 4,Stage 4,Stage 4 - Confirmed Downtrend,Stage 4 - Confirmed Downtrend,Stage 4 • Stage 4 - Confirmed Downtrend,0.86,Price is below a bearish moving-average stack with falling trend signals.,,,2026-01-05,,-5.69,2.09,535712478.75,0.75,1.38,0.55,True,True,"Stage 4, Stage 4 - Confirmed Downtrend, volume_dryup, weekly_volume_dryup, downtrend",weekly_watchlist,0.8,3.3,2969.56,-16.74,[23.58],[9],0.0,9.0,weak,668
FACT.NS,Fertilizers and Chemicals Travancore Limited,Chemicals,Unknown,Unknown,False,Cash,1,Stage 4,Stage 4,Stage 4 - Weak/Declining,Stage 4 - Weak/Declining,Stage 4 • Stage 4 - Weak/Declining,0.72,Price is below long-term support with weak trend evidence.,,,2026-06-26,,-6.88,-5.44,158174807.28,0.32,0.07,0.24,True,True,"Stage 4, Stage 4 - Weak/Declining, volume_dryup, weekly_volume_dryup, downtrend",weekly_watchlist,0.8,3.3,921.61,-17.76,[27.17],[9],0.0,9.0,weak,669
TARIL.NS,Transformers And Rectifiers (India) Ltd.,Capital Goods,Unknown,Unknown,False,Cash,1,Stage 4,Stage 4,Stage 4 - Weak/Declining,Stage 4 - Weak/Declining,Stage 4 • Stage 4 - Weak/Declining,0.72,Price is below long-term support with weak trend evidence.,,,,,-13.98,-0.59,234067727.9,0.65,0.52,0.52,True,True,"Stage 4, Stage 4 - Weak/Declining, volume_dryup, weekly_volume_dryup, downtrend",weekly_watchlist,0.8,3.3,350.9,-23.03,[23.66],[9],0.0,9.0,weak,670
THERMAX.NS,Thermax Limited,Capital Goods,Unknown,Unknown,False,Cash,1,Stage 4,Stage 4,Stage 4 - Weak/Declining,Stage 4 - Weak/Declining,Stage 4 • Stage 4 - Weak/Declining,0.72,Price is below long-term support with weak trend evidence.,,,2026-08-05,,-21.58,4.69,553426647.19,0.69,3.35,0.7,True,True,"Stage 4, Stage 4 - Weak/Declining, volume_dryup, weekly_volume_dryup, downtrend",weekly_watchlist,0.8,3.3,4888.54,-30.61,[29.44],[9],0.0,9.0,weak,671
HINDALCO.NS,Hindalco Industries Limited,Metals & Mining,Unknown,Unknown,True,F&O,1,Stage 2 Failed,Stage 1,Failed Stage 2,Failed Stage 2,Stage 2 Failed • Failed Stage 2,0.72,"This stock was recently Stage 2, but the latest structure no longer satisfies Stage 2 rules. It is kept as Stage 2 Failed until a fresh base/repair structure forms.",Recent Stage 2 break; public stage held as Stage 2 Failed.,2026-09-30,2026-09-23,,3.36,-2.11,3368366103.88,1.07,1.34,0.98,False,False,"Stage 1, Stage 1 - Base/Repair, stage1_not_actionable, stage1_needs_more_base | Stage 2 failed state applied from stage memory.",weekly_watchlist,2.13,3.13,1089.85,-13.58,[20.28],[5],0.0,5.0,weak,672
GENSOL.NS,Gensol Engineering Limited,Services,Unknown,Unknown,False,Cash,1,Stage 4,Stage 4,Stage 4 - Confirmed Downtrend,Stage 4 - Confirmed Downtrend,Stage 4 • Stage 4 - Confirmed Downtrend,0.86,Price is below a bearish moving-average stack with falling trend signals.,,,,,-22.38,-26.23,1112364.14,1.17,2.8,1.86,False,False,"Stage 4, Stage 4 - Confirmed Downtrend, downtrend",weekly_watchlist,2.0,3.0,19.23,-25.17,[34.19],[10],0.0,10.0,weak,673
HEMIPROP.NS,Hemisphere Properties India Limited,Realty,Unknown,Unknown,False,Cash,1,Stage 4,Stage 4,Stage 4 - Confirmed Downtrend,Stage 4 - Confirmed Downtrend,Stage 4 • Stage 4 - Confirmed Downtrend,0.86,Price is below a bearish moving-average stack with falling trend signals.,,,2026-07-03,,-12.19,-5.48,32548810.64,0.93,0.72,1.14,False,False,"Stage 4, Stage 4 - Confirmed Downtrend, downtrend",weekly_watchlist,2.0,3.0,143.95,-20.76,[19.99],[10],0.0,10.0,weak,674
IDBI.NS,IDBI Bank Limited,Financial Services,Unknown,Unknown,False,Cash,1,Stage 4,Stage 4,Stage 4 - Weak/Declining,Stage 4 - Weak/Declining,Stage 4 • Stage 4 - Weak/Declining,0.72,Price is below long-term support with weak trend evidence.,,,2026-03-10,,4.69,16.74,1267050160.97,0.84,0.26,0.9,True,True,"Stage 4, Stage 4 - Weak/Declining, volume_dryup, weekly_volume_dryup, downtrend",weekly_watchlist,1.74,2.74,96.42,-14.75,[12.11],[8],0.0,8.0,weak,675
THANGAMAYL.NS,Thangamayil Jewellery Limited,Consumer Durables,Unknown,Unknown,False,Cash,1,Not Sure,Stage 1,Pending Stage 1,Pending Stage 1,Not Sure • Pending Stage 1,0.55,Blocked public stage jump Stage 3 -> Stage 1; waiting for intermediate/confirmed structure.,Blocked public stage jump Stage 3 -> Stage 1; waiting for intermediate/confirmed structure.,,2026-08-28,Stage 1,-12.41,30.12,438759061.07,0.54,0.4,0.37,True,True,"Stage 1, Stage 1 - Base/Repair, volume_dryup, weekly_volume_dryup, stage1_not_actionable, stage1_needs_more_base | Blocked public stage jump Stage 3 -> Stage 1; waiting for intermediate/confirmed structure.",weekly_watchlist,2.57,2.57,5732.51,-11.7,[21.49],[4],0.0,4.0,weak,676
TRITURBINE.NS,Triveni Turbine Limited,Capital Goods,Unknown,Unknown,False,Cash,1,Stage 4,Stage 4,Stage 4 - Weak/Declining,Stage 4 - Weak/Declining,Stage 4 • Stage 4 - Weak/Declining,0.72,Price is below long-term support with weak trend evidence.,,,2026-08-06,,-9.85,17.18,259203250.24,0.61,0.68,0.58,True,True,"Stage 4, Stage 4 - Weak/Declining, volume_dryup, weekly_volume_dryup, downtrend",weekly_watchlist,0.0,2.5,653.03,-17.4,[20.56],[3],0.0,3.0,weak,677
CHAMBLFERT.NS,Chambal Fertilizers & Chemicals Limited,Chemicals,Unknown,Unknown,False,Cash,1,Stage 4,Stage 4,Stage 4 - Confirmed Downtrend,Stage 4 - Confirmed Downtrend,Stage 4 • Stage 4 - Confirmed Downtrend,0.86,Price is below a bearish moving-average stack with falling trend signals.,,,2026-07-03,,-6.07,-8.89,190821837.23,0.9,0.68,0.91,False,False,"Stage 4, Stage 4 - Confirmed Downtrend, downtrend",weekly_watchlist,0.0,2.5,460.76,-11.18,[14.6],[5],0.0,5.0,weak,678
TMPV.NS,Tata Motors Passenger Vehicles Ltd.,Automobile and Auto Components,Unknown,Unknown,True,F&O,1,Stage 4,Stage 4,Stage 4 - Confirmed Downtrend,Stage 4 - Confirmed Downtrend,Stage 4 • Stage 4 - Confirmed Downtrend,0.86,Price is below a bearish moving-average stack with falling trend signals.,,,,,-11.51,-8.7,3010526952.73,1.35,1.22,1.71,False,False,"Stage 4, Stage 4 - Confirmed Downtrend, downtrend",weekly_watchlist,0.0,2.5,353.82,-19.87,[21.35],[8],0.0,8.0,weak,679
MARUTI.NS,Maruti Suzuki India Limited,Automobile and Auto Components,Unknown,Unknown,True,F&O,1,Stage 4,Stage 4,Stage 4 - Confirmed Downtrend,Stage 4 - Confirmed Downtrend,Stage 4 • Stage 4 - Confirmed Downtrend,0.86,Price is below a bearish moving-average stack with falling trend signals.,,,2026-01-13,,-9.59,-6.85,4361518368.5,0.99,1.23,1.05,False,False,"Stage 4, Stage 4 - Confirmed Downtrend, downtrend",weekly_watchlist,0.0,2.5,14321.44,-16.44,[9.6],[2],0.0,2.0,weak,680
JISLJALEQS.NS,Jain Irrigation Systems Limited,Capital Goods,Unknown,Unknown,False,Cash,1,Stage 4,Stage 4,Stage 4 - Confirmed Downtrend,Stage 4 - Confirmed Downtrend,Stage 4 • Stage 4 - Confirmed Downtrend,0.86,Price is below a bearish moving-average stack with falling trend signals.,,,,,-10.86,-6.52,158925747.38,1.2,0.36,0.57,False,True,"Stage 4, Stage 4 - Confirmed Downtrend, weekly_volume_dryup, downtrend",weekly_watchlist,0.0,2.5,33.0,-15.36,[31.09],[8],0.0,8.0,weak,681
OLECTRA.NS,Olectra Greentech Limited,Automobile and Auto Components,Unknown,Unknown,False,Cash,1,Stage 4,Stage 4,Stage 4 - Weak/Declining,Stage 4 - Weak/Declining,Stage 4 • Stage 4 - Weak/Declining,0.72,Price is below long-term support with weak trend evidence.,,,2026-08-13,,-16.48,9.3,463351724.59,1.29,1.0,0.99,False,False,"Stage 4, Stage 4 - Weak/Declining, downtrend",weekly_watchlist,0.0,2.5,1422.77,-20.28,[16.63],[3],0.0,3.0,weak,682
DEEPAKFERT.NS,Deepak Fertilizers and Petrochemicals Corporation Limited,Chemicals,Unknown,Unknown,False,Cash,1,Stage 3,Stage 3,Stage 3 - Distribution/Damage,Stage 3 - Distribution/Damage,Stage 3 • Stage 3 - Distribution/Damage,0.76,"Prior strength exists, but short-term and/or weekly structure is deteriorating.",,,2026-08-28,,-8.46,36.83,324440121.26,0.71,2.27,0.81,True,True,"Stage 3, Stage 3 - Distribution/Damage, volume_dryup, weekly_volume_dryup, distribution_risk",weekly_watchlist,0.0,2.5,1672.53,-19.22,[12.16],[2],0.0,2.0,weak,683
ATGL.NS,Adani Total Gas Limited,"Oil, Gas & Consumable Fuels",Unknown,Unknown,False,Cash,1,Stage 4,Stage 4,Stage 4 - Weak/Declining,Stage 4 - Weak/Declining,Stage 4 • Stage 4 - Weak/Declining,0.72,Price is below long-term support with weak trend evidence.,,,2026-08-10,,-11.2,13.06,1737878319.06,2.99,0.27,0.36,False,True,"Stage 4, Stage 4 - Weak/Declining, weekly_volume_dryup, downtrend",weekly_watchlist,0.0,2.5,687.9,-13.66,[14.25],[3],0.0,3.0,weak,684
JAICORPLTD.NS,Jai Corp Limited,Capital Goods,Unknown,Unknown,False,Cash,1,Stage 4,Stage 4,Stage 4 - Confirmed Downtrend,Stage 4 - Confirmed Downtrend,Stage 4 • Stage 4 - Confirmed Downtrend,0.86,Price is below a bearish moving-average stack with falling trend signals.,,,2025-11-04,,-12.24,-6.98,24672592.07,0.9,0.67,0.77,False,True,"Stage 4, Stage 4 - Confirmed Downtrend, weekly_volume_dryup, downtrend",weekly_watchlist,0.0,2.5,107.85,-14.98,[21.79],[5],0.0,5.0,weak,685
BPCL.NS,Bharat Petroleum Corporation Limited,"Oil, Gas & Consumable Fuels",Unknown,Unknown,True,F&O,1,Stage 4,Stage 4,Stage 4 - Weak/Declining,Stage 4 - Weak/Declining,Stage 4 • Stage 4 - Weak/Declining,0.72,Price is below long-term support with weak trend evidence.,,,2026-03-02,,5.19,7.99,1232525490.35,0.95,1.23,0.69,False,True,"Stage 4, Stage 4 - Weak/Declining, weekly_volume_dryup, downtrend",weekly_watchlist,0.0,2.5,329.95,-8.11,[10.29],[5],0.0,5.0,weak,686
EIDPARRY.NS,EID Parry India Limited,Chemicals,Unknown,Unknown,False,Cash,1,Stage 4,Stage 4,Stage 4 - Confirmed Downtrend,Stage 4 - Confirmed Downtrend,Stage 4 • Stage 4 - Confirmed Downtrend,0.86,Price is below a bearish moving-average stack with falling trend signals.,,,,,-3.79,-17.13,240155450.85,0.59,0.72,0.6,True,True,"Stage 4, Stage 4 - Confirmed Downtrend, volume_dryup, weekly_volume_dryup, downtrend",weekly_watchlist,0.0,2.5,866.91,-20.88,[23.6],[8],0.0,8.0,weak,687
KAYNES.NS,Kaynes Technology India Limited,Capital Goods,Unknown,Unknown,True,F&O,1,Stage 4,Stage 4,Stage 4 - Weak/Declining,Stage 4 - Weak/Declining,Stage 4 • Stage 4 - Weak/Declining,0.72,Price is below long-term support with weak trend evidence.,,,2025-11-13,,11.02,-7.96,3682086533.7,1.04,0.63,0.96,False,False,"Stage 4, Stage 4 - Weak/Declining, downtrend",weekly_watchlist,0.0,2.5,4125.11,-15.13,[34.01],[2],0.0,2.0,weak,688
KEI.NS,KEI Industries Limited,Capital Goods,Unknown,Unknown,True,F&O,1,Not Sure,Stage 4,Pending Stage 4,Pending Stage 4,Not Sure • Pending Stage 4,0.55,Blocked public stage jump Stage 1 -> Stage 4; waiting for intermediate/confirmed structure.,Blocked public stage jump Stage 1 -> Stage 4; waiting for intermediate/confirmed structure.,,2026-09-03,Stage 4,-8.36,3.86,2867912351.8,0.65,0.34,0.54,True,True,"Stage 4, Stage 4, volume_dryup, weekly_volume_dryup, downtrend | Blocked public stage jump Stage 1 -> Stage 4; waiting for intermediate/confirmed structure.",weekly_watchlist,0.0,2.5,5909.32,-24.61,[24.61],[3],0.0,3.0,weak,689
NFL.NS,National Fertilizers Limited,Chemicals,Unknown,Unknown,False,Cash,1,Stage 4,Stage 4,Stage 4 - Confirmed Downtrend,Stage 4 - Confirmed Downtrend,Stage 4 • Stage 4 - Confirmed Downtrend,0.86,Price is below a bearish moving-average stack with falling trend signals.,,,,,-4.58,-7.1,31568526.82,0.79,0.91,0.86,True,True,"Stage 4, Stage 4 - Confirmed Downtrend, volume_dryup, weekly_volume_dryup, downtrend",weekly_watchlist,0.0,2.5,74.38,-12.34,[13.57],[4],0.0,4.0,weak,690
PIIND.NS,PI Industries Limited,Chemicals,Unknown,Unknown,True,F&O,1,Stage 4,Stage 4,Stage 4 - Confirmed Downtrend,Stage 4 - Confirmed Downtrend,Stage 4 • Stage 4 - Confirmed Downtrend,0.86,Price is below a bearish moving-average stack with falling trend signals.,,,,,-6.58,-19.23,640322403.53,1.02,0.72,0.76,False,True,"Stage 4, Stage 4 - Confirmed Downtrend, weekly_volume_dryup, downtrend",weekly_watchlist,0.0,2.5,2839.79,-18.66,[22.71],[5],0.0,5.0,weak,691
PREMIERENE.NS,Premier Energies Ltd.,Capital Goods,Unknown,Unknown,True,F&O,1,Stage 4,Stage 4,Stage 4 - Weak/Declining,Stage 4 - Weak/Declining,Stage 4 • Stage 4 - Weak/Declining,0.72,Price is below long-term support with weak trend evidence.,,,2026-08-14,,-8.14,-8.99,1101509688.28,1.27,0.91,1.22,False,False,"Stage 4, Stage 4 - Weak/Declining, downtrend",weekly_watchlist,0.0,2.5,1072.4,-18.86,[11.46],[7],0.0,7.0,weak,692
RALLIS.NS,Rallis India Limited,Chemicals,Unknown,Unknown,False,Cash,1,Stage 4,Stage 4,Stage 4 - Confirmed Downtrend,Stage 4 - Confirmed Downtrend,Stage 4 • Stage 4 - Confirmed Downtrend,0.86,Price is below a bearish moving-average stack with falling trend signals.,,,,,-7.14,-21.38,100084138.04,0.71,0.84,0.52,True,True,"Stage 4, Stage 4 - Confirmed Downtrend, volume_dryup, weekly_volume_dryup, downtrend",weekly_watchlist,0.0,2.5,243.35,-17.92,[27.78],[6],0.0,6.0,weak,693
SUZLON.NS,Suzlon Energy Limited,Capital Goods,Unknown,Unknown,True,F&O,1,Stage 4,Stage 4,Stage 4 - Weak/Declining,Stage 4 - Weak/Declining,Stage 4 • Stage 4 - Weak/Declining,0.72,Price is below long-term support with weak trend evidence.,,,2026-07-13,,-22.01,-6.25,2170501885.69,1.13,1.01,1.34,False,False,"Stage 4, Stage 4 - Weak/Declining, downtrend",weekly_watchlist,0.0,2.5,49.41,-20.07,[24.02],[6],0.0,6.0,weak,694
TIINDIA.NS,Tube Investments of India Limited,Automobile and Auto Components,Unknown,Unknown,True,F&O,1,Stage 4,Stage 4,Stage 4 - Weak/Declining,Stage 4 - Weak/Declining,Stage 4 • Stage 4 - Weak/Declining,0.72,Price is below long-term support with weak trend evidence.,,,2026-08-28,,-14.15,-9.48,540855704.07,0.66,3.48,0.88,True,True,"Stage 4, Stage 4 - Weak/Declining, volume_dryup, weekly_volume_dryup, downtrend",weekly_watchlist,0.0,2.5,2994.23,-20.68,[20.08],[5],0.0,5.0,weak,695
ITCHOTELS.NS,ITC Hotels Ltd.,Consumer Services,Unknown,Unknown,False,Cash,1,Stage 4,Stage 4,Stage 4 - Weak/Declining,Stage 4 - Weak/Declining,Stage 4 • Stage 4 - Weak/Declining,0.72,Price is below long-term support with weak trend evidence.,,,,,-3.9,11.26,254560475.9,1.13,1.05,1.07,False,False,"Stage 4, Stage 4 - Weak/Declining, downtrend",weekly_watchlist,1.14,2.14,173.3,-5.29,[15.74],[2],0.0,2.0,weak,696
CESC.NS,CESC Limited,Power,Unknown,Unknown,False,Cash,1,Stage 4,Stage 4,Stage 4 - Weak/Declining,Stage 4 - Weak/Declining,Stage 4 • Stage 4 - Weak/Declining,0.72,Price is below long-term support with weak trend evidence.,,,2026-08-17,,-11.17,-10.77,277820515.14,1.15,0.85,1.34,False,False,"Stage 4, Stage 4 - Weak/Declining, downtrend",weekly_watchlist,2.0,2.0,166.15,-19.44,[22.28],[10],0.0,10.0,weak,697
CROMPTON.NS,Crompton Greaves Consumer Electricals Limited,Consumer Durables,Unknown,Unknown,True,F&O,1,Stage 4,Stage 4,Stage 4 - Weak/Declining,Stage 4 - Weak/Declining,Stage 4 • Stage 4 - Weak/Declining,0.72,Price is below long-term support with weak trend evidence.,,,2026-08-06,,-15.65,-11.26,523363070.03,0.66,0.56,0.78,True,True,"Stage 4, Stage 4 - Weak/Declining, volume_dryup, weekly_volume_dryup, downtrend",weekly_watchlist,2.0,2.0,271.47,-23.13,[21.71],[10],0.0,10.0,weak,698
ZENSARTECH.NS,Zensar Technologies Limited,Information Technology,Unknown,Unknown,False,Cash,1,Stage 4,Stage 4,Stage 4 - Confirmed Downtrend,Stage 4 - Confirmed Downtrend,Stage 4 • Stage 4 - Confirmed Downtrend,0.86,Price is below a bearish moving-average stack with falling trend signals.,,,,,-2.74,-22.38,1543476141.39,0.57,0.38,0.57,True,True,"Stage 4, Stage 4 - Confirmed Downtrend, volume_dryup, weekly_volume_dryup, downtrend",weekly_watchlist,2.0,2.0,554.07,-23.82,[30.77],[10],0.0,10.0,weak,699
GICRE.NS,General Insurance Corporation of India,Financial Services,Unknown,Unknown,False,Cash,1,Stage 4,Stage 4,Stage 4 - Confirmed Downtrend,Stage 4 - Confirmed Downtrend,Stage 4 • Stage 4 - Confirmed Downtrend,0.86,Price is below a bearish moving-average stack with falling trend signals.,,,2026-06-05,,2.3,-11.24,310110404.95,0.67,0.82,0.67,True,True,"Stage 4, Stage 4 - Confirmed Downtrend, volume_dryup, weekly_volume_dryup, downtrend",weekly_watchlist,0.8,1.8,363.08,-8.8,[17.05],[9],0.0,9.0,weak,700
HDFCBANK.NS,HDFC Bank Limited,Financial Services,Unknown,Unknown,True,F&O,1,Stage 4,Stage 4,Stage 4 - Confirmed Downtrend,Stage 4 - Confirmed Downtrend,Stage 4 • Stage 4 - Confirmed Downtrend,0.86,Price is below a bearish moving-average stack with falling trend signals.,,,2026-01-02,,-7.8,-7.98,20034430567.09,1.08,1.38,1.06,False,False,"Stage 4, Stage 4 - Confirmed Downtrend, downtrend",weekly_watchlist,0.8,1.8,844.48,-16.08,[19.11],[9],0.0,9.0,weak,701
NAM-INDIA.NS,Nippon Life India Asset Management Limited,Financial Services,Unknown,Unknown,True,F&O,1,Stage 2 Failed,Stage 3,Failed Stage 2,Failed Stage 2,Stage 2 Failed • Failed Stage 2,0.72,"This stock was recently Stage 2, but the latest structure no longer satisfies Stage 2 rules. It is kept as Stage 2 Failed until a fresh base/repair structure forms.",Recent Stage 2 break; public stage held as Stage 2 Failed.,2026-09-30,2026-09-18,,-4.59,28.87,1119235415.82,0.77,0.57,0.78,True,True,"Stage 3, Stage 3 - Distribution/Damage, volume_dryup, weekly_volume_dryup, distribution_risk | Stage 2 failed state applied from stage memory.",weekly_watchlist,0.03,1.03,1271.72,-15.86,[12.49],[3],0.0,3.0,weak,702
TCIEXP.NS,TCI Express Limited,Services,Unknown,Unknown,False,Cash,1,Stage 4,Stage 4,Stage 4 - Weak/Declining,Stage 4 - Weak/Declining,Stage 4 • Stage 4 - Weak/Declining,0.72,Price is below long-term support with weak trend evidence.,,,2026-08-17,,10.21,2.28,180377126.63,3.36,3.77,18.58,False,False,"Stage 4, Stage 4 - Weak/Declining, downtrend",weekly_watchlist,0.0,1.0,615.78,-15.29,[20.72],[2],0.0,2.0,weak,703
ABSLAMC.NS,Aditya Birla Sun Life AMC Limited,Financial Services,Unknown,Unknown,False,Cash,1,Stage 2 Failed,Stage 3,Failed Stage 2,Failed Stage 2,Stage 2 Failed • Failed Stage 2,0.72,"This stock was recently Stage 2, but the latest structure no longer satisfies Stage 2 rules. It is kept as Stage 2 Failed until a fresh base/repair structure forms.",Recent Stage 2 break; public stage held as Stage 2 Failed.,2026-09-30,2026-09-18,,-5.3,8.39,197238224.81,0.78,1.07,0.55,True,True,"Stage 3, Stage 3 - Distribution/Damage, volume_dryup, weekly_volume_dryup, distribution_risk | Stage 2 failed state applied from stage memory.",weekly_watchlist,0.0,1.0,1118.85,-11.04,[18.55],[4],0.0,4.0,weak,704
GODIGIT.NS,Go Digit General Insurance Ltd.,Financial Services,Unknown,Unknown,False,Cash,1,Stage 4,Stage 4,Stage 4 - Weak/Declining,Stage 4 - Weak/Declining,Stage 4 • Stage 4 - Weak/Declining,0.72,Price is below long-term support with weak trend evidence.,,,,,-9.88,-21.19,266953287.75,2.14,1.98,3.31,False,False,"Stage 4, Stage 4 - Weak/Declining, downtrend",weekly_watchlist,0.0,1.0,291.41,-10.76,[26.66],[4],0.0,4.0,weak,705
LICI.NS,Life Insurance Corporation Of India,Financial Services,Unknown,Unknown,True,F&O,1,Stage 4,Stage 4,Stage 4 - Weak/Declining,Stage 4 - Weak/Declining,Stage 4 • Stage 4 - Weak/Declining,0.72,Price is below long-term support with weak trend evidence.,,,2026-08-03,,-1.1,7.55,2804361129.49,0.67,0.77,0.83,True,True,"Stage 4, Stage 4 - Weak/Declining, volume_dryup, weekly_volume_dryup, downtrend",weekly_watchlist,0.0,1.0,431.3,-8.37,[13.78],[3],0.0,3.0,weak,706
BANKBARODA.NS,Bank of Baroda,Financial Services,Unknown,Unknown,True,F&O,1,Stage 4,Stage 4,Stage 4 - Confirmed Downtrend,Stage 4 - Confirmed Downtrend,Stage 4 • Stage 4 - Confirmed Downtrend,0.86,Price is below a bearish moving-average stack with falling trend signals.,,,2026-06-26,,-0.96,-9.08,1505022968.49,0.76,1.57,0.81,True,True,"Stage 4, Stage 4 - Confirmed Downtrend, volume_dryup, weekly_volume_dryup, downtrend",weekly_watchlist,0.0,1.0,251.84,-8.45,[16.97],[5],0.0,5.0,weak,707
MASFIN.NS,MAS Financial Services Limited,Financial Services,Unknown,Unknown,False,Cash,1,Stage 4,Stage 4,Stage 4 - Confirmed Downtrend,Stage 4 - Confirmed Downtrend,Stage 4 • Stage 4 - Confirmed Downtrend,0.86,Price is below a bearish moving-average stack with falling trend signals.,,,2026-07-13,,-4.41,-6.6,62263620.55,1.04,0.73,0.93,False,False,"Stage 4, Stage 4 - Confirmed Downtrend, downtrend",weekly_watchlist,0.0,1.0,310.2,-8.87,[19.16],[5],0.0,5.0,weak,708
RUSTOMJEE.NS,Keystone Realtors Limited,Realty,Unknown,Unknown,False,Cash,1,Stage 4,Stage 4,Stage 4 - Confirmed Downtrend,Stage 4 - Confirmed Downtrend,Stage 4 • Stage 4 - Confirmed Downtrend,0.86,Price is below a bearish moving-average stack with falling trend signals.,,,,,-9.02,-8.64,38494241.23,0.4,0.19,0.62,True,True,"Stage 4, Stage 4 - Confirmed Downtrend, volume_dryup, weekly_volume_dryup, downtrend",weekly_watchlist,0.0,1.0,433.96,-16.77,[23.38],[5],0.0,5.0,weak,709
LTF.NS,L&T Finance Ltd.,Financial Services,Unknown,Unknown,True,F&O,1,Stage 2 Failed,Stage 4,Failed Stage 2,Failed Stage 2,Stage 2 Failed • Failed Stage 2,0.72,"This stock was recently Stage 2, but the latest structure no longer satisfies Stage 2 rules. It is kept as Stage 2 Failed until a fresh base/repair structure forms.",Recent Stage 2 break; public stage held as Stage 2 Failed.,2026-09-30,2026-09-22,,-14.24,3.88,1666151377.22,1.66,1.16,2.66,False,False,"Stage 4, Stage 4, downtrend | Stage 2 failed state applied from stage memory.",weekly_watchlist,0.0,1.0,327.6,-19.11,[12.24],[2],0.0,2.0,weak,710
GOCOLORS.NS,Go Fashion (India) Limited,Consumer Services,Unknown,Unknown,False,Cash,1,Stage 4,Stage 4,Stage 4 - Weak/Declining,Stage 4 - Weak/Declining,Stage 4 • Stage 4 - Weak/Declining,0.72,Price is below long-term support with weak trend evidence.,,,,,-8.12,9.18,22542595.8,0.29,0.63,0.3,True,True,"Stage 4, Stage 4 - Weak/Declining, volume_dryup, weekly_volume_dryup, downtrend",weekly_watchlist,0.0,1.0,363.64,-17.29,[30.34],[7],0.0,7.0,weak,711
AAVAS.NS,Aavas Financiers Ltd.,Financial Services,Unknown,Unknown,False,Cash,1,Stage 4,Stage 4,Stage 4 - Confirmed Downtrend,Stage 4 - Confirmed Downtrend,Stage 4 • Stage 4 - Confirmed Downtrend,0.86,Price is below a bearish moving-average stack with falling trend signals.,,,,,-13.15,6.45,106537930.52,0.89,0.7,0.71,False,True,"Stage 4, Stage 4 - Confirmed Downtrend, weekly_volume_dryup, downtrend",weekly_watchlist,0.0,1.0,1455.74,-16.75,[20.11],[6],0.0,6.0,weak,712
BSE.NS,BSE Ltd.,Financial Services,Unknown,Unknown,True,F&O,1,Stage 4,Stage 4,Stage 4 - Weak/Declining,Stage 4 - Weak/Declining,Stage 4 • Stage 4 - Weak/Declining,0.72,Price is below long-term support with weak trend evidence.,,,2026-07-24,,-11.68,3.77,17315105170.12,1.49,1.27,2.6,False,False,"Stage 4, Stage 4 - Weak/Declining, downtrend",weekly_watchlist,0.0,1.0,3677.82,-15.93,[21.38],[3],0.0,3.0,weak,713
FSL.NS,Firstsource Solutions Limited,Services,Unknown,Unknown,False,Cash,1,Stage 4,Stage 4,Stage 4 - Weak/Declining,Stage 4 - Weak/Declining,Stage 4 • Stage 4 - Weak/Declining,0.72,Price is below long-term support with weak trend evidence.,,,,,9.4,11.19,751416849.31,0.31,3.38,0.44,True,True,"Stage 4, Stage 4 - Weak/Declining, volume_dryup, weekly_volume_dryup, downtrend",weekly_watchlist,0.0,1.0,342.5,-25.31,[27.86],[5],0.0,5.0,weak,714
HGS.NS,Hinduja Global Solutions Limited,Services,Unknown,Unknown,False,Cash,1,Stage 4,Stage 4,Stage 4 - Confirmed Downtrend,Stage 4 - Confirmed Downtrend,Stage 4 • Stage 4 - Confirmed Downtrend,0.86,Price is below a bearish moving-average stack with falling trend signals.,,,,,-1.85,0.68,5278196.48,0.79,1.07,0.59,True,True,"Stage 4, Stage 4 - Confirmed Downtrend, volume_dryup, weekly_volume_dryup, downtrend",weekly_watchlist,0.0,1.0,435.96,-15.12,[14.26],[4],0.0,4.0,weak,715
ICICIGI.NS,ICICI Lombard General Insurance Company Limited,Financial Services,Unknown,Unknown,True,F&O,1,Stage 4,Stage 4,Stage 4 - Weak/Declining,Stage 4 - Weak/Declining,Stage 4 • Stage 4 - Weak/Declining,0.72,Price is below long-term support with weak trend evidence.,,,2026-01-07,,-4.14,-8.86,1276287125.43,1.22,2.1,1.49,False,False,"Stage 4, Stage 4 - Weak/Declining, downtrend",weekly_watchlist,0.0,1.0,1774.1,-10.38,[18.43],[3],0.0,3.0,weak,716
INDIGO.NS,InterGlobe Aviation Limited,Services,Unknown,Unknown,True,F&O,1,Stage 3,Stage 3,Stage 3 - Distribution/Damage,Stage 3 - Distribution/Damage,Stage 3 • Stage 3 - Distribution/Damage,0.76,"Prior strength exists, but short-term and/or weekly structure is deteriorating.",,,2026-08-31,,-1.05,14.28,2776544729.45,0.89,1.08,0.75,False,True,"Stage 3, Stage 3 - Distribution/Damage, weekly_volume_dryup, distribution_risk",weekly_watchlist,0.0,1.0,5517.64,-9.67,[10.78],[3],0.0,3.0,weak,717
J&KBANK.NS,The Jammu & Kashmir Bank Limited,Financial Services,Unknown,Unknown,False,Cash,1,Stage 3,Stage 3,Stage 3 - Distribution/Damage,Stage 3 - Distribution/Damage,Stage 3 • Stage 3 - Distribution/Damage,0.76,"Prior strength exists, but short-term and/or weekly structure is deteriorating.",,,2026-08-28,,-8.51,17.36,261683900.71,0.54,0.88,0.42,True,True,"Stage 3, Stage 3 - Distribution/Damage, volume_dryup, weekly_volume_dryup, distribution_risk",weekly_watchlist,0.0,1.0,150.83,-8.08,[27.29],[3],0.0,3.0,weak,718
KFINTECH.NS,Kfin Technologies Limited,Financial Services,Unknown,Unknown,True,F&O,1,Stage 4,Stage 4,Stage 4 - Weak/Declining,Stage 4 - Weak/Declining,Stage 4 • Stage 4 - Weak/Declining,0.72,Price is below long-term support with weak trend evidence.,,,,,3.32,-7.43,456604998.11,0.57,0.63,0.65,True,True,"Stage 4, Stage 4 - Weak/Declining, volume_dryup, weekly_volume_dryup, downtrend",weekly_watchlist,0.0,1.0,994.14,-15.5,[21.97],[4],0.0,4.0,weak,719
MMTC.NS,MMTC Limited,Services,Unknown,Unknown,False,Cash,1,Stage 4,Stage 4,Stage 4 - Confirmed Downtrend,Stage 4 - Confirmed Downtrend,Stage 4 • Stage 4 - Confirmed Downtrend,0.86,Price is below a bearish moving-average stack with falling trend signals.,,,2026-07-13,,-7.31,-1.07,82700380.03,0.46,0.47,0.6,True,True,"Stage 4, Stage 4 - Confirmed Downtrend, volume_dryup, weekly_volume_dryup, downtrend",weekly_watchlist,0.0,1.0,67.7,-15.94,[23.55],[6],0.0,6.0,weak,720
SAMHI.NS,Samhi Hotels Limited,Consumer Services,Unknown,Unknown,False,Cash,1,Stage 4,Stage 4,Stage 4 - Weak/Declining,Stage 4 - Weak/Declining,Stage 4 • Stage 4 - Weak/Declining,0.72,Price is below long-term support with weak trend evidence.,,,,,-4.82,3.66,280899282.08,0.86,0.57,0.67,False,True,"Stage 4, Stage 4 - Weak/Declining, weekly_volume_dryup, downtrend",weekly_watchlist,0.0,1.0,172.8,-11.07,[14.17],[4],0.0,4.0,weak,721
STARHEALTH.NS,Star Health and Allied Insurance Company Limited,Financial Services,Unknown,Unknown,False,Cash,1,Stage 2 Failed,Stage 3,Failed Stage 2,Failed Stage 2,Stage 2 Failed • Failed Stage 2,0.72,"This stock was recently Stage 2, but the latest structure no longer satisfies Stage 2 rules. It is kept as Stage 2 Failed until a fresh base/repair structure forms.",Recent Stage 2 break; public stage held as Stage 2 Failed.,2026-09-30,2026-09-15,,-1.23,14.72,562674913.85,2.42,0.32,3.66,False,False,"Stage 3, Stage 3 - Distribution/Damage, distribution_risk | Stage 2 failed state applied from stage memory.",weekly_watchlist,0.0,1.0,585.12,-8.63,[16.09],[3],0.0,3.0,weak,722
TRENT.NS,Trent Limited,Consumer Services,Unknown,Unknown,True,F&O,1,Stage 4,Stage 4,Stage 4 - Weak/Declining,Stage 4 - Weak/Declining,Stage 4 • Stage 4 - Weak/Declining,0.72,Price is below long-term support with weak trend evidence.,,,,,-14.8,1.72,1893522952.99,0.98,1.21,1.11,False,False,"Stage 4, Stage 4 - Weak/Declining, downtrend",weekly_watchlist,0.0,1.0,3250.18,-19.34,[16.58],[3],0.0,3.0,weak,723
UCOBANK.NS,UCO Bank,Financial Services,Unknown,Unknown,False,Cash,1,Stage 4,Stage 4,Stage 4 - Confirmed Downtrend,Stage 4 - Confirmed Downtrend,Stage 4 • Stage 4 - Confirmed Downtrend,0.86,Price is below a bearish moving-average stack with falling trend signals.,,,,,-5.58,-4.01,86072329.84,0.76,0.76,0.76,True,True,"Stage 4, Stage 4 - Confirmed Downtrend, volume_dryup, weekly_volume_dryup, downtrend",weekly_watchlist,0.0,1.0,26.49,-12.11,[15.85],[5],0.0,5.0,weak,724
VEDL.NS,Vedanta Limited,Metals & Mining,Unknown,Unknown,True,F&O,1,Stage 4,Stage 4,Stage 4 - Confirmed Downtrend,Stage 4 - Confirmed Downtrend,Stage 4 • Stage 4 - Confirmed Downtrend,0.86,Price is below a bearish moving-average stack with falling trend signals.,,,2026-04-29,,-1.36,-64.98,1768446193.1,0.7,0.92,0.69,True,True,"Stage 4, Stage 4 - Confirmed Downtrend, volume_dryup, weekly_volume_dryup, downtrend",weekly_watchlist,0.0,1.0,291.51,-11.15,[30.64],[7],0.0,7.0,weak,725
DABUR.NS,Dabur India Limited,Fast Moving Consumer Goods,Unknown,Unknown,True,F&O,1,Stage 4,Stage 4,Stage 4 - Confirmed Downtrend,Stage 4 - Confirmed Downtrend,Stage 4 • Stage 4 - Confirmed Downtrend,0.86,Price is below a bearish moving-average stack with falling trend signals.,,,2026-01-16,,-7.59,-8.35,898537565.49,1.0,0.94,1.26,False,False,"Stage 4, Stage 4 - Confirmed Downtrend, downtrend",weekly_watchlist,0.8,0.8,450.95,-15.71,[18.24],[9],0.0,9.0,weak,726
AFCONS.NS,Afcons Infrastructure Ltd.,Construction,Unknown,Unknown,False,Cash,1,Stage 4,Stage 4,Stage 4 - Confirmed Downtrend,Stage 4 - Confirmed Downtrend,Stage 4 • Stage 4 - Confirmed Downtrend,0.86,Price is below a bearish moving-average stack with falling trend signals.,,,,,-13.79,-14.94,763524511.59,1.03,0.17,0.34,False,True,"Stage 4, Stage 4 - Confirmed Downtrend, weekly_volume_dryup, downtrend",weekly_watchlist,0.8,0.8,305.08,-18.78,[24.7],[9],0.0,9.0,weak,727
SFL.NS,Sheela Foam Limited,Consumer Durables,Unknown,Unknown,False,Cash,1,Stage 3,Stage 3,Stage 3 - Distribution/Damage,Stage 3 - Distribution/Damage,Stage 3 • Stage 3 - Distribution/Damage,0.76,"Prior strength exists, but short-term and/or weekly structure is deteriorating.",,,2026-08-31,,-8.78,25.53,194125707.73,0.52,0.33,0.42,True,True,"Stage 3, Stage 3 - Distribution/Damage, volume_dryup, weekly_volume_dryup, distribution_risk",weekly_watchlist,0.48,0.48,833.91,-23.96,[24.58],[4],0.0,4.0,weak,728
TECHNOE.NS,Techno Electric & Engineering Company Limited,Construction,Unknown,Unknown,False,Cash,1,Stage 4,Stage 4,Stage 4 - Weak/Declining,Stage 4 - Weak/Declining,Stage 4 • Stage 4 - Weak/Declining,0.72,Price is below long-term support with weak trend evidence.,,,,,1.46,-4.13,137732612.51,0.83,0.92,0.74,True,True,"Stage 4, Stage 4 - Weak/Declining, volume_dryup, weekly_volume_dryup, downtrend",weekly_watchlist,0.4,0.4,1073.15,-6.0,[28.93],[2],0.0,2.0,weak,729
ZYDUSWELL.NS,Zydus Wellness Limited,Fast Moving Consumer Goods,Unknown,Unknown,False,Cash,1,Stage 3,Stage 3,Stage 3 - Distribution/Damage,Stage 3 - Distribution/Damage,Stage 3 • Stage 3 - Distribution/Damage,0.76,"Prior strength exists, but short-term and/or weekly structure is deteriorating.",,,2026-09-04,,-5.03,2.17,319873109.37,0.51,0.54,0.38,True,True,"Stage 3, Stage 3 - Distribution/Damage, volume_dryup, weekly_volume_dryup, distribution_risk",weekly_watchlist,0.0,0.0,582.02,-11.89,[19.92],[5],0.0,5.0,weak,730
NESTLEIND.NS,Nestle India Limited,Fast Moving Consumer Goods,Unknown,Unknown,True,F&O,1,Stage 2 Failed,Stage 1,Failed Stage 2,Failed Stage 2,Stage 2 Failed • Failed Stage 2,0.72,"This stock was recently Stage 2, but the latest structure no longer satisfies Stage 2 rules. It is kept as Stage 2 Failed until a fresh base/repair structure forms.",Recent Stage 2 break; public stage held as Stage 2 Failed.,2026-09-30,2026-09-21,,-3.88,6.35,1455835142.57,0.68,1.04,0.54,True,True,"Stage 1, Stage 1 - Base/Repair, volume_dryup, weekly_volume_dryup, stage1_not_actionable, stage1_needs_more_base | Stage 2 failed state applied from stage memory.",weekly_watchlist,0.0,0.0,1555.72,-15.79,[8.68],[3],0.0,3.0,weak,731
HCLTECH.NS,HCL Technologies Limited,Information Technology,Unknown,Unknown,True,F&O,1,Stage 4,Stage 4,Stage 4 - Weak/Declining,Stage 4 - Weak/Declining,Stage 4 • Stage 4 - Weak/Declining,0.72,Price is below long-term support with weak trend evidence.,,,2026-02-05,,16.35,-13.45,3063922348.1,1.11,1.87,1.21,False,False,"Stage 4, Stage 4 - Weak/Declining, downtrend",weekly_watchlist,0.0,0.0,1379.8,-10.86,[13.34],[4],0.0,4.0,weak,732
TANLA.NS,Tanla Platforms Limited,Information Technology,Unknown,Unknown,False,Cash,1,Stage 4,Stage 4,Stage 4 - Weak/Declining,Stage 4 - Weak/Declining,Stage 4 • Stage 4 - Weak/Declining,0.72,Price is below long-term support with weak trend evidence.,,,2026-08-21,,-2.83,15.5,187900826.74,0.3,0.59,0.29,True,True,"Stage 4, Stage 4 - Weak/Declining, volume_dryup, weekly_volume_dryup, downtrend",weekly_watchlist,0.0,0.0,646.73,-23.9,[18.51],[2],0.0,2.0,weak,733
RTNPOWER.NS,RattanIndia Power Limited,Power,Unknown,Unknown,False,Cash,1,Stage 4,Stage 4,Stage 4 - Confirmed Downtrend,Stage 4 - Confirmed Downtrend,Stage 4 • Stage 4 - Confirmed Downtrend,0.86,Price is below a bearish moving-average stack with falling trend signals.,,,,,-16.98,-17.88,117658948.9,0.84,0.5,0.78,True,True,"Stage 4, Stage 4 - Confirmed Downtrend, volume_dryup, weekly_volume_dryup, downtrend",weekly_watchlist,0.0,0.0,8.97,-23.15,[15.68],[3],0.0,3.0,weak,734
TRIVENI.NS,Triveni Engineering & Industries Limited,Fast Moving Consumer Goods,Unknown,Unknown,False,Cash,1,Stage 4,Stage 4,Stage 4 - Confirmed Downtrend,Stage 4 - Confirmed Downtrend,Stage 4 • Stage 4 - Confirmed Downtrend,0.86,Price is below a bearish moving-average stack with falling trend signals.,,,2026-07-21,,-41.58,-40.96,173551575.23,0.64,0.29,0.69,True,True,"Stage 4, Stage 4 - Confirmed Downtrend, volume_dryup, weekly_volume_dryup, downtrend",weekly_watchlist,0.0,0.0,314.06,-24.95,[55.1],[2],0.0,2.0,weak,735
CAMPUS.NS,Campus Activewear Limited,Consumer Durables,Unknown,Unknown,False,Cash,1,Stage 4,Stage 4,Stage 4 - Confirmed Downtrend,Stage 4 - Confirmed Downtrend,Stage 4 • Stage 4 - Confirmed Downtrend,0.86,Price is below a bearish moving-average stack with falling trend signals.,,,2025-11-26,,-3.02,-10.76,70134045.79,0.56,0.48,0.45,True,True,"Stage 4, Stage 4 - Confirmed Downtrend, volume_dryup, weekly_volume_dryup, downtrend",weekly_watchlist,0.0,0.0,258.38,-19.18,[17.26],[8],0.0,8.0,weak,736
TCS.NS,Tata Consultancy Services Limited,Information Technology,Unknown,Unknown,True,F&O,1,Stage 4,Stage 4,Stage 4 - Weak/Declining,Stage 4 - Weak/Declining,Stage 4 • Stage 4 - Weak/Declining,0.72,Price is below long-term support with weak trend evidence.,,,,,7.01,-19.01,6425898271.37,1.08,1.31,1.03,False,False,"Stage 4, Stage 4 - Weak/Declining, downtrend",weekly_watchlist,0.0,0.0,2403.5,-14.68,[19.56],[4],0.0,4.0,weak,737
WIPRO.NS,Wipro Limited,Information Technology,Unknown,Unknown,True,F&O,1,Stage 4,Stage 4,Stage 4 - Confirmed Downtrend,Stage 4 - Confirmed Downtrend,Stage 4 • Stage 4 - Confirmed Downtrend,0.86,Price is below a bearish moving-average stack with falling trend signals.,,,2026-01-16,,-1.24,-22.99,2909637964.36,1.92,1.09,3.76,False,False,"Stage 4, Stage 4 - Confirmed Downtrend, downtrend",weekly_watchlist,0.0,0.0,184.82,-14.24,[19.91],[5],0.0,5.0,weak,738
HAPPSTMNDS.NS,Happiest Minds Technologies Limited,Information Technology,Unknown,Unknown,False,Cash,1,Stage 4,Stage 4,Stage 4 - Weak/Declining,Stage 4 - Weak/Declining,Stage 4 • Stage 4 - Weak/Declining,0.72,Price is below long-term support with weak trend evidence.,,,,,-2.92,-18.29,269476119.66,0.29,0.22,0.23,True,True,"Stage 4, Stage 4 - Weak/Declining, volume_dryup, weekly_volume_dryup, downtrend",weekly_watchlist,0.0,0.0,458.1,-32.2,[15.06],[4],0.0,4.0,weak,739
RPOWER.NS,Reliance Power Limited,Power,Unknown,Unknown,False,Cash,1,Stage 4,Stage 4,Stage 4 - Confirmed Downtrend,Stage 4 - Confirmed Downtrend,Stage 4 • Stage 4 - Confirmed Downtrend,0.86,Price is below a bearish moving-average stack with falling trend signals.,,,,,-15.19,-17.15,405259559.63,0.97,0.99,1.02,False,False,"Stage 4, Stage 4 - Confirmed Downtrend, downtrend",weekly_watchlist,0.0,0.0,25.34,-22.31,[],[],0.0,0.0,weak,740
CERA.NS,Cera Sanitaryware Limited,Consumer Durables,Unknown,Unknown,False,Cash,1,Stage 4,Stage 4,Stage 4,Stage 4,Stage 4,0.66,Declining structure detected.,,,2026-08-28,,-14.87,5.72,46519261.35,1.2,3.55,1.9,False,False,"Stage 4, Stage 4, downtrend",weekly_watchlist,0.0,0.0,5948.89,-14.47,[13.56],[4],0.0,4.0,weak,741
3MINDIA.NS,3M India Limited,Diversified,Unknown,Unknown,False,Cash,1,Stage 4,Stage 4,Stage 4 - Weak/Declining,Stage 4 - Weak/Declining,Stage 4 • Stage 4 - Weak/Declining,0.72,Price is below long-term support with weak trend evidence.,,,2026-08-28,,-0.61,8.43,171190075.75,1.42,0.79,2.02,False,False,"Stage 4, Stage 4 - Weak/Declining, downtrend",weekly_watchlist,0.0,0.0,37365.28,-13.93,[24.45],[7],0.0,7.0,weak,742
ADANIENSOL.NS,Adani Energy Solutions Limited,Power,Unknown,Unknown,True,F&O,1,Stage 3,Stage 3,Stage 3 - Distribution/Damage,Stage 3 - Distribution/Damage,Stage 3 • Stage 3 - Distribution/Damage,0.76,"Prior strength exists, but short-term and/or weekly structure is deteriorating.",,,2026-09-07,,-12.19,32.0,1961212086.89,0.59,0.36,0.59,True,True,"Stage 3, Stage 3 - Distribution/Damage, volume_dryup, weekly_volume_dryup, distribution_risk",weekly_watchlist,0.0,0.0,1639.86,-19.83,[15.51],[2],0.0,2.0,weak,743
BBTC.NS,Bombay Burmah Trading Corporation Limited,Fast Moving Consumer Goods,Unknown,Unknown,False,Cash,1,Stage 4,Stage 4,Stage 4 - Confirmed Downtrend,Stage 4 - Confirmed Downtrend,Stage 4 • Stage 4 - Confirmed Downtrend,0.86,Price is below a bearish moving-average stack with falling trend signals.,,,2025-11-20,,-6.0,-6.68,261496296.16,0.77,0.04,0.19,True,True,"Stage 4, Stage 4 - Confirmed Downtrend, volume_dryup, weekly_volume_dryup, downtrend",weekly_watchlist,0.0,0.0,1641.87,-17.33,[11.67],[4],0.0,4.0,weak,744
BERGEPAINT.NS,Berger Paints (I) Limited,Consumer Durables,Unknown,Unknown,False,Cash,1,Stage 4,Stage 4,Stage 4 - Weak/Declining,Stage 4 - Weak/Declining,Stage 4 • Stage 4 - Weak/Declining,0.72,Price is below long-term support with weak trend evidence.,,,2026-08-28,,-5.27,5.46,178360983.9,1.32,0.88,1.06,False,False,"Stage 4, Stage 4 - Weak/Declining, downtrend",weekly_watchlist,0.0,0.0,566.89,-19.66,[13.46],[3],0.0,3.0,weak,745
GODREJIND.NS,Godrej Industries Limited,Diversified,Unknown,Unknown,False,Cash,1,Stage 2 Failed,Stage 4,Failed Stage 2,Failed Stage 2,Stage 2 Failed • Failed Stage 2,0.72,"This stock was recently Stage 2, but the latest structure no longer satisfies Stage 2 rules. It is kept as Stage 2 Failed until a fresh base/repair structure forms.",Recent Stage 2 break; public stage held as Stage 2 Failed.,2026-09-30,2026-09-16,,-7.24,20.82,94905291.37,0.7,0.34,0.89,True,True,"Stage 4, Stage 4, volume_dryup, weekly_volume_dryup, downtrend | Stage 2 failed state applied from stage memory.",weekly_watchlist,0.0,0.0,1372.9,-24.29,[20.28],[5],0.0,5.0,weak,746
KNRCON.NS,KNR Constructions Limited,Construction,Unknown,Unknown,False,Cash,1,Stage 4,Stage 4,Stage 4 - Confirmed Downtrend,Stage 4 - Confirmed Downtrend,Stage 4 • Stage 4 - Confirmed Downtrend,0.86,Price is below a bearish moving-average stack with falling trend signals.,,,,,-1.61,2.79,184724466.92,0.97,0.28,0.55,False,True,"Stage 4, Stage 4 - Confirmed Downtrend, weekly_volume_dryup, downtrend",weekly_watchlist,0.0,0.0,145.28,-18.38,[20.85],[3],0.0,3.0,weak,747
LATENTVIEW.NS,Latent View Analytics Limited,Information Technology,Unknown,Unknown,False,Cash,1,Stage 4,Stage 4,Stage 4 - Confirmed Downtrend,Stage 4 - Confirmed Downtrend,Stage 4 • Stage 4 - Confirmed Downtrend,0.86,Price is below a bearish moving-average stack with falling trend signals.,,,2026-01-07,,-10.65,-20.76,123441503.51,0.55,0.54,0.68,True,True,"Stage 4, Stage 4 - Confirmed Downtrend, volume_dryup, weekly_volume_dryup, downtrend",weekly_watchlist,0.0,0.0,325.37,-27.47,[23.12],[6],0.0,6.0,weak,748
LT.NS,Larsen & Toubro Limited,Construction,Unknown,Unknown,True,F&O,1,Stage 4,Stage 4,Stage 4 - Weak/Declining,Stage 4 - Weak/Declining,Stage 4 • Stage 4 - Weak/Declining,0.72,Price is below long-term support with weak trend evidence.,,,2026-09-07,,-0.15,0.68,5694712730.63,1.03,1.78,1.27,False,False,"Stage 4, Stage 4 - Weak/Declining, downtrend",weekly_watchlist,0.0,0.0,4132.52,-9.01,[12.93],[4],0.0,4.0,weak,749
NAVNETEDUL.NS,Navneet Education Limited,"Media, Entertainment & Publication",Unknown,Unknown,False,Cash,1,Stage 4,Stage 4,Stage 4 - Confirmed Downtrend,Stage 4 - Confirmed Downtrend,Stage 4 • Stage 4 - Confirmed Downtrend,0.86,Price is below a bearish moving-average stack with falling trend signals.,,,2026-07-21,,-11.57,-8.85,12949060.45,0.61,0.76,0.57,True,True,"Stage 4, Stage 4 - Confirmed Downtrend, volume_dryup, weekly_volume_dryup, downtrend",weekly_watchlist,0.0,0.0,138.75,-11.7,[19.35],[3],0.0,3.0,weak,750
PATELENG.NS,Patel Engineering Limited,Construction,Unknown,Unknown,False,Cash,1,Stage 4,Stage 4,Stage 4 - Confirmed Downtrend,Stage 4 - Confirmed Downtrend,Stage 4 • Stage 4 - Confirmed Downtrend,0.86,Price is below a bearish moving-average stack with falling trend signals.,,,2026-07-13,,-13.89,3.33,62391334.14,0.96,0.63,0.69,False,True,"Stage 4, Stage 4 - Confirmed Downtrend, weekly_volume_dryup, downtrend",weekly_watchlist,0.0,0.0,30.52,-13.34,[25.15],[5],0.0,5.0,weak,751
PERSISTENT.NS,Persistent Systems Limited,Information Technology,Unknown,Unknown,True,F&O,1,Stage 4,Stage 4,Stage 4 - Weak/Declining,Stage 4 - Weak/Declining,Stage 4 • Stage 4 - Weak/Declining,0.72,Price is below long-term support with weak trend evidence.,,,2026-08-17,,19.13,-2.94,2170846410.72,0.74,1.38,0.77,True,True,"Stage 4, Stage 4 - Weak/Declining, volume_dryup, weekly_volume_dryup, downtrend",weekly_watchlist,0.0,0.0,5920.34,-10.83,[24.37],[4],0.0,4.0,weak,752
PRSMJOHNSN.NS,Prism Johnson Limited,Construction Materials,Unknown,Unknown,False,Cash,1,Stage 4,Stage 4,Stage 4 - Weak/Declining,Stage 4 - Weak/Declining,Stage 4 • Stage 4 - Weak/Declining,0.72,Price is below long-term support with weak trend evidence.,,,,,0.96,-13.25,41080824.44,0.15,0.11,0.18,True,True,"Stage 4, Stage 4 - Weak/Declining, volume_dryup, weekly_volume_dryup, downtrend",weekly_watchlist,0.0,0.0,131.23,-17.14,[18.15],[4],0.0,4.0,weak,753
SENCO.NS,Senco Gold Limited,Consumer Durables,Unknown,Unknown,False,Cash,1,Stage 2 Failed,Stage 4,Failed Stage 2,Failed Stage 2,Stage 2 Failed • Failed Stage 2,0.72,"This stock was recently Stage 2, but the latest structure no longer satisfies Stage 2 rules. It is kept as Stage 2 Failed until a fresh base/repair structure forms.",Recent Stage 2 break; public stage held as Stage 2 Failed.,2026-09-30,2026-09-23,,5.39,0.58,261745087.29,0.55,0.55,0.71,True,True,"Stage 4, Stage 4, volume_dryup, weekly_volume_dryup, downtrend | Stage 2 failed state applied from stage memory.",weekly_watchlist,0.0,0.0,378.41,-15.18,[23.48],[3],0.0,3.0,weak,754
TATAELXSI.NS,Tata Elxsi Limited,Information Technology,Unknown,Unknown,True,F&O,1,Stage 4,Stage 4,Stage 4 - Confirmed Downtrend,Stage 4 - Confirmed Downtrend,Stage 4 • Stage 4 - Confirmed Downtrend,0.86,Price is below a bearish moving-average stack with falling trend signals.,,,,,-8.77,-29.14,759341395.68,1.09,1.72,1.07,False,False,"Stage 4, Stage 4 - Confirmed Downtrend, downtrend",weekly_watchlist,0.0,0.0,3863.75,-20.05,[24.85],[7],0.0,7.0,weak,755
TTKPRESTIG.NS,TTK Prestige Limited,Consumer Durables,Unknown,Unknown,False,Cash,1,Stage 4,Stage 4,Stage 4 - Weak/Declining,Stage 4 - Weak/Declining,Stage 4 • Stage 4 - Weak/Declining,0.72,Price is below long-term support with weak trend evidence.,,,2026-08-18,,-9.97,9.5,42229441.53,0.27,0.71,0.37,True,True,"Stage 4, Stage 4 - Weak/Declining, volume_dryup, weekly_volume_dryup, downtrend",weekly_watchlist,0.0,0.0,615.78,-16.23,[31.05],[3],0.0,3.0,weak,756
